t,T_true,T_meas,T_out,setpoint,heater,error,T_pred,lower,upper
0.0,18.0,18.226442669706422,5.0,21.0,1,2.7735573302935776,18.226442669706422,20.5,21.5
1.0,18.0174,18.291318776766474,5.00174532903047,21.0,1,2.7086812232335262,18.940079847366988,20.5,21.5
2.0,18.034796869065804,18.3442850602834,5.003490656731796,21.0,1,2.6557149397165993,18.87394789545267,20.5,21.5
3.0,18.052190607823338,18.3733590581889,5.005235981774836,21.0,1,2.6266409418111003,18.66409903724389,20.5,21.5
4.0,18.06958121689813,18.35970792528439,5.0069813028304475,21.0,1,2.6402920747156102,18.22319659623929,20.5,21.5
5.0,18.086968696915317,18.33077591446541,5.008726618569493,21.0,1,2.669224085534591,18.041455806275604,20.5,21.5
6.0,18.104353048499647,18.31356396039307,5.010471927662839,21.0,1,2.6864360396069316,18.14144441966966,20.5,21.5
7.0,18.12173427227548,18.313320134338838,5.012217228781357,21.0,1,2.686679865661162,18.310881873796532,20.5,21.5
8.0,18.13911236886678,18.282627621179444,5.013962520595923,21.0,1,2.7173723788205564,17.9757024895855,20.5,21.5
9.0,18.156487338897126,18.326415175287956,5.015707801777423,21.0,1,2.6735848247120444,18.764290716373075,20.5,21.5
10.0,18.173859182989702,18.437947346425936,5.017453070996748,21.0,1,2.5620526535740638,19.553269057805743,20.5,21.5
11.0,18.191227901767302,18.527238175817036,5.0191983269248,21.0,1,2.472761824182964,19.420146469728035,20.5,21.5
12.0,18.208593495852334,18.533318059853674,5.020943568232491,21.0,1,2.4666819401463265,18.594116900220047,20.5,21.5
13.0,18.22595596586681,18.62004678068423,5.022688793590745,21.0,1,2.3799532193157695,19.4873339889898,20.5,21.5
14.0,18.243315312432355,18.624106182842084,5.024434001670494,21.0,1,2.375893817157916,18.66470020442062,20.5,21.5
15.0,18.260671536170204,18.55914250799622,5.026179191142689,21.0,1,2.4408574920037793,17.909505759537588,20.5,21.5
16.0,18.278024637701197,18.44454782798499,5.02792436067829,21.0,1,2.555452172015009,17.298601027872692,20.5,21.5
17.0,18.29537461764579,18.47431837085528,5.029669508948277,21.0,1,2.525681629144721,18.772023799558163,20.5,21.5
18.0,18.312721476624052,18.51917669758832,5.0314146346236415,21.0,1,2.480823302411679,18.96775996491874,20.5,21.5
19.0,18.33006521525565,18.524661248595883,5.033159736375395,21.0,1,2.4753387514041165,18.579506758671506,20.5,21.5
20.0,18.347405834159876,18.540753383336646,5.034904812874567,21.0,1,2.4592466166633535,18.701674730744276,20.5,21.5
21.0,18.36474333395562,18.638719865061763,5.036649862792205,21.0,1,2.3612801349382373,19.618384682312925,20.5,21.5
22.0,18.382077715261385,18.623922877780608,5.038394884799379,21.0,1,2.3760771222193924,18.475953004969057,20.5,21.5
23.0,18.39940897869529,18.54176527203031,5.040139877567178,21.0,1,2.458234727969689,17.720189214527345,20.5,21.5
24.0,18.416737124875066,18.662356908890718,5.0418848397667135,21.0,1,2.337643091109282,19.86827327749479,20.5,21.5
25.0,18.434062154418044,18.73145649534542,5.043629770069122,21.0,1,2.2685435046545805,19.422452359892432,20.5,21.5
26.0,18.451384067941174,18.756174540045297,5.045374667145563,21.0,1,2.243825459954703,19.003354987044073,20.5,21.5
27.0,18.468702866061015,18.77979945989491,5.047119529667221,21.0,1,2.2202005401050897,19.016048658391043,20.5,21.5
28.0,18.486018549393737,18.791663610655817,5.048864356305306,21.0,1,2.2083363893441827,18.910305118264887,20.5,21.5
29.0,18.50333111855512,18.726038284823613,5.050609145731059,21.0,1,2.2739617151763873,18.069785026501567,20.5,21.5
30.0,18.520640574160556,18.720326293405332,5.052353896615746,21.0,1,2.279673706594668,18.663206379222526,20.5,21.5
31.0,18.537946916825046,18.72384866509961,5.054098607630664,21.0,1,2.2761513349003906,18.759072382042383,20.5,21.5
32.0,18.555250147163207,18.702969845686646,5.055843277447138,21.0,1,2.2970301543133544,18.494181651557007,20.5,21.5
33.0,18.572550265789264,18.7723226045509,5.057587904736527,21.0,1,2.227677395449099,19.465850193193454,20.5,21.5
34.0,18.589847273317055,18.792860432640516,5.059332488170221,21.0,1,2.2071395673594836,18.998238713536672,20.5,21.5
35.0,18.607141170360027,18.823418420185927,5.061077026419645,21.0,1,2.176581579814073,19.128998295640034,20.5,21.5
36.0,18.62443195753124,18.891493321179055,5.062821518156257,21.0,1,2.1085066788209446,19.57224233111034,20.5,21.5
37.0,18.641719635443366,19.034394386754048,5.064565962051549,21.0,1,1.9656056132459518,20.463405042503975,20.5,21.5
38.0,18.659004204708687,19.01413523539029,5.066310356777053,21.0,1,1.9858647646097083,18.811543721752727,20.5,21.5
39.0,18.6762856659391,18.99608980756168,5.068054701004335,21.0,1,2.003910192438319,18.815635529275575,20.5,21.5
40.0,18.693564019746113,18.99247099907609,5.069798993405002,21.0,1,2.0075290009239097,18.956282914220182,20.5,21.5
41.0,18.710839266740845,19.004164830055863,5.071543232650699,21.0,1,1.9958351699441366,19.121103139853595,20.5,21.5
42.0,18.728111407534026,18.944226772580866,5.073287417413113,21.0,1,2.0557732274191345,18.344846197830886,20.5,21.5
43.0,18.745380442736003,18.9701571155667,5.075031546363969,21.0,1,2.0298428844333003,19.22946054542504,20.5,21.5
44.0,18.76264637295673,18.99996062207008,5.07677561817504,21.0,1,2.0000393779299195,19.29799568710389,20.5,21.5
45.0,18.779909198805775,19.043344815116235,5.078519631518137,21.0,1,1.9566551848837648,19.477186745577782,20.5,21.5
46.0,18.797168920892318,19.034115318418515,5.080263585065119,21.0,1,1.9658846815814854,18.941820351441308,20.5,21.5
47.0,18.81442553982515,19.054487877515527,5.08200747748789,21.0,1,1.9455121224844731,19.25821346848565,20.5,21.5
48.0,18.831679056212685,19.03418862438757,5.0837513074583995,21.0,1,1.9658113756124287,18.831196093108016,20.5,21.5
49.0,18.848929470662934,19.015412567693176,5.085495073648644,21.0,1,1.9845874323068244,18.827652000749218,20.5,21.5
50.0,18.86617678378353,19.069932694737222,5.087238774730672,21.0,1,1.930067305262778,19.615133965177687,20.5,21.5
51.0,18.88342099618172,19.147472121238422,5.088982409376578,21.0,1,1.8525278787615775,19.922866386250426,20.5,21.5
52.0,18.90066210846436,19.115334651464707,5.090725976258508,21.0,1,1.884665348535293,18.79395995372755,20.5,21.5
53.0,18.917900121237917,19.195873508955657,5.09246947404866,21.0,1,1.804126491044343,20.001262083865157,20.5,21.5
54.0,18.93513503510848,19.350682992866663,5.094212901419286,21.0,1,1.6493170071333374,20.89877783197672,20.5,21.5
55.0,18.95236685068174,19.403159292210297,5.095956257042688,21.0,1,1.5968407077897027,19.927922285646645,20.5,21.5
56.0,18.969595568563015,19.286638286819667,5.097699539591226,21.0,1,1.7133617131803334,18.12142823291336,20.5,21.5
57.0,18.986821189357222,19.25006576032126,5.099442747737315,21.0,1,1.7499342396787405,18.884340495337188,20.5,21.5
58.0,19.0040437136689,19.297497828641163,5.101185880153427,21.0,1,1.7025021713588373,19.771818511840195,20.5,21.5
59.0,19.021263142102196,19.198635088526565,5.102928935512088,21.0,1,1.801364911473435,18.21000768738059,20.5,21.5
60.0,19.03847947526088,19.178099095941093,5.1046719124858875,21.0,1,1.8219009040589071,18.97273917008637,20.5,21.5
61.0,19.055692713748325,19.2525174250953,5.106414809747473,21.0,1,1.7474825749047014,19.996700716637356,20.5,21.5
62.0,19.072902858167524,19.38903553372684,5.10815762596955,21.0,1,1.6109644662731597,20.754216620042257,20.5,21.5
63.0,19.090109909121082,19.374224742276123,5.109900359824891,21.0,1,1.6257752577238769,19.22611682776895,20.5,21.5
64.0,19.10731386721122,19.427087741756537,5.111643009986327,21.0,1,1.5729122582434627,19.95571773656068,20.5,21.5
65.0,19.124514733039778,19.400593816317688,5.113385575126755,21.0,1,1.5994061836823121,19.135654561929194,20.5,21.5
66.0,19.141712507208194,19.48457549379166,5.115128053919134,21.0,1,1.5154245062083405,20.324392268531376,20.5,21.5
67.0,19.158907190317535,19.56040959185419,5.116870445036493,21.0,1,1.4395904081458113,20.31875057247948,20.5,21.5
68.0,19.176098782968477,19.63038448743037,5.118612747151923,21.0,1,1.3696155125696308,20.330133443192175,20.5,21.5
69.0,19.193287285761315,19.666738985446063,5.120354958938587,21.0,1,1.333261014553937,20.030283965603,20.5,21.5
70.0,19.210472699295952,19.736018841711026,5.122097079069714,21.0,1,1.2639811582889742,20.428817404360654,20.5,21.5
71.0,19.227655024171906,19.682004959919464,5.123839106218604,21.0,1,1.317995040080536,19.141866142003845,20.5,21.5
72.0,19.244834260988316,19.635783557915786,5.125581039058627,21.0,1,1.3642164420842136,19.17356953787901,20.5,21.5
73.0,19.26201041034393,19.604037745887595,5.127322876263226,21.0,1,1.3959622541124048,19.286579625605683,20.5,21.5
74.0,19.279183472837115,19.598532120256074,5.129064616505916,21.0,1,1.401467879743926,19.543475863940863,20.5,21.5
75.0,19.296353449065847,19.592240409314314,5.130806258460286,21.0,1,1.4077595906856857,19.529323299896717,20.5,21.5
76.0,19.313520339627726,19.62807922142265,5.1325478008,21.0,1,1.3719207785773513,19.986467342505993,20.5,21.5
77.0,19.33068414511996,19.598608516634645,5.134289242198798,21.0,1,1.4013914833653551,19.303901468754606,20.5,21.5
78.0,19.347844866139376,19.56521627209768,5.1360305813304965,21.0,1,1.434783727902321,19.23129382672802,20.5,21.5
79.0,19.365002503282415,19.572151807839585,5.137771816868989,21.0,1,1.4278481921604147,19.64150716525865,20.5,21.5
80.0,19.382157057145132,19.5913469237489,5.13951294748825,21.0,1,1.408653076251099,19.78329808284206,20.5,21.5
81.0,19.3993085283232,19.527243659728818,5.141253971862334,21.0,1,1.4727563402711823,18.886211019527984,20.5,21.5
82.0,19.416456917411907,19.554628556516,5.142994888665372,21.0,1,1.4453714434839995,19.82847752438783,20.5,21.5
83.0,19.433602225006158,19.64556308749862,5.1447356965715825,21.0,1,1.3544369125013809,20.554908397324805,20.5,21.5
84.0,19.450744451700473,19.675092690052644,5.146476394255263,21.0,1,1.3249073099473563,19.97038871559289,20.5,21.5
85.0,19.467883598088985,19.61425519074759,5.1482169803907984,21.0,1,1.3857448092524116,19.005880197697035,20.5,21.5
86.0,19.485019664765446,19.733630155355918,5.149957453652656,21.0,1,1.2663698446440819,20.927379801439216,20.5,21.5
87.0,19.502152652323222,19.79799038281083,5.151697812715388,21.0,1,1.2020096171891694,20.441592657359955,20.5,21.5
88.0,19.5192825613553,19.815493673628104,5.153438056253638,21.0,1,1.1845063263718956,19.990526581800843,20.5,21.5
89.0,19.53640939245428,19.802422127310372,5.155178182942132,21.0,1,1.197577872689628,19.671706664133048,20.5,21.5
90.0,19.55353314621238,19.87148515309382,5.15691819145569,21.0,1,1.1285148469061816,20.562115410928282,20.5,21.5
91.0,19.57065382322143,19.843969385032487,5.158658080469219,21.0,1,1.1560306149675128,19.568811704419176,20.5,21.5
92.0,19.58777142407288,19.853421212036082,5.160397848657718,21.0,1,1.146578787963918,19.94793948207203,20.5,21.5
93.0,19.604885949357797,19.76150643845147,5.162137494696277,21.0,1,1.2384935615485304,18.842358702605345,20.5,21.5
94.0,19.621997399666864,19.843199590417836,5.163877017260082,21.0,1,1.1568004095821642,20.660131110081497,20.5,21.5
95.0,19.639105775590384,19.854849063885432,5.165616415024409,21.0,1,1.1451509361145682,19.971343798561392,20.5,21.5
96.0,19.65621107771827,19.91136419506707,5.167355686664631,21.0,1,1.088635804932931,20.47651550688344,20.5,21.5
97.0,19.67331330664006,19.953922941225947,5.169094830856218,21.0,1,1.0460770587740527,20.37951040281473,20.5,21.5
98.0,19.690412462944906,20.04503247272183,5.170833846274735,21.0,1,0.9549675272781712,20.956127787680643,20.5,21.5
99.0,19.707508547221572,20.012595810932787,5.172572731595847,21.0,1,0.9874041890672132,19.688229193042368,20.5,21.5
100.0,19.724601560058446,20.061314422313266,5.174311485495316,21.0,1,0.9386855776867336,20.548500536118063,20.5,21.5
101.0,19.741691502043533,20.021186324883352,5.176050106649007,21.0,1,0.9788136751166476,19.61990535058421,20.5,21.5
102.0,19.758778373764454,19.987816124425027,5.177788593732883,21.0,1,1.0121838755749728,19.654114119841775,20.5,21.5
103.0,19.77586217580845,20.0661842366203,5.179526945423011,21.0,1,0.9338157633797017,20.84986535857301,20.5,21.5
104.0,19.79294290876237,20.121876148589536,5.181265160395561,21.0,1,0.8781238514104643,20.67879526828191,20.5,21.5
105.0,19.810020573212697,20.02694680633915,5.183003237326805,21.0,1,0.9730531936608493,19.0776533838353,20.5,21.5
106.0,19.82709516974552,20.18666807316182,5.184741174893123,21.0,0,0.8133319268381811,21.7838807413885,20.5,21.5
107.0,19.82416669894655,20.22559257829649,5.186478971771001,21.0,0,0.7744074217035113,20.614837629643187,20.5,21.5
108.0,19.821239161401113,20.19754590156375,5.188216626637028,21.0,1,0.8024540984362503,19.91707913423636,20.5,21.5
109.0,19.83831255689416,20.15941682140957,5.189954138167908,21.0,1,0.8405831785904283,19.77812601986779,20.5,21.5
110.0,19.855382885210414,20.207079670100292,5.191691505040448,21.0,1,0.7929203298997081,20.683708157007494,20.5,21.5
111.0,19.87245014693438,20.165430348491917,5.193428725931568,21.0,1,0.8345696515080832,19.748937132408166,20.5,21.5
112.0,19.88951434265018,20.197776523699762,5.195165799518299,21.0,1,0.802223476300238,20.521238275778213,20.5,21.5
113.0,19.906575472941554,20.234509856573254,5.196902724477783,21.0,1,0.7654901434267458,20.601843185308176,20.5,21.5
114.0,19.92363353839186,20.279516848695096,5.198639499487278,21.0,1,0.7204831513049044,20.72958676991351,20.5,21.5
115.0,19.94068853958408,20.34726662389495,5.200376123224153,21.0,1,0.6527333761050507,21.024764375893486,20.5,21.5
116.0,19.95774047710081,20.31116819391388,5.202112594365893,21.0,1,0.6888318060861209,19.950183894103176,20.5,21.5
117.0,19.97478935152426,20.209534440349323,5.2038489115901,21.0,1,0.7904655596506771,19.19319690470376,20.5,21.5
118.0,19.991835163436274,20.23110483083591,5.205585073574493,21.0,1,0.7688951691640895,20.446808735701786,20.5,21.5
119.0,20.008877913418303,20.240814469621263,5.207321078996911,21.0,1,0.7591855303787369,20.33791085747479,20.5,21.5
120.0,20.02591760205142,20.267900472230156,5.209056926535307,21.0,1,0.7320995277698437,20.53876049831909,20.5,21.5
121.0,20.042954229916315,20.297335460510226,5.21079261486776,21.0,1,0.7026645394897741,20.59168534331092,20.5,21.5
122.0,20.059987797593305,20.37172219292578,5.212528142672467,21.0,1,0.6282778070742197,21.115589517081325,20.5,21.5
123.0,20.07701830566232,20.306633339730848,5.214263508627747,21.0,1,0.6933666602691524,19.65574480778152,20.5,21.5
124.0,20.094045754702915,20.312578536897153,5.215998711412046,21.0,1,0.6874214631028472,20.372030508560204,20.5,21.5
125.0,20.111070145294256,20.384829928892355,5.217733749703929,21.0,1,0.6151700711076451,21.107343848844376,20.5,21.5
126.0,20.12809147801514,20.361075233294812,5.219468622182091,21.0,1,0.6389247667051876,20.123528277319387,20.5,21.5
127.0,20.145109753443972,20.44659525265414,5.221203327525349,21.0,1,0.5534047473458585,21.301795446247432,20.5,21.5
128.0,20.16212497215879,20.499032862330203,5.222937864412651,21.0,1,0.5009671376697966,21.023408959090823,20.5,21.5
129.0,20.17913713473724,20.585424898040138,5.224672231523071,21.0,1,0.414575101959862,21.449345255139484,20.5,21.5
130.0,20.196146241756598,20.509986834248604,5.226406427535814,21.0,1,0.490013165751396,19.755606196333265,20.5,21.5
131.0,20.213152293793755,20.568960139022888,5.228140451130212,21.0,1,0.431039860977112,21.158693186765728,20.5,21.5
132.0,20.230155291425223,20.63462472669823,5.229874300985733,21.0,1,0.365375273301769,21.29127060345166,20.5,21.5
133.0,20.247155235227137,20.635458038019618,5.231607975781974,21.0,1,0.36454196198038247,20.643791151233483,20.5,21.5
134.0,20.264152125775247,20.55923685021551,5.233341474198666,21.0,1,0.44076314978449105,19.797024972174423,20.5,21.5
135.0,20.28114596364493,20.62901216720838,5.2350747949156755,21.0,1,0.37098783279162006,21.32676533713709,20.5,21.5
136.0,20.298136749411185,20.670195756369434,5.236807936613002,21.0,1,0.3298042436305657,21.082031647979978,20.5,21.5
137.0,20.315124483648624,20.607398820826614,5.2385408979707835,21.0,1,0.3926011791733863,19.979429465398407,20.5,21.5
138.0,20.332109166931488,20.630489474688957,5.240273677669294,21.0,1,0.36951052531104267,20.861396013312394,20.5,21.5
139.0,20.349090799833636,20.66087604258889,5.242006274388947,21.0,1,0.3391239574111111,20.964741721588204,20.5,21.5
140.0,20.366069382928547,20.659572491354286,5.243738686810295,21.0,1,0.340427508645714,20.646536979008257,20.5,21.5
141.0,20.383044916789324,20.582438319460152,5.24547091361403,21.0,1,0.41756168053984766,19.811096600518816,20.5,21.5
142.0,20.400017401988688,20.579550224691182,5.247202953480985,21.0,1,0.42044977530881766,20.550669277001482,20.5,21.5
143.0,20.416986839098985,20.596987552750456,5.248934805092138,21.0,1,0.40301244724954444,20.771360833343188,20.5,21.5
144.0,20.433953228692186,20.56178718860545,5.2506664671286085,21.0,1,0.4382128113945498,20.209783547155396,20.5,21.5
145.0,20.450916571339874,20.53362225880977,5.25239793827166,21.0,1,0.4663777411902288,20.25197296085298,20.5,21.5
146.0,20.46787686761326,20.5697658949384,5.254129217202701,21.0,1,0.43023410506160076,20.93120225622468,20.5,21.5
147.0,20.484834118083178,20.618956015125747,5.255860302603288,21.0,1,0.3810439848742533,21.11085721699922,20.5,21.5
148.0,20.50178832332008,20.608673515550873,5.257591193155125,21.0,1,0.3913264844491273,20.505848519802132,20.5,21.5
149.0,20.51873948389405,20.71383487688403,5.259321887540064,21.0,0,0.2861651231159712,21.76544849021559,20.5,21.5
150.0,20.51568760037478,20.792036938343593,5.261052384440103,21.0,0,0.20796306165640743,21.57405755293923,20.5,21.5
151.0,20.512636673331592,20.78569784295714,5.262782682537396,21.0,0,0.2143021570428587,20.72230688909263,20.5,21.5
152.0,20.509586702533433,20.776476091139987,5.264512780514245,21.0,0,0.22352390886001317,20.684258572968442,20.5,21.5
153.0,20.506537687749027,20.810261252321077,5.266242677053104,21.0,0,0.1897387476789234,21.148112864131974,20.5,21.5
154.0,20.503489628746888,20.735448914223234,5.267972370836584,21.0,1,0.2645510857767661,19.987325533244807,20.5,21.5
155.0,20.520442525295305,20.72220012864607,5.269701860547446,21.0,1,0.27779987135393114,20.58971227287442,20.5,21.5
156.0,20.537392377162355,20.783338540775713,5.271431144868608,21.0,1,0.21666145922428726,21.39472266207215,20.5,21.5
157.0,20.554339184915897,20.859895724318896,5.273160222483147,21.0,0,0.14010427568110373,21.62546755975073,20.5,21.5
158.0,20.55128294912341,20.89058513297727,5.274889092074293,21.0,0,0.1094148670227284,21.197479219561025,20.5,21.5
159.0,20.548227670352002,20.956710887476195,5.276617752325438,21.0,0,0.04328911252380507,21.617968432465428,20.5,21.5
160.0,20.545173348368397,20.91888231484875,5.278346201920131,21.0,0,0.08111768515124851,20.540596588574317,20.5,21.5
161.0,20.54211998293911,20.843664455072428,5.280074439542083,21.0,1,0.15633554492757185,20.091485857309195,20.5,21.5
162.0,20.55906757383043,20.774872146198806,5.281802463875166,21.0,1,0.22512785380119382,20.086949057462586,20.5,21.5
163.0,20.57601212080844,20.687623845224902,5.283530273603413,21.0,1,0.31237615477509806,19.81514083548586,20.5,21.5
164.0,20.592953624438998,20.73539351959489,5.2852578674110235,21.0,1,0.26460648040511003,21.21309026329477,20.5,21.5
165.0,20.60989208528759,20.79849276587901,5.286985243982358,21.0,1,0.2015072341209887,21.429485228720225,20.5,21.5
166.0,20.62682750391933,20.89355453571661,5.288712402001947,21.0,0,0.10644546428338941,21.844172234092603,20.5,21.5
167.0,20.623759880898945,20.89329609124048,5.290439340154481,21.0,0,0.10670390875952052,20.89071164647917,20.5,21.5
168.0,20.620693216790794,20.953067783882183,5.292166057124823,21.0,0,0.04693221611781695,21.55078471029922,20.5,21.5
169.0,20.61762751135886,20.8895577790152,5.293892551598003,21.0,1,0.11044222098480105,20.254457730345358,20.5,21.5
170.0,20.63456276436691,20.927817521139353,5.295618822259221,21.0,1,0.07218247886064688,21.310414942380895,20.5,21.5
171.0,20.651494975578487,21.001968967849145,5.297344867793846,21.0,0,-0.001968967849144576,21.74348343494706,20.5,21.5
172.0,20.64842414555693,21.10049091761125,5.299070686887419,21.0,0,-0.10049091761124984,22.085710415232302,20.5,21.5
173.0,20.645354274865195,21.166504233445938,5.300796278225654,21.0,0,-0.1665042334459379,21.82663739179282,20.5,21.5
174.0,20.642285363265866,21.1892692621312,5.302521640494438,21.0,0,-0.18926926213120154,21.416919548983838,20.5,21.5
175.0,20.63921741052131,21.110881847988765,5.304246772379833,21.0,1,-0.11088184798876455,20.327007706564395,20.5,21.5
176.0,20.656150416393682,21.047940030482103,5.305971672568076,21.0,1,-0.04794003048210271,20.418521855415484,20.5,21.5
177.0,20.67308038064492,21.02643200259531,5.30769633974558,21.0,1,-0.026432002595310422,20.811351723727388,20.5,21.5
178.0,20.69000730383674,21.00345274342193,5.309420772598936,21.0,1,-0.003452743421931359,20.77366015168814,20.5,21.5
179.0,20.706931186530493,20.99986699349246,5.311144969814913,21.0,1,0.00013300650753933496,20.964009494197754,20.5,21.5
180.0,20.72385202928715,20.993533373626587,5.3128689300804615,21.0,1,0.00646662637341322,20.930197174967848,20.5,21.5
181.0,20.74076983266731,21.00441478393119,5.314592652082709,21.0,1,-0.0044147839311889925,21.11322888697721,20.5,21.5
182.0,20.757684597231194,20.989602224656903,5.316316134508967,21.0,1,0.010397775343097493,20.841476631914038,20.5,21.5
183.0,20.77459632353865,21.063669387434807,5.318039376046729,21.0,0,-0.06366938743480688,21.80434101521385,20.5,21.5
184.0,20.771505012149152,21.143056054507234,5.31976237538367,21.0,0,-0.1430560545072339,21.936922725231504,20.5,21.5
185.0,20.768414663621797,21.169754785724983,5.321485131207652,21.0,0,-0.16975478572498304,21.436742097902474,20.5,21.5
186.0,20.765325277715316,21.03647852444882,5.3232076422067225,21.0,1,-0.03647852444882105,19.7037159116872,20.5,21.5
187.0,20.782236854188216,21.015683848564684,5.324929907069113,21.0,1,-0.01568384856468441,20.807737089723318,20.5,21.5
188.0,20.799145392798792,20.881051087078177,5.326651924483245,21.0,1,0.11894891292182308,19.534723472213102,20.5,21.5
189.0,20.81605089410513,20.834015814142294,5.328373693137726,21.0,1,0.16598418585770602,20.363663084783465,20.5,21.5
190.0,20.832953358664934,20.82325776280046,5.330095211721355,21.0,1,0.17674223719954085,20.71567724938211,20.5,21.5
191.0,20.849852787035545,21.011450027698228,5.3318164789231215,21.0,0,-0.011450027698227672,22.893372676675913,20.5,21.5
192.0,20.846749179773923,20.96952689477063,5.333537493432204,21.0,0,0.03047310522936897,20.550295565494665,20.5,21.5
193.0,20.843646537436655,21.067601058460202,5.335258253937977,21.0,0,-0.06760105846020181,22.04834269535591,20.5,21.5
194.0,20.840544859779953,21.023977060859465,5.336978759130005,21.0,0,-0.023977060859465382,20.5877370848521,20.5,21.5
195.0,20.83744414655982,21.026172178120227,5.338699007698049,21.0,0,-0.026172178120226874,21.048123350727842,20.5,21.5
196.0,20.83434439753205,21.087527223376632,5.340418998332065,21.0,0,-0.08752722337663243,21.701077675940688,20.5,21.5
197.0,20.83124561245221,21.153255146505188,5.342138729722205,21.0,0,-0.15325514650518812,21.810534377790745,20.5,21.5
198.0,20.828147791075665,21.16396238920947,5.343858200558819,21.0,0,-0.1639623892094697,21.271034816252286,20.5,21.5
199.0,20.825050933157563,21.28074958654349,5.3455774095324555,21.0,0,-0.28074958654348947,22.448621559883687,20.5,21.5
200.0,20.82195503845284,21.35627379567323,5.347296355333861,21.0,0,-0.3562737956732285,22.11151588697062,20.5,21.5
201.0,20.818860106716215,21.27818693946764,5.349015036653984,21.0,1,-0.2781869394676413,20.49731837741177,20.5,21.5
202.0,20.8357661377022,21.237717145805924,5.350733452183974,21.0,1,-0.23771714580592374,20.83301920918875,20.5,21.5
203.0,20.852669131165097,21.196212118040485,5.352451600615184,21.0,1,-0.196212118040485,20.781161840386098,20.5,21.5
204.0,20.869569087658988,21.153638084541143,5.354169480639166,21.0,1,-0.15363808454114292,20.727897749547722,20.5,21.5
205.0,20.886466007737585,21.09308486955279,5.355887090947683,21.0,1,-0.09308486955278994,20.48755271966926,20.5,21.5
206.0,20.903359891954228,21.073282148032924,5.3576044302326995,21.0,1,-0.07328214803292354,20.87525493283426,20.5,21.5
207.0,20.920250740861885,21.104373793085934,5.359321497186385,21.0,1,-0.10437379308593364,21.415290243616035,20.5,21.5
208.0,20.93713855501315,21.15686286172662,5.36103829050112,21.0,0,-0.15686286172661923,21.681753548133475,20.5,21.5
209.0,20.934023334960248,21.161829863259534,5.362754808869491,21.0,0,-0.16182986325953408,21.211499878588683,20.5,21.5
210.0,20.93090908125503,21.261091966008703,5.364471050984295,21.0,0,-0.26109196600870277,22.25371299350039,20.5,21.5
211.0,20.927795793648976,21.226321697058456,5.3661870155385385,21.0,0,-0.22632169705845584,20.878619007555987,20.5,21.5
212.0,20.924683471893353,21.22161244757401,5.36790270122544,21.0,0,-0.22161244757401022,21.174519952729554,20.5,21.5
213.0,20.92157211573922,21.17865261765559,5.3696181067384305,21.0,0,-0.17865261765559026,20.74905431847139,20.5,21.5
214.0,20.91846172493742,21.205459872966898,5.371333230771154,21.0,0,-0.20545987296689816,21.473532426079977,20.5,21.5
215.0,20.915352299238585,21.18555193103098,5.373048072017469,21.0,0,-0.18555193103097878,20.986472511671785,20.5,21.5
216.0,20.91224383839314,21.20328913787767,5.37476262917145,21.0,0,-0.20328913787766822,21.380661206344563,20.5,21.5
217.0,20.909136342151296,21.215856091292665,5.3764769009273845,21.0,0,-0.2158560912926646,21.341525625442628,20.5,21.5
218.0,20.90602981026305,21.219457054897024,5.378190885979783,21.0,0,-0.21945705489702405,21.25546669094062,20.5,21.5
219.0,20.902924242478193,21.153193619768082,5.379904583023369,21.0,1,-0.1531936197680821,20.490559268478663,20.5,21.5
220.0,20.9198196385463,21.095466555464863,5.38161799075309,21.0,1,-0.09546655546486349,20.518195912432677,20.5,21.5
221.0,20.936711998216744,21.115383703718102,5.383331107864109,21.0,1,-0.11538370371810203,21.314555186250487,20.5,21.5
222.0,20.953601322038672,21.134002124218146,5.385043933051815,21.0,1,-0.13400212421814572,21.320186329218583,20.5,21.5
223.0,20.970487610560873,21.095039888059766,5.386756465011816,21.0,1,-0.09503988805976604,20.70541752647597,20.5,21.5
224.0,20.987370864331762,21.145325367546015,5.388468702439944,21.0,0,-0.14532536754601466,21.6481801624085,20.5,21.5
225.0,20.984251083899384,21.21110452387666,5.390180644032257,21.0,0,-0.21110452387666,21.868896087183114,20.5,21.5
226.0,20.98113226981141,21.27377731853435,5.391892288485035,21.0,0,-0.27377731853434994,21.90050526511125,20.5,21.5
227.0,20.978014421815146,21.212926096711477,5.393603634494789,21.0,0,-0.21292609671147744,20.604413878482752,20.5,21.5
228.0,20.974897539657682,21.26570164725627,5.395314680758252,21.0,0,-0.26570164725627166,21.793457152704214,20.5,21.5
229.0,20.971781623085903,21.271711803299013,5.39702542597239,21.0,0,-0.2717118032990129,21.331813363726425,20.5,21.5
230.0,20.96866667184648,21.24995767364643,5.398735868834394,21.0,0,-0.2499576736464313,21.032416377120615,20.5,21.5
231.0,20.96555268568588,21.290032865742184,5.40044600804169,21.0,0,-0.2900328657421838,21.69078478669971,20.5,21.5
232.0,20.96243966435035,21.280936759353843,5.402155842291929,21.0,0,-0.28093675935384255,21.18997569547043,20.5,21.5
233.0,20.959327607585937,21.298643284035656,5.403865370283001,21.0,0,-0.29864328403565565,21.475708530853787,20.5,21.5
234.0,20.956216515138475,21.255776829077217,5.405574590713025,21.0,0,-0.25577682907721666,20.827112279492827,20.5,21.5
235.0,20.95310638675359,21.293955695730162,5.407283502280355,21.0,0,-0.2939556957301619,21.675744362259614,20.5,21.5
236.0,20.949997222176695,21.188782154385432,5.40899210368358,21.0,1,-0.18878215438543222,20.137046740938136,20.5,21.5
237.0,20.966889021152998,21.173797747604368,5.410700393621528,21.0,1,-0.17379774760436817,21.023953679793728,20.5,21.5
238.0,20.98377778342749,21.146766380691044,5.412408370793259,21.0,1,-0.14676638069104442,20.876452711557807,20.5,21.5
239.0,21.000663509544964,21.199881124959607,5.414116033898076,21.0,0,-0.19988112495960664,21.73102856764523,20.5,21.5
240.0,20.997546200049836,21.169862647747745,5.415823381635518,21.0,0,-0.1698626477477454,20.869677875629133,20.5,21.5
241.0,20.994429855486153,21.176049848481803,5.417530412705367,21.0,0,-0.17604984848180294,21.23792185582238,20.5,21.5
242.0,20.991314475597598,21.258965006842374,5.419237125807643,21.0,0,-0.25896500684237367,22.08811659044808,20.5,21.5
243.0,20.98820006012764,21.238581942981,5.420943519642611,21.0,0,-0.23858194298099988,21.034751304367262,20.5,21.5
244.0,20.985086608819543,21.180066166778726,5.422649592910777,21.0,0,-0.180066166778726,20.594908404755987,20.5,21.5
245.0,20.98197412141636,21.232994554839202,5.424355344312892,21.0,0,-0.23299455483920184,21.76227843544396,20.5,21.5
246.0,20.97886259766094,21.21280487556391,5.4260607725499534,21.0,0,-0.21280487556391137,21.010908082811007,20.5,21.5
247.0,20.975752037295916,21.164305332033273,5.4277658763232015,21.0,0,-0.16430533203327258,20.679309896726885,20.5,21.5
248.0,20.972642440063723,21.18536206795779,5.429470654334127,21.0,0,-0.1853620679577901,21.395929427202965,20.5,21.5
249.0,20.969533805706575,21.20510950794813,5.431175105284466,21.0,0,-0.20510950794813,21.40258390785153,20.5,21.5
250.0,20.96642613396649,21.104678680587483,5.432879227876206,21.0,1,-0.10467868058748309,20.100370406981014,20.5,21.5
251.0,20.98331942458527,21.10561051546731,5.434583020811583,21.0,1,-0.10561051546730837,21.11492886426556,20.5,21.5
252.0,21.000209677304518,21.17176931911283,5.4362864827930855,21.0,0,-0.17176931911282978,21.833357355568044,20.5,21.5
253.0,20.997096892665617,21.23482836488768,5.4379896125234515,21.0,0,-0.23482836488767944,21.865418822636176,20.5,21.5
254.0,20.99398507120959,21.296745329156657,5.439692408705675,21.0,0,-0.2967453291566571,21.915914971846433,20.5,21.5
255.0,20.990874212677088,21.365298645455262,5.441394870043002,21.0,0,-0.3652986454552618,22.05083180844131,20.5,21.5
256.0,20.987764316808562,21.4343784107764,5.4430969952389345,21.0,0,-0.43437841077640016,22.125176063987784,20.5,21.5
257.0,20.984655383344247,21.32808635730085,5.44479878299723,21.0,1,-0.328086357300851,20.26516582254536,20.5,21.5
258.0,21.001547412024177,21.292625768144546,5.4465002320219025,21.0,1,-0.2926257681445463,20.9380198765815,20.5,21.5
259.0,21.018436402588176,21.278493508891785,5.448201341017225,21.0,1,-0.2784935088917848,21.13717091636417,20.5,21.5
260.0,21.03532235557586,21.219420183827847,5.44990210868773,21.0,1,-0.21942018382784667,20.628686933188465,20.5,21.5
261.0,21.052205271526482,21.235297443561613,5.451602533738208,21.0,1,-0.2352974435616133,21.39407004089928,20.5,21.5
262.0,21.069085150978925,21.3274622022294,5.45330261487371,21.0,0,-0.32746220222939826,22.249109788907248,20.5,21.5
263.0,21.065961994471703,21.314748147193104,5.455002350799552,21.0,0,-0.31474814719310373,21.18760759683016,20.5,21.5
264.0,21.062839802542968,21.351310689893754,5.456701740221312,21.0,0,-0.35131068989375436,21.71693611690026,20.5,21.5
265.0,21.059718574930503,21.34024702244528,5.458400781844828,21.0,0,-0.34024702244527916,21.229610347960527,20.5,21.5
266.0,21.056598311371886,21.279652002139205,5.460099474376209,21.0,0,-0.2796520021392048,20.67370179907846,20.5,21.5
267.0,21.053479011604487,21.301677596557134,5.461797816521825,21.0,0,-0.3016775965571341,21.521933540736427,20.5,21.5
268.0,21.05036067536547,21.25822818436535,5.463495806988314,21.0,0,-0.25822818436535044,20.823734062447514,20.5,21.5
269.0,21.047243302391795,21.199996538439407,5.465193444482585,21.0,0,-0.19999653843940735,20.617680079179976,20.5,21.5
270.0,21.044126892420213,21.238241786136133,5.466890727711811,21.0,0,-0.23824178613613256,21.620694263103385,20.5,21.5
271.0,21.04101144518727,21.28568564076077,5.468587655383438,21.0,0,-0.2856856407607715,21.76012418700716,20.5,21.5
272.0,21.037896960429308,21.321183184710232,5.47028422620518,21.0,0,-0.32118318471023244,21.67615862420484,20.5,21.5
273.0,21.034783437882464,21.387092858234773,5.471980438885026,21.0,0,-0.387092858234773,22.04618959348018,20.5,21.5
274.0,21.031670877282664,21.381625632886898,5.473676292131238,21.0,0,-0.3816256328868981,21.32695337940815,20.5,21.5
275.0,21.028559278365634,21.46983312747604,5.475371784652346,21.0,0,-0.4698331274760399,22.351908073367458,20.5,21.5
276.0,21.02544864086689,21.390959769781666,5.477066915157161,21.0,0,-0.39095976978166647,20.602226192837932,20.5,21.5
277.0,21.022338964521747,21.29918522669012,5.478761682354769,21.0,1,-0.2991852266901205,20.38143979577466,20.5,21.5
278.0,21.039230249065312,21.309010310767427,5.480456084954527,21.0,1,-0.3090103107674267,21.40726115154049,20.5,21.5
279.0,21.05611849423249,21.340201673404657,5.482150121666077,21.0,0,-0.3402016734046569,21.65211529977696,20.5,21.5
280.0,21.053003700557976,21.257861651812007,5.483843791199336,21.0,1,-0.25786165181200715,20.43446143588551,20.5,21.5
281.0,21.069889868576105,21.28166335073278,5.485537092264499,21.0,0,-0.2816633507327815,21.519680339940525,20.5,21.5
282.0,21.06677299802084,21.37613929465484,5.487230023572045,21.0,0,-0.3761392946548412,22.32089873387544,20.5,21.5
283.0,21.063657089425952,21.407354898205917,5.488922583832733,21.0,0,-0.4073548982059165,21.71951093371667,20.5,21.5
284.0,21.060542142524834,21.429260003291184,5.490614771757605,21.0,0,-0.4292600032911835,21.648311054143853,20.5,21.5
285.0,21.05742815705068,21.469418541859998,5.492306586057986,21.0,0,-0.4694185418599979,21.87100392754814,20.5,21.5
286.0,21.05431513273648,21.514661180957347,5.493998025445486,21.0,0,-0.5146611809573471,21.96708757193084,20.5,21.5
287.0,21.051203069315022,21.441701009233743,5.495689088632,21.0,0,-0.4417010092337428,20.7120992919977,20.5,21.5
288.0,21.048091966518886,21.36528067344539,5.497379774329709,21.0,0,-0.3652806734453904,20.601077315561866,20.5,21.5
289.0,21.04498182408045,21.330982758919593,5.499070081251085,21.0,0,-0.3309827589195926,20.988003613661615,20.5,21.5
290.0,21.04187264173188,21.233449981555474,5.500760008108883,21.0,1,-0.23344998155547358,20.258122207914283,20.5,21.5
291.0,21.058764419205158,21.287053180101157,5.502449553616151,21.0,0,-0.2870531801011573,21.823085165557995,20.5,21.5
292.0,21.05565315623204,21.29326115306975,5.504138716486227,21.0,0,-0.29326115306975,21.355340882755677,20.5,21.5
293.0,21.05254285334409,21.37040322024354,5.50582749543274,21.0,0,-0.37040322024353856,22.141823891981424,20.5,21.5
294.0,21.049433510272507,21.374537306968566,5.507515889169611,21.0,0,-0.37453730696856624,21.415878174218843,20.5,21.5
295.0,21.046325126748286,21.483912658392317,5.509203896411055,21.0,0,-0.4839126583923168,22.577666172629822,20.5,21.5
296.0,21.04321770250222,21.308717952405313,5.510891515871581,21.0,1,-0.3087179524053134,19.55677089253528,20.5,21.5
297.0,21.06011123726489,21.373838598976942,5.512578746265993,21.0,0,-0.37383859897694194,22.025045064693227,20.5,21.5
298.0,21.057001730766693,21.315202134703732,5.514265586309392,21.0,0,-0.31520213470373193,20.728837491971632,20.5,21.5
299.0,21.053893183537802,21.244992412495773,5.515952034717176,21.0,0,-0.24499241249577253,20.54289519041618,20.5,21.5
300.0,21.05078559530804,21.206359670575193,5.5176380902050415,21.0,0,-0.20635967057519267,20.820032251369394,20.5,21.5
301.0,21.04767896580702,21.301943988810116,5.519323751488983,21.0,0,-0.3019439888101161,22.25778717115935,20.5,21.5
302.0,21.044573294764156,21.288511742011842,5.521009017285297,21.0,0,-0.28851174201184193,21.1541892740291,20.5,21.5
303.0,21.04146858190866,21.37629207626996,5.522693886310579,21.0,0,-0.37629207626995864,22.254095418851126,20.5,21.5
304.0,21.03836482696954,21.41738499295306,5.524378357281729,21.0,0,-0.4173849929530604,21.828314159784078,20.5,21.5
305.0,21.035262029675604,21.39948076888562,5.5260624289159495,21.0,0,-0.39948076888562056,21.220438528211222,20.5,21.5
306.0,21.03216018975545,21.375444883374065,5.527746099930746,21.0,0,-0.37544488337406534,21.135086028258513,20.5,21.5
307.0,21.029059306937487,21.331258344011495,5.529429369043929,21.0,0,-0.3312583440114949,20.88939295038579,20.5,21.5
308.0,21.02595938094991,21.269193440293684,5.531112234973618,21.0,0,-0.26919344029368375,20.648544403115572,20.5,21.5
309.0,21.022860411520714,21.38127213688273,5.532794696438235,21.0,0,-0.3812721368827283,22.502059102773174,20.5,21.5
310.0,21.019762398377697,21.458417877678613,5.534476752156514,21.0,0,-0.4584178776786132,22.229875285637462,20.5,21.5
311.0,21.01666534124845,21.52898751849814,5.536158400847495,21.0,0,-0.5289875184981412,22.23468392669342,20.5,21.5
312.0,21.01356923986037,21.52913394853644,5.537839641230532,21.0,0,-0.5291339485364404,21.530598248919432,20.5,21.5
313.0,21.010474093940644,21.486085927139587,5.539520472025284,21.0,0,-0.4860859271395874,21.055605713171058,20.5,21.5
314.0,21.00737990321626,21.425314311504287,5.5412008919517275,21.0,0,-0.42531431150428745,20.817598155151288,20.5,21.5
315.0,21.004286667414007,21.309257524702247,5.542880899730148,21.0,1,-0.30925752470224666,20.14868965668184,20.5,21.5
316.0,21.021194386260472,21.296952929735813,5.544560494081149,21.0,1,-0.2969529297358129,21.173906980071475,20.5,21.5
317.0,21.038099059482036,21.290849118884683,5.546239673725643,21.0,1,-0.2908491188846831,21.229811010373385,20.5,21.5
318.0,21.055000687604885,21.30833130477796,5.547918437384865,21.0,1,-0.30833130477795834,21.48315316371071,20.5,21.5
319.0,21.07189927115484,21.31391950042148,5.549596783780361,21.0,1,-0.31391950042148054,21.369801456856703,20.5,21.5
320.0,21.088794810657365,21.422782809143705,5.551274711633998,21.0,0,-0.4227828091437047,22.511415896365946,20.5,21.5
321.0,21.08568730663756,21.40863073620192,5.5529522196679615,21.0,0,-0.40863073620192125,21.267110006784087,20.5,21.5
322.0,21.082580759620164,21.464108830205856,5.554629306604756,21.0,0,-0.4641088302058556,22.0188897702452,20.5,21.5
323.0,21.079475169329562,21.453673610428858,5.556305971167205,21.0,0,-0.4536736104288579,21.34932141265888,20.5,21.5
324.0,21.07637053548993,21.449074455262974,5.557982212078459,21.0,0,-0.4490744552629735,21.40308290360413,20.5,21.5
325.0,21.073266857825246,21.40626059181424,5.5596580280619845,21.0,0,-0.4062605918142417,20.978121957326923,20.5,21.5
326.0,21.070164136059294,21.33370414157645,5.561333417841576,21.0,0,-0.333704141576451,20.608139639198544,20.5,21.5
327.0,21.06706236991565,21.28800697531431,5.563008380141351,21.0,0,-0.2880069753143104,20.831035312692904,20.5,21.5
328.0,21.063961559117697,21.315147033500097,5.564682913685753,21.0,0,-0.31514703350009654,21.586547615357958,20.5,21.5
329.0,21.06086170338861,21.31323465947835,5.566357017199552,21.0,0,-0.3132346594783506,21.29411091926089,20.5,21.5
330.0,21.05776280245137,21.358087969336154,5.568030689407845,21.0,0,-0.35808796933615383,21.806621067914186,20.5,21.5
331.0,21.05466485602876,21.408519847907797,5.569703929036058,21.0,0,-0.4085198479077974,21.912838633624233,20.5,21.5
332.0,21.051567863843363,21.39629272007892,5.571376734809947,21.0,0,-0.3962927200789217,21.274021441790165,20.5,21.5
333.0,21.048471825617558,21.31788696593902,5.573049105455596,21.0,0,-0.3178869659390209,20.533829424540013,20.5,21.5
334.0,21.045376741073525,21.215793567963196,5.5747210396994245,21.0,1,-0.21579356796319615,20.19485958820495,20.5,21.5
335.0,21.062282609933252,21.081743296554947,5.5763925362681785,21.0,1,-0.08174329655494716,19.741240582472457,20.5,21.5
336.0,21.079185431918518,21.028705470308672,5.578063593888944,21.0,1,-0.02870547030867243,20.498327207845925,20.5,21.5
337.0,21.09608520755091,21.031713035030574,5.579734211289135,21.0,1,-0.03171303503057388,21.06178868224959,20.5,21.5
338.0,21.11298193735166,21.135294303777517,5.581404387196505,21.0,0,-0.13529430377751694,22.171106991246948,20.5,21.5
339.0,21.109875621841628,21.21459014702119,5.583074120339143,21.0,0,-0.21459014702119106,22.007548579457932,20.5,21.5
340.0,21.106770261541328,21.27649619379053,5.5847434094454735,21.0,0,-0.27649619379052837,21.8955566614839,20.5,21.5
341.0,21.10366585617091,21.32653635124262,5.58641225324426,21.0,0,-0.3265363512426198,21.826937925763534,20.5,21.5
342.0,21.100562405450326,21.477307128926014,5.588080650464608,21.0,0,-0.47730712892601446,22.98501490575996,20.5,21.5
343.0,21.097459909099328,21.495668569416253,5.589748599835957,21.0,0,-0.49566856941625304,21.67928297431864,20.5,21.5
344.0,21.094358366837476,21.469763958765213,5.591416100088093,21.0,0,-0.4697639587652134,21.210717852254817,20.5,21.5
345.0,21.091257778384126,21.548869627806436,5.593083149951142,21.0,0,-0.548869627806436,22.339926318218662,20.5,21.5
346.0,21.08815814345844,21.57189936317048,5.5947497481555715,21.0,0,-0.5718993631704805,21.802196716810926,20.5,21.5
347.0,21.08505946177938,21.46454679607601,5.596415893432196,21.0,1,-0.4645467960760108,20.391021125131314,20.5,21.5
348.0,21.10196173306571,21.428251274258628,5.598081584512173,21.0,1,-0.42825127425862775,21.065296056084797,20.5,21.5
349.0,21.118860957036,21.481496016497,5.599746820127006,21.0,0,-0.481496016497001,22.013943438880734,20.5,21.5
350.0,21.115757134208618,21.401929916863352,5.6014115990085465,21.0,0,-0.40192991686335233,20.606268920526865,20.5,21.5
351.0,21.11265426510158,21.508325852296576,5.603075919888991,21.0,0,-0.5083258522965757,22.57228520662881,20.5,21.5
352.0,21.109552349432537,21.544485096373457,5.604739781500889,21.0,0,-0.5444850963734567,21.906077537142266,20.5,21.5
353.0,21.106451386918952,21.57520156910606,5.606403182577136,21.0,0,-0.5752015691060599,21.882366296432092,20.5,21.5
354.0,21.103351377278084,21.56810382977472,5.608066121850981,21.0,0,-0.5681038297747207,21.49712643646133,20.5,21.5
355.0,21.100252320227,21.65140894074296,5.609728598056021,21.0,0,-0.6514089407429609,22.484460050425362,20.5,21.5
356.0,21.097154215482565,21.543715666094702,5.611390609926211,21.0,1,-0.5437156660947018,20.46678291961211,20.5,21.5
357.0,21.114057062761454,21.46702682064725,5.613052156195855,21.0,1,-0.46702682064724854,20.700138366172716,20.5,21.5
358.0,21.13095686178014,21.382779778789896,5.6147132355996145,21.0,1,-0.3827797787898959,20.54030936021637,20.5,21.5
359.0,21.147853613054906,21.44404562583599,5.616373846872503,21.0,0,-0.44404562583599017,22.056704096296933,20.5,21.5
360.0,21.144747317101668,21.347258856737035,5.618033988749895,21.0,1,-0.34725885673703516,20.379391165747485,20.5,21.5
361.0,21.161641974435998,21.339644218170687,5.619693659967519,21.0,1,-0.3396442181706867,21.263497832507202,20.5,21.5
362.0,21.178533584773103,21.35030581739802,5.621352859261464,21.0,1,-0.35030581739802,21.456921809671353,20.5,21.5
363.0,21.195422148628,21.437703235727966,5.623011585368176,21.0,0,-0.437703235727966,22.311677419027426,20.5,21.5
364.0,21.19230766651535,21.33015968898925,5.624669837024465,21.0,1,-0.3301596889892515,20.254724221602107,20.5,21.5
365.0,21.209194138949453,21.316208108156804,5.626327612967499,21.0,1,-0.316208108156804,21.17669229983233,20.5,21.5
366.0,21.226077565644257,21.32198591734575,5.62798491193481,21.0,1,-0.32198591734574933,21.379764009235203,20.5,21.5
367.0,21.242957947113513,21.398983626049336,5.629641732664292,21.0,0,-0.39898362604933624,22.168960713085205,20.5,21.5
368.0,21.239835283870622,21.37731589799836,5.631298073894205,21.0,0,-0.3773158979983613,21.160638617488612,20.5,21.5
369.0,21.236713576428627,21.487006710280436,5.632953934363172,21.0,0,-0.4870067102804363,22.583914833101186,20.5,21.5
370.0,21.233592824500214,21.57557342672617,5.634609312810184,21.0,0,-0.5755734267261694,22.4612405911835,20.5,21.5
371.0,21.230473027797874,21.61770691574057,5.636264207974598,21.0,0,-0.6177069157405697,22.039041805884573,20.5,21.5
372.0,21.22735418603391,21.62514259261983,5.63791861859614,21.0,0,-0.6251425926198309,21.699499361412443,20.5,21.5
373.0,21.224236298920424,21.602771104216114,5.6395725434149035,21.0,0,-0.6027711042161137,21.379056220178942,20.5,21.5
374.0,21.221119366169322,21.547952466131598,5.6412259811713525,21.0,0,-0.5479524661315978,20.99976608528644,20.5,21.5
375.0,21.218003387492324,21.51254756149577,5.642878930606323,21.0,0,-0.5125475614957686,21.158498515137477,20.5,21.5
376.0,21.214888362600945,21.540470729067625,5.644531390461022,21.0,0,-0.5404707290676249,21.819702404786188,20.5,21.5
377.0,21.211774291206517,21.471745740964746,5.646183359477029,21.0,0,-0.47174574096474586,20.784495859935955,20.5,21.5
378.0,21.20866117302017,21.56190623170921,5.6478348363962985,21.0,0,-0.5619062317092087,22.463511139153837,20.5,21.5
379.0,21.205549007752847,21.55024452851036,5.649485819961159,21.0,0,-0.5502445285103583,21.433627496521854,20.5,21.5
380.0,21.202437795115287,21.60931699334889,5.651136308914314,21.0,0,-0.6093169933488909,22.200041641734217,20.5,21.5
381.0,21.199327534818046,21.57924721767889,5.652786301998844,21.0,0,-0.5792472176788905,21.278549460978887,20.5,21.5
382.0,21.19621822657148,21.542683661985784,5.654435797958207,21.0,0,-0.5426836619857838,21.177048105054716,20.5,21.5
383.0,21.19310987008576,21.436803230022747,5.656084795536243,21.0,1,-0.4368032300227469,20.377998910392378,20.5,21.5
384.0,21.21000246507085,21.380104741183036,5.6577332934771665,21.0,1,-0.38010474118303605,20.813119852785928,20.5,21.5
385.0,21.226892011236533,21.354160705566386,5.659381290525575,21.0,1,-0.354160705566386,21.094720349399886,20.5,21.5
386.0,21.24377850909239,21.354213207962395,5.661028785426446,21.0,1,-0.3542132079623954,21.35473823192249,20.5,21.5
387.0,21.260661959147658,21.48178248832841,5.662675776925142,21.0,0,-0.48178248832840964,22.757475291988552,20.5,21.5
388.0,21.257542361911213,21.540458918531804,5.664322263767406,21.0,0,-0.5404589185318045,22.127223220565753,20.5,21.5
389.0,21.254423717891584,21.617315973072053,5.665968244699369,21.0,0,-0.6173159730720528,22.385886518474535,20.5,21.5
390.0,21.251306026796946,21.62162959272817,5.667613718467542,21.0,0,-0.6216295927281692,21.664765789289333,20.5,21.5
391.0,21.24818928833528,21.62595299197326,5.669258683818827,21.0,0,-0.6259529919732607,21.669186984424176,20.5,21.5
392.0,21.245073502214375,21.559112212173044,5.67090313950051,21.0,0,-0.5591122121730443,20.89070441417088,20.5,21.5
393.0,21.24195866814183,21.573245817732737,5.672547084260268,21.0,0,-0.5732458177327366,21.71458187332966,20.5,21.5
394.0,21.238844785825055,21.55502971180304,5.674190516846164,21.0,0,-0.5550297118030407,21.37286865250608,20.5,21.5
395.0,21.23573185497126,21.526382092108218,5.675833436006654,21.0,0,-0.5263820921082178,21.23990589515999,20.5,21.5
396.0,21.232619875287465,21.481795704174335,5.677475840490583,21.0,0,-0.4817957041743348,21.035931824835505,20.5,21.5
397.0,21.229508846480506,21.44742564627146,5.679117729047188,21.0,0,-0.44742564627145853,21.103725067242696,20.5,21.5
398.0,21.22639876825702,21.456764709572695,5.6807591004261,21.0,0,-0.45676470957269544,21.550155342585064,20.5,21.5
399.0,21.223289640323454,21.456814102661504,5.6823999533773435,21.0,0,-0.4568141026615038,21.457308033549587,20.5,21.5
400.0,21.220181462386066,21.406757497177562,5.684040286651338,21.0,0,-0.40675749717756204,20.906191442338145,20.5,21.5
401.0,21.217074234150918,21.434182515469985,5.685680098998897,21.0,0,-0.43418251546998476,21.708432698394212,20.5,21.5
402.0,21.213967955323888,21.503269046731564,5.687319389171233,21.0,0,-0.5032690467315639,22.194134359347355,20.5,21.5
403.0,21.21086262561066,21.460840840275004,5.688958155919954,21.0,0,-0.4608408402750044,21.03655877570941,20.5,21.5
404.0,21.20775824471672,21.46095020872508,5.690596397997069,21.0,0,-0.4609502087250803,21.46204389322584,20.5,21.5
405.0,21.20465481234738,21.45889990238112,5.692234114154986,21.0,0,-0.4588999023811198,21.438396838941514,20.5,21.5
406.0,21.20155232820774,21.511385355807185,5.693871303146512,21.0,0,-0.5113853558071852,22.03623989006784,20.5,21.5
407.0,21.198450792002728,21.533173214390484,5.695507963724856,21.0,0,-0.5331732143904837,21.75105180022347,20.5,21.5
408.0,21.195350203437073,21.54481074640479,5.6971440946436305,21.0,0,-0.5448107464047887,21.661186066547838,20.5,21.5
409.0,21.192250562215314,21.49115400813967,5.69877969465685,21.0,0,-0.49115400813967014,20.954586625488485,20.5,21.5
410.0,21.1891518680418,21.533209191701808,5.7004147625189345,21.0,0,-0.5332091917018076,21.953761027323182,20.5,21.5
411.0,21.186054120620696,21.468052946004683,5.702049296984709,21.0,0,-0.4680529460046827,20.816490489033434,20.5,21.5
412.0,21.18295731965597,21.36958786492969,5.703683296809404,21.0,1,-0.36958786492969153,20.38493705417978,20.5,21.5
413.0,21.1998614648514,21.408522457992483,5.705316760748657,21.0,0,-0.40852245799248266,21.797868388620394,20.5,21.5
414.0,21.196762555910578,21.46617471773492,5.706949687558514,21.0,0,-0.46617471773491914,22.042697315159284,20.5,21.5
415.0,21.19366459333691,21.528181348334783,5.708582075995432,21.0,0,-0.5281813483347833,22.148247654333424,20.5,21.5
416.0,21.19056757683344,21.528064522505932,5.710213924816274,21.0,0,-0.5280645225059324,21.526896264217424,20.5,21.5
417.0,21.187471506103037,21.56476488868413,5.711845232778318,21.0,0,-0.564764888684131,21.931768550466117,20.5,21.5
418.0,21.184376380848374,21.464744074097517,5.71347599863925,21.0,1,-0.46474407409751706,20.464535928231378,20.5,21.5
419.0,21.20128220077193,21.481545137337886,5.715106221157173,21.0,0,-0.4815451373378856,21.64955576974157,20.5,21.5
420.0,21.198184965576008,21.45147903924983,5.716735899090601,21.0,0,-0.45147903924982913,21.150818058369264,20.5,21.5
421.0,21.19508867576271,21.472903072849313,5.718365031198462,21.0,0,-0.4729030728493129,21.68714340884415,20.5,21.5
422.0,21.1919933310338,21.431263782136362,5.719993616240102,21.0,0,-0.4312637821363623,21.014870875006856,20.5,21.5
423.0,21.18889893109084,21.445353354230242,5.7216216529752835,21.0,0,-0.44535335423024236,21.586249075169043,20.5,21.5
424.0,21.185805475635217,21.44211351545024,5.723249140164184,21.0,0,-0.4421135154502416,21.409715127650234,20.5,21.5
425.0,21.182712964368122,21.450733978767445,5.724876076567403,21.0,0,-0.45073397876744536,21.536938611939483,20.5,21.5
426.0,21.179621396990562,21.464748003369778,5.726502460945957,21.0,0,-0.4647480033697775,21.6048882493931,20.5,21.5
427.0,21.176530773203353,21.55457196869694,5.728128292061283,21.0,0,-0.5545719686969406,22.45281162196857,20.5,21.5
428.0,21.173441092707126,21.605391726862198,5.729753568675239,21.0,0,-0.605391726862198,22.113589308514772,20.5,21.5
429.0,21.17035235520232,21.595407815850187,5.731378289550109,21.0,0,-0.5954078158501872,21.49556870573008,20.5,21.5
430.0,21.16726456038919,21.60154268592412,5.733002453448594,21.0,0,-0.6015426859241195,21.662891386663443,20.5,21.5
431.0,21.164177707967802,21.619319369132107,5.734626059133825,21.0,0,-0.6193193691321071,21.797086201211982,20.5,21.5
432.0,21.161091797638036,21.533526333318214,5.736249105369356,21.0,0,-0.5335263333182141,20.675595975179284,20.5,21.5
433.0,21.158006829099584,21.558521056027054,5.737871590919164,21.0,0,-0.5585210560270539,21.808468283115452,20.5,21.5
434.0,21.15492280205195,21.52445420757137,5.739493514547658,21.0,0,-0.5244542075713703,21.183785723014534,20.5,21.5
435.0,21.15183971619445,21.59747860514122,5.741114875019672,21.0,0,-0.5974786051412195,22.327722580839712,20.5,21.5
436.0,21.148757571226213,21.523985662208126,5.742735671100469,21.0,0,-0.5239856622081263,20.789056232877194,20.5,21.5
437.0,21.14567636684619,21.59819755721391,5.7443559015557435,21.0,0,-0.5981975572139113,22.340316507271762,20.5,21.5
438.0,21.14259610275313,21.51011748769455,5.745975565151618,21.0,0,-0.5101174876945507,20.629316792500944,20.5,21.5
439.0,21.13951677864561,21.59406642066719,5.747594660654649,21.0,0,-0.5940664206671897,22.43355575039358,20.5,21.5
440.0,21.13643839422201,21.54178142091005,5.749213186831824,21.0,0,-0.5417814209100484,21.018931423338636,20.5,21.5
441.0,21.133360949180535,21.50599250751068,5.750831142450566,21.0,0,-0.5059925075106797,21.148103373516992,20.5,21.5
442.0,21.13028444321919,21.43925842085743,5.752448526278731,21.0,0,-0.4392584208574313,20.771917554324947,20.5,21.5
443.0,21.1272088760358,21.515763673529353,5.7540653370846115,21.0,0,-0.5157636735293529,22.28081620024857,20.5,21.5
444.0,21.124134247328012,21.416261447210132,5.7556815736369344,21.0,1,-0.4162614472101325,20.421239184017928,20.5,21.5
445.0,21.141060556793274,21.39319953119899,5.757297234704866,21.0,1,-0.39319953119899154,21.162580371087582,20.5,21.5
446.0,21.157983804128857,21.491442266955456,5.75891231905801,21.0,0,-0.4914422669554561,22.473869624520102,20.5,21.5
447.0,21.154903989831844,21.493653267254338,5.7605268254664095,21.0,0,-0.4936532672543379,21.515763270243156,20.5,21.5
448.0,21.15182511439897,21.477817479624683,5.762140752700548,21.0,0,-0.477817479624683,21.319459603328134,20.5,21.5
449.0,21.14874717752663,21.552045357585477,5.763754099531349,21.0,0,-0.5520453575854773,22.29432413719342,20.5,21.5
450.0,21.145670178911033,21.499176461155997,5.765366864730179,21.0,0,-0.49917646115599723,20.970487496861196,20.5,21.5
451.0,21.142594118248198,21.47282641465484,5.766979047068848,21.0,0,-0.47282641465483977,21.209325949643265,20.5,21.5
452.0,21.139518995233963,21.518496896987678,5.768590645319607,21.0,0,-0.5184968969876778,21.975201720316058,20.5,21.5
453.0,21.13644480956398,21.506639117747447,5.770201658255156,21.0,0,-0.5066391177474472,21.38806132534514,20.5,21.5
454.0,21.133371560933718,21.45725515416439,5.771812084648637,21.0,0,-0.45725515416438967,20.963415518333814,20.5,21.5
455.0,21.130299249038462,21.522706777015934,5.7734219232736415,21.0,0,-0.5227067770159337,22.177223005531374,20.5,21.5
456.0,21.127227873573307,21.568048871839352,5.775031172904206,21.0,0,-0.5680488718393519,22.021469820073534,20.5,21.5
457.0,21.124157434233172,21.510738787580568,5.776639832314817,21.0,0,-0.5107387875805678,20.937637944992726,20.5,21.5
458.0,21.12108793071279,21.54023222295219,5.778247900280412,21.0,0,-0.5402322229521914,21.835166576668428,20.5,21.5
459.0,21.118019362706704,21.60489776339105,5.779855375576377,21.0,0,-0.6048977633910511,22.251553167779647,20.5,21.5
460.0,21.11495172990928,21.55914047729684,5.781462256978547,21.0,0,-0.5591404772968396,21.101567616354725,20.5,21.5
461.0,21.111885032014694,21.528637557409958,5.783068543263215,21.0,0,-0.528637557409958,21.223608358541142,20.5,21.5
462.0,21.108819268716942,21.480945042030463,5.784674233207123,21.0,0,-0.48094504203046284,21.00401988823551,20.5,21.5
463.0,21.10575443970984,21.420476896899693,5.786279325587468,21.0,0,-0.42047689689969303,20.815795445591995,20.5,21.5
464.0,21.102690544687018,21.4054838175789,5.787883819181902,21.0,0,-0.40548381757890084,21.25555302437098,20.5,21.5
465.0,21.099627583341917,21.422459436412176,5.789487712768534,21.0,0,-0.42245943641217565,21.592215624744924,20.5,21.5
466.0,21.096565555367803,21.366238542272914,5.79109100512593,21.0,0,-0.36623854227291375,20.804029600880295,20.5,21.5
467.0,21.093504460457755,21.442616672318223,5.792693695033112,21.0,0,-0.44261667231822344,22.20639797277132,20.5,21.5
468.0,21.09044429830467,21.41473295715632,5.794295781269561,21.0,0,-0.4147329571563212,21.1358958055373,20.5,21.5
469.0,21.087385068601264,21.320842094760394,5.79589726261522,21.0,1,-0.32084209476039405,20.381933470801123,20.5,21.5
470.0,21.104326771040068,21.350146774065227,5.797498137850493,21.0,0,-0.35014677406522665,21.643193567113553,20.5,21.5
471.0,21.10126540531343,21.39165342577048,5.79909840575624,21.0,0,-0.39165342577047824,21.806719942822994,20.5,21.5
472.0,21.098204971913518,21.359424495225753,5.80069806511379,21.0,0,-0.3594244952257526,21.037135189778496,20.5,21.5
473.0,21.095145470532156,21.375313512031944,5.802297114704932,21.0,0,-0.3753135120319442,21.53420368009386,20.5,21.5
474.0,21.09208690086099,21.44568628005384,5.8038955533119205,21.0,0,-0.4456862800538417,22.149413960272817,20.5,21.5
475.0,21.08902926259148,21.442249063487385,5.805493379717475,21.0,0,-0.4422490634873846,21.407876897822813,20.5,21.5
476.0,21.085972555414905,21.39339775462185,5.80709059270478,21.0,0,-0.39339775462185145,20.90488466596652,20.5,21.5
477.0,21.082916779022362,21.43380250911362,5.80868719105749,21.0,0,-0.43380250911361884,21.837850054031293,20.5,21.5
478.0,21.07986193310477,21.448783003117953,5.810283173559725,21.0,0,-0.4487830031179527,21.59858794316129,20.5,21.5
479.0,21.07680801735286,21.497709749223702,5.811878538996075,21.0,0,-0.49770974922370215,21.986977210281196,20.5,21.5
480.0,21.07375503145719,21.446950272478915,5.8134732861516,21.0,0,-0.44695027247891517,20.939355505031045,20.5,21.5
481.0,21.070702975108127,21.471560196407175,5.815067413811831,21.0,0,-0.47156019640717517,21.717659435689775,20.5,21.5
482.0,21.06765184799587,21.52958089162497,5.81666092076277,21.0,0,-0.5295808916249705,22.109787843802923,20.5,21.5
483.0,21.064601649810424,21.49331277394907,5.818253805790892,21.0,0,-0.49331277394907147,21.13063159719008,20.5,21.5
484.0,21.06155238024162,21.349914866520443,5.819846067683145,21.0,1,-0.349914866520443,19.91593579223416,20.5,21.5
485.0,21.07850403897911,21.421897189342992,5.821437705226955,21.0,0,-0.42189718934299236,22.141720417568486,20.5,21.5
486.0,21.07545262571236,21.44911851014575,5.823028717210217,21.0,0,-0.44911851014575177,21.721331718173346,20.5,21.5
487.0,21.07240214093066,21.363961898028528,5.82461910242131,21.0,0,-0.36396189802852774,20.512395776856287,20.5,21.5
488.0,21.069352584322957,21.34840703861524,5.826208859649084,21.0,0,-0.3484070386152389,21.19285844448235,20.5,21.5
489.0,21.06630395557802,21.384629019166056,5.827797987682869,21.0,0,-0.38462901916605574,21.746848824674224,20.5,21.5
490.0,21.06325625438444,21.297288456411337,5.829386485312478,21.0,1,-0.29728845641133717,20.42388282886415,20.5,21.5
491.0,21.08020948043063,21.261764743854112,5.830974351328199,21.0,1,-0.26176474385411197,20.90652761828186,20.5,21.5
492.0,21.097159633404807,21.293771240152733,5.8325615845208025,21.0,0,-0.2937712401527328,21.61383620313894,20.5,21.5
493.0,21.094106713795032,21.31720664958725,5.834148183681542,21.0,0,-0.31720664958724853,21.551560743932406,20.5,21.5
494.0,21.09105472208901,21.34248046179382,5.835734147602153,21.0,0,-0.3424804617938193,21.595218583859527,20.5,21.5
495.0,21.088003657974113,21.368122141993698,5.837319475074856,21.0,0,-0.3681221419936982,21.624538943992487,20.5,21.5
496.0,21.084953521137532,21.388354458367864,5.838904164892354,21.0,0,-0.3883544583678642,21.590677622109524,20.5,21.5
497.0,21.081904311266282,21.352626960444727,5.840488215847837,21.0,0,-0.3526269604447272,20.995351981213357,20.5,21.5
498.0,21.0788560280472,21.344860898098,5.842071626734982,21.0,0,-0.34486089809799836,21.26720027463071,20.5,21.5
499.0,21.075808671166936,21.395638764487625,5.843654396347952,21.0,0,-0.39563876448762514,21.903417428383893,20.5,21.5
500.0,21.07276224031197,21.364196010857846,5.8452365234813985,21.0,0,-0.3641960108578459,21.049768474560054,20.5,21.5
501.0,21.069716735168605,21.3451220957805,5.846818006930464,21.0,0,-0.3451220957804999,21.15438294500704,20.5,21.5
502.0,21.066672155422957,21.355793636572184,5.84839884549078,21.0,0,-0.35579363657218366,21.46250904448902,20.5,21.5
503.0,21.06362850076097,21.355389735971052,5.8499790379584695,21.0,0,-0.35538973597105183,21.351350729959734,20.5,21.5
504.0,21.06058577086841,21.349879177003924,5.851558583130146,21.0,0,-0.349879177003924,21.294773587332646,20.5,21.5
505.0,21.057543965430863,21.37380440863469,5.853137479802917,21.0,0,-0.37380440863469033,21.613056724942354,20.5,21.5
506.0,21.05450308413374,21.41600587133768,5.854715726774385,21.0,0,-0.4160058713376813,21.83802049836759,20.5,21.5
507.0,21.051463126662266,21.39389118622927,5.856293322842646,21.0,0,-0.39389118622926844,21.17274433514514,20.5,21.5
508.0,21.048424092701502,21.47583177115194,5.857870266806292,21.0,0,-0.47583177115194175,22.295237620378675,20.5,21.5
509.0,21.045385981936324,21.43665731337832,5.859446557464411,21.0,0,-0.43665731337831915,21.044912735642093,20.5,21.5
510.0,21.042348794051428,21.418957055262638,5.8610221936165905,21.0,0,-0.4189570552626378,21.241954474105825,20.5,21.5
511.0,21.03931252873134,21.418108196686365,5.8625971740629135,21.0,0,-0.4181081966863651,21.409619610923638,20.5,21.5
512.0,21.036277185660406,21.505947452444676,5.864171497603965,21.0,0,-0.5059474524446763,22.38434001002779,20.5,21.5
513.0,21.033242764522797,21.42041686977083,5.8657451630408275,21.0,0,-0.42041686977082904,20.565111043032356,20.5,21.5
514.0,21.0302092650025,21.323336184733712,5.867318169175088,21.0,1,-0.3233361847337122,20.352529334362544,20.5,21.5
515.0,21.047176686783335,21.30650029241574,5.868890514808834,21.0,1,-0.30650029241574117,21.13814136923603,20.5,21.5
516.0,21.06414102954894,21.273611842218955,5.870462198744655,21.0,1,-0.27361184221895485,20.94472734025109,20.5,21.5
517.0,21.081102293782777,21.214421752754895,5.872033219785646,21.0,1,-0.2144217527548946,20.622520858114292,20.5,21.5
518.0,21.098060479967977,21.29091332323575,5.8736035767354045,21.0,0,-0.29091332323574903,22.055829028044293,20.5,21.5
519.0,21.09501558858733,21.347085942915072,5.875173268398037,21.0,0,-0.3470859429150721,21.908812139708303,20.5,21.5
520.0,21.091971620123292,21.37301626196038,5.876742293578155,21.0,0,-0.3730162619603803,21.632319452413462,20.5,21.5
521.0,21.088928574257984,21.376830919087276,5.878310651080877,21.0,0,-0.3768309190872756,21.41497749035623,20.5,21.5
522.0,21.08588645067335,21.35972501282086,5.87987833971183,21.0,0,-0.35972501282086,21.188665950156704,20.5,21.5
523.0,21.082845249051157,21.32111378405253,5.881445358277152,21.0,0,-0.32111378405253177,20.93500149636925,20.5,21.5
524.0,21.079804969073002,21.31371164731916,5.88301170558349,21.0,0,-0.3137116473191597,21.23969027998544,20.5,21.5
525.0,21.076765610420306,21.332649622943784,5.884577380438002,21.0,0,-0.33264962294378364,21.522029379190023,20.5,21.5
526.0,21.07372717277431,21.274605462584915,5.88614238164836,21.0,0,-0.27460546258491547,20.694163858996234,20.5,21.5
527.0,21.070689655816082,21.336937620807287,5.887706708022744,21.0,0,-0.3369376208072872,21.960259203031004,20.5,21.5
528.0,21.067653059226522,21.329684444952083,5.889270358369855,21.0,0,-0.3296844449520826,21.257152686400037,20.5,21.5
529.0,21.06461738268635,21.451331732387768,5.890833331498904,21.0,0,-0.4513317323877679,22.66780460674462,20.5,21.5
530.0,21.061582625876113,21.48893524320004,5.892395626219617,21.0,0,-0.48893524320003934,21.864970351322754,20.5,21.5
531.0,21.05854878847618,21.544083033467867,5.8939572413422425,21.0,0,-0.5440830334678672,22.095560936146146,20.5,21.5
532.0,21.055515870166754,21.474099580986376,5.895518175677539,21.0,0,-0.47409958098637617,20.774265056171465,20.5,21.5
533.0,21.052483870627857,21.514896913077127,5.89707842803679,21.0,0,-0.514896913077127,21.922870233984636,20.5,21.5
534.0,21.049452789539338,21.40278665637536,5.898637997231793,21.0,1,-0.4027866563753584,20.28168408935767,20.5,21.5
535.0,21.066422626580877,21.350554065519113,5.90019688207487,21.0,1,-0.3505540655191126,20.828228156956655,20.5,21.5
536.0,21.083389381431974,21.31244286099684,5.9017550813788615,21.0,1,-0.31244286099683904,20.931330815774103,20.5,21.5
537.0,21.100353054571965,21.35973583873206,5.903312593957131,21.0,0,-0.3597358387320604,21.832665616084274,20.5,21.5
538.0,21.097313646479844,21.292570858296063,5.904869418623566,21.0,0,-0.2925708582960631,20.62092105393609,20.5,21.5
539.0,21.09427515763427,21.325072699668446,5.906425554192575,21.0,0,-0.3250726996684463,21.65009111339228,20.5,21.5
540.0,21.091237587713582,21.32854159985903,5.9079809994790935,21.0,0,-0.32854159985902953,21.36323060176486,20.5,21.5
541.0,21.088200936395936,21.362313389352835,5.9095357532985835,21.0,0,-0.36231338935283475,21.700031284290887,20.5,21.5
542.0,21.085165203359317,21.364910670230127,5.911089814467031,21.0,0,-0.36491067023012747,21.390883479003055,20.5,21.5
543.0,21.082130388281538,21.398248659659718,5.912643181800951,21.0,0,-0.3982486596597177,21.73162855395562,20.5,21.5
544.0,21.079096490840243,21.41282371572771,5.914195854117389,21.0,0,-0.41282371572771126,21.558574276407647,20.5,21.5
545.0,21.0760635107129,21.412967916900374,5.915747830233913,21.0,0,-0.4129679169003744,21.414409928627006,20.5,21.5
546.0,21.073031447576803,21.42743925107238,5.9172991089686295,21.0,0,-0.42743925107237857,21.57215259279242,20.5,21.5
547.0,21.07000030110908,21.325011151249022,5.918849689140171,21.0,1,-0.32501115124902213,20.300730153015458,20.5,21.5
548.0,21.086970070986684,21.3010066898254,5.920399569567703,21.0,1,-0.3010066898253996,21.060962075589174,20.5,21.5
549.0,21.1039367568864,21.233151589953973,5.921948749070925,21.0,1,-0.23315158995397312,20.55460059123971,20.5,21.5
550.0,21.12090035928484,21.204005152580372,5.923497226470068,21.0,1,-0.20400515258037188,20.91254077884436,20.5,21.5
551.0,21.137860878658277,21.17885173989406,5.9250450005859,21.0,1,-0.17885173989406056,20.927317613030947,20.5,21.5
552.0,21.15481831548266,21.33327060322589,5.926592070239724,21.0,0,-0.3332706032258912,22.877459236544198,20.5,21.5
553.0,21.151772670233612,21.347810415780646,5.928138434253378,21.0,0,-0.3478104157806463,21.493208541328197,20.5,21.5
554.0,21.148727943386415,21.37851274495698,5.929684091449239,21.0,0,-0.3785127449569785,21.6855360367203,20.5,21.5
555.0,21.14568413461603,21.44609236063014,5.931229040650223,21.0,0,-0.44609236063013924,22.121888517361747,20.5,21.5
556.0,21.142641243597236,21.427849858597945,5.932773280679783,21.0,0,-0.4278498585979449,21.245424838276,20.5,21.5
557.0,21.139599270004652,21.34086187973343,5.934316810361912,21.0,1,-0.3408618797334313,20.470982091088295,20.5,21.5
558.0,21.156558213512724,21.338253879992713,5.935859628521147,21.0,1,-0.3382538799927133,21.312173882585533,20.5,21.5
559.0,21.173514073795726,21.368371543627138,5.937401733982563,21.0,0,-0.36837154362713775,21.669548179971382,20.5,21.5
560.0,21.170466851327763,21.261786308896905,5.9389431255717815,21.0,1,-0.26178630889690524,20.19593396159458,20.5,21.5
561.0,21.18742054658261,21.34909449094159,5.940483802114964,21.0,0,-0.34909449094158873,22.222176311388424,20.5,21.5
562.0,21.184371159233716,21.365890770655565,5.94202376243882,21.0,0,-0.3658907706555645,21.533853567795322,20.5,21.5
563.0,21.181322689754357,21.404179058381043,5.943563005370601,21.0,0,-0.4041790583810432,21.78706193563583,20.5,21.5
564.0,21.17827513781748,21.492985472510828,5.945101529738108,21.0,0,-0.4929854725108278,22.381049613808674,20.5,21.5
565.0,21.175228503095862,21.550011286308028,5.946639334369687,21.0,0,-0.5500112863080275,22.120269424280025,20.5,21.5
566.0,21.172182785262116,21.512643819312203,5.948176418094232,21.0,0,-0.5126438193122027,21.138969149353954,20.5,21.5
567.0,21.169137983988684,21.4542493410367,5.949712779741189,21.0,0,-0.4542493410367001,20.870304558281674,20.5,21.5
568.0,21.166094098947834,21.44560552559791,5.95124841814055,21.0,0,-0.4456055255979088,21.359167371209995,20.5,21.5
569.0,21.163051129811674,21.344312157626867,5.952783332122861,21.0,1,-0.3443121576268666,20.331378477916445,20.5,21.5
570.0,21.180009076252137,21.31762858011363,5.954317520519217,21.0,1,-0.31762858011363093,21.050792804981274,20.5,21.5
571.0,21.19696393794099,21.335703699652065,5.955850982161267,21.0,0,-0.3357036996520648,21.516454895036404,20.5,21.5
572.0,21.19391571534983,21.42125980383968,5.957383715881214,21.0,0,-0.4212598038396784,22.276820845715815,20.5,21.5
573.0,21.19086840894994,21.44596685119749,5.958915720511813,21.0,0,-0.4459668511974897,21.693037324775602,20.5,21.5
574.0,21.187822018412252,21.49542556795472,5.960446994886378,21.0,0,-0.4954255679547188,21.99001273552701,20.5,21.5
575.0,21.184776543407548,21.655003575600404,5.961977537838775,21.0,0,-0.6550035756004036,23.25078365205725,20.5,21.5
576.0,21.181731983606433,21.68663174303463,5.96350734820343,21.0,0,-0.6866317430346314,22.00291341737691,20.5,21.5
577.0,21.17868833867935,21.618244009066434,5.9650364248153265,21.0,0,-0.6182440090664336,20.934366669384456,20.5,21.5
578.0,21.175645608296577,21.661413495364748,5.966564766510005,21.0,0,-0.6614134953647479,22.09310835834789,20.5,21.5
579.0,21.17260379212822,21.65709088846781,5.968092372123566,21.0,0,-0.6570908884678097,21.613864819498428,20.5,21.5
580.0,21.16956288984422,21.564807236935593,5.969619240492674,21.0,0,-0.564807236935593,20.641970721613426,20.5,21.5
581.0,21.166522901114348,21.516044667914638,5.9711453704545505,21.0,0,-0.5160446679146382,21.02841897770509,20.5,21.5
582.0,21.163483825608218,21.537976500473633,5.972670760846981,21.0,0,-0.5379765004736328,21.75729482606358,20.5,21.5
583.0,21.160445662995265,21.47782570882335,5.974195410508315,21.0,0,-0.4778257088233495,20.876317792320517,20.5,21.5
584.0,21.15740841294477,21.45858417672454,5.9757193182774655,21.0,0,-0.4585841767245391,21.266168855736435,20.5,21.5
585.0,21.154372075125835,21.477274222550697,5.97724248299391,21.0,0,-0.4772742225506974,21.66417468081228,20.5,21.5
586.0,21.15133664920741,21.41418718506406,5.978764903497693,21.0,0,-0.4141871850640584,20.783316810197668,20.5,21.5
587.0,21.148302134858266,21.399434394993346,5.980286578629424,21.0,0,-0.3994343949933459,21.25190649428622,20.5,21.5
588.0,21.14526853174702,21.44501862270729,5.981807507230282,21.0,0,-0.4450186227072912,21.900860899846744,20.5,21.5
589.0,21.142235839542117,21.522990838078584,5.983327688142013,21.0,0,-0.5229908380785844,22.302712991791516,20.5,21.5
590.0,21.139204057911837,21.368554434701846,5.984847120206934,21.0,1,-0.3685544347018457,19.82419040093446,20.5,21.5
591.0,21.156173186524295,21.368475373897866,5.986365802267931,21.0,1,-0.36847537389786567,21.367684765858066,20.5,21.5
592.0,21.173139225047443,21.37302734690156,5.987883733168462,21.0,1,-0.3730273469015586,21.418547076938488,20.5,21.5
593.0,21.190102173949068,21.34753384574443,5.989400911752556,21.0,1,-0.34753384574442947,21.09259883417314,20.5,21.5
594.0,21.20706203369663,21.267889140337196,5.990917336864815,21.0,1,-0.26788914033719635,20.471442086264865,20.5,21.5
595.0,21.224018804757264,21.391880921450188,5.992433007350416,21.0,0,-0.3918809214501877,22.6317987325801,20.5,21.5
596.0,21.220972487597784,21.509440176372173,5.993947922055111,21.0,0,-0.5094401763721734,22.68503272559203,20.5,21.5
597.0,21.217927082684675,21.563103622221366,5.9954620798252245,21.0,0,-0.5631036222213659,22.09973808071329,20.5,21.5
598.0,21.214882589684102,21.485422349438384,5.99697547950766,21.0,0,-0.4854223494383838,20.708609621608563,20.5,21.5
599.0,21.211839008262068,21.54188197408514,5.9984881199499,21.0,0,-0.5418819740851397,22.1064782205527,20.5,21.5
600.0,21.208796338084404,21.574333108303758,6.0,21.0,0,-0.5743331083037582,21.898844450489943,20.5,21.5
601.0,21.205754578816787,21.530564209193603,6.001511118506599,21.0,0,-0.5305642091936029,21.09287521809205,20.5,21.5
602.0,21.202713730124724,21.509857122941895,6.003021474318914,21.0,0,-0.5098571229418951,21.302786260424817,20.5,21.5
603.0,21.199673791673565,21.515800973608197,6.004531066286745,21.0,0,-0.5158009736081972,21.575239480271218,20.5,21.5
604.0,21.196634763128486,21.4059262758636,6.0060398932604695,21.0,1,-0.40592627586359953,20.307179298417623,20.5,21.5
605.0,21.213596644154514,21.36327394715809,6.007547954091052,21.0,1,-0.36327394715808836,20.936750660102977,20.5,21.5
606.0,21.2305554344165,21.37834707216077,6.009055247630038,21.0,0,-0.37834707216077135,21.5290783221876,20.5,21.5
607.0,21.227511134379146,21.46435208400114,6.010561772729559,21.0,0,-0.46435208400113837,22.32440220240481,20.5,21.5
608.0,21.224467744506814,21.488967263698395,6.012067528242327,21.0,0,-0.48896726369839527,21.735119060670964,20.5,21.5
609.0,21.221425264463562,21.554388620709524,6.013572513021648,21.0,0,-0.5543886207095241,22.208602190820812,20.5,21.5
610.0,21.218383693913275,21.602770301743067,6.015076725921408,21.0,0,-0.6027703017430674,22.0865871120785,20.5,21.5
611.0,21.215343032519677,21.613934919672147,6.016580165796085,21.0,0,-0.6139349196721469,21.72558109896294,20.5,21.5
612.0,21.212303279946333,21.48678486645527,6.018082831500743,21.0,1,-0.4867848664552703,20.215284334286505,20.5,21.5
613.0,21.229264435856646,21.493775057751574,6.019584721891037,21.0,0,-0.4937750577515736,21.563676970714607,20.5,21.5
614.0,21.226222499913852,21.483746769030432,6.021085835823211,21.0,0,-0.48374676903043223,21.38346388181902,20.5,21.5
615.0,21.223181472581036,21.432868710655633,6.022586172154104,21.0,0,-0.43286871065563304,20.92408812690764,20.5,21.5
616.0,21.22014135352095,21.430458988163902,6.024085729741143,21.0,0,-0.4304589881639025,21.406361763246597,20.5,21.5
617.0,21.217102142396197,21.506677926830715,6.02558450744235,21.0,0,-0.5066779268307151,22.26886731349884,20.5,21.5
618.0,21.214063838869205,21.48051360727129,6.02708250411634,21.0,0,-0.4805136072712912,21.218870411677052,20.5,21.5
619.0,21.211026442602254,21.483982673931358,6.028579718622325,21.0,0,-0.48398267393135797,21.518673340532025,20.5,21.5
620.0,21.207989953257457,21.47899483897569,6.0300761498201085,21.0,0,-0.47899483897569084,21.42911648941902,20.5,21.5
621.0,21.20495437049677,21.456965109115096,6.031571796570095,21.0,0,-0.4569651091150959,21.236667810509147,20.5,21.5
622.0,21.20191969398198,21.408281629306334,6.033066657733284,21.0,0,-0.4082816293063338,20.921446831218713,20.5,21.5
623.0,21.198885923374732,21.44574959411997,6.034560732171273,21.0,0,-0.4457495941199703,21.820429242256335,20.5,21.5
624.0,21.195853058336493,21.413295480166916,6.036054018746261,21.0,0,-0.41329548016691575,21.08875434063637,20.5,21.5
625.0,21.192821098528576,21.49896058004204,6.037546516321043,21.0,0,-0.49896058004204136,22.355611578793297,20.5,21.5
626.0,21.189790043612135,21.502134184485417,6.039038223759019,21.0,0,-0.502134184485417,21.533870228919174,20.5,21.5
627.0,21.186759893248166,21.53595192124585,6.040529139924188,21.0,0,-0.5359519212458501,21.87412928885018,20.5,21.5
628.0,21.1837306470975,21.52002416810316,6.042019263681153,21.0,0,-0.5200241681031592,21.36074663667625,20.5,21.5
629.0,21.18070230482082,21.49235643521812,6.043508593895119,21.0,0,-0.4923564352181202,21.21567910636773,20.5,21.5
630.0,21.177674866078632,21.45235373470871,6.044997129431898,21.0,0,-0.45235373470870854,21.05232672961459,20.5,21.5
631.0,21.1746483305313,21.421647011904724,6.046484869157903,21.0,0,-0.4216470119047244,21.114579783864883,20.5,21.5
632.0,21.171622697839027,21.44004512343053,6.047971811940158,21.0,0,-0.4400451234305294,21.62402623868858,20.5,21.5
633.0,21.168597967661846,21.477250984720644,6.04945795664629,21.0,0,-0.4772509847206443,21.849309597621794,20.5,21.5
634.0,21.165574139659643,21.555252629044645,6.050943302144535,21.0,0,-0.5552526290446451,22.335269072284653,20.5,21.5
635.0,21.16255121349214,21.54421190620747,6.052427847303739,21.0,0,-0.5442119062074688,21.433804677835706,20.5,21.5
636.0,21.1595291888189,21.549044292844847,6.053911590993355,21.0,0,-0.5490442928448473,21.597368159218632,20.5,21.5
637.0,21.156508065299334,21.433341357573713,6.055394532083448,21.0,1,-0.4333413575737133,20.276312004862373,20.5,21.5
638.0,21.173487842592692,21.416727153462,6.056876669444694,21.0,1,-0.4167271534619985,21.25058511234485,20.5,21.5
639.0,21.190464520358063,21.40615649638847,6.058358001948381,21.0,1,-0.4061564963884692,21.300449925653176,20.5,21.5
640.0,21.207438099054382,21.36138932815732,6.059838528466409,21.0,1,-0.36138932815731906,20.913717645845818,20.5,21.5
641.0,21.224408579140263,21.40021071883509,6.061318247871295,21.0,0,-0.4002107188350905,21.788424625612805,20.5,21.5
642.0,21.22137596107401,21.45468950154234,6.062797159036165,21.0,0,-0.4546895015423402,21.999477328614837,20.5,21.5
643.0,21.218344245313602,21.45248980030545,6.064275260834767,21.0,0,-0.4524898003054503,21.43049278793655,20.5,21.5
644.0,21.215313431516705,21.472809078578223,6.0657525521414595,21.0,0,-0.47280907857822285,21.67600186130595,20.5,21.5
645.0,21.21228351934083,21.46437967622399,6.067229031831223,21.0,0,-0.46437967622399157,21.38008565268168,20.5,21.5
646.0,21.209254508443326,21.492092809833995,6.068704698779653,21.0,0,-0.49209280983399495,21.76922414593403,20.5,21.5
647.0,21.206226398481395,21.49351797290178,6.070179551862964,21.0,0,-0.4935179729017811,21.507769603579643,20.5,21.5
648.0,21.20319918911207,21.533975776280037,6.071653589957993,21.0,0,-0.5339757762800375,21.9385538100626,20.5,21.5
649.0,21.200172879992238,21.53331624506969,6.0731268119421955,21.0,0,-0.5333162450696918,21.526720932966235,20.5,21.5
650.0,21.197147470778628,21.526407013875108,6.074599216693647,21.0,0,-0.526407013875108,21.45731470192927,20.5,21.5
651.0,21.19412296112781,21.520105610480808,6.07607080309105,21.0,0,-0.5201056104808082,21.45709157653781,20.5,21.5
652.0,21.191099350696202,21.50477290749121,6.077541570013726,21.0,0,-0.5047729074912084,21.35144587759521,20.5,21.5
653.0,21.188076639140064,21.434710336933215,6.079011516341622,21.0,0,-0.4347103369332146,20.734084631353277,20.5,21.5
654.0,21.185054826115504,21.358096134787107,6.08048064095531,21.0,0,-0.35809613478710745,20.591954113326036,20.5,21.5
655.0,21.182033911278474,21.435213720404036,6.081948942735988,21.0,0,-0.43521372040403605,22.206389576573322,20.5,21.5
656.0,21.179013894284765,21.3078409910883,6.083416420565479,21.0,1,-0.30784099108830176,20.03411369793096,20.5,21.5
657.0,21.19599477479002,21.330581734842045,6.084883073326237,21.0,0,-0.33058173484204545,21.557989172379482,20.5,21.5
658.0,21.192972552449728,21.38047393727887,6.086348899901341,21.0,0,-0.3804739372788717,21.879395961647134,20.5,21.5
659.0,21.189951227719217,21.436917771303815,6.087813899174501,21.0,0,-0.4369177713038148,22.001356111553246,20.5,21.5
660.0,21.186930800253506,21.368788848593493,6.089278070030054,21.0,0,-0.3687888485934927,20.68749962149027,20.5,21.5
661.0,21.183911269707462,21.46240366192744,6.0907414113529725,21.0,0,-0.4624036619274392,22.398551795266904,20.5,21.5
662.0,21.18089263573579,21.43178042764894,6.092203922028858,21.0,0,-0.4317804276489383,21.12554808486393,20.5,21.5
663.0,21.17787489799305,21.512689356866552,6.093665600943945,21.0,0,-0.5126893568665523,22.32177864904269,20.5,21.5
664.0,21.17485805613364,21.408605742436357,6.0951264469851,21.0,1,-0.4086057424363574,20.36776959813441,20.5,21.5
665.0,21.191842109811812,21.43780704041442,6.096586459039828,21.0,0,-0.43780704041441965,21.729820020195042,20.5,21.5
666.0,21.18882305868166,21.418973850783953,6.098045635996264,21.0,0,-0.4189738507839529,21.230641954479285,20.5,21.5
667.0,21.185804903197123,21.457232532095393,6.099503976743181,21.0,0,-0.45723253209539294,21.839819345209794,20.5,21.5
668.0,21.18278764301183,21.303343179923864,6.100961480169991,21.0,1,-0.30334317992386417,19.764449658208576,20.5,21.5
669.0,21.199771277779263,21.402242989952803,6.102418145166741,21.0,0,-0.4022429899528035,22.391241090242197,20.5,21.5
670.0,21.19675180715274,21.50333959494372,6.103873970624116,21.0,0,-0.5033395949437214,22.5143056448529,20.5,21.5
671.0,21.193733231585433,21.545879337796645,6.105328955433444,21.0,0,-0.5458793377966451,21.971276766325882,20.5,21.5
672.0,21.190715550730204,21.540416772587868,6.106783098486688,21.0,0,-0.5404167725878679,21.485791120500096,20.5,21.5
673.0,21.187698764239755,21.600855403613522,6.108236398676457,21.0,0,-0.6008554036135223,22.205241713870066,20.5,21.5
674.0,21.184682871766643,21.5695347688293,6.109688854895999,21.0,0,-0.5695347688292998,21.256328420987074,20.5,21.5
675.0,21.18166787296327,21.429546697148577,6.111140466039204,21.0,1,-0.4295466971485773,20.029665980341353,20.5,21.5
676.0,21.198653767481886,21.399864310581354,6.11259123100061,21.0,1,-0.3998643105813535,21.103040444909116,20.5,21.5
677.0,21.21563655497459,21.360318622508267,6.114041148675393,21.0,1,-0.36031862250826663,20.964861741777398,20.5,21.5
678.0,21.23261623589333,21.367350573074905,6.11549021795938,21.0,1,-0.36735057307490493,21.437670078741288,20.5,21.5
679.0,21.249592810689744,21.402749311664316,6.116938437749042,21.0,0,-0.4027493116643157,21.756736697558424,20.5,21.5
680.0,21.246566279815156,21.422337147664983,6.118385806941494,21.0,0,-0.4223371476649831,21.618215507671657,20.5,21.5
681.0,21.243540643720582,21.466046281675208,6.119832324434503,21.0,0,-0.466046281675208,21.903137621777457,20.5,21.5
682.0,21.240515902056725,21.42684759664714,6.121277989126483,21.0,0,-0.4268475966471392,21.03486074636645,20.5,21.5
683.0,21.23749205447414,21.43734971670322,6.122722799916498,21.0,0,-0.43734971670322054,21.542370917264034,20.5,21.5
684.0,21.234469100623226,21.460698456567734,6.124166755704261,21.0,0,-0.46069845656773367,21.694185855212865,20.5,21.5
685.0,21.231447040154244,21.48638687661209,6.125609855390137,21.0,0,-0.4863868766120909,21.743271077055663,20.5,21.5
686.0,21.228425872717292,21.513244215621786,6.1270520978751435,21.0,0,-0.5132442156217856,21.781817605718732,20.5,21.5
687.0,21.22540559796232,21.63749209308402,6.128493482060948,21.0,0,-0.6374920930840204,22.87997086770637,20.5,21.5
688.0,21.222386215539142,21.66698376906083,6.129934006849876,21.0,0,-0.6669837690608311,21.961900528828938,20.5,21.5
689.0,21.219367725097406,21.596073391311727,6.131373671144904,21.0,0,-0.5960733913117267,20.886969613820682,20.5,21.5
690.0,21.216350126286617,21.707294780081284,6.132812473849666,21.0,0,-0.7072947800812841,22.81950866777686,20.5,21.5
691.0,21.21333341875613,21.631535292125882,6.1342504138684495,21.0,0,-0.6315352921258821,20.873940412571862,20.5,21.5
692.0,21.21031760215515,21.589240831952395,6.135687490106203,21.0,0,-0.5892408319523952,21.166296230217526,20.5,21.5
693.0,21.20730267613274,21.54120437453127,6.137123701468528,21.0,0,-0.5412043745312687,21.060839800320004,20.5,21.5
694.0,21.204288640337808,21.566637151031383,6.138559046861689,21.0,0,-0.566637151031383,21.820964916032526,20.5,21.5
695.0,21.20127549441911,21.414328747083204,6.139993525192606,21.0,1,-0.41432874708320355,19.89124470760141,20.5,21.5
696.0,21.218263238025266,21.383572466830564,6.141427135368863,21.0,1,-0.38357246683056445,21.076009664304173,20.5,21.5
697.0,21.235247870804734,21.473912333193994,6.1428598762987034,21.0,0,-0.4739123331939936,22.377310996828285,20.5,21.5
698.0,21.232229393205834,21.504094840947694,6.1442917468910325,21.0,0,-0.504094840947694,21.805919918484697,20.5,21.5
699.0,21.22921180567657,21.55746866143271,6.145722746055418,21.0,0,-0.5574686614327113,22.091206866282885,20.5,21.5
700.0,21.226195107864648,21.65871874167988,6.147152872702092,21.0,0,-0.6587187416798805,22.671219544151572,20.5,21.5
701.0,21.223179299417616,21.686279637501137,6.148582125741951,21.0,0,-0.6862796375011371,21.961888595713702,20.5,21.5
702.0,21.22016437998288,21.63080805659525,6.150010504086557,21.0,0,-0.6308080565952494,21.076092247536373,20.5,21.5
703.0,21.2171503492077,21.624968187802036,6.151438006648137,21.0,0,-0.6249681878020361,21.566569499869903,20.5,21.5
704.0,21.21413720673919,21.61914307070579,6.152864632339586,21.0,0,-0.619143070705789,21.560891899743318,20.5,21.5
705.0,21.21112495222431,21.555425010951264,6.1542903800744675,21.0,0,-0.5554250109512644,20.91824441340602,20.5,21.5
706.0,21.20811358530988,21.577436826166302,6.15571524876701,21.0,0,-0.5774368261663021,21.79755497831668,20.5,21.5
707.0,21.20510310564257,21.597824328776404,6.157139237332117,21.0,0,-0.5978243287764045,21.801699354877428,20.5,21.5
708.0,21.20209351286891,21.562715480959174,6.1585623446853575,21.0,0,-0.5627154809591737,21.211627002786866,20.5,21.5
709.0,21.199084806635273,21.53855773928003,6.159984569742974,21.0,0,-0.53855773928003,21.296980322488594,20.5,21.5
710.0,21.196076986587894,21.514960388820498,6.1614059114218795,21.0,0,-0.5149603888204979,21.278986884225176,20.5,21.5
711.0,21.19307005237286,21.504231045635677,6.162826368639661,21.0,0,-0.5042310456356773,21.396937613787472,20.5,21.5
712.0,21.190064003636113,21.41027717055069,6.164245940314579,21.0,1,-0.4102771705506889,20.470738419700805,20.5,21.5
713.0,21.20705884002345,21.42468075182127,6.165664625365567,21.0,0,-0.4246807518212705,21.568716564527087,20.5,21.5
714.0,21.20405056118052,21.4581516630799,6.167082422712235,21.0,0,-0.4581516630798994,21.79286077566619,20.5,21.5
715.0,21.201043167552825,21.458441339786184,6.168499331274869,21.0,0,-0.45844133978618373,21.461338106849027,20.5,21.5
716.0,21.19803665878557,21.423158064371925,6.169915349974431,21.0,0,-0.4231580643719255,21.070325310229343,20.5,21.5
717.0,21.195031034523804,21.441669323287122,6.171330477732561,21.0,0,-0.4416693232871225,21.626781912439093,20.5,21.5
718.0,21.192026294412447,21.44452467248501,6.1727447134715785,21.0,0,-0.4445246724850094,21.473078164463878,20.5,21.5
719.0,21.18902243809626,21.47567730386565,6.17415805611448,21.0,0,-0.4756773038656483,21.787203617672038,20.5,21.5
720.0,21.186019465219864,21.55524712582802,6.175570504584947,21.0,0,-0.5552471258280214,22.350945345451752,20.5,21.5
721.0,21.183017375427738,21.630835650151873,6.176982057807334,21.0,0,-0.630835650151873,22.38672089339039,20.5,21.5
722.0,21.180016168364215,21.75585929878722,6.178392714706684,21.0,0,-0.7558592987872217,23.006095785140708,20.5,21.5
723.0,21.177015843673484,21.735787712215377,6.179802474208721,21.0,0,-0.7357877122153766,21.535071846496926,20.5,21.5
724.0,21.17401640099959,21.713105331910356,6.181211335239851,21.0,0,-0.7131053319103557,21.486281528860147,20.5,21.5
725.0,21.17101783998644,21.677988535691313,6.1826192967271645,21.0,0,-0.6779885356913127,21.326820573500882,20.5,21.5
726.0,21.168020160277788,21.689620590633556,6.184026357598439,21.0,0,-0.689620590633556,21.80594114005599,20.5,21.5
727.0,21.165023361517253,21.601625106726765,6.185432516782136,21.0,0,-0.6016251067267646,20.72167026765885,20.5,21.5
728.0,21.162027443348308,21.63439361353183,6.186837773207403,21.0,0,-0.6343936135318309,21.962078681582494,20.5,21.5
729.0,21.15903240541428,21.655493496803434,6.188242125804077,21.0,0,-0.6554934968034338,21.866492329519463,20.5,21.5
730.0,21.156038247358357,21.624343909789197,6.189645573502682,21.0,0,-0.6243439097891965,21.312848039646823,20.5,21.5
731.0,21.153044968823586,21.546445471613673,6.191048115234433,21.0,0,-0.5464454716136729,20.767461089858436,20.5,21.5
732.0,21.150052569452868,21.523272687734426,6.192449749931232,21.0,0,-0.5232726877344263,21.29154484894196,20.5,21.5
733.0,21.147061048888965,21.56198048173506,6.1938504765256726,21.0,0,-0.5619804817350591,21.949058421741388,20.5,21.5
734.0,21.144070406774492,21.518477458492463,6.195250293951043,21.0,0,-0.5184774584924625,21.083447226066497,20.5,21.5
735.0,21.141080642751927,21.554489842038862,6.196649201141318,21.0,0,-0.554489842038862,21.914613677502857,20.5,21.5
736.0,21.138091756463606,21.53080450643011,6.198047197031172,21.0,0,-0.5308045064301083,21.293951150342572,20.5,21.5
737.0,21.13510374755172,21.560491314375835,6.199444280555968,21.0,0,-0.5604913143758345,21.857359393833097,20.5,21.5
738.0,21.132116615658322,21.40414844848207,6.200840450651768,21.0,1,-0.40414844848206855,19.84071978954441,20.5,21.5
739.0,21.14913036042532,21.293552862527356,6.202235706255326,21.0,1,-0.29355286252735624,20.187597002980233,20.5,21.5
740.0,21.166140981494486,21.20567847557995,6.203630046304096,21.0,1,-0.20567847557995123,20.3269346061059,20.5,21.5
741.0,21.183148479307448,21.27632517492573,6.2050234697362265,21.0,0,-0.2763251749257307,21.982792168383526,20.5,21.5
742.0,21.180152854305533,21.213158357123252,6.206415975490565,21.0,0,-0.21315835712325182,20.581490179098463,20.5,21.5
743.0,21.17715810692977,21.229684585012702,6.207807562506657,21.0,0,-0.22968458501270206,21.394946863907204,20.5,21.5
744.0,21.174164236820886,21.285787122029493,6.209198229724749,21.0,0,-0.2857871220294932,21.846812492197405,20.5,21.5
745.0,21.171171243619465,21.266959228066046,6.2105879760857885,21.0,0,-0.266959228066046,21.078680288431574,20.5,21.5
746.0,21.16817912696596,21.26921818812621,6.211976800531422,21.0,0,-0.2692181881262101,21.29180778872785,20.5,21.5
747.0,21.16518788650067,21.331779331883062,6.213364702003999,21.0,0,-0.3317793318830624,21.957390769451585,20.5,21.5
748.0,21.16219752186377,21.479914236576967,6.214751679446573,21.0,0,-0.47991423657696686,22.96126328351601,20.5,21.5
749.0,21.159208032695286,21.500185374391904,6.216137731802901,21.0,0,-0.5001853743919042,21.702896752541278,20.5,21.5
750.0,21.156219418635107,21.524299332942356,6.217522858017441,21.0,0,-0.5242993329423555,21.76543891844687,20.5,21.5
751.0,21.153231679322985,21.448154885681372,6.218907057035362,21.0,0,-0.4481548856813724,20.68671041307154,20.5,21.5
752.0,21.150244814398526,21.4756231792172,6.220290327802536,21.0,0,-0.47562317921720165,21.750306114575494,20.5,21.5
753.0,21.147258823501208,21.449749516343115,6.22167266926554,21.0,0,-0.44974951634311466,21.191012887602245,20.5,21.5
754.0,21.14427370627036,21.444697618380538,6.2230540803716625,21.0,0,-0.44469761838053756,21.394178638754767,20.5,21.5
755.0,21.14128946234518,21.44784273093719,6.224434560068898,21.0,0,-0.4478427309371895,21.47929385650371,20.5,21.5
756.0,21.138306091364726,21.534724977518604,6.225814107305953,21.0,0,-0.5347249775186036,22.403547443332744,20.5,21.5
757.0,21.135323592967914,21.51614451757846,6.227192721032241,21.0,0,-0.5161445175784607,21.33033991817703,20.5,21.5
758.0,21.132341966793526,21.459358536610342,6.228570400197887,21.0,0,-0.45935853661034187,20.891498726929154,20.5,21.5
759.0,21.129361212480205,21.470477006194095,6.229947143753728,21.0,0,-0.4704770061940948,21.581661702031624,20.5,21.5
760.0,21.12638132966646,21.51428825080463,6.231322950651316,21.0,0,-0.5142882508046291,21.952400696909972,20.5,21.5
761.0,21.12340231799066,21.4751284511141,6.2326978198429135,21.0,0,-0.47512845111409874,21.083530454208795,20.5,21.5
762.0,21.12042417709103,21.426473930494048,6.2340717502814975,21.0,0,-0.4264739304940477,20.939928724293537,20.5,21.5
763.0,21.117446906605668,21.40598613877365,6.23544474092076,21.0,0,-0.405986138773649,21.201108221569662,20.5,21.5
764.0,21.11447050617253,21.407087329738665,6.236816790715109,21.0,0,-0.40708732973866546,21.41809923938883,20.5,21.5
765.0,21.111494975429437,21.437852423119885,6.2381878986196675,21.0,0,-0.43785242311988526,21.745503356932083,20.5,21.5
766.0,21.108520314014076,21.428419301651214,6.23955806359028,21.0,0,-0.4284193016512141,21.334088086964503,20.5,21.5
767.0,21.10554652156399,21.38087088932874,6.240927284583504,21.0,0,-0.38087088932874025,20.905386766104,20.5,21.5
768.0,21.102573597716596,21.381361496343107,6.24229556055662,21.0,0,-0.3813614963431071,21.386267566486776,20.5,21.5
769.0,21.099601542109163,21.376666434955375,6.2436628904676255,21.0,0,-0.376666434955375,21.329715821078054,20.5,21.5
770.0,21.096630354378835,21.273215881208607,6.2450292732752395,21.0,1,-0.27321588120860696,20.238710343740927,20.5,21.5
771.0,21.113660034162613,21.264578993727376,6.246394707938901,21.0,1,-0.26457899372737614,21.178210118915068,20.5,21.5
772.0,21.13068658109737,21.324076410391243,6.247759193418772,21.0,0,-0.3240764103912426,21.919050577029907,20.5,21.5
773.0,21.12770999561983,21.37408504416381,6.249122728675739,21.0,0,-0.3740850441638095,21.87417138188948,20.5,21.5
774.0,21.124734278166443,21.33048239042369,6.25048531267141,21.0,0,-0.33048239042368976,20.894455853022492,20.5,21.5
775.0,21.121759428373345,21.41060752981933,6.251846944368118,21.0,0,-0.41060752981933035,22.211858923775736,20.5,21.5
776.0,21.118785445876544,21.36055367125567,6.253207622728921,21.0,0,-0.3605536712556692,20.860015085619057,20.5,21.5
777.0,21.115812330311915,21.317662484051077,6.254567346717603,21.0,0,-0.3176624840510769,20.888750612005154,20.5,21.5
778.0,21.112840081315195,21.333710790846844,6.255926115298676,21.0,0,-0.33371079084684396,21.494193858804515,20.5,21.5
779.0,21.109868698521993,21.411504626050974,6.257283927437378,21.0,0,-0.4115046260509736,22.18944297809227,20.5,21.5
780.0,21.106898181567775,21.393791466944702,6.258640782099675,21.0,0,-0.3937914669447018,21.216659875881984,20.5,21.5
781.0,21.10392853008788,21.431223949308183,6.259996678252264,21.0,0,-0.4312239493081833,21.805548772943,20.5,21.5
782.0,21.100959743717514,21.456204580274118,6.261351614862573,21.0,0,-0.45620458027411814,21.706010889933467,20.5,21.5
783.0,21.097991822091743,21.386889518708784,6.262705590898755,21.0,0,-0.3868895187087844,20.693738903055447,20.5,21.5
784.0,21.095024764845505,21.325788475609908,6.264058605329701,21.0,0,-0.3257884756099081,20.714778044621145,20.5,21.5
785.0,21.092058571613602,21.409475908732567,6.265410657125032,21.0,0,-0.409475908732567,22.246350239959156,20.5,21.5
786.0,21.089093242030703,21.49898807106586,6.2667617452551,21.0,0,-0.49898807106585963,22.394109694398786,20.5,21.5
787.0,21.086128775731346,21.45323430338776,6.268111868690994,21.0,0,-0.4532343033877595,20.995696626606758,20.5,21.5
788.0,21.08316517234994,21.42963845028639,6.269461026404535,21.0,0,-0.42963845028639014,21.193679919272697,20.5,21.5
789.0,21.08020243152075,21.47858247774159,6.2708092173682815,21.0,0,-0.4785824777415897,21.968022752293585,20.5,21.5
790.0,21.077240552877917,21.34273816543909,6.272156440555528,21.0,1,-0.34273816543909064,19.9842950424141,20.5,21.5
791.0,21.094279536055453,21.27579322614406,6.273502694940304,21.0,1,-0.2757932261440601,20.606343833193755,20.5,21.5
792.0,21.11131538068723,21.30487024531077,6.2748479794973795,21.0,0,-0.3048702453107701,21.59564043697787,20.5,21.5
793.0,21.10834808720699,21.366395861822546,6.276192293202261,21.0,0,-0.36639586182254646,21.98165202694031,20.5,21.5
794.0,21.10538165604819,21.337532804493645,6.277535635031195,21.0,0,-0.33753280449364453,21.048902231204625,20.5,21.5
795.0,21.102416086843988,21.359164419102193,6.27887800396117,21.0,0,-0.35916441910219277,21.575480565187675,20.5,21.5
796.0,21.09945137922741,21.330137388054293,6.280219398969911,21.0,0,-0.33013738805429327,21.0398670775753,20.5,21.5
797.0,21.096487532831357,21.308536486563163,6.2815598190358894,21.0,0,-0.30853648656316324,21.092527471651863,20.5,21.5
798.0,21.0935245472886,21.27005424668922,6.282899263138315,21.0,0,-0.2700542466892202,20.88523184794979,20.5,21.5
799.0,21.09056242223177,21.29175310207151,6.2842377302571455,21.0,0,-0.2917531020715103,21.50874165589441,20.5,21.5
800.0,21.087601157293374,21.346715420380384,6.2855752193730785,21.0,0,-0.3467154203803844,21.896338603469125,20.5,21.5
801.0,21.08464075210579,21.26897876473784,6.286911729467558,21.0,1,-0.26897876473784166,20.491612208312414,20.5,21.5
802.0,21.101681206301265,21.35284889598198,6.288247259522773,21.0,0,-0.35284889598198177,22.191550208423383,20.5,21.5
803.0,21.09871851951191,21.42048305709086,6.28958180852166,21.0,0,-0.4204830570908591,22.096824668179632,20.5,21.5
804.0,21.09575669216971,21.361160875164135,6.290915375447901,21.0,0,-0.36116087516413486,20.767939055896893,20.5,21.5
805.0,21.092795723906367,21.363656419032928,6.292247959285928,21.0,0,-0.3636564190329281,21.38861185772086,20.5,21.5
806.0,21.089835614353444,21.449088412845917,6.293579559020919,21.0,0,-0.44908841284591716,22.303408350975808,20.5,21.5
807.0,21.086876363142377,21.40671409774459,6.2949101736388045,21.0,0,-0.4067140977445902,20.98297094673132,20.5,21.5
808.0,21.083917969904476,21.39243226863102,6.296239802126262,21.0,0,-0.3924322686310191,21.249613977495308,20.5,21.5
809.0,21.08096043427092,21.48227126233306,6.297568443470722,21.0,0,-0.48227126233306095,22.38066119935348,20.5,21.5
810.0,21.07800375587276,21.525476513522513,6.298896096660367,21.0,0,-0.5254765135225128,21.95752902541703,20.5,21.5
811.0,21.07504793434092,21.501672987655688,6.3002227606841315,21.0,0,-0.501672987655688,21.26363772898744,20.5,21.5
812.0,21.072092969306187,21.50612917366134,6.301548434531702,21.0,0,-0.5061291736613391,21.55069103371785,20.5,21.5
813.0,21.06913886039923,21.473239492531103,6.302873117193521,21.0,0,-0.4732394925311034,21.144342681228746,20.5,21.5
814.0,21.066185607250592,21.40073637553867,6.304196807660785,21.0,0,-0.4007363755386706,20.675705205614342,20.5,21.5
815.0,21.063233209490672,21.358564442008795,6.305519504925445,21.0,0,-0.3585644420087952,20.93684510671004,20.5,21.5
816.0,21.06028166674976,21.41054774112896,6.306841207980211,21.0,0,-0.4105477411289584,21.93038073233059,20.5,21.5
817.0,21.057330978658005,21.497013075878293,6.308161915818548,21.0,0,-0.4970130758782929,22.361666423371638,20.5,21.5
818.0,21.054381144845436,21.503255786505505,6.309481627434679,21.0,0,-0.5032557865055054,21.56568289277763,20.5,21.5
819.0,21.051432164941954,21.535197955284172,6.310800341823588,21.0,0,-0.5351979552841719,21.854619643070837,20.5,21.5
820.0,21.048484038577328,21.47534823751709,6.3121180579810146,21.0,0,-0.475348237517089,20.87685105984626,20.5,21.5
821.0,21.045536765381208,21.436559043226985,6.313434774903461,21.0,0,-0.43655904322698547,21.04866710032595,20.5,21.5
822.0,21.04259034498311,21.43224057870689,6.314750491588192,21.0,0,-0.4322405787068888,21.389055933505922,20.5,21.5
823.0,21.03964477701243,21.360426368966223,6.316065207033229,21.0,0,-0.36042636896622327,20.642284271559568,20.5,21.5
824.0,21.036700061098436,21.258283926188746,6.317378920237361,21.0,1,-0.25828392618874574,20.23685949841397,20.5,21.5
825.0,21.053756196870264,21.27946652001375,6.318691630200138,21.0,1,-0.2794665200137487,21.49129245826378,20.5,21.5
826.0,21.07080918395693,21.34298584312067,6.320003335921873,21.0,0,-0.34298584312066893,21.97817907418987,20.5,21.5
827.0,21.06785902278732,21.279657937896626,6.321314036403647,21.0,0,-0.2796579378966264,20.6463788856562,20.5,21.5
828.0,21.064909713790044,21.39692131375606,6.322623730647304,21.0,0,-0.3969213137560601,22.569555072350397,20.5,21.5
829.0,21.061961256593417,21.445006250145294,6.323932417655453,21.0,0,-0.44500625014529405,21.925855614037634,20.5,21.5
830.0,21.05901365082563,21.475853788549816,6.325240096431475,21.0,0,-0.4758537885498164,21.78432917259504,20.5,21.5
831.0,21.05606689611475,21.487212087204615,6.326546765979513,21.0,0,-0.4872120872046146,21.600795073752597,20.5,21.5
832.0,21.053120992088722,21.519036502318706,6.327852425304483,21.0,0,-0.5190365023187056,21.837280653459615,20.5,21.5
833.0,21.050175938375364,21.40718421212964,6.329157073412068,21.0,1,-0.4071842121296392,20.288661310238975,20.5,21.5
834.0,21.067231734602373,21.426836430480655,6.3304607093087215,21.0,0,-0.42683643048065534,21.623358613990817,20.5,21.5
835.0,21.064284380397314,21.449517672158816,6.331763332001668,21.0,0,-0.4495176721588159,21.67633008894042,20.5,21.5
836.0,21.061337876187636,21.380001861897536,6.333064940498905,21.0,0,-0.3800018618975365,20.684843759284743,20.5,21.5
837.0,21.0583922216005,21.272071824752448,6.3343655338091995,21.0,1,-0.27207182475244807,20.192771453301564,20.5,21.5
838.0,21.07544741626294,21.366605026909816,6.335665110942093,21.0,0,-0.36660502690981644,22.3119370484835,20.5,21.5
839.0,21.072499459801875,21.277715252634234,6.3369636709079025,21.0,1,-0.27771525263423413,20.38881750987841,20.5,21.5
840.0,21.089552352644098,21.225830539935977,6.3382612127177165,21.0,1,-0.22583053993597701,20.706983412953406,20.5,21.5
841.0,21.106602094416115,21.23449080333295,6.339557735383401,21.0,1,-0.23449080333294958,21.321093437302675,20.5,21.5
842.0,21.123648685544307,21.284393456456492,6.340853237917598,21.0,0,-0.28439345645649183,21.783419987691914,20.5,21.5
843.0,21.12069212645478,21.27893077042399,6.342147719333726,21.0,0,-0.2789307704239903,21.224303910098975,20.5,21.5
844.0,21.117736417573358,21.4348460192894,6.34344117864598,21.0,0,-0.4348460192893988,22.993998507943484,20.5,21.5
845.0,21.11478155852557,21.43001750304836,6.344733614869336,21.0,0,-0.4300175030483615,21.38173234063799,20.5,21.5
846.0,21.11182754893684,21.444784601445793,6.346025027019547,21.0,0,-0.444784601445793,21.592455585420108,20.5,21.5
847.0,21.108874388432458,21.440573629722987,6.347315414113146,21.0,0,-0.4405736297229872,21.39846391249493,20.5,21.5
848.0,21.105922076637594,21.475511616464594,6.348604775167447,21.0,0,-0.47551161646459406,21.824891483880663,20.5,21.5
849.0,21.1029706131773,21.38927740197327,6.349893109200545,21.0,0,-0.38927740197327054,20.526935257060035,20.5,21.5
850.0,21.100019997676505,21.390193424832944,6.351180415231321,21.0,0,-0.39019342483294395,21.399353653429678,20.5,21.5
851.0,21.097070229760014,21.37593085068105,6.352466692279431,21.0,0,-0.37593085068105125,21.233305109162124,20.5,21.5
852.0,21.094121309052518,21.334677638672815,6.3537519393653215,21.0,0,-0.3346776386728152,20.922145518590455,20.5,21.5
853.0,21.09117323517858,21.27606758211087,6.35503615551022,21.0,0,-0.2760675821108691,20.68996701649141,20.5,21.5
854.0,21.088226007762646,21.31757256847238,6.3563193397361415,21.0,0,-0.3175725684723787,21.732622432087474,20.5,21.5
855.0,21.085279626429042,21.325948605764676,6.357601491065884,21.0,0,-0.3259486057646761,21.40970897868765,20.5,21.5
856.0,21.082334090801968,21.340853298301163,6.358882608523033,21.0,0,-0.3408532983011625,21.489900223666027,20.5,21.5
857.0,21.079389400505512,21.348182325996774,6.360162691131963,21.0,0,-0.348182325996774,21.42147260295289,20.5,21.5
858.0,21.076445555163637,21.399552896209066,6.361441737917835,21.0,0,-0.399552896209066,21.913258598331986,20.5,21.5
859.0,21.07350255440019,21.36437907049991,6.3627197479066,21.0,0,-0.36437907049991125,21.012640813408364,20.5,21.5
860.0,21.07056039783889,21.343735516545696,6.363996720124997,21.0,0,-0.3437355165456957,21.13729997700354,20.5,21.5
861.0,21.067619085103345,21.386657959575704,6.365272653600556,21.0,0,-0.3866579595757038,21.815882389875785,20.5,21.5
862.0,21.064678615817044,21.44763435300016,6.3665475473615984,21.0,0,-0.4476343530001614,22.057398287244737,20.5,21.5
863.0,21.061738989603352,21.368772461925374,6.367821400437236,21.0,0,-0.3687724619253743,20.580153551177503,20.5,21.5
864.0,21.058800206085518,21.37243739629612,6.3690942118573775,21.0,0,-0.37243739629612094,21.409086740003588,20.5,21.5
865.0,21.055862264886674,21.357673658772363,6.370365980652718,21.0,0,-0.357673658772363,21.210036283534784,20.5,21.5
866.0,21.052925165629826,21.231622865217084,6.371636705854753,21.0,1,-0.23162286521708353,19.97111492966429,20.5,21.5
867.0,21.069988907937873,21.234775194013217,6.372906386495767,21.0,1,-0.234775194013217,21.26629848197455,20.5,21.5
868.0,21.087049491433586,21.28795964644007,6.3741750216088455,21.0,0,-0.28795964644006844,21.819804170708583,20.5,21.5
869.0,21.08410691653962,21.3048894856354,6.375442610227868,21.0,0,-0.30488948563539964,21.47418787758871,20.5,21.5
870.0,21.08116518367836,21.343884590386008,6.376709151387508,21.0,0,-0.3438845903860077,21.73383563789209,20.5,21.5
871.0,21.0782242924719,21.361558455608215,6.377974644123241,21.0,0,-0.36155845560821476,21.538297107830285,20.5,21.5
872.0,21.07528424254223,21.3591801739348,6.37923908747134,21.0,0,-0.3591801739347993,21.335397357200645,20.5,21.5
873.0,21.07234503351122,21.282503970283702,6.380502480468874,21.0,0,-0.28250397028370244,20.515741933772734,20.5,21.5
874.0,21.06940666500061,21.301253710665286,6.381764822153716,21.0,0,-0.3012537106652857,21.48875111448112,20.5,21.5
875.0,21.06646913663204,21.247960985645697,6.383026111564538,21.0,0,-0.24796098564569746,20.715033735449815,20.5,21.5
876.0,21.063532448027026,21.28856595396669,6.384286347740813,21.0,0,-0.28856595396668894,21.694615637176604,20.5,21.5
877.0,21.060596598806967,21.268849834475123,6.385545529722816,21.0,0,-0.2688498344751231,21.071688639559465,20.5,21.5
878.0,21.05766158859315,21.248463338171177,6.386803656551626,21.0,0,-0.24846333817117738,21.04459837513172,20.5,21.5
879.0,21.05472741700674,21.211886068506793,6.3880607272691226,21.0,0,-0.21188606850679292,20.84611337186295,20.5,21.5
880.0,21.051794083668796,21.238380047354134,6.3893167409179945,21.0,0,-0.2383800473541342,21.503319835827547,20.5,21.5
881.0,21.048861588200246,21.21613857339478,6.3905716965417305,21.0,0,-0.2161385733947796,20.993723833801234,20.5,21.5
882.0,21.045929930221913,21.21634002196192,6.391825593184628,21.0,0,-0.21634002196191915,21.218354507633315,20.5,21.5
883.0,21.042999109354504,21.241573971613324,6.393078429891791,21.0,0,-0.24157397161332383,21.49391346812737,20.5,21.5
884.0,21.04006912521861,21.16631078920691,6.394330205709129,21.0,1,-0.16631078920691067,20.41367896514278,20.5,21.5
885.0,21.05713997743471,21.228734533469304,6.39558091968336,21.0,0,-0.2287345334693036,21.852971976093233,20.5,21.5
886.0,21.05420766562316,21.18499787635788,6.3968305708620115,21.0,0,-0.18499787635787968,20.74763130524364,20.5,21.5
887.0,21.05127619020421,21.181990707863072,6.39807915829342,21.0,0,-0.18199070786307203,21.151919022914996,20.5,21.5
888.0,21.048345550797826,21.236037706689025,6.39932668102673,21.0,0,-0.23603770668902513,21.776507694948556,20.5,21.5
889.0,21.04541574702387,21.37176487602078,6.400573138111902,21.0,0,-0.3717648760207801,22.72903656933833,20.5,21.5
890.0,21.042486778502088,21.30508863218147,6.401818528599701,21.0,0,-0.3050886321814694,20.638326193788362,20.5,21.5
891.0,21.039558644852107,21.440425054977727,6.403062851541711,21.0,0,-0.44042505497772666,22.7937892829403,20.5,21.5
892.0,21.036631345693444,21.455374466973915,6.404306105990325,21.0,0,-0.4553744669739146,21.604868586935794,20.5,21.5
893.0,21.0337048806455,21.45088390721224,6.40554829099875,21.0,0,-0.4508839072122406,21.4059783095955,20.5,21.5
894.0,21.030779249327573,21.363113270050007,6.406789405621008,21.0,1,-0.3631132700500075,20.485406898427676,20.5,21.5
895.0,21.04785445135883,21.34362983695607,6.408029448911937,21.0,1,-0.34362983695606886,21.148795506016683,20.5,21.5
896.0,21.064926486358342,21.302413913776512,6.409268419927189,21.0,1,-0.30241391377651183,20.89025468198094,20.5,21.5
897.0,21.081995354745057,21.32996149505616,6.410506317723235,21.0,0,-0.32996149505616046,21.605437307852647,20.5,21.5
898.0,21.079061056937654,21.402972977966364,6.411743141357362,21.0,0,-0.402972977966364,22.1330878070684,20.5,21.5
899.0,21.07612759335454,21.4596948817696,6.412978889887674,21.0,0,-0.45969488176960027,22.026913919801963,20.5,21.5
900.0,21.073194963613844,21.588659486524676,6.414213562373095,21.0,0,-0.5886594865246764,22.878305534075437,20.5,21.5
901.0,21.070263167333596,21.56993074387706,6.415447157873368,21.0,0,-0.5699307438770589,21.382643317400884,20.5,21.5
902.0,21.067332204131706,21.55419472471322,6.416679675449058,21.0,0,-0.55419472471322,21.39683453307483,20.5,21.5
903.0,21.06440207362597,21.47206359816235,6.417911114161547,21.0,0,-0.4720635981623502,20.650752332653653,20.5,21.5
904.0,21.061472775434076,21.50913219777738,6.419141473073042,21.0,0,-0.5091321977773795,21.879818193927672,20.5,21.5
905.0,21.058544309173605,21.526890092133904,6.420370751246571,21.0,0,-0.5268900921339039,21.704469035699148,20.5,21.5
906.0,21.05561667446202,21.510646180075547,6.421598947745985,21.0,0,-0.5106461800755469,21.348207059491976,20.5,21.5
907.0,21.052689870916677,21.436303086834364,6.422826061635959,21.0,0,-0.43630308683436425,20.69287215442254,20.5,21.5
908.0,21.049763898154822,21.419643144138796,6.424052091981993,21.0,0,-0.4196431441387958,21.25304371718311,20.5,21.5
909.0,21.046838755793587,21.386762357019773,6.425277037850411,21.0,0,-0.3867623570197729,21.057954485829544,20.5,21.5
910.0,21.04391444345,21.24676294202782,6.426500898308364,21.0,1,-0.24676294202782145,19.846768792108307,20.5,21.5
911.0,21.06099096074097,21.210876893154126,6.427723672423827,21.0,1,-0.2108768931541256,20.852016404417167,20.5,21.5
912.0,21.078064307283306,21.221308018890788,6.428945359265606,21.0,1,-0.2213080188907881,21.325619276257413,20.5,21.5
913.0,21.095134483493702,21.270619956353265,6.430165957903335,21.0,0,-0.27061995635326497,21.763739330978034,20.5,21.5
914.0,21.092201489788582,21.251913862733055,6.4313854674074715,21.0,0,-0.2519138627330548,21.064852926530953,20.5,21.5
915.0,21.089269326584105,21.32794974948603,6.432603886849308,21.0,0,-0.32794974948603084,22.08830861701579,20.5,21.5
916.0,21.08633799349616,21.32050258043967,6.4338212153009655,21.0,0,-0.32050258043966906,21.24603088997605,20.5,21.5
917.0,21.08340749014052,21.367426294606165,6.435037451835394,21.0,0,-0.36742629460616527,21.836663436271127,20.5,21.5
918.0,21.08047781613286,21.353273521741816,6.436252595526378,21.0,0,-0.3532735217418157,21.21174579309832,20.5,21.5
919.0,21.07754897108874,21.37884907986982,6.437466645448531,21.0,0,-0.37884907986981986,21.63460466114986,20.5,21.5
920.0,21.07462095462361,21.266237999293416,6.438679600677302,21.0,1,-0.2662379992934163,20.14012719352938,20.5,21.5
921.0,21.091693766352822,21.3326562084303,6.439891460288973,21.0,0,-0.33265620843030064,21.996838299799144,20.5,21.5
922.0,21.08876340589161,21.308599210090883,6.4411022233606605,21.0,0,-0.30859921009088254,21.0680292266967,20.5,21.5
923.0,21.0858338736551,21.30555732505728,6.442311888970315,21.0,0,-0.30555732505727917,21.275138474721246,20.5,21.5
924.0,21.082905169258165,21.34397327660063,6.443520456196724,21.0,0,-0.3439732766006287,21.728132792034124,20.5,21.5
925.0,21.079977292315554,21.379376435017257,6.444727924119511,21.0,0,-0.3793764350172566,21.733408019183535,20.5,21.5
926.0,21.077050242441913,21.400301759353972,6.445934291819136,21.0,0,-0.4003017593539724,21.60955500272113,20.5,21.5
927.0,21.07412401925179,21.4304357773663,6.4471395583768984,21.0,0,-0.43043577736629857,21.73177595748956,20.5,21.5
928.0,21.071198622359617,21.439373408583535,6.4483437228749345,21.0,0,-0.4393734085835348,21.528749720755897,20.5,21.5
929.0,21.06827405137972,21.338119402354145,6.4495467843962215,21.0,1,-0.3381194023541454,20.32557934006025,20.5,21.5
930.0,21.085350305926323,21.33997093049905,6.450748742024575,21.0,1,-0.3399709304990495,21.35848621194809,20.5,21.5
931.0,21.10242338561354,21.359311388329953,6.451949594844653,21.0,0,-0.359311388329953,21.55271596663899,20.5,21.5
932.0,21.09949329085539,21.405547476748705,6.453149341941952,21.0,0,-0.40554747674870484,21.867908360936223,20.5,21.5
933.0,21.096564022065607,21.43263325899303,6.454347982402814,21.0,0,-0.43263325899302885,21.70349108143627,20.5,21.5
934.0,21.093635578857675,21.478496390078742,6.455545515314421,21.0,0,-0.47849639007874245,21.93712770093588,20.5,21.5
935.0,21.090707960844966,21.47980664602657,6.4567419397648,21.0,0,-0.47980664602657086,21.492909205504855,20.5,21.5
936.0,21.08778116764075,21.493979644591686,6.4579372548428235,21.0,0,-0.4939796445916862,21.63570963024284,20.5,21.5
937.0,21.08485519885819,21.416073199930825,6.459131459638204,21.0,0,-0.4160731999308247,20.63700875332221,20.5,21.5
938.0,21.081930054110344,21.331288589643385,6.460324553241504,21.0,1,-0.3312885896433855,20.483442486768993,20.5,21.5
939.0,21.09900573301017,21.331313844509204,6.461516534744132,21.0,1,-0.33131384450920365,21.331566393167385,20.5,21.5
940.0,21.116078235170516,21.384828725275327,6.4627074032383405,21.0,0,-0.38482872527532663,21.919977532936556,20.5,21.5
941.0,21.11314756100413,21.262490591708257,6.463897157817232,21.0,1,-0.26249059170825717,20.039109256037563,20.5,21.5
942.0,21.130217710923493,21.232231901367165,6.4650857975747575,21.0,1,-0.23223190136716454,20.92964499795624,20.5,21.5
943.0,21.14728468454082,21.257467662910216,6.466273321605715,21.0,0,-0.2574676629102157,21.509825278340728,20.5,21.5
944.0,21.144348482268235,21.218156185487512,6.4674597290057525,21.0,0,-0.21815618548751203,20.825041411260475,20.5,21.5
945.0,21.141413104517582,21.214688661192522,6.468645018871371,21.0,0,-0.21468866119252183,21.18001341824262,20.5,21.5
946.0,21.13847855090045,21.262953158414103,6.46982919029992,21.0,0,-0.2629531584141027,21.74559813062991,20.5,21.5
947.0,21.135544821028333,21.344845737388248,6.471012242389601,21.0,0,-0.34484573738824764,22.163771527129697,20.5,21.5
948.0,21.132611914512605,21.364152963536988,6.472194174239469,21.0,0,-0.3641529635369878,21.55722522502439,20.5,21.5
949.0,21.12967983096455,21.40007400708352,6.47337498494943,21.0,0,-0.40007400708352137,21.759284442548857,20.5,21.5
950.0,21.12674856999535,21.397733914657863,6.474554673620248,21.0,0,-0.3977339146578629,21.374332990401278,20.5,21.5
951.0,21.123818131216076,21.43413750230418,6.475733239353537,21.0,0,-0.43413750230417847,21.798173378767334,20.5,21.5
952.0,21.120888514237702,21.424380892036194,6.476910681251767,21.0,0,-0.42438089203619356,21.326814789356344,20.5,21.5
953.0,21.117959718671106,21.463626772511397,6.478086998418267,21.0,0,-0.4636267725113967,21.85608557726343,20.5,21.5
954.0,21.115031744127055,21.456993976657326,6.479262189957219,21.0,0,-0.45699397665732633,21.390666018116622,20.5,21.5
955.0,21.112104590216223,21.505363904664605,6.4804362549736645,21.0,0,-0.5053639046646055,21.989063184737397,20.5,21.5
956.0,21.109178256549175,21.44827778174018,6.4816091925735,21.0,0,-0.44827778174018107,20.877416552495937,20.5,21.5
957.0,21.10625274273638,21.50892395890386,6.482781001863485,21.0,0,-0.5089239589038606,22.115385730540655,20.5,21.5
958.0,21.103328048388207,21.498153868101966,6.483951681951233,21.0,0,-0.4981538681019657,21.390452960083017,20.5,21.5
959.0,21.10040417311492,21.530896837576396,6.485121231945222,21.0,0,-0.530896837576396,21.8583265323207,20.5,21.5
960.0,21.097481116526687,21.460049675349815,6.486289650954788,21.0,0,-0.4600496753498149,20.751578053084003,20.5,21.5
961.0,21.094558878233574,21.432698416798964,6.487456938090131,21.0,0,-0.4326984167989636,21.15918583129045,20.5,21.5
962.0,21.091637457845547,21.352991562556195,6.4886230924623085,21.0,0,-0.3529915625561948,20.555923020128507,20.5,21.5
963.0,21.08871685497247,21.30994565191776,6.489788113183244,21.0,0,-0.30994565191776147,20.879486545533428,20.5,21.5
964.0,21.085797069224114,21.286625951504394,6.490951999365724,21.0,0,-0.2866259515043943,21.053428947370723,20.5,21.5
965.0,21.08287810021014,21.3424307519074,6.492114750123399,21.0,0,-0.3424307519074006,21.900478755937463,20.5,21.5
966.0,21.079959947540125,21.42983968649678,6.493276364570782,21.0,0,-0.4298396864967806,22.30392903239058,20.5,21.5
967.0,21.077042610823533,21.45890165508025,6.494436841823255,21.0,0,-0.4589016550802505,21.74952134091495,20.5,21.5
968.0,21.074126089669733,21.46351212877656,6.4955961809970635,21.0,0,-0.4635121287765607,21.509616865739662,20.5,21.5
969.0,21.071210383687998,21.376746082925088,6.49675438120932,21.0,0,-0.37674608292508793,20.50908562441036,20.5,21.5
970.0,21.0682954924875,21.29845048951588,6.497911441578005,21.0,0,-0.29845048951587927,20.515494555423793,20.5,21.5
971.0,21.06538141567732,21.34588444514279,6.499067361221965,21.0,0,-0.34588444514279004,21.820224001411898,20.5,21.5
972.0,21.062468152866426,21.309583490541723,6.500222139260919,21.0,0,-0.30958349054172274,20.94657394453105,20.5,21.5
973.0,21.059555703663705,21.373771360851457,6.501375774815453,21.0,0,-0.3737713608514568,22.015650063948797,20.5,21.5
974.0,21.056644067677937,21.505845230738135,6.502528267007023,21.0,0,-0.5058452307381351,22.82658392960492,20.5,21.5
975.0,21.0537332445178,21.56165106825509,6.503679614957955,21.0,0,-0.5616510682550917,22.119709443424657,20.5,21.5
976.0,21.05082323379189,21.469210712168127,6.504829817791449,21.0,0,-0.4692107121681275,20.544807151298485,20.5,21.5
977.0,21.04791403510869,21.463353123000847,6.505978874631575,21.0,0,-0.4633531230008465,21.404777231328037,20.5,21.5
978.0,21.045005648076593,21.42714960425637,6.507126784603276,21.0,0,-0.42714960425637116,21.065114416811618,20.5,21.5
979.0,21.042098072303897,21.34687963993501,6.508273546832369,21.0,0,-0.34687963993501114,20.54417999672141,20.5,21.5
980.0,21.039191307398802,21.310656409272475,6.509419160445544,21.0,0,-0.3106564092724753,20.948424102647117,20.5,21.5
981.0,21.03628535296941,21.36559342536948,6.510563624570367,21.0,0,-0.3655934253694788,21.914963586339514,20.5,21.5
982.0,21.033380208623733,21.430985255979316,6.511706938335279,21.0,0,-0.4309852559793157,22.084903562077685,20.5,21.5
983.0,21.030475873969674,21.282446235671152,6.512849100869596,21.0,1,-0.2824462356711521,19.797056032589516,20.5,21.5
984.0,21.047572348615056,21.31696253193453,6.513990111303513,21.0,0,-0.3169625319345286,21.662125494568294,20.5,21.5
985.0,21.044665632167593,21.292651960745424,6.515129968768099,21.0,0,-0.2926519607454239,21.049546248854377,20.5,21.5
986.0,21.041759725034915,21.202416017146184,6.516268672395304,21.0,1,-0.2024160171461844,20.30005658115379,20.5,21.5
987.0,21.058854626824388,21.190037105084695,6.517406221317956,21.0,1,-0.19003710508469496,21.0662479844698,20.5,21.5
988.0,21.075946337143286,21.283718596866404,6.518542614669761,21.0,0,-0.28371859686640377,22.220533514683492,20.5,21.5
989.0,21.07303485639879,21.342251160106045,6.519677851585308,21.0,0,-0.34225116010604495,21.927576792502457,20.5,21.5
990.0,21.07012418499783,21.363548978738912,6.520811931200062,21.0,0,-0.3635489787389119,21.57652716506758,20.5,21.5
991.0,21.06721432254707,21.41314528436435,6.521944852650374,21.0,0,-0.41314528436435083,21.90910834061874,20.5,21.5
992.0,21.06430526865309,21.385455517493,6.523076615073474,21.0,0,-0.3854555174929999,21.10855784877949,20.5,21.5
993.0,21.061397022922375,21.379227935862225,6.524207217607476,21.0,0,-0.37922793586222525,21.31695211955448,20.5,21.5
994.0,21.05848958496131,21.31410774004432,6.525336659391376,21.0,0,-0.31410774004432085,20.662905781865277,20.5,21.5
995.0,21.0555829543762,21.303159614376746,6.526464939565058,21.0,0,-0.3031596143767459,21.193678357700996,20.5,21.5
996.0,21.052677130773237,21.315179041475183,6.527592057269285,21.0,0,-0.31517904147518294,21.435373312459554,20.5,21.5
997.0,21.049772113758536,21.32162612970892,6.528718011645708,21.0,0,-0.3216261297089211,21.386097012046303,20.5,21.5
998.0,21.046867902938114,21.305213047725847,6.529842801836864,21.0,0,-0.30521304772584656,21.1410822278951,20.5,21.5
999.0,21.043964497917894,21.294967962110455,6.5309664269861765,21.0,0,-0.29496796211045506,21.19251710595654,20.5,21.5
1000.0,21.04106189830371,21.397854961372428,6.532088886237956,21.0,0,-0.3978549613724276,22.426724953992153,20.5,21.5
1001.0,21.038160103701298,21.39182728119291,6.533210178737401,21.0,0,-0.39182728119291,21.331550479397734,20.5,21.5
1002.0,21.035259113716304,21.40261296581003,6.534330303630599,21.0,0,-0.4026129658100288,21.510469811981217,20.5,21.5
1003.0,21.032358927954288,21.42528343989445,6.535449260064525,21.0,0,-0.42528343989445005,21.651988180738662,20.5,21.5
1004.0,21.02945954602071,21.50575379017992,6.536567047187047,21.0,0,-0.5057537901799201,22.31045729303462,20.5,21.5
1005.0,21.026560967520943,21.48534973362109,6.537683664146919,21.0,0,-0.4853497336210886,21.281309168032774,20.5,21.5
1006.0,21.02366319206027,21.42723102269728,6.53879911009379,21.0,0,-0.4272310226972813,20.84604391345921,20.5,21.5
1007.0,21.020766219243875,21.35778243323232,6.539913384178199,21.0,0,-0.3577824332323196,20.663296538582703,20.5,21.5
1008.0,21.017870048676862,21.37121192561202,6.541026485551578,21.0,0,-0.37121192561201966,21.50550684940902,20.5,21.5
1009.0,21.014974679964237,21.25822288816295,6.542138413366253,21.0,1,-0.25822288816295114,20.128332513672266,20.5,21.5
1010.0,21.03208011271092,21.222233464736803,6.54324916677544,21.0,1,-0.22223346473680294,20.86233923047532,20.5,21.5
1011.0,21.049182346521732,21.23307186391033,6.544358744933254,21.0,1,-0.23307186391032886,21.341455855645588,20.5,21.5
1012.0,21.066281381801414,21.222324663584413,6.545467146994702,21.0,1,-0.22232466358441272,21.11485266032525,20.5,21.5
1013.0,21.083377218954453,21.290178017406696,6.546574372115688,21.0,0,-0.2901780174066957,21.968711555629525,20.5,21.5
1014.0,21.080469858385086,21.40159215650972,6.5476804194530125,21.0,0,-0.4015921565097216,22.51573354753998,20.5,21.5
1015.0,21.0775633004973,21.36317622618002,6.548785288164371,21.0,0,-0.36317622618001977,20.979016922883,20.5,21.5
1016.0,21.074657544894833,21.40310986177596,6.54988897740836,21.0,0,-0.40310986177595964,21.80244621773536,20.5,21.5
1017.0,21.071752591181337,21.443262652167117,6.5509914863444685,21.0,0,-0.44326265216711747,21.844790556078696,20.5,21.5
1018.0,21.06884843896037,21.410832197044066,6.552092814133092,21.0,0,-0.4108321970440656,21.086527645813547,20.5,21.5
1019.0,21.065945087835402,21.320040496391876,6.553192959935519,21.0,1,-0.3200404963918757,20.412123489869977,20.5,21.5
1020.0,21.08304253740982,21.34823341926508,6.554291922913942,21.0,0,-0.3482334192650782,21.630162647997103,20.5,21.5
1021.0,21.08013678728692,21.3761202661766,6.555389702231452,21.0,0,-0.3761202661765992,21.65498873529181,20.5,21.5
1022.0,21.07723183786991,21.41107397976426,6.556486297052042,21.0,0,-0.41107397976426086,21.760611115640877,20.5,21.5
1023.0,21.074327688761745,21.421260108705077,6.557581706540608,21.0,0,-0.42126010870507713,21.52312139811324,20.5,21.5
1024.0,21.0714243395653,21.446801644621917,6.5586759298629485,21.0,0,-0.4468016446219174,21.70221700379032,20.5,21.5
1025.0,21.06852178988336,21.46805511883136,6.559768966185763,21.0,0,-0.46805511883135864,21.68058986092577,20.5,21.5
1026.0,21.06562003931862,21.392297845660956,6.560860814676659,21.0,0,-0.3922978456609556,20.634725113956925,20.5,21.5
1027.0,21.062719087473692,21.34786393423798,6.561951474504146,21.0,0,-0.34786393423798145,20.90352482000824,20.5,21.5
1028.0,21.0598189339511,21.30852824583441,6.5630409448376374,21.0,0,-0.30852824583440963,20.91517136179869,20.5,21.5
1029.0,21.056919578353277,21.329309699138815,6.564129224847456,21.0,0,-0.3293096991388147,21.537124232182865,20.5,21.5
1030.0,21.054021020282576,21.25139607755417,6.565216313704828,21.0,1,-0.25139607755416904,20.472259861707713,20.5,21.5
1031.0,21.07112325934126,21.308644365551913,6.566302210581888,21.0,0,-0.3086443655519133,21.881127245529356,20.5,21.5
1032.0,21.06822229513151,21.37471468444385,6.56738691465168,21.0,0,-0.37471468444384826,22.035417873363198,20.5,21.5
1033.0,21.065322128055413,21.36511587518727,6.568470425088152,21.0,0,-0.3651158751872714,21.269127782621503,20.5,21.5
1034.0,21.06242275771482,21.33739110573644,6.569552741066166,21.0,0,-0.33739110573644027,21.06014341122813,20.5,21.5
1035.0,21.059524183711492,21.482897981021825,6.57063386176149,21.0,0,-0.482897981021825,22.937966733875673,20.5,21.5
1036.0,21.0566264056471,21.413080236141205,6.571713786350804,21.0,0,-0.41308023614120515,20.714902787335006,20.5,21.5
1037.0,21.053729423123244,21.414504352411615,6.572792514011698,21.0,0,-0.41450435241161543,21.42874551511572,20.5,21.5
1038.0,21.050833235741422,21.411433208763604,6.573870043922675,21.0,0,-0.41143320876360434,21.380721772283493,20.5,21.5
1039.0,21.047937843103057,21.470959315711745,6.574946375263147,21.0,0,-0.4709593157117453,22.066220385193155,20.5,21.5
1040.0,21.045043244809488,21.339441345289984,6.576021507213444,21.0,1,-0.33944134528998404,20.02426164107237,20.5,21.5
1041.0,21.06214944046197,21.429996853850845,6.577095438954804,21.0,0,-0.4299968538508452,22.335551939459457,20.5,21.5
1042.0,21.05925242966167,21.344117120427534,6.5781681696693814,21.0,1,-0.3441171204275335,20.485319786194417,20.5,21.5
1043.0,21.07635621280967,21.344671796904066,6.5792396985402455,21.0,1,-0.34467179690406624,21.350218561669394,20.5,21.5
1044.0,21.093456789506817,21.347345666188538,6.58031002475138,21.0,1,-0.3473456661885379,21.374084359033255,20.5,21.5
1045.0,21.110554160153868,21.347678956536953,6.581379147487686,21.0,1,-0.3476789565369529,21.351011860021103,20.5,21.5
1046.0,21.127648325151334,21.34478026000208,6.58244706593498,21.0,1,-0.3447802600020786,21.315793294653336,20.5,21.5
1047.0,21.14473928489949,21.37539100153428,6.583513779279994,21.0,0,-0.37539100153427896,21.681498416856282,20.5,21.5
1048.0,21.141827039798365,21.346828325708497,6.584579286710381,21.0,0,-0.346828325708497,21.061201567450677,20.5,21.5
1049.0,21.13891559024775,21.311803873446827,6.58564358741471,21.0,0,-0.31180387344682714,20.96155935083013,20.5,21.5
1050.0,21.136004935847183,21.387837561498124,6.58670668058247,21.0,0,-0.38783756149812376,22.14817444201109,20.5,21.5
1051.0,21.13309507619613,21.398253272233102,6.587768565404069,21.0,0,-0.39825327223310225,21.502410379582887,20.5,21.5
1052.0,21.130186010893972,21.426509521344038,6.588829241070837,21.0,0,-0.4265095213440375,21.70907201245339,20.5,21.5
1053.0,21.12727773954001,21.470249357944443,6.58988870677502,21.0,0,-0.4702493579444429,21.907647723948497,20.5,21.5
1054.0,21.124370261733457,21.460745035542608,6.5909469617097916,21.0,0,-0.46074503554260815,21.36570181152426,20.5,21.5
1055.0,21.121463577073452,21.466746411027444,6.592004005069244,21.0,0,-0.46674641102744374,21.5267601658758,20.5,21.5
1056.0,21.11855768515905,21.50481413563906,6.5930598360483925,21.0,0,-0.5048141356390587,21.88549138175521,20.5,21.5
1057.0,21.115652585589228,21.466499461723476,6.594114453843176,21.0,0,-0.4664994617234761,21.08335272256765,20.5,21.5
1058.0,21.11274827796288,21.51369907939447,6.595167857650457,21.0,0,-0.5136990793944705,21.985695256104414,20.5,21.5
1059.0,21.109844761878815,21.494984706493142,6.596220046668023,21.0,0,-0.49498470649314186,21.307840977479856,20.5,21.5
1060.0,21.106942036935774,21.451787530470984,6.597271020094586,21.0,0,-0.45178753047098397,21.019815770249405,20.5,21.5
1061.0,21.104040102732405,21.36624109381364,6.598320777129784,21.0,0,-0.36624109381363823,20.51077672724018,20.5,21.5
1062.0,21.101138958867285,21.43393538713277,6.599369316974181,21.0,0,-0.43393538713277024,22.11087832032409,20.5,21.5
1063.0,21.098238604938906,21.389100266470898,6.6004166388292695,21.0,0,-0.3891002664708978,20.940749059852173,20.5,21.5
1064.0,21.095339040545685,21.418379989572333,6.601462741897467,21.0,0,-0.41837998957233324,21.711177220586688,20.5,21.5
1065.0,21.092440265285955,21.388915087531075,6.602507625382121,21.0,0,-0.38891508753107473,21.09426606711849,20.5,21.5
1066.0,21.089542278757975,21.379791876902356,6.603551288487508,21.0,0,-0.37979187690235605,21.28855977061517,20.5,21.5
1067.0,21.086645080559922,21.308136197905288,6.6045937304188325,21.0,0,-0.3081361979052879,20.591579407934606,20.5,21.5
1068.0,21.083748670289893,21.395627434827894,6.605634950382229,21.0,0,-0.39562743482789386,22.270539804053954,20.5,21.5
1069.0,21.08085304754591,21.31130173459499,6.606674947584764,21.0,1,-0.31130173459499133,20.468044732265966,20.5,21.5
1070.0,21.09795821192592,21.351286720737868,6.607713721234434,21.0,0,-0.3512867207378676,21.75113658216663,20.5,21.5
1071.0,21.09506016302778,21.4453376764861,6.608751270540169,21.0,0,-0.44533767648610123,22.385847233968438,20.5,21.5
1072.0,21.092162901249285,21.406077131878128,6.609787594711828,21.0,0,-0.4060771318781278,21.013471685798393,20.5,21.5
1073.0,21.089266426187976,21.400963365419216,6.610822692960206,21.0,0,-0.40096336541921573,21.349825700830095,20.5,21.5
1074.0,21.08637073744133,21.491512254477513,6.611856564497032,21.0,0,-0.491512254477513,22.397001145060486,20.5,21.5
1075.0,21.08347583460674,21.57085618528206,6.612889208534965,21.0,0,-0.5708561852820608,22.36429549332754,20.5,21.5
1076.0,21.080581717281525,21.45524781013101,6.613920624287604,21.0,1,-0.45524781013100935,20.299164058620494,20.5,21.5
1077.0,21.097688385062927,21.513631034942083,6.6149508109694795,21.0,0,-0.5136310349420832,22.09746328305282,20.5,21.5
1078.0,21.094791837548108,21.50506120443722,6.615979767796061,21.0,0,-0.5050612044372187,21.419362899388574,20.5,21.5
1079.0,21.09189607513416,21.461376775797614,6.617007493983752,21.0,0,-0.46137677579761416,21.02453248940157,20.5,21.5
1080.0,21.089001097417928,21.39962426605645,6.618033988749895,21.0,0,-0.3996242660564491,20.7820991686448,20.5,21.5
1081.0,21.086106903996193,21.458181572823833,6.619059251312769,21.0,0,-0.45818157282383254,22.043754640497667,20.5,21.5
1082.0,21.083213494465657,21.486649818616264,6.620083280891592,21.0,0,-0.48664981861626444,21.771332276540583,20.5,21.5
1083.0,21.08032086842294,21.43080141152053,6.621106076706521,21.0,0,-0.4308014115205303,20.87231734056319,20.5,21.5
1084.0,21.077429025464596,21.484081568075688,6.622127637978653,21.0,0,-0.4840815680756876,22.01688313362726,20.5,21.5
1085.0,21.074537965187098,21.483646811537287,6.623147963930025,21.0,0,-0.4836468115372874,21.479299246153285,20.5,21.5
1086.0,21.071647687186847,21.46590034500171,6.624167053783612,21.0,0,-0.4659003450017103,21.28843567964594,20.5,21.5
1087.0,21.068758191060166,21.317083605876363,6.6251849067633355,21.0,1,-0.31708360587636264,19.828916214622886,20.5,21.5
1088.0,21.085869476403307,21.188622970423836,6.626201522094055,21.0,1,-0.18862297042383602,19.90401661589857,20.5,21.5
1089.0,21.102977542812447,21.190046966432476,6.627216899001574,21.0,1,-0.19004696643247598,21.204286926518876,20.5,21.5
1090.0,21.120082390683685,21.16648165764494,6.628231036712639,21.0,1,-0.16648165764494038,20.930828569769584,20.5,21.5
1091.0,21.13718402041289,21.23504142266257,6.629243934454938,21.0,0,-0.23504142266256878,21.920639072838853,20.5,21.5
1092.0,21.134282432395697,21.36999478546798,6.630255591457108,21.0,0,-0.3699947854679806,22.7195284135221,20.5,21.5
1093.0,21.13138162702751,21.505648692264273,6.631266006948728,21.0,0,-0.5056486922642733,22.8621877602272,20.5,21.5
1094.0,21.12848160390349,21.472058613370656,6.63227518016032,21.0,0,-0.47205861337065613,21.136157824434484,20.5,21.5
1095.0,21.125582362618744,21.44604932077367,6.633283110323358,21.0,0,-0.4460493207736711,21.18595639480382,20.5,21.5
1096.0,21.122683902768284,21.369775525846443,6.634289796670257,21.0,0,-0.3697755258464426,20.607037576574157,20.5,21.5
1097.0,21.119786223947063,21.29442718520471,6.635295238434383,21.0,0,-0.2944271852047109,20.540943778787394,20.5,21.5
1098.0,21.11688932574996,21.25014957590746,6.636299434850047,21.0,0,-0.2501495759074608,20.80737348293496,20.5,21.5
1099.0,21.113993207771777,21.254173737675796,6.637302385152511,21.0,0,-0.25417373767579576,21.294415355359146,20.5,21.5
1100.0,21.111097869607253,21.353409092272837,6.638304088577984,21.0,0,-0.35340909227283746,22.345762638243254,20.5,21.5
1101.0,21.108203310851046,21.34570072014641,6.639304544363625,21.0,0,-0.34570072014641084,21.268616998882145,20.5,21.5
1102.0,21.10530953109775,21.452954544222823,6.640303751747544,21.0,0,-0.45295454422282333,22.525492784986948,20.5,21.5
1103.0,21.10241652994188,21.532510388911795,6.641301709968801,21.0,0,-0.5325103889117955,22.328068835801517,20.5,21.5
1104.0,21.099524306977887,21.513202266973206,6.6422984182674085,21.0,0,-0.5132022669732059,21.32012104758731,20.5,21.5
1105.0,21.096632861800146,21.46455174102154,6.643293875884327,21.0,0,-0.4645517410215412,20.978046481504894,20.5,21.5
1106.0,21.093742194002964,21.494928097526966,6.6442880820614745,21.0,0,-0.49492809752696587,21.798691662581213,20.5,21.5
1107.0,21.090852303180576,21.462031778371966,6.64528103604172,21.0,0,-0.46203177837196563,21.133068586821963,20.5,21.5
1108.0,21.087963188927148,21.404695998909226,6.646272737068884,21.0,0,-0.4046959989092258,20.831338204281828,20.5,21.5
1109.0,21.085074850836776,21.523369623545005,6.647263184387744,21.0,0,-0.5233696235450047,22.710105869902794,20.5,21.5
1110.0,21.082187288503487,21.422748843107694,6.648252377244031,21.0,1,-0.4227488431076942,20.41654103873459,20.5,21.5
1111.0,21.099300501521235,21.43289499807222,6.649240314884432,21.0,0,-0.4328949980722214,21.534356547717493,20.5,21.5
1112.0,21.096410489483908,21.38097086074722,6.65022699655659,21.0,0,-0.38097086074721886,20.861729487497193,20.5,21.5
1113.0,21.093521252785322,21.42232743285023,6.651212421509103,21.0,0,-0.42232743285023133,21.835893153880356,20.5,21.5
1114.0,21.09063279101907,21.395403319188244,6.6521965889915275,21.0,0,-0.3954033191882438,21.12616218256837,20.5,21.5
1115.0,21.087745103778662,21.504630732928163,6.653179498254377,21.0,0,-0.5046307329281632,22.596904870327357,20.5,21.5
1116.0,21.084858190657556,21.42581018027851,6.654161148549123,21.0,0,-0.4258101802785106,20.637604653781985,20.5,21.5
1117.0,21.081972051249135,21.49110861350985,6.655141539128198,21.0,0,-0.49110861350985147,22.14409294582326,20.5,21.5
1118.0,21.07908668514671,21.47251076621713,6.656120669244989,21.0,0,-0.4725107662171304,21.28653229328992,20.5,21.5
1119.0,21.07620209194353,21.440390605302298,6.657098538153847,21.0,0,-0.4403906053022979,21.119188996153973,20.5,21.5
1120.0,21.073318271232772,21.46713603381002,6.658075145110083,21.0,0,-0.46713603381002144,21.734590318887257,20.5,21.5
1121.0,21.070435222607546,21.498458118674254,6.659050489369968,21.0,0,-0.4984581186742538,21.811678967316578,20.5,21.5
1122.0,21.0675529456609,21.434523641058142,6.6600245701907355,21.0,0,-0.4345236410581421,20.795178864897025,20.5,21.5
1123.0,21.064671439985805,21.370589163442027,6.660997386830578,21.0,0,-0.37058916344202686,20.731244387280874,20.5,21.5
1124.0,21.061790705175174,21.352822874548966,6.6619689385486565,21.0,0,-0.3528228745489663,21.17515998561836,20.5,21.5
1125.0,21.058910740821847,21.281601246266735,6.662939224605091,21.0,0,-0.2816012462667352,20.569384963444424,20.5,21.5
1126.0,21.056031546518604,21.345405052441926,6.663908244260965,21.0,0,-0.3454050524419259,21.983443114193832,20.5,21.5
1127.0,21.053153121858152,21.40071756186095,6.6648759967783295,21.0,0,-0.40071756186095087,21.9538426560512,20.5,21.5
1128.0,21.050275466433135,21.462169782491422,6.665842481420199,21.0,0,-0.46216978249142215,22.076691988796135,20.5,21.5
1129.0,21.04739857983613,21.390960469124728,6.666807697450553,21.0,0,-0.39096046912472815,20.678867335457788,20.5,21.5
1130.0,21.044522461659653,21.452437682232276,6.667771644134336,21.0,0,-0.45243768223227576,22.067209813307752,20.5,21.5
1131.0,21.041647111496147,21.362466001057083,6.668734320737463,21.0,1,-0.3624660010570828,20.462749189305153,20.5,21.5
1132.0,21.058772528937997,21.297189751001635,6.669695726526813,21.0,1,-0.29718975100163547,20.644427250447162,20.5,21.5
1133.0,21.075894713577515,21.323662153763138,6.670655860770234,21.0,0,-0.3236621537631379,21.588386181378162,20.5,21.5
1134.0,21.073013665806954,21.398867747209387,6.671614722736541,21.0,0,-0.3988677472093869,22.150923681671877,20.5,21.5
1135.0,21.07013338601834,21.34328749636466,6.672572311695519,21.0,0,-0.3432874963646597,20.787484987917388,20.5,21.5
1136.0,21.067253873803477,21.392113399525737,6.673528626917923,21.0,0,-0.3921133995257371,21.88037243113651,20.5,21.5
1137.0,21.0643751287541,21.454923099287733,6.674483667675478,21.0,0,-0.45492309928773267,22.08302009690769,20.5,21.5
1138.0,21.061497150461886,21.382880052715112,6.6754374332408775,21.0,0,-0.3828800527151124,20.66244958698891,20.5,21.5
1139.0,21.05861993851844,21.307222895875082,6.676389922887788,21.0,0,-0.307222895875082,20.550651327474778,20.5,21.5
1140.0,21.055743492515315,21.32914587900264,6.677341135890848,21.0,0,-0.32914587900263825,21.5483757102782,20.5,21.5
1141.0,21.052867812043992,21.32097483681476,6.678291071525667,21.0,0,-0.32097483681475936,21.23926441493597,20.5,21.5
1142.0,21.049992896695887,21.313035785060315,6.679239729068827,21.0,0,-0.3130357850603147,21.23364526751587,20.5,21.5
1143.0,21.047118746062363,21.298592911900258,6.680187107797884,21.0,0,-0.2985929119002577,21.154164180299688,20.5,21.5
1144.0,21.04424535973471,21.332769320903857,6.681133206991369,21.0,0,-0.33276932090385714,21.67453341093985,20.5,21.5
1145.0,21.04137273730416,21.284576576183166,6.682078025928785,21.0,0,-0.28457657618316645,20.80264912897626,20.5,21.5
1146.0,21.038500878361887,21.29079109107705,6.6830215638906125,21.0,0,-0.29079109107705037,21.35293624001589,20.5,21.5
1147.0,21.035629782498994,21.328743417249765,6.683963820158306,21.0,0,-0.32874341724976475,21.70826667897691,20.5,21.5
1148.0,21.032759449306525,21.38040608835582,6.684904794014296,21.0,0,-0.38040608835581935,21.897032799416365,20.5,21.5
1149.0,21.029889878375467,21.313414780697105,6.685844484741989,21.0,0,-0.31341478069710504,20.643501704109962,20.5,21.5
1150.0,21.02702106929674,21.321801329082223,6.686782891625771,21.0,0,-0.3218013290822235,21.405666812933408,20.5,21.5
1151.0,21.024153021661206,21.303210067285885,6.687720013951005,21.0,0,-0.3032100672858853,21.117297449322503,20.5,21.5
1152.0,21.021285735059664,21.243581800980696,6.688655851004031,21.0,0,-0.24358180098069582,20.6472991379288,20.5,21.5
1153.0,21.018419209082854,21.26335640766098,6.689590402072167,21.0,0,-0.2633564076609787,21.461102474463807,20.5,21.5
1154.0,21.01555344332145,21.351956947992484,6.690523666443712,21.0,0,-0.351956947992484,22.237962351307537,20.5,21.5
1155.0,21.012688437366076,21.35704267635638,6.691455643407947,21.0,0,-0.35704267635637876,21.407899959995326,20.5,21.5
1156.0,21.009824190807286,21.360014539662604,6.692386332255128,21.0,0,-0.360014539662604,21.389733172724856,20.5,21.5
1157.0,21.006960703235578,21.393915241218576,6.693315732276497,21.0,0,-0.3939152412185756,21.73292225677829,20.5,21.5
1158.0,21.004097974241386,21.297261300450604,6.6942438427642745,21.0,1,-0.2972613004506037,20.330721892770885,20.5,21.5
1159.0,21.02123600341509,21.217731551861664,6.695170663011664,21.0,1,-0.21773155186166449,20.422434065972272,20.5,21.5
1160.0,21.03837079034701,21.25519131890986,6.696096192312852,21.0,0,-0.25519131890985847,21.6297889893918,20.5,21.5
1161.0,21.035502335427402,21.331487796997948,6.697020429963008,21.0,0,-0.3314877969979477,22.09445257787884,20.5,21.5
1162.0,21.03263463904631,21.33120069532265,6.697943375258283,21.0,0,-0.33120069532265006,21.328329678569673,20.5,21.5
1163.0,21.029767700793553,21.41286191644131,6.698865027495816,21.0,0,-0.41286191644131165,22.229474127627928,20.5,21.5
1164.0,21.026901520258892,21.49401902698316,6.699785385973728,21.0,0,-0.49401902698316036,22.305590132401647,20.5,21.5
1165.0,21.024036097032035,21.433168928616304,6.700704449991125,21.0,0,-0.43316892861630407,20.82466794494774,20.5,21.5
1166.0,21.021171430702626,21.265033892641828,6.701622218848103,21.0,1,-0.26503389264182786,19.583683532897066,20.5,21.5
1167.0,21.038307520860254,21.248880137398025,6.702538691845737,21.0,1,-0.24888013739802517,21.08734258496,20.5,21.5
1168.0,21.05544036709445,21.24154198645546,6.703453868286095,21.0,1,-0.24154198645545932,21.1681604770298,20.5,21.5
1169.0,21.07256996979469,21.283869070551493,6.704367747472231,21.0,0,-0.2838690705514928,21.707139911511828,20.5,21.5
1170.0,21.069696329350226,21.29053604793456,6.705280328708184,21.0,0,-0.2905360479345589,21.35720582176522,20.5,21.5
1171.0,21.066823446150096,21.41479471071405,6.706191611298986,21.0,0,-0.4147947107140517,22.65738133850898,20.5,21.5
1172.0,21.063951319783126,21.36674080175946,6.707101594550655,21.0,0,-0.3667408017594589,20.88620171221353,20.5,21.5
1173.0,21.061079949838078,21.31069393099669,6.708010277770198,21.0,0,-0.3106939309966883,20.750225223368982,20.5,21.5
1174.0,21.058209335903666,21.241872919327584,6.708917660265615,21.0,0,-0.2418729193275837,20.553662802636538,20.5,21.5
1175.0,21.055339477568538,21.295619904736007,6.709823741345893,21.0,0,-0.2956199047360073,21.833089758820243,20.5,21.5
1176.0,21.052470374421294,21.203099186288036,6.710728520321013,21.0,1,-0.20309918628803558,20.27789200180832,20.5,21.5
1177.0,21.06960202605047,21.25581373382032,6.711631996501946,21.0,0,-0.2558137338203217,21.782959209143183,20.5,21.5
1178.0,21.06673043204456,21.248018278905146,6.712534169200657,21.0,0,-0.24801827890514616,21.17006372975339,20.5,21.5
1179.0,21.063859592791992,21.33162205759072,6.713435037730099,21.0,0,-0.33162205759072094,22.16765984444647,20.5,21.5
1180.0,21.06098950788098,21.35661811442666,6.714334601404225,21.0,0,-0.35661811442665936,21.606578682786044,20.5,21.5
1181.0,21.058120176899685,21.38599652950493,6.715232859537975,21.0,0,-0.38599652950492924,21.679780680287628,20.5,21.5
1182.0,21.05525159943621,21.382994077753686,6.716129811447289,21.0,0,-0.3829940777536862,21.352969560241256,20.5,21.5
1183.0,21.052383775078614,21.43059983698914,6.717025456449098,21.0,0,-0.4305998369891384,21.90665742934366,20.5,21.5
1184.0,21.049516703414888,21.319755269882712,6.717919793861329,21.0,1,-0.3197552698827124,20.211309598818453,20.5,21.5
1185.0,21.06665038403298,21.253047959424272,6.718812823002906,21.0,1,-0.25304795942427205,20.58597485483987,20.5,21.5
1186.0,21.083780816520772,21.278099552901033,6.719704543193747,21.0,0,-0.2780995529010326,21.528615487668638,20.5,21.5
1187.0,21.080908001266106,21.315556234253023,6.72059495375477,21.0,0,-0.31555623425302315,21.69012304777293,20.5,21.5
1188.0,21.078035938656605,21.305042087447568,6.721484054007887,21.0,0,-0.30504208744756767,21.199900619393013,20.5,21.5
1189.0,21.075164628279676,21.29551170033198,6.722371843276012,21.0,0,-0.2955117003319785,21.200207829176087,20.5,21.5
1190.0,21.072294069722677,21.33616331956647,6.723258320883051,21.0,0,-0.33616331956647016,21.742679511911387,20.5,21.5
1191.0,21.06942426257291,21.377627011848023,6.724143486153917,21.0,0,-0.3776270118480234,21.792263934663556,20.5,21.5
1192.0,21.066555206417625,21.356824024142462,6.725027338414515,21.0,0,-0.35682402414246184,21.148794147086846,20.5,21.5
1193.0,21.063686900844026,21.36462083055725,6.7259098769917545,21.0,0,-0.36462083055725003,21.442588894705132,20.5,21.5
1194.0,21.060819345439256,21.428352625307944,6.726791101213543,21.0,0,-0.4283526253079444,22.065670572814888,20.5,21.5
1195.0,21.05795253979041,21.412434162900627,6.727671010408791,21.0,0,-0.4124341629006274,21.253249538827458,20.5,21.5
1196.0,21.055086483484533,21.373577151540154,6.7285496039074095,21.0,0,-0.3735771515401538,20.985007037935418,20.5,21.5
1197.0,21.052221176108617,21.32591577249263,6.72942688104031,21.0,0,-0.32591577249262826,20.849301982017373,20.5,21.5
1198.0,21.049356617249604,21.35101808510291,6.730302841139409,21.0,0,-0.3510180851029112,21.60204121120574,20.5,21.5
1199.0,21.04649280649438,21.344625185963988,6.731177483537624,21.0,0,-0.34462518596398795,21.280696194574755,20.5,21.5
1200.0,21.04362974342979,21.319988862949486,1.7320508075688767,21.0,0,-0.3199888629494865,21.07362563280447,20.5,21.5
1201.0,21.03976742764262,21.42030429183813,1.732922812568094,21.0,0,-0.42030429183812856,22.42345858072455,20.5,21.5
1202.0,21.035906058719604,21.396061203226964,1.733793497871206,21.0,0,-0.3960612032269637,21.153630317115315,20.5,21.5
1203.0,21.032045636207435,21.38527476568477,1.7346628628151457,21.0,0,-0.3852747656847697,21.27741039026283,20.5,21.5
1204.0,21.02818615965276,21.362433426840525,1.735530906737857,21.0,0,-0.36243342684052493,21.134020038398077,20.5,21.5
1205.0,21.024327628602176,21.367637757218567,1.7363976289782848,21.0,0,-0.3676377572185672,21.41968106099899,20.5,21.5
1206.0,21.020470042602252,21.29891197289752,1.7372630288763826,21.0,0,-0.29891197289752114,20.61165412968706,20.5,21.5
1207.0,21.016613401199507,21.361186200187422,1.7381271057731107,21.0,0,-0.3611862001874222,21.983928473086433,20.5,21.5
1208.0,21.012757703940423,21.373960886633853,1.738989859010438,21.0,0,-0.37396088663385285,21.50170775109816,20.5,21.5
1209.0,21.008902950371436,21.376807600416278,1.739851287931339,21.0,0,-0.3768076004162779,21.40527473824053,20.5,21.5
1210.0,21.00504914003895,21.401948044680427,1.740711391879799,21.0,0,-0.40194804468042733,21.65335248732192,20.5,21.5
1211.0,21.001196272489317,21.425483149923465,1.741570170200811,21.0,0,-0.4254831499234655,21.660834202353847,20.5,21.5
1212.0,20.997344347268857,21.419892818211146,1.7424276222403785,21.0,0,-0.4198928182111459,21.36398950108795,20.5,21.5
1213.0,20.99349336392385,21.389658865346895,1.7432837473455143,21.0,0,-0.3896588653468953,21.08731933670439,20.5,21.5
1214.0,20.989643322000536,21.345222030443697,1.7441385448642412,21.0,0,-0.34522203044369704,20.900853681411714,20.5,21.5
1215.0,20.985794221045108,21.310955644719627,1.744992014145594,21.0,0,-0.3109556447196269,20.968291787478925,20.5,21.5
1216.0,20.98194606060373,21.314975539528707,1.7458441545396193,21.0,0,-0.3149755395287066,21.355174487619504,20.5,21.5
1217.0,20.978098840222515,21.29114636916883,1.7466949653973742,21.0,0,-0.2911463691688283,21.052854665570045,20.5,21.5
1218.0,20.97425255944755,21.24948752013679,1.7475444460709308,21.0,0,-0.249487520136789,20.832899029816396,20.5,21.5
1219.0,20.970407217824874,21.369846923731398,1.7483925959133702,21.0,0,-0.36984692373139794,22.573440959677487,20.5,21.5
1220.0,20.96656281490049,21.33984267116968,1.749239414278792,21.0,0,-0.3398426711696807,21.03980014555251,20.5,21.5
1221.0,20.962719350220368,21.27988611382434,1.750084900522305,21.0,0,-0.2798861138243396,20.68032054037093,20.5,21.5
1222.0,20.958876823330428,21.26188426082974,1.7509290540000357,21.0,0,-0.2618842608297385,21.081865730883727,20.5,21.5
1223.0,20.955035233776563,21.295920933976657,1.7517718740691244,21.0,0,-0.29592093397665664,21.63628766544584,20.5,21.5
1224.0,20.951194581104623,21.257967354774376,1.752613360087727,21.0,0,-0.25796735477437593,20.87843156275157,20.5,21.5
1225.0,20.94735486486042,21.298512706534165,1.7534535114150156,21.0,0,-0.29851270653416506,21.703966224132056,20.5,21.5
1226.0,20.943516084589728,21.29849121197168,1.7542923274111777,21.0,0,-0.2984912119716796,21.298276266346825,20.5,21.5
1227.0,20.939678239838294,21.273105065707636,1.7551298074374184,21.0,0,-0.27310506570763593,21.0192436030672,20.5,21.5
1228.0,20.935841330151813,21.2194708373031,1.7559659508559609,21.0,0,-0.21947083730309913,20.68312855325773,20.5,21.5
1229.0,20.932005355075955,21.203759953953764,1.756800757030046,21.0,0,-0.20375995395376378,21.04665112046041,20.5,21.5
1230.0,20.928170314156347,21.177689264365828,1.7576342253239305,21.0,0,-0.17768926436582788,20.91698236848647,20.5,21.5
1231.0,20.92433620693858,21.169754770891636,1.758466355102894,21.0,0,-0.16975477089163604,21.090409836149718,20.5,21.5
1232.0,20.920503032968213,21.168659573898747,1.7592971457332327,21.0,0,-0.16865957389874708,21.157707603969858,20.5,21.5
1233.0,20.916670791790764,21.231571454259917,1.7601265965822641,21.0,0,-0.23157145425991743,21.86069025787162,20.5,21.5
1234.0,20.91283948295172,21.21287962168204,1.7609547070183238,21.0,0,-0.21287962168203833,21.025961295903247,20.5,21.5
1235.0,20.909009105996535,21.230965058748218,1.7617814764107713,21.0,0,-0.23096505874821815,21.411819429410016,20.5,21.5
1236.0,20.90517966047062,21.199576020617137,1.762606904129984,21.0,0,-0.19957602061713686,20.885685639306324,20.5,21.5
1237.0,20.90135114591935,21.21065712419316,1.7634309895473645,21.0,0,-0.2106571241931583,21.321468159953373,20.5,21.5
1238.0,20.897523561888075,21.163496383537684,1.7642537320353355,21.0,0,-0.1634963835376837,20.691888976982938,20.5,21.5
1239.0,20.893696907922106,21.056458923045863,1.7650751309673423,21.0,1,-0.056458923045862974,19.986084318127656,20.5,21.5
1240.0,20.909871183566715,21.078342445578556,1.765895185717854,21.0,1,-0.07834244557855641,21.29717767090549,20.5,21.5
1241.0,20.926042388367144,21.06662125422695,1.7667138956623631,21.0,1,-0.06662125422694842,20.94940934071087,20.5,21.5
1242.0,20.942210522668603,21.136065786604043,1.7675312601773872,21.0,0,-0.13606578660404267,21.830511110374985,20.5,21.5
1243.0,20.938375586816104,21.18839134528487,1.7683472786404666,21.0,0,-0.18839134528487023,21.711646932093146,20.5,21.5
1244.0,20.93454158115447,21.217456600380398,1.7691619504301679,21.0,0,-0.21745660038039816,21.508109151335677,20.5,21.5
1245.0,20.930708505228324,21.12296793038528,1.7699752749260833,21.0,1,-0.12296793038527909,20.17808123043409,20.5,21.5
1246.0,20.946876358582262,21.148859000373207,1.7707872515088319,21.0,1,-0.1488590003732071,21.407769700252487,20.5,21.5
1247.0,20.963041140760847,21.11612470980127,1.7715978795600567,21.0,1,-0.11612470980126943,20.788781804081893,20.5,21.5
1248.0,20.979202852108607,21.11778014250289,1.7724071584624292,21.0,1,-0.11778014250289104,21.134334469519107,20.5,21.5
1249.0,20.995361492969877,21.204406087357363,1.7732150875996497,21.0,0,-0.20440608735736276,22.07066553590208,20.5,21.5
1250.0,20.991517063688804,21.356401940810713,1.7740216663564432,21.0,0,-0.35640194081071286,22.876360475344214,20.5,21.5
1251.0,20.987673564609338,21.35027738689675,1.7748268941185668,21.0,0,-0.3502773868967495,21.289031847757116,20.5,21.5
1252.0,20.98383099527524,21.35582182974563,1.7756307702728025,21.0,0,-0.35582182974562926,21.411266258234427,20.5,21.5
1253.0,20.97998935523024,21.3289307237041,1.7764332942069654,21.0,0,-0.3289307237041008,21.060019663288816,20.5,21.5
1254.0,20.976148644018036,21.329408825302487,1.7772344653098973,21.0,0,-0.3294088253024867,21.334189841286346,20.5,21.5
1255.0,20.972308861182295,21.26413033822094,1.7780342829714728,21.0,0,-0.2641303382209408,20.61134546740548,20.5,21.5
1256.0,20.968470006266653,21.292353531569262,1.7788327465825953,21.0,0,-0.2923535315692618,21.574585465052472,20.5,21.5
1257.0,20.964632078814716,21.281408660909932,1.7796298555352,21.0,0,-0.281408660909932,21.171959954316634,20.5,21.5
1258.0,20.96079507837006,21.301952329795633,1.7804256092222532,21.0,0,-0.3019523297956326,21.50738901865264,20.5,21.5
1259.0,20.956959004476232,21.233073797118315,1.7812200070377546,21.0,0,-0.23307379711831544,20.544288470345144,20.5,21.5
1260.0,20.953123856676743,21.21992595390396,1.7820130483767356,21.0,0,-0.2199259539039602,21.088447521760408,20.5,21.5
1261.0,20.949289634515083,21.156280975134894,1.7828047326352605,21.0,0,-0.15628097513489436,20.519831187444236,20.5,21.5
1262.0,20.945456337534708,21.091985239253443,1.7835950592104277,21.0,1,-0.09198523925344304,20.44902788043893,20.5,21.5
1263.0,20.961623965279042,21.056727048353867,1.7843840275003693,21.0,1,-0.056727048353867104,20.704145139358108,20.5,21.5
1264.0,20.977788517291486,21.03156708215852,1.7851716369042512,21.0,1,-0.031567082158520776,20.779967420205057,20.5,21.5
1265.0,20.993949993915408,21.01099588762479,1.785957886822274,21.0,1,-0.010995887624790868,20.805283942287492,20.5,21.5
1266.0,21.01010839549399,21.088230811322273,1.7867427766556752,21.0,0,-0.08823081132227273,21.86058004829709,20.5,21.5
1267.0,21.00626372237022,21.110505500344875,1.7875263058067263,21.0,0,-0.11050550034487472,21.333252390570895,20.5,21.5
1268.0,21.00241997488691,21.123697814122483,1.788308473678736,21.0,0,-0.12369781412248315,21.255620951898567,20.5,21.5
1269.0,20.998577152586666,21.165305279846443,1.78908927967605,21.0,0,-0.16530527984644294,21.58137993708604,20.5,21.5
1270.0,20.994735255012085,21.19843401466067,1.7898687232040498,21.0,0,-0.1984340146606698,21.52972136280294,20.5,21.5
1271.0,20.990894281705724,21.183665323888196,1.7906468036691559,21.0,0,-0.1836653238881958,21.035978416163456,20.5,21.5
1272.0,20.987054232210117,21.2782132128105,1.7914235204788262,21.0,0,-0.27821321281049904,22.22369210203353,20.5,21.5
1273.0,20.98321510606777,21.258736895437558,1.7921988730415555,21.0,0,-0.25873689543755773,21.063973721708145,20.5,21.5
1274.0,20.979376902821166,21.279000925805242,1.7929728607668807,21.0,0,-0.27900092580524216,21.481641229482086,20.5,21.5
1275.0,20.975539622012754,21.26652610147807,1.7937454830653765,21.0,0,-0.2665261014780711,21.14177785820636,20.5,21.5
1276.0,20.971703263184963,21.313087863221284,1.7945167393486567,21.0,0,-0.3130878632212841,21.778705480653414,20.5,21.5
1277.0,20.967867825880194,21.271872544936326,1.795286629029377,21.0,0,-0.2718725449363255,20.85971936208674,20.5,21.5
1278.0,20.964033309640826,21.31590029243285,1.796055151521231,21.0,0,-0.31590029243285045,21.7561777673981,20.5,21.5
1279.0,20.960199714009203,21.263020899550305,1.7968223062389574,21.0,0,-0.2630208995503054,20.734226970724855,20.5,21.5
1280.0,20.95636703852765,21.287970535743185,1.7975880925983336,21.0,0,-0.28797053574318454,21.537466897671976,20.5,21.5
1281.0,20.952535282738463,21.290420669882536,1.7983525100161808,21.0,0,-0.29042066988253623,21.314922011276053,20.5,21.5
1282.0,20.948704446183918,21.272489499620395,1.799115557910361,21.0,0,-0.27248949962039504,21.093177796998983,20.5,21.5
1283.0,20.944874528406263,21.233997053861977,1.79987723569978,21.0,0,-0.23399705386197667,20.849072596277793,20.5,21.5
1284.0,20.941045528947722,21.31091016035098,1.8006375428043873,21.0,0,-0.3109101603509785,22.080041225240997,20.5,21.5
1285.0,20.937217447350495,21.337572136520755,1.8013964786451755,21.0,0,-0.33757213652075535,21.604191898218524,20.5,21.5
1286.0,20.933390283156754,21.239079167101323,1.802154042644183,21.0,1,-0.23907916710132326,20.254149472907002,20.5,21.5
1287.0,20.94956403590865,21.246672336369222,1.8029102342244911,21.0,1,-0.24667233636922248,21.322604029048215,20.5,21.5
1288.0,20.965734705148314,21.301247224980564,1.8036650528102278,21.0,0,-0.301247224980564,21.84699611109398,20.5,21.5
1289.0,20.961902291217847,21.323074692811208,1.804418497826564,21.0,0,-0.3230746928112076,21.541349371117644,20.5,21.5
1290.0,20.958070794459168,21.256558382412226,1.8051705686997206,21.0,0,-0.2565583824122264,20.591395278422414,20.5,21.5
1291.0,20.954240214414018,21.194818489960227,1.8059212648569627,21.0,0,-0.19481848996022677,20.57741956544023,20.5,21.5
1292.0,20.950410550624106,21.245313465939283,1.8066705857266019,21.0,0,-0.24531346593928305,21.750263225729846,20.5,21.5
1293.0,20.946581802631126,21.16085045812679,1.8074185307379969,21.0,1,-0.16085045812679155,20.316220380001877,20.5,21.5
1294.0,20.96275396997675,21.221699129756153,1.8081650993215561,21.0,0,-0.22169912975615347,21.830185846049773,20.5,21.5
1295.0,20.958923052202618,21.252717496362344,1.8089102909087362,21.0,0,-0.25271749636234375,21.562901162424247,20.5,21.5
1296.0,20.95509304965036,21.330194531134886,1.8096541049320392,21.0,0,-0.33019453113488595,22.104964878860308,20.5,21.5
1297.0,20.951263961861414,21.26184093217176,1.8103965408250193,21.0,0,-0.2618409321717614,20.578304942540516,20.5,21.5
1298.0,20.947435788377206,21.30140624871816,1.8111375980222792,21.0,0,-0.301406248718159,21.697059414182135,20.5,21.5
1299.0,20.943608528739134,21.14739502932387,1.8118772759594712,21.0,1,-0.14739502932387083,19.60728283538099,20.5,21.5
1300.0,20.959782182488578,21.126207936495327,1.8126155740733,21.0,1,-0.12620793649532658,20.914337008209884,20.5,21.5
1301.0,20.975952749166893,21.205002244567755,1.8133524918015178,21.0,0,-0.20500224456775484,21.992945325292037,20.5,21.5
1302.0,20.97212022911542,21.192296837611696,1.8140880285829297,21.0,0,-0.19229683761169625,21.06524276805111,20.5,21.5
1303.0,20.968288622675313,21.180850759024544,1.8148221838573937,21.0,0,-0.18085075902454406,21.066389973153022,20.5,21.5
1304.0,20.96445792938755,21.215160760347068,1.8155549570658174,21.0,0,-0.215160760347068,21.558260773572307,20.5,21.5
1305.0,20.960628148793084,21.146785800277296,1.8162863476501627,21.0,1,-0.14678580027729637,20.46303619957958,20.5,21.5
1306.0,20.976799280432857,21.1055572752071,1.8170163550534433,21.0,1,-0.10555727520710079,20.693272024505145,20.5,21.5
1307.0,20.992967323847783,21.16340464860167,1.8177449787197277,21.0,0,-0.16340464860167003,21.741878382547362,20.5,21.5
1308.0,20.989132279378758,21.249888182179824,1.8184722180941373,21.0,0,-0.24988818217982356,22.11472351796136,20.5,21.5
1309.0,20.9852981473665,21.28110136014009,1.8191980726228465,21.0,0,-0.28110136014009157,21.59323313974277,20.5,21.5
1310.0,20.98146492735155,21.332110922318893,1.8199225417530869,21.0,0,-0.3321109223188934,21.84220654410691,20.5,21.5
1311.0,20.97763261887443,21.350911733394764,1.8206456249331424,21.0,0,-0.35091173339476356,21.538919844153465,20.5,21.5
1312.0,20.973801221475643,21.32791683196975,1.821367321612354,21.0,0,-0.3279168319697483,21.097967817719596,20.5,21.5
1313.0,20.96997073469567,21.262674542069565,1.8220876312411196,21.0,0,-0.26267454206956486,20.61025164306773,20.5,21.5
1314.0,20.96614115807498,21.34418054722361,1.8228065532708904,21.0,0,-0.34418054722360836,22.159240598764043,20.5,21.5
1315.0,20.96231249115402,21.339486493915857,1.8235240871541771,21.0,0,-0.3394864939158566,21.29254596083834,20.5,21.5
1316.0,20.95848473347322,21.323992353797752,1.824240232344546,21.0,0,-0.3239923537977525,21.16905095261671,20.5,21.5
1317.0,20.954657884572995,21.270310030835866,1.8249549882966214,21.0,0,-0.2703100308358657,20.733486801216998,20.5,21.5
1318.0,20.95083194399374,21.295643737955068,1.8256683544660852,21.0,0,-0.2956437379550678,21.54898080914709,20.5,21.5
1319.0,20.947006911275835,21.25314172459364,1.8263803303096795,21.0,0,-0.2531417245936396,20.828121590979357,20.5,21.5
1320.0,20.943182785959642,21.249171417300264,6.8270909152852015,21.0,0,-0.24917141730026415,21.20946834436651,20.5,21.5
1321.0,20.940359567585507,21.30089693780878,6.827800108851512,21.0,0,-0.3008969378087798,21.818152142893936,20.5,21.5
1322.0,20.93753705569376,21.394145893586323,6.828507910468527,21.0,0,-0.3941458935863231,22.326635451361756,20.5,21.5
1323.0,20.934715249864716,21.360689718196813,6.829214319597227,21.0,0,-0.36068971819681295,21.02612796430171,20.5,21.5
1324.0,20.931894149678662,21.30507652279391,6.82991933569965,21.0,0,-0.30507652279391095,20.74894456876489,20.5,21.5
1325.0,20.929073754715866,21.319526041588823,6.830622958238894,21.0,0,-0.3195260415888228,21.46402122953794,20.5,21.5
1326.0,20.92625406455657,21.254235584273204,6.831325186679122,21.0,0,-0.2542355842732036,20.60133101111701,20.5,21.5
1327.0,20.923435078780994,21.221780382912154,6.832026020485555,21.0,0,-0.2217803829121543,20.89722836930166,20.5,21.5
1328.0,20.920616796969334,21.16602337272558,6.832725459124479,21.0,0,-0.16602337272557932,20.60845327085983,20.5,21.5
1329.0,20.917799218701767,21.114872830039634,6.833423502063241,21.0,0,-0.11487283003963356,20.603367403180176,20.5,21.5
1330.0,20.91498234355844,21.087072881070537,6.834120148770248,21.0,0,-0.08707288107053657,20.809073391379567,20.5,21.5
1331.0,20.91216617111948,21.133248019286924,6.8348153987149765,21.0,0,-0.1332480192869241,21.5949994014508,20.5,21.5
1332.0,20.909350700965,21.095322777608597,6.835509251367962,21.0,0,-0.09532277760859742,20.71607036082533,20.5,21.5
1333.0,20.90653593267508,21.089075846658737,6.836201706200806,21.0,0,-0.08907584665873713,21.026606537160134,20.5,21.5
1334.0,20.903721865829784,21.123353538937593,6.836892762686174,21.0,0,-0.12335353893759304,21.466130461726152,20.5,21.5
1335.0,20.900908500009155,21.180505862098887,6.837582420297796,21.0,0,-0.18050586209888664,21.752029093711823,20.5,21.5
1336.0,20.898095834793214,21.171566561874354,6.838270678510469,21.0,0,-0.1715665618743536,21.082173559629023,20.5,21.5
1337.0,20.895283869761958,21.12458217881797,6.838957536800052,21.0,0,-0.1245821788179704,20.65473834825414,20.5,21.5
1338.0,20.892472604495364,21.20058320513015,6.839642994643475,21.0,0,-0.20058320513015104,21.960593468251957,20.5,21.5
1339.0,20.889662038573395,21.132548872215118,6.840327051518731,21.0,1,-0.1325488722151178,20.452205543064785,20.5,21.5
1340.0,20.906852171575984,21.161147974631085,6.841009706904881,21.0,1,-0.16114797463108488,21.447138998790756,20.5,21.5
1341.0,20.92403900308305,21.10811555351959,6.841690960282053,21.0,1,-0.10811555351958901,20.57779134240463,20.5,21.5
1342.0,20.941222533474487,21.147356953958262,6.842370811131442,21.0,0,-0.14735695395826198,21.53977095834499,20.5,21.5
1343.0,20.938402763130018,21.16409438321431,6.843049258935315,21.0,0,-0.1640943832143087,21.331468675774776,20.5,21.5
1344.0,20.93558369242918,21.28053565210542,6.843726303177001,21.0,0,-0.28053565210542075,22.44494834101654,20.5,21.5
1345.0,20.93276532095133,21.220930484382386,6.844401943340904,21.0,0,-0.22093048438238583,20.624878807152037,20.5,21.5
1346.0,20.929947648275807,21.211657048519136,6.8450761789124925,21.0,0,-0.21165704851913603,21.118922689886638,20.5,21.5
1347.0,20.927130673981935,21.298137396856315,6.845749009378309,21.0,0,-0.29813739685631546,22.16294088022811,20.5,21.5
1348.0,20.924314397649013,21.290042744146483,6.846420434225962,21.0,0,-0.2900427441464828,21.209096217048156,20.5,21.5
1349.0,20.92149881885633,21.25209719947694,6.847090452944133,21.0,0,-0.252097199476939,20.8726417527815,20.5,21.5
1350.0,20.918683937183147,21.260751613235378,6.847759065022574,21.0,0,-0.260751613235378,21.347295750819768,20.5,21.5
1351.0,20.915869752208714,21.226446226311896,6.848426269952107,21.0,0,-0.22644622631189648,20.88339235707708,20.5,21.5
1352.0,20.913056263512264,21.153977758883123,6.8490920672246265,21.0,1,-0.15397775888312282,20.429293084595386,20.5,21.5
1353.0,20.930243470673005,21.180350107888014,6.849756456333099,21.0,1,-0.18035010788801387,21.444073597936924,20.5,21.5
1354.0,20.947427373270138,21.188112243506282,6.850419436771564,21.0,1,-0.18811224350628208,21.265733599688964,20.5,21.5
1355.0,20.964607971682838,21.233513123671397,6.851081008035132,21.0,0,-0.23351312367139698,21.687521925322546,20.5,21.5
1356.0,20.961785266290107,21.312748319335135,6.85174116961999,21.0,0,-0.31274831933513525,22.105100275972518,20.5,21.5
1357.0,20.958963257470774,21.33139525087787,6.852399921023393,21.0,0,-0.33139525087786836,21.5178645663052,20.5,21.5
1358.0,20.956141944803484,21.231606569311168,6.8530572617436745,21.0,1,-0.2316065693111682,20.233719753644166,20.5,21.5
1359.0,20.973321327866874,21.256793641022675,6.853713191280241,21.0,0,-0.256793641022675,21.508664358137743,20.5,21.5
1360.0,20.970497406239556,21.193092833969366,6.854367709133575,21.0,0,-0.1930928339693665,20.55608476343628,20.5,21.5
1361.0,20.967674180300133,21.214345129891832,6.85502081480523,21.0,0,-0.2143451298918322,21.42686808911649,20.5,21.5
1362.0,20.964851649627033,21.20710532434927,6.8556725077978395,21.0,0,-0.2071053243492713,21.134707268923663,20.5,21.5
1363.0,20.962029813798665,21.33744673214884,6.856322787615111,21.0,0,-0.337446732148841,22.640860810144538,20.5,21.5
1364.0,20.95920867239343,21.297488607976145,6.856971653761827,21.0,0,-0.2974886079761454,20.89790736624919,20.5,21.5
1365.0,20.956388224989706,21.35808341469977,6.857619105743849,21.0,0,-0.35808341469977023,21.96403148193602,20.5,21.5
1366.0,20.953568471165855,21.4273274061046,6.858265143068112,21.0,0,-0.42732740610459885,22.119767320152885,20.5,21.5
1367.0,20.950749410500237,21.469227102996463,6.8589097652426325,21.0,0,-0.469227102996463,21.888224071915104,20.5,21.5
1368.0,20.947931042571184,21.44900666388714,6.859552971776503,21.0,0,-0.4490066638871397,21.246802272793907,20.5,21.5
1369.0,20.945113366957024,21.42887142206075,6.860194762179892,21.0,0,-0.4288714220607517,21.22751900379687,20.5,21.5
1370.0,20.94229638323607,21.39830941321075,6.860835135964049,21.0,0,-0.3983094132107503,21.092689324710737,20.5,21.5
1371.0,20.939480090986613,21.344885862816962,6.861474092641302,21.0,0,-0.34488586281696243,20.810650358879084,20.5,21.5
1372.0,20.936664489786946,21.332111811457658,6.862111631725057,21.0,0,-0.3321118114576578,21.20437129786461,20.5,21.5
1373.0,20.933849579215334,21.260295609453085,6.8627477527298,21.0,0,-0.2602956094530846,20.542133589407353,20.5,21.5
1374.0,20.931035358850036,21.28900058801486,6.863382455171098,21.0,0,-0.2890005880148614,21.57605037363263,20.5,21.5
1375.0,20.9282218282693,21.261193849518786,6.864015738565596,21.0,0,-0.26119384951878644,20.983126464558037,20.5,21.5
1376.0,20.92540898705136,21.32367580097999,6.864647602431024,21.0,0,-0.3236758009799914,21.94849531559204,20.5,21.5
1377.0,20.922596834774435,21.27317774779236,6.865278046286188,21.0,0,-0.27317774779236004,20.768197215916047,20.5,21.5
1378.0,20.919785371016737,21.313321164341332,6.865907069650978,21.0,0,-0.31332116434133184,21.71475532983105,20.5,21.5
1379.0,20.916974595356464,21.26117485174993,6.866534672046365,21.0,0,-0.2611748517499315,20.739711725835928,20.5,21.5
1380.0,20.9141645073718,21.290835931109207,6.867160852994403,21.0,0,-0.290835931109207,21.587446724701962,20.5,21.5
1381.0,20.911355106640926,21.203609107678307,6.867785612018229,21.0,1,-0.2036091076783073,20.33134087336931,20.5,21.5
1382.0,20.928546392742,21.267360392551716,6.868408948642059,21.0,0,-0.2673603925517156,21.9048732412858,20.5,21.5
1383.0,20.92573436525318,21.265334648894086,6.869030862391197,21.0,0,-0.2653346488940862,21.245077212317792,20.5,21.5
1384.0,20.92292302455261,21.265536096530493,6.869651352792029,21.0,0,-0.2655360965304929,21.26755057289456,20.5,21.5
1385.0,20.92011237021826,21.21759142304843,6.870270419372023,21.0,0,-0.21759142304842882,20.738144688227788,20.5,21.5
1386.0,20.91730240182809,21.177316438037355,6.870888061659734,21.0,0,-0.17731643803735508,20.774566587926618,20.5,21.5
1387.0,20.914493118960056,21.189105286977753,6.871504279184801,21.0,0,-0.1891052869777532,21.306993776381734,20.5,21.5
1388.0,20.9116845211921,21.174677411966172,6.872119071477947,21.0,0,-0.17467741196617226,21.030398661850363,20.5,21.5
1389.0,20.908876608102158,21.21646078344491,6.8727324380709796,21.0,0,-0.2164607834449086,21.634294498232272,20.5,21.5
1390.0,20.906069379268153,21.257026855259028,6.873344378496795,21.0,0,-0.2570268552590278,21.66268757340022,20.5,21.5
1391.0,20.903262834268,21.2650280209094,6.873954892289374,21.0,0,-0.26502802090940136,21.345039677413137,20.5,21.5
1392.0,20.900456972679603,21.22118183491444,6.874563978983783,21.0,0,-0.22118183491443943,20.78271997496482,20.5,21.5
1393.0,20.897651794080865,21.174975796596215,6.875171638116177,21.0,0,-0.17497579659621465,20.712915413413967,20.5,21.5
1394.0,20.894847298049672,21.112373067904503,6.875777869223795,21.0,1,-0.11237306790450319,20.48634578098739,20.5,21.5
1395.0,20.912043484163906,21.02921123451204,6.8763826718449685,21.0,1,-0.029211234512040107,20.19759290058741,20.5,21.5
1396.0,20.929236352001443,21.013819897311567,6.876986045519112,21.0,1,-0.013819897311567075,20.859906525306837,20.5,21.5
1397.0,20.946425901940145,20.98721531748812,6.877587989786731,21.0,1,0.012784682511881584,20.721169519253632,20.5,21.5
1398.0,20.963612134357714,21.044700123912275,6.878188504189418,21.0,0,-0.04470012391227485,21.61954818815384,20.5,21.5
1399.0,20.96079504963168,21.078709215243276,6.878787588269857,21.0,0,-0.07870921524327557,21.418800128553283,20.5,21.5
1400.0,20.95797864813941,21.128454446822214,6.879385241571817,21.0,0,-0.1284544468222144,21.625906762611603,20.5,21.5
1401.0,20.955162929458098,21.190701040266806,6.87998146364016,21.0,0,-0.19070104026680568,21.81316697471272,20.5,21.5
1402.0,20.952347893164934,21.18762021846218,6.880576254020838,21.0,0,-0.1876202184621789,21.15681200041591,20.5,21.5
1403.0,20.949533538837105,21.232408389320188,6.881169612260891,21.0,0,-0.23240838932018804,21.68029009790028,20.5,21.5
1404.0,20.94671986605179,21.31963386240456,6.881761537908451,21.0,0,-0.3196338624045616,22.191888593248297,20.5,21.5
1405.0,20.943906874386162,21.336680477408883,6.882352030512742,21.0,0,-0.3366804774088834,21.5071466274521,20.5,21.5
1406.0,20.941094563417387,21.28718023340677,6.882941089624076,21.0,0,-0.2871802334067688,20.792177793385623,20.5,21.5
1407.0,20.93828293272263,21.306156236773926,6.883528714793861,21.0,0,-0.30615623677392634,21.495916270445502,20.5,21.5
1408.0,20.935471981879044,21.24429266152665,6.884114905574593,21.0,0,-0.24429266152665008,20.625656909053887,20.5,21.5
1409.0,20.932661710463783,21.174043106830187,6.884699661519864,21.0,1,-0.17404310683018664,20.471547559865552,20.5,21.5
1410.0,20.949852118053993,21.168627696344004,6.885282982184357,21.0,1,-0.16862769634400365,21.114473591482174,20.5,21.5
1411.0,20.96703920422682,21.187060464369942,6.885864867123846,21.0,1,-0.18706046436994228,21.37138814462933,20.5,21.5
1412.0,20.984222969359397,21.282443745321512,6.886445315895202,21.0,0,-0.28244374532151184,22.236276554837207,20.5,21.5
1413.0,20.981403413828705,21.367477200108986,6.887024328056388,21.0,0,-0.3674772001089863,22.21781174798373,20.5,21.5
1414.0,20.97858453801155,21.477118007463105,6.887601903166459,21.0,0,-0.47711800746310473,22.57352608100429,20.5,21.5
1415.0,20.97576634148458,21.57482198185813,6.888178040785569,21.0,0,-0.574821981858129,22.551861725808372,20.5,21.5
1416.0,20.97294882382444,21.643158481805422,6.888752740474962,21.0,0,-0.6431584818054219,22.32652348127835,20.5,21.5
1417.0,20.970131984607768,21.574354442815835,6.889326001796981,21.0,0,-0.5743544428158351,20.886314052919968,20.5,21.5
1418.0,20.967315823411205,21.46362807206088,6.889897824315062,21.0,1,-0.46362807206088164,20.356364364511347,20.5,21.5
1419.0,20.984500339811387,21.394672566025413,6.890468207593736,21.0,1,-0.3946725660254131,20.705117505670728,20.5,21.5
1420.0,21.001681533384943,21.339829903887512,6.891037151198633,21.0,1,-0.33982990388751233,20.791403282508504,20.5,21.5
1421.0,21.018859404508504,21.35097815102121,6.8916046546964775,21.0,1,-0.35097815102120933,21.46246062235818,20.5,21.5
1422.0,21.03603395355854,21.369712138606015,6.892170717655091,21.0,0,-0.3697121386060154,21.557052014454076,20.5,21.5
1423.0,21.03320518091136,21.42515209346167,6.892735339643391,21.0,0,-0.42515209346166927,21.979551642018208,20.5,21.5
1424.0,21.030377086943105,21.405638301293926,6.893298520231393,21.0,0,-0.4056383012939264,21.210500379616498,20.5,21.5
1425.0,21.027549671229764,21.394274488222628,6.893860258990211,21.0,0,-0.3942744882226279,21.280636357509643,20.5,21.5
1426.0,21.024722933347316,21.30237412852626,6.894420555492058,21.0,1,-0.3023741285262602,20.383370531562583,20.5,21.5
1427.0,21.041896872871746,21.271234810166018,6.894979409310242,21.0,1,-0.2712348101660176,20.95984162656359,20.5,21.5
1428.0,21.059067489379032,21.262374109948166,6.895536820019172,21.0,1,-0.26237410994816557,21.173767107769645,20.5,21.5
1429.0,21.07623478324516,21.25424742020585,6.8960927871943545,21.0,1,-0.25424742020585,21.172980522782694,20.5,21.5
1430.0,21.09339875484595,21.27983478720431,6.896647310412399,21.0,0,-0.27983478720431165,21.535708457188928,20.5,21.5
1431.0,21.090559404557062,21.26331311564622,6.897200389251009,21.0,0,-0.26331311564621984,21.0980964000653,20.5,21.5
1432.0,21.087720732754,21.302063822233713,6.897752023288993,21.0,0,-0.30206382223371264,21.68957088810864,20.5,21.5
1433.0,21.08488273901211,21.249464331786,6.898302212106257,21.0,0,-0.24946433178600103,20.723469427308885,20.5,21.5
1434.0,21.082045422906727,21.219821528915638,6.898850955283807,21.0,0,-0.219821528915638,20.923393500212008,20.5,21.5
1435.0,21.079208784013204,21.244773884418013,6.8993982524037545,21.0,0,-0.24477388441801295,21.494297439441763,20.5,21.5
1436.0,21.076372821906883,21.327906846384035,6.899944103049305,21.0,0,-0.32790684638403533,22.15923646604426,20.5,21.5
1437.0,21.073537536163112,21.345864984651477,6.900488506804772,21.0,0,-0.3458649846514774,21.525446367325898,20.5,21.5
1438.0,21.07070292635724,21.472947138337965,6.901031463255567,21.0,0,-0.47294713833796465,22.743768675202837,20.5,21.5
1439.0,21.067868992064618,21.535663593011897,6.901572971988207,21.0,0,-0.5356635930118969,22.16282813975122,20.5,21.5
1440.0,21.065035732860604,21.513120940772136,6.902113032590307,21.0,0,-0.5131209407721364,21.28769441837453,20.5,21.5
1441.0,21.06220314832055,21.494635272746706,6.9026516446505894,21.0,0,-0.4946352727467058,21.3097785924924,20.5,21.5
1442.0,21.059371238019814,21.411350164406475,6.903188807758877,21.0,0,-0.41135016440647476,20.578499081004164,20.5,21.5
1443.0,21.05654000153376,21.320463389421956,6.903724521506096,21.0,1,-0.3204633894219562,20.41159563957677,20.5,21.5
1444.0,21.073709438437756,21.30999064014598,6.904258785484277,21.0,1,-0.30999064014597977,21.205263147386216,20.5,21.5
1445.0,21.090875548307167,21.361948028453153,6.904791599286557,21.0,0,-0.36194802845315266,21.88152191152488,20.5,21.5
1446.0,21.088038331517364,21.313421247340806,6.905322962507173,21.0,0,-0.31342124734080556,20.828153436217335,20.5,21.5
1447.0,21.085201788443563,21.359690601913655,6.905852874741469,21.0,0,-0.35969060191365543,21.822384147642154,20.5,21.5
1448.0,21.082365918660823,21.372220684892987,6.906381335585894,21.0,0,-0.3722206848929872,21.497521514686305,20.5,21.5
1449.0,21.07953072174421,21.4570600702473,6.906908344638003,21.0,0,-0.45706007024730155,22.305453923790445,20.5,21.5
1450.0,21.076696197268788,21.48297914861714,6.907433901496454,21.0,0,-0.4829791486171402,21.742169932315527,20.5,21.5
1451.0,21.073862344809633,21.537820296855138,6.907958005761014,21.0,0,-0.5378202968551378,22.086231779235113,20.5,21.5
1452.0,21.071029163941823,21.515201210829357,6.908480657032554,21.0,0,-0.5152012108293569,21.289010350571548,20.5,21.5
1453.0,21.06819665424044,21.53077112660257,6.909001854913052,21.0,0,-0.5307711266025699,21.6864702843347,20.5,21.5
1454.0,21.065364815280578,21.513061331662996,6.909521599005595,21.0,0,-0.5130613316629962,21.33596338226726,20.5,21.5
1455.0,21.062533646637323,21.44307929849341,6.910039888914373,21.0,0,-0.44307929849340866,20.743258966797534,20.5,21.5
1456.0,21.059703147885777,21.466764076967085,6.910556724244687,21.0,0,-0.46676407696708466,21.703611861703845,20.5,21.5
1457.0,21.05687331860105,21.482394056021185,6.911072104602944,21.0,0,-0.48239405602118524,21.63869384656219,20.5,21.5
1458.0,21.05404415835825,21.492871795544676,6.91158602959666,21.0,0,-0.4928717955446764,21.59764919077959,20.5,21.5
1459.0,21.051215666732496,21.3943791925426,6.9120984988344585,21.0,1,-0.39437919254260123,20.40945316252185,20.5,21.5
1460.0,21.068387843298915,21.4552827181228,6.912609511926071,21.0,0,-0.45528271812279897,22.064317973924776,20.5,21.5
1461.0,21.06555668763264,21.432634535954598,6.91311906848234,21.0,0,-0.4326345359545982,21.20615271427259,20.5,21.5
1462.0,21.06272620010881,21.416247812223563,6.913627168115215,21.0,0,-0.41624781222356333,21.252380574913214,20.5,21.5
1463.0,21.059896380302412,21.318333126716652,6.9141338104377565,21.0,1,-0.31833312671665226,20.33918627164754,20.5,21.5
1464.0,21.07706722778844,21.343788849737756,6.914638995064134,21.0,0,-0.3437888497377557,21.59834607994879,20.5,21.5
1465.0,21.074234742141897,21.24104287303692,6.915142721609628,21.0,1,-0.24104287303692118,20.213583106028576,20.5,21.5
1466.0,21.09140292373779,21.19172187091278,6.91564498969063,21.0,1,-0.19172187091277948,20.698511849671362,20.5,21.5
1467.0,21.10856777215098,21.223527141986686,6.916145798924639,21.0,0,-0.22352714198668622,21.541579852725754,20.5,21.5
1468.0,21.105729287756336,21.277515013130614,6.916645148930266,21.0,0,-0.2775150131306141,21.817393724569893,20.5,21.5
1469.0,21.102891470928572,21.280104702398532,6.917143039327238,21.0,0,-0.2801047023985319,21.30600159507771,20.5,21.5
1470.0,21.10005432124225,21.266455913018838,6.917639469736386,21.0,0,-0.266455913018838,21.1299680192219,20.5,21.5
1471.0,21.09721783827195,21.30035731574882,6.918134439779659,21.0,0,-0.3003573157488191,21.63937134304863,20.5,21.5
1472.0,21.09438202159225,21.329528303828823,6.918627949080115,21.0,0,-0.32952830382882325,21.621238184628865,20.5,21.5
1473.0,21.091546870777748,21.4102119595153,6.919119997261925,21.0,0,-0.4102119595153013,22.217048516380082,20.5,21.5
1474.0,21.088712385403046,21.404329030917157,6.919610583950374,21.0,0,-0.40432903091715744,21.34549974493572,20.5,21.5
1475.0,21.085878565042755,21.448811840472054,6.920099708771858,21.0,0,-0.4488118404720538,21.893639936021017,20.5,21.5
1476.0,21.083045409271502,21.50160200480538,6.920587371353886,21.0,0,-0.5016020048053811,22.029503648138654,20.5,21.5
1477.0,21.080212917663918,21.491440238963435,6.921073571325084,21.0,0,-0.4914402389634347,21.38982258054397,20.5,21.5
1478.0,21.07738108979465,21.42174506592042,6.921558308315188,21.0,0,-0.42174506592041894,20.72479333549026,20.5,21.5
1479.0,21.074549925238355,21.525211394344545,6.922041581955051,21.0,0,-0.5252113943445451,22.559874678585807,20.5,21.5
1480.0,21.071719423569697,21.57437764609636,6.922523391876638,21.0,0,-0.5743776460963588,22.066040163614495,20.5,21.5
1481.0,21.068889584363358,21.534760647368277,6.92300373771303,21.0,0,-0.5347606473682767,21.138590660087456,20.5,21.5
1482.0,21.06606040719403,21.48093778129958,6.923482619098422,21.0,0,-0.48093778129958054,20.94270912061262,20.5,21.5
1483.0,21.06323189163641,21.510380435468658,6.923960035668127,21.0,0,-0.5103804354686581,21.804806977159434,20.5,21.5
1484.0,21.060404037265215,21.393597635788637,6.924435987058571,21.0,1,-0.3935976357886375,20.22576963898843,20.5,21.5
1485.0,21.077576843655173,21.365263672638264,6.924910472907294,21.0,1,-0.36526367263826387,21.081924041134528,20.5,21.5
1486.0,21.094746310381023,21.36791670370816,6.925383492852958,21.0,1,-0.3679167037081612,21.394447014407135,20.5,21.5
1487.0,21.111912437817516,21.47612758424095,6.925855046535334,21.0,0,-0.4761275842409489,22.558236389568826,20.5,21.5
1488.0,21.10907522633926,21.467278653988018,6.926325133595316,21.0,0,-0.4672786539880178,21.378789351458707,20.5,21.5
1489.0,21.10623867632071,21.44001869873506,6.926793753674912,21.0,0,-0.4400186987350594,21.167419146205475,20.5,21.5
1490.0,21.103402787336183,21.454635686789043,6.927260906417246,21.0,0,-0.4546356867890431,21.60080556732888,20.5,21.5
1491.0,21.100567558959998,21.44942186362672,6.927726591466562,21.0,0,-0.4494218636267213,21.397283632003504,20.5,21.5
1492.0,21.0977329907665,21.41871098858629,6.92819080846822,21.0,0,-0.41871098858629097,21.111602238181987,20.5,21.5
1493.0,21.094899082330038,21.38633522455936,6.928653557068699,21.0,0,-0.3863352245593603,21.062577584290054,20.5,21.5
1494.0,21.092065833224986,21.42895211037037,6.929114836915597,21.0,0,-0.4289521103703713,21.85512096848048,20.5,21.5
1495.0,21.089233243025724,21.43280513572556,6.929574647657626,21.0,0,-0.4328051357255589,21.471335389277435,20.5,21.5
1496.0,21.086401311306652,21.462936570033406,6.930032988944623,21.0,0,-0.46293657003340627,21.76425091311188,20.5,21.5
1497.0,21.08357003764218,21.41151236925055,6.9304898604275404,21.0,0,-0.41151236925054846,20.89727036142197,20.5,21.5
1498.0,21.080739421606737,21.46048839639207,6.93094526175845,21.0,0,-0.4604883963920692,21.950248667807276,20.5,21.5
1499.0,21.077909462774766,21.47618545088476,6.931399192590545,21.0,0,-0.47618545088475983,21.633155995811666,20.5,21.5
1500.0,21.07508016072073,21.40992016110736,6.931851652578136,21.0,0,-0.40992016110736174,20.74726726333338,20.5,21.5
1501.0,21.0722515150191,21.313891875119698,6.932302641376657,21.0,1,-0.3138918751196975,20.353609015243055,20.5,21.5
1502.0,21.08942352524437,21.33441617088171,6.932752158642659,21.0,0,-0.3344161708817097,21.53965912850183,20.5,21.5
1503.0,21.08659219097105,21.35017878794887,6.933200204033815,21.0,0,-0.35017878794887025,21.507804958620476,20.5,21.5
1504.0,21.083761512573663,21.401469340085406,6.933646777208919,21.0,0,-0.4014693400854057,21.91437486145076,20.5,21.5
1505.0,21.08093148962659,21.39594273947618,6.934091877827886,21.0,0,-0.39594273947617964,21.34067673338392,20.5,21.5
1506.0,21.07810212170423,21.38010964815522,6.934535505551754,21.0,0,-0.3801096481552193,21.221778734945616,20.5,21.5
1507.0,21.075273408381,21.445524153824277,6.934977660042679,21.0,0,-0.4455241538242767,22.09966921051485,20.5,21.5
1508.0,21.072445349231334,21.412554895973766,6.935418340963942,21.0,0,-0.4125548959737664,21.082862317468663,20.5,21.5
1509.0,21.06961794382968,21.34427628350995,6.935857547979946,21.0,0,-0.34427628350994866,20.66149015887177,20.5,21.5
1510.0,21.06679119175051,21.40962075917264,6.936295280756216,21.0,0,-0.40962075917263974,22.06306551579955,20.5,21.5
1511.0,21.063965092568314,21.51828576172901,6.936731538959397,21.0,0,-0.5182857617290111,22.604935787292725,20.5,21.5
1512.0,21.06113964585759,21.413050496165347,6.937166322257262,21.0,1,-0.41305049616534717,20.360697840528708,20.5,21.5
1513.0,21.07831485119287,21.38535854970062,6.9375996303187035,21.0,1,-0.38535854970061933,21.10843908505334,20.5,21.5
1514.0,21.095486708148698,21.415869881435032,6.938031462813739,21.0,0,-0.41586988143503234,21.720983198779162,20.5,21.5
1515.0,21.09265521709963,21.368103193922643,6.938461819413509,21.0,0,-0.3681031939226429,20.89043631879875,20.5,21.5
1516.0,21.089824378420094,21.335149169710796,6.938890699790278,21.0,0,-0.335149169710796,21.005608927592327,20.5,21.5
1517.0,21.08699419168437,21.401241601926316,6.939318103617435,21.0,0,-0.40124160192631564,22.062165924081512,20.5,21.5
1518.0,21.084164656466754,21.427336830386455,6.939744030569494,21.0,0,-0.4273368303864551,21.68828911498785,20.5,21.5
1519.0,21.081335772341575,21.366896300188554,6.940168480322091,21.0,0,-0.3668963001885537,20.76249099820954,20.5,21.5
1520.0,21.07850753888317,21.400983023669237,6.940591452551993,21.0,0,-0.4009830236692373,21.741850258476074,20.5,21.5
1521.0,21.075679955665905,21.3900348595923,6.941012946937085,21.0,0,-0.39003485959230133,21.28055321882294,20.5,21.5
1522.0,21.07285302226416,21.298791377353893,6.941432963156382,21.0,1,-0.2987913773538935,20.386356554969815,20.5,21.5
1523.0,21.090026738252337,21.280820905114314,6.941851500890023,21.0,1,-0.28082090511431446,21.101116182718524,20.5,21.5
1524.0,21.107197103204864,21.413074865819034,6.942268559819272,21.0,0,-0.4130748658190342,22.73561447286623,20.5,21.5
1525.0,21.104364117496186,21.45335852277146,6.942684139626523,21.0,0,-0.4533585227714596,21.856195092295714,20.5,21.5
1526.0,21.10153178150061,21.476009852919546,6.943098239995292,21.0,0,-0.476009852919546,21.70252315440041,20.5,21.5
1527.0,21.09870009479231,21.513119661337985,6.943510860610225,21.0,0,-0.5131196613379849,21.884217745522374,20.5,21.5
1528.0,21.095869056945475,21.589953070559584,6.943922001157093,21.0,0,-0.5899530705595843,22.35828716277558,20.5,21.5
1529.0,21.093038667534316,21.49924008080294,6.944331661322793,21.0,0,-0.4992400808029416,20.592110183236514,20.5,21.5
1530.0,21.090208926133073,21.482046604349495,6.944739840795354,21.0,0,-0.4820466043494953,21.310111839815033,20.5,21.5
1531.0,21.087379832316007,21.40660831147489,6.945146539263926,21.0,0,-0.4066083114748906,20.652225382728844,20.5,21.5
1532.0,21.084551385657395,21.417436949632748,6.9455517564187925,21.0,0,-0.4174369496327479,21.52572333121132,20.5,21.5
1533.0,21.08172358573155,21.364306828319783,6.945955491951364,21.0,0,-0.36430682831978345,20.83300561519014,20.5,21.5
1534.0,21.078896432112792,21.462115150197093,6.9463577455541765,21.0,0,-0.4621151501970928,22.440198368970186,20.5,21.5
1535.0,21.07606992437548,21.435973395198282,6.946758516920897,21.0,0,-0.4359733951982818,21.174555845210172,20.5,21.5
1536.0,21.07324406209399,21.434029067514764,6.94715780574632,21.0,0,-0.4340290675147642,21.41458579067959,20.5,21.5
1537.0,21.07041884484272,21.479281964317774,6.947555611726371,21.0,0,-0.47928196431777437,21.931810932347876,20.5,21.5
1538.0,21.067594272196096,21.550503979877046,6.947951934558104,21.0,0,-0.5505039798770461,22.262724135469764,20.5,21.5
1539.0,21.06477034372857,21.47643446263229,6.948346773939699,21.0,0,-0.47643446263229094,20.73573929018474,20.5,21.5
1540.0,21.06194705901461,21.383896518704805,6.948740129570471,21.0,1,-0.38389651870480535,20.45851707942995,20.5,21.5
1541.0,21.079124417628723,21.42708391908814,6.949132001150861,21.0,0,-0.42708391908814036,21.85895792292149,20.5,21.5
1542.0,21.076298419145427,21.371211293146104,6.9495223883824435,21.0,0,-0.37121129314610357,20.812485033725736,20.5,21.5
1543.0,21.073473063939275,21.349796420670128,6.94991129096792,21.0,0,-0.3497964206701276,21.135647695910368,20.5,21.5
1544.0,21.07064835158468,21.39591077008858,6.950298708611126,21.0,0,-0.3959107700885802,21.857054264273106,20.5,21.5
1545.0,21.067824281656087,21.46134295805765,6.950684641017025,21.0,0,-0.46134295805764935,22.11566483774834,20.5,21.5
1546.0,21.06500085372796,21.479470161448496,6.951069087891713,21.0,0,-0.4794701614484964,21.660742195356967,20.5,21.5
1547.0,21.06217806737479,21.472656583275633,6.951452048942417,21.0,0,-0.47265658327563287,21.404520801546997,20.5,21.5
1548.0,21.059355922171104,21.375854321050003,6.951833523877495,21.0,1,-0.37585432105000294,20.407831698793704,20.5,21.5
1549.0,21.076534417691445,21.330953685992256,6.952213512406438,21.0,1,-0.33095368599225594,20.881947335414786,20.5,21.5
1550.0,21.093709553510386,21.328282217646784,6.952592014239867,21.0,1,-0.3282822176467839,21.301567534192063,20.5,21.5
1551.0,21.11088133000253,21.290324382252663,6.952969029089537,21.0,1,-0.2903243822526633,20.910746028311458,20.5,21.5
1552.0,21.12804974754235,21.315328120885574,6.953344556668336,21.0,0,-0.3153281208855745,21.565365507214686,20.5,21.5
1553.0,21.125214806504175,21.425538791694034,6.9537185966902815,21.0,0,-0.4255387916940343,22.527645499778632,20.5,21.5
1554.0,21.12238050726221,21.41966750134687,6.954091148870527,21.0,0,-0.4196675013468685,21.36095459787521,20.5,21.5
1555.0,21.11954684939053,21.40209810825541,6.954462212925358,21.0,0,-0.4020981082554087,21.22640417734081,20.5,21.5
1556.0,21.116713832463237,21.485050992481103,6.954831788572192,21.0,0,-0.48505099248110284,22.314579834738044,20.5,21.5
1557.0,21.113881456054457,21.478758150246456,6.955199875529582,21.0,0,-0.4787581502464562,21.41582972789999,20.5,21.5
1558.0,21.111049719738354,21.405776569445734,6.955566473517212,21.0,0,-0.4057765694457345,20.675960761438517,20.5,21.5
1559.0,21.10821862308911,21.451521556193903,6.9559315822559045,21.0,0,-0.451521556193903,21.908971423675588,20.5,21.5
1560.0,21.105388165680942,21.566465560402307,6.956295201467611,21.0,0,-0.5664655604023068,22.715905602486345,20.5,21.5
1561.0,21.1025583470881,21.499183673111094,6.956657330875421,21.0,0,-0.49918367311109435,20.82636480019897,20.5,21.5
1562.0,21.099729166884856,21.53277773350333,6.957017970203557,21.0,0,-0.5327777335033304,21.86871833742569,20.5,21.5
1563.0,21.09690062464552,21.55996096333424,6.957377119177376,21.0,0,-0.5599609633342411,21.831793261643348,20.5,21.5
1564.0,21.09407271994443,21.539398528132672,6.95773477752337,21.0,0,-0.5393985281326721,21.333774176116982,20.5,21.5
1565.0,21.091245452355945,21.42219006123711,6.958090944969168,21.0,1,-0.4221900612371101,20.25010539228149,20.5,21.5
1566.0,21.108418821454467,21.465063892235793,6.9584456212435315,21.0,0,-0.4650638922357935,21.893802202222627,20.5,21.5
1567.0,21.105588826814426,21.404917913154755,6.95879880607636,21.0,0,-0.40491791315475467,20.803458122344367,20.5,21.5
1568.0,21.102759468810277,21.32754310815264,6.959150499198688,21.0,0,-0.3275431081526392,20.553795058131485,20.5,21.5
1569.0,21.099930747016355,21.243367734621856,6.959500700342685,21.0,1,-0.2433677346218559,20.401613999314023,20.5,21.5
1570.0,21.11710266100702,21.25567575870275,6.959849409241659,21.0,1,-0.2556757587027505,21.378755999511696,20.5,21.5
1571.0,21.13427121035667,21.269993962028607,6.9601966256300525,21.0,1,-0.26999396202860737,21.413175995287176,20.5,21.5
1572.0,21.151436395439724,21.297379050583142,6.960542349243443,21.0,0,-0.2973790505831424,21.571229936128493,20.5,21.5
1573.0,21.148598216630486,21.374439544343414,6.960886579818551,21.0,0,-0.37443954434341364,22.145044481946126,20.5,21.5
1574.0,21.145760674303123,21.467703611815182,6.961229317093226,21.0,0,-0.46770361181518183,22.400344286532864,20.5,21.5
1575.0,21.142923768031682,21.502613586678983,6.961570560806461,21.0,0,-0.5026135866789829,21.851713335316994,20.5,21.5
1576.0,21.140087497390237,21.41973699802206,6.961910310698383,21.0,0,-0.41973699802206,20.59097111145283,20.5,21.5
1577.0,21.137251861952898,21.422223028935644,6.962248566510258,21.0,0,-0.4222230289356439,21.447083338071483,20.5,21.5
1578.0,21.134416861293808,21.369833979601353,6.96258532798449,21.0,0,-0.3698339796013528,20.84594348625844,20.5,21.5
1579.0,21.131582494987146,21.39373400363201,6.96292059486462,21.0,0,-0.3937340036320087,21.632734243938568,20.5,21.5
1580.0,21.12874876260712,21.423196178889544,6.9632543668953275,21.0,0,-0.423196178889544,21.717817931464896,20.5,21.5
1581.0,21.125915663727977,21.51988341442037,6.963586643822431,21.0,0,-0.5198834144203701,22.48675576972863,20.5,21.5
1582.0,21.123083197923997,21.554346188127194,6.9639174253928875,21.0,0,-0.5543461881271945,21.89897392519544,20.5,21.5
1583.0,21.12025136476949,21.610042688094758,6.964246711354791,21.0,0,-0.610042688094758,22.167007687770393,20.5,21.5
1584.0,21.11742016383881,21.596135108064704,6.964574501457378,21.0,0,-0.5961351080647042,21.457059307764165,20.5,21.5
1585.0,21.11458959470633,21.541338800882265,6.964900795451019,21.0,0,-0.541338800882265,20.993375729057874,20.5,21.5
1586.0,21.11175965694648,21.52502670659091,6.96522559308723,21.0,0,-0.5250267065909107,21.361905763677367,20.5,21.5
1587.0,21.108930350133708,21.47109079944012,6.965548894118663,21.0,0,-0.47109079944011967,20.93173172793221,20.5,21.5
1588.0,21.106101673842506,21.46180528737316,6.965870698299108,21.0,0,-0.46180528737315996,21.368950166703563,20.5,21.5
1589.0,21.103273627647397,21.41726756522045,6.9661910053835,21.0,0,-0.41726756522044894,20.97189034369334,20.5,21.5
1590.0,21.100446211122943,21.388006397947745,6.966509815127909,21.0,0,-0.38800639794774483,21.095394725220704,20.5,21.5
1591.0,21.097619423843742,21.34588204662534,6.966827127289549,21.0,0,-0.3458820466253414,20.924638533401307,20.5,21.5
1592.0,21.094793265384432,21.305026985358356,6.967142941626772,21.0,0,-0.3050269853583565,20.896476372688507,20.5,21.5
1593.0,21.09196773531968,21.231635255792227,6.967457257899071,21.0,1,-0.2316352557922272,20.497717960130935,20.5,21.5
1594.0,21.109142833224197,21.280583600098943,6.967770075867083,21.0,0,-0.280583600098943,21.7700670431661,20.5,21.5
1595.0,21.106314558672725,21.31352515106232,6.9680813952925815,21.0,0,-0.3135251510623185,21.642940660696073,20.5,21.5
1596.0,21.10348691204005,21.30860011845838,6.9683912159384835,21.0,0,-0.3086001184583793,21.259349792418988,20.5,21.5
1597.0,21.10065989290083,21.438246891104704,6.968699537568848,21.0,0,-0.43824689110470416,22.734714617567953,20.5,21.5
1598.0,21.09783350082976,21.53563082910228,6.969006359948873,21.0,0,-0.5356308291022813,22.509470209078053,20.5,21.5
1599.0,21.095007735401584,21.439386107219754,6.969311682844902,21.0,1,-0.4393861072197538,20.47693888839448,20.5,21.5
1600.0,21.112182596191072,21.378972963308843,6.969615506024416,21.0,1,-0.37897296330884345,20.77484152419974,20.5,21.5
1601.0,21.129354082773038,21.423534164289734,6.969917829256042,21.0,0,-0.4235341642897339,21.86914617409864,20.5,21.5
1602.0,21.126522195522334,21.387041836242506,6.970218652309548,21.0,0,-0.3870418362425063,21.02211855577023,20.5,21.5
1603.0,21.12369093481369,21.33724154591039,6.970517974955843,21.0,0,-0.33724154591039124,20.83923864258924,20.5,21.5
1604.0,21.120860300221718,21.330107159757638,6.97081579696698,21.0,0,-0.33010715975763816,21.258763298230107,20.5,21.5
1605.0,21.118030291321066,21.376472630992517,6.971112118116156,21.0,0,-0.3764726309925166,21.8401273433413,20.5,21.5
1606.0,21.115200907686425,21.322714400240724,6.971406938177707,21.0,0,-0.3227144002407236,20.785132092722794,20.5,21.5
1607.0,21.112372148892522,21.299225210289304,6.971700256927117,21.0,0,-0.29922521028930404,21.06433331077511,20.5,21.5
1608.0,21.109544014514128,21.303179259443965,6.97199207414101,21.0,0,-0.30317925944396507,21.342719750990575,20.5,21.5
1609.0,21.106716504126055,21.35471980450722,6.972282389597154,21.0,0,-0.3547198045072193,21.87012525513976,20.5,21.5
1610.0,21.10388961730315,21.37231703366758,6.972571203074462,21.0,0,-0.3723170336675814,21.548289325271202,20.5,21.5
1611.0,21.101063353620304,21.3577925387352,6.972858514352991,21.0,0,-0.35779253873520034,21.21254758941139,20.5,21.5
1612.0,21.098237712652452,21.35766440760866,6.973144323213939,21.0,0,-0.3576644076086595,21.35638309634325,20.5,21.5
1613.0,21.095412693974563,21.337211826007668,6.973428629439651,21.0,0,-0.3372118260076675,21.132686009997748,20.5,21.5
1614.0,21.092588297161655,21.353005238878485,6.973711432813614,21.0,0,-0.35300523887848456,21.510939367586655,20.5,21.5
1615.0,21.089764521788783,21.287832766421335,6.973992733120464,21.0,0,-0.28783276642133515,20.63610804184984,20.5,21.5
1616.0,21.08694136743105,21.31504769742131,6.974272530145976,21.0,0,-0.3150476974213099,21.587197007421057,20.5,21.5
1617.0,21.08411883366359,21.355915741654663,6.974550823677073,21.0,0,-0.35591574165466255,21.76459618398819,20.5,21.5
1618.0,21.081296920061593,21.352938676779388,6.974827613501823,21.0,0,-0.35293867677938806,21.323168028026643,20.5,21.5
1619.0,21.07847562620028,21.305754124248196,6.975102899409437,21.0,0,-0.30575412424819604,20.833908598936276,20.5,21.5
1620.0,21.075654951654922,21.391945705531953,6.9753766811902755,21.0,0,-0.3919457055319526,22.25386151836952,20.5,21.5
1621.0,21.072834896000828,21.417140603327596,6.975648958635839,21.0,0,-0.4171406033275957,21.669089581284027,20.5,21.5
1622.0,21.070015458813355,21.385177872018716,6.975919731538778,21.0,0,-0.38517787201871556,21.065550558929914,20.5,21.5
1623.0,21.067196639667902,21.469482419000627,6.976188999692887,21.0,0,-0.46948241900062726,22.312527888819744,20.5,21.5
1624.0,21.064378438139908,21.56137468084997,6.976456762893106,21.0,0,-0.5613746808499691,22.480297299343388,20.5,21.5
1625.0,21.06156085380486,21.52176060939939,6.9767230209355215,21.0,0,-0.5217606093993901,21.1256198948936,20.5,21.5
1626.0,21.058743886238286,21.479916735683283,6.976987773617367,21.0,0,-0.4799167356832825,21.061477998522207,20.5,21.5
1627.0,21.055927535015762,21.40641633389551,6.977251020737022,21.0,0,-0.40641633389551046,20.67141231601779,20.5,21.5
1628.0,21.053111799712905,21.283082626183802,6.977512762094012,21.0,1,-0.283082626183802,20.049745549066717,20.5,21.5
1629.0,21.070296679905383,21.176130082278384,6.977772997489009,21.0,1,-0.17613008227838378,20.106604643224202,20.5,21.5
1630.0,21.0874781751689,21.23359643914589,6.978031726723834,21.0,0,-0.23359643914589157,21.80826000782097,20.5,21.5
1631.0,21.084656285879213,21.27999779405019,6.978288949601452,21.0,0,-0.279997794050189,21.744011343093163,20.5,21.5
1632.0,21.081835012411958,21.360574990734754,6.978544665925977,21.0,0,-0.3605749907347544,22.16634695758041,20.5,21.5
1633.0,21.07901435434266,21.37062659480264,6.97879887550267,21.0,0,-0.3706265948026406,21.471142635481502,20.5,21.5
1634.0,21.076194311246894,21.418169770512566,6.9790515781379385,21.0,0,-0.41816977051256643,21.893601527611825,20.5,21.5
1635.0,21.07337488270027,21.37942319801811,6.979302773639341,21.0,0,-0.37942319801810953,20.99195747307354,20.5,21.5
1636.0,21.07055606827846,21.30025786044365,6.979552461815578,21.0,0,-0.30025786044365077,20.508604484699063,20.5,21.5
1637.0,21.067737867557167,21.32255309497187,6.979800642476503,21.0,0,-0.32255309497186957,21.545505440254058,20.5,21.5
1638.0,21.06492028011215,21.369732010947835,6.980047315433115,21.0,0,-0.3697320109478355,21.841521170707495,20.5,21.5
1639.0,21.062103305519216,21.442040513279,6.980292480497562,21.0,0,-0.4420405132790002,22.165125536590647,20.5,21.5
1640.0,21.059286943354213,21.49802842409405,6.98053613748314,21.0,0,-0.49802842409404846,22.05790753224453,20.5,21.5
1641.0,21.056471193193037,21.57405846379205,6.980778286204295,21.0,0,-0.5740584637920492,22.334358860772056,20.5,21.5
1642.0,21.05365605461164,21.436220128107568,6.981018926476618,21.0,1,-0.4362201281075677,20.057836771262753,20.5,21.5
1643.0,21.070841527186012,21.430567825034608,6.981258058116851,21.0,1,-0.43056782503460767,21.374044794305007,20.5,21.5
1644.0,21.088023610492197,21.387763143788025,6.981495680942887,21.0,1,-0.3877631437880247,20.959716331322195,20.5,21.5
1645.0,21.105202304906285,21.328807501521982,6.981731794773765,21.0,1,-0.32880750152198246,20.73925107886156,20.5,21.5
1646.0,21.122377610804257,21.30601346002932,6.981966399429672,21.0,1,-0.3060134600293196,21.07807304510269,20.5,21.5
1647.0,21.139549528561982,21.383097639548094,6.982199494731949,21.0,0,-0.38309763954809384,22.153939434735836,20.5,21.5
1648.0,21.136718058555218,21.34405582842058,6.982431080503083,21.0,0,-0.34405582842057925,20.953637717145433,20.5,21.5
1649.0,21.133887201159606,21.325355842463154,6.982661156566712,21.0,0,-0.3253558424631535,21.138355982888896,20.5,21.5
1650.0,21.131056955950687,21.24562799287154,6.982889722747621,21.0,1,-0.24562799287154036,20.44834949695541,20.5,21.5
1651.0,21.148227322504045,21.305581469763894,6.983116778871748,21.0,0,-0.30558146976389367,21.905116238687427,20.5,21.5
1652.0,21.145394300395317,21.333336231028852,6.9833423247661806,21.0,0,-0.3333362310288521,21.610883843678437,20.5,21.5
1653.0,21.14256189000019,21.37439699105121,6.983566360259156,21.0,0,-0.37439699105120994,21.785004591274788,20.5,21.5
1654.0,21.139730090894243,21.39153371893238,6.98378888518006,21.0,0,-0.3915337189323793,21.562900997744073,20.5,21.5
1655.0,21.1368989026531,21.50917298044384,6.98400989935943,21.0,0,-0.5091729804438394,22.68556559555844,20.5,21.5
1656.0,21.134068324852443,21.425696673382966,6.984229402628955,21.0,0,-0.4256966733829657,20.59093360277423,20.5,21.5
1657.0,21.131238357068,21.38208337067722,6.9844473948214745,21.0,0,-0.3820833706772184,20.945950343619746,20.5,21.5
1658.0,21.12840899887555,21.421656432842994,6.984663875770977,21.0,0,-0.4216564328429939,21.81738705450075,20.5,21.5
1659.0,21.12558024985093,21.346302528227277,6.984878845312603,21.0,0,-0.3463025282272767,20.592763482070104,20.5,21.5
1660.0,21.122752109570023,21.33851793533112,6.985092303282644,21.0,0,-0.33851793533111874,21.26067200636954,20.5,21.5
1661.0,21.119924577608764,21.462638938132148,6.985304249518542,21.0,0,-0.46263893813214807,22.70384896614244,20.5,21.5
1662.0,21.117097653543144,21.538569268601872,6.9855146838588915,21.0,0,-0.5385692686018722,22.297872573299113,20.5,21.5
1663.0,21.11427133694921,21.512984329390353,6.985723606143436,21.0,0,-0.5129843293903527,21.257134937275158,20.5,21.5
1664.0,21.111445627403047,21.580470236649486,6.985931016213074,21.0,0,-0.5804702366494858,22.255329309240818,20.5,21.5
1665.0,21.10862052448081,21.53697053555865,6.986136913909853,21.0,0,-0.5369705355586483,21.101973524650273,20.5,21.5
1666.0,21.105796027758696,21.467060506869082,6.986341299076972,21.0,0,-0.46706050686908185,20.767960219973418,20.5,21.5
1667.0,21.10297213681296,21.44540965850493,6.986544171558784,21.0,0,-0.44540965850492853,21.228901174863395,20.5,21.5
1668.0,21.100148851219906,21.425868498893646,6.986745531200793,21.0,0,-0.42586849889364586,21.23045690278082,20.5,21.5
1669.0,21.097326170555903,21.37627490783374,6.986945377849654,21.0,0,-0.3762749078337393,20.880338997234674,20.5,21.5
1670.0,21.09450409439736,21.410741899686467,6.987143711353175,21.0,0,-0.41074189968646735,21.755411818213748,20.5,21.5
1671.0,21.091682622320754,21.3850975593844,6.987340531560317,21.0,0,-0.3850975593843984,21.12865415636371,20.5,21.5
1672.0,21.088861753902602,21.359693598770086,6.987535838321193,21.0,0,-0.359693598770086,21.105653992626962,20.5,21.5
1673.0,21.086041488719484,21.346146133568006,6.987729631487067,21.0,0,-0.3461461335680056,21.2106714815472,20.5,21.5
1674.0,21.083221826348037,21.337313844870273,6.98792191091036,21.0,0,-0.33731384487027327,21.24899095789295,20.5,21.5
1675.0,21.080402766364948,21.318189646458684,6.988112676444639,21.0,0,-0.3181896464586842,21.126947662342793,20.5,21.5
1676.0,21.077584308346964,21.344904906018584,6.988301927944631,21.0,0,-0.34490490601858426,21.612057501617585,20.5,21.5
1677.0,21.074766451870882,21.321674072089106,6.9884896652662105,21.0,0,-0.32167407208910603,21.089365732794324,20.5,21.5
1678.0,21.07194919651356,21.346248900384467,6.9886758882664095,21.0,0,-0.34624890038446665,21.591997183338073,20.5,21.5
1679.0,21.06913254185191,21.38089738746974,6.988860596803409,21.0,0,-0.3808973874697408,21.727382258322482,20.5,21.5
1680.0,21.066316487462903,21.38287919544453,6.989043790736547,21.0,0,-0.38287919544453075,21.40269727519243,20.5,21.5
1681.0,21.063501032923558,21.335086888530032,6.989225469926312,21.0,0,-0.3350868885300322,20.857163819385047,20.5,21.5
1682.0,21.060686177810958,21.243792872857536,6.989405634234348,21.0,1,-0.24379287285753648,20.33085271613258,20.5,21.5
1683.0,21.077871921702243,21.210741796163855,6.9895842835234525,21.0,1,-0.21074179616385535,20.880231029227044,20.5,21.5
1684.0,21.095054264174607,21.170316306519503,6.989761417657577,21.0,1,-0.1703163065195028,20.766061410075977,20.5,21.5
1685.0,21.112233205605303,21.113292183394968,6.989937036501823,21.0,1,-0.11329218339496805,20.54305095214962,20.5,21.5
1686.0,21.12940874637148,21.191852625774267,6.990111139922453,21.0,0,-0.19185262577426698,21.977457049567256,20.5,21.5
1687.0,21.126580886850192,21.30552740853758,6.990283727786877,21.0,0,-0.30552740853757854,22.442275236170694,20.5,21.5
1688.0,21.12375362741838,21.371267315560146,6.990454799963662,21.0,0,-0.37126731556014647,22.028666385785826,20.5,21.5
1689.0,21.12092696765289,21.4486521158829,6.990624356322531,21.0,0,-0.44865211588290066,22.222500119110443,20.5,21.5
1690.0,21.11810090713062,21.491387403605394,6.990792396734357,21.0,0,-0.491387403605394,21.918740280830328,20.5,21.5
1691.0,21.11527544542854,21.49264352999399,6.990958921071172,21.0,0,-0.4926435299939911,21.50520479387996,20.5,21.5
1692.0,21.11245058212367,21.482179133765527,6.99112392920616,21.0,0,-0.482179133765527,21.377535171480886,20.5,21.5
1693.0,21.109626316793086,21.50944752263621,6.991287421013659,21.0,0,-0.5094475226362114,21.782131411343055,20.5,21.5
1694.0,21.10680264901393,21.49039962999991,6.991449396369164,21.0,0,-0.49039962999991005,21.299920703636896,20.5,21.5
1695.0,21.1039795783634,21.524976352182144,6.991609855149323,21.0,0,-0.5249763521821436,21.87074357400448,20.5,21.5
1696.0,21.101157104418757,21.468543430283624,6.9917687972319404,21.0,0,-0.4685434302836242,20.90421421129843,20.5,21.5
1697.0,21.09833522675732,21.467174505624637,6.991926222495975,21.0,0,-0.46717450562463725,21.453485259034768,20.5,21.5
1698.0,21.09551394495647,21.44696841146876,6.992082130821539,21.0,0,-0.44696841146875954,21.244907469909982,20.5,21.5
1699.0,21.09269325859364,21.499221118100955,6.992236522089903,21.0,0,-0.49922111810095515,22.02174818442291,20.5,21.5
1700.0,21.089873167246342,21.476231262024037,6.992389396183491,21.0,0,-0.47623126202403654,21.24633270125485,20.5,21.5
1701.0,21.08705367049213,21.46716297226743,6.9925407529858825,21.0,0,-0.4671629722674311,21.376480074701377,20.5,21.5
1702.0,21.084234767908626,21.433454775066604,6.992690592381813,21.0,0,-0.433454775066604,21.096372803058333,20.5,21.5
1703.0,21.08141645907352,21.431325806401656,6.992838914257173,21.0,0,-0.43132580640165585,21.410036119752174,20.5,21.5
1704.0,21.078598743564555,21.425937818652997,6.992985718499009,21.0,0,-0.4259378186529972,21.37205794116641,20.5,21.5
1705.0,21.075781620959543,21.40991354976715,6.993131004995523,21.0,0,-0.40991354976715044,21.249670860908683,20.5,21.5
1706.0,21.072965090836348,21.387341991014647,6.993274773636073,21.0,0,-0.3873419910146474,21.161626403489617,20.5,21.5
1707.0,21.07014915277291,21.40446434274603,6.9934170243111735,21.0,0,-0.4044643427460315,21.575687860059872,20.5,21.5
1708.0,21.067333806347218,21.416970272936425,6.9935577569124945,21.0,0,-0.41697027293642464,21.542029574840356,20.5,21.5
1709.0,21.06451905113733,21.32839176657506,6.993696971332861,21.0,1,-0.3283917665750593,20.442606702961406,20.5,21.5
1710.0,21.081704886721372,21.332107778559116,6.993834667466256,21.0,1,-0.33210777855911644,21.369267898399688,20.5,21.5
1711.0,21.098887312677522,21.365901788506932,6.9939708452078175,21.0,0,-0.3659017885069318,21.703841887985085,20.5,21.5
1712.0,21.09606632938403,21.356404273995494,6.994105504453841,21.0,0,-0.35640427399549424,21.26142912888112,20.5,21.5
1713.0,21.093245937219045,21.379761130441867,6.994238645101776,21.0,0,-0.3797611304418673,21.613329694905598,20.5,21.5
1714.0,21.090426135760623,21.44400399535638,6.994370267050232,21.0,0,-0.444003995356379,22.086432644501496,20.5,21.5
1715.0,21.087606924586883,21.45152458620176,6.994500370198971,21.0,0,-0.45152458620176006,21.52673049465557,20.5,21.5
1716.0,21.084788303276007,21.430246066611396,6.994628954448916,21.0,0,-0.43024606661139586,21.217460870707754,20.5,21.5
1717.0,21.08197027140624,21.49279625712878,6.994756019702144,21.0,0,-0.4927962571287807,22.11829816230263,20.5,21.5
1718.0,21.079152828555902,21.42224526456631,6.994881565861888,21.0,0,-0.4222452645663104,20.716735338941607,20.5,21.5
1719.0,21.076335974303362,21.448544758265683,6.99500559283254,21.0,0,-0.4485447582656832,21.71153969525941,20.5,21.5
1720.0,21.073519708227067,21.51137782217657,6.995128100519649,21.0,0,-0.5113778221765699,22.139708461285437,20.5,21.5
1721.0,21.070704029905524,21.4993266865041,6.995249088829918,21.0,0,-0.4993266865041015,21.378815329779417,20.5,21.5
1722.0,21.06788893891731,21.46245706226834,6.995368557671211,21.0,0,-0.4624570622683386,21.09376081991071,20.5,21.5
1723.0,21.065074434841062,21.501607935492608,6.995486506952545,21.0,0,-0.5016079354926077,21.8931166677353,20.5,21.5
1724.0,21.062260517255485,21.37129129684969,6.9956029365841,21.0,1,-0.37129129684969087,20.068124910420522,20.5,21.5
1725.0,21.07944718573935,21.33411401053509,6.995717846477207,21.0,1,-0.3341140105350888,20.96234114738907,20.5,21.5
1726.0,21.0966304398715,21.37382323985816,6.995831236544358,21.0,0,-0.37382323985816157,21.77091553308889,20.5,21.5
1727.0,21.093810280030834,21.315315257851967,6.995943106699201,21.0,0,-0.31531525785196735,20.730235437790025,20.5,21.5
1728.0,21.090990706596166,21.282528669110214,6.996053456856544,21.0,0,-0.28252866911021357,20.954662781692676,20.5,21.5
1729.0,21.088171719146217,21.296868900332576,6.996162286932347,21.0,0,-0.2968689003325764,21.440271212556205,20.5,21.5
1730.0,21.085353317259774,21.309537541457935,6.996269596843733,21.0,0,-0.3095375414579351,21.436223952711522,20.5,21.5
1731.0,21.08253550051569,21.2571688270595,6.996375386508983,21.0,0,-0.2571688270594983,20.73348168307513,20.5,21.5
1732.0,21.079718268492886,21.321380339581104,6.996479655847531,21.0,0,-0.3213803395811041,21.963495464797163,20.5,21.5
1733.0,21.076901620770357,21.369773435474105,6.996582404779971,21.0,0,-0.3697734354741051,21.853704394404115,20.5,21.5
1734.0,21.07408555692716,21.42569708694969,6.996683633228057,21.0,0,-0.42569708694968966,21.984933601705535,20.5,21.5
1735.0,21.07127007654242,21.308188595003024,6.996783341114698,21.0,1,-0.3081885950030241,20.13310367553637,20.5,21.5
1736.0,21.088455179195332,21.331420936503868,6.9968815283639625,21.0,0,-0.33142093650386784,21.563744351512305,20.5,21.5
1737.0,21.085636864465165,21.29555516248713,6.996978194901076,21.0,0,-0.29555516248712976,20.93689742231975,20.5,21.5
1738.0,21.082819132731252,21.262068291296607,6.997073340652424,21.0,0,-0.26206829129660747,20.927199579391385,20.5,21.5
1739.0,21.080001983572835,21.271690032931126,6.9971669655455475,21.0,0,-0.2716900329311258,21.36790744927631,20.5,21.5
1740.0,21.07718541656923,21.379720675009672,6.9972590695091474,21.0,0,-0.379720675009672,22.460027095795134,20.5,21.5
1741.0,21.074369431299818,21.34605402250038,6.997349652473083,21.0,0,-0.346054022500379,21.00938749740745,20.5,21.5
1742.0,21.071554027344053,21.414922728092137,6.997438714368372,21.0,0,-0.4149227280921366,22.103609784009713,20.5,21.5
1743.0,21.068739204281457,21.345537197167246,6.997526255127189,21.0,0,-0.3455371971672463,20.651681887918343,20.5,21.5
1744.0,21.065924961691625,21.35830390189556,6.997612274682868,21.0,0,-0.3583039018955603,21.4859709491787,20.5,21.5
1745.0,21.063111299154222,21.35556442980174,6.997696772969901,21.0,0,-0.3555644298017384,21.32816970886352,20.5,21.5
1746.0,21.060298216248984,21.35822201962086,6.99777974992394,21.0,0,-0.358222019620861,21.384797917812087,20.5,21.5
1747.0,21.05748571255572,21.333296036264493,6.997861205481794,21.0,0,-0.33329603626449256,21.08403620270081,20.5,21.5
1748.0,21.054673787654306,21.36098837266053,6.997941139581429,21.0,0,-0.36098837266052897,21.637911736620893,20.5,21.5
1749.0,21.05186244112469,21.322446311618855,6.998019552161975,21.0,0,-0.3224463116188545,20.93702570120211,20.5,21.5
1750.0,21.0490516725469,21.291746915298273,6.998096443163716,21.0,0,-0.29174691529827257,20.984752952092453,20.5,21.5
1751.0,21.04624148150102,21.307162959885243,6.998171812528096,21.0,0,-0.3071629598852432,21.46132340575495,20.5,21.5
1752.0,21.043431867567225,21.239036554800254,6.998245660197717,21.0,0,-0.2390365548002542,20.557772503950364,20.5,21.5
1753.0,21.040622830325752,21.247547426149808,6.9983179861163425,21.0,0,-0.24754742614980785,21.332656139645344,20.5,21.5
1754.0,21.03781436935691,21.262940798404156,6.998388790228892,21.0,0,-0.26294079840415563,21.416874520947633,20.5,21.5
1755.0,21.035006484241084,21.313847509665333,6.998458072481446,21.0,0,-0.31384750966533304,21.822914622277107,20.5,21.5
1756.0,21.03219917455873,21.28626460736472,6.998525832821242,21.0,0,-0.28626460736472126,21.010435584358603,20.5,21.5
1757.0,21.029392439890383,21.399998706117096,6.998592071196679,21.0,0,-0.39999870611709554,22.53733969364084,20.5,21.5
1758.0,21.026586279816645,21.39284229037248,6.998656787557312,21.0,0,-0.39284229037248153,21.32127813292634,20.5,21.5
1759.0,21.023780693918194,21.37942605179726,6.998719981853858,21.0,0,-0.3794260517972603,21.245263666045048,20.5,21.5
1760.0,21.02097568177578,21.363012003294322,6.998781654038192,21.0,0,-0.3630120032943225,21.198871518264944,20.5,21.5
1761.0,21.018171242970233,21.340632738611372,6.998841804063346,21.0,0,-0.34063273861137233,21.11684009178187,20.5,21.5
1762.0,21.015367377082452,21.31059061072211,6.998900431883515,21.0,0,-0.3105906107221088,21.010169331829474,20.5,21.5
1763.0,21.012564083693412,21.332998312582067,6.99895753745405,21.0,0,-0.3329983125820668,21.557075331181647,20.5,21.5
1764.0,21.009761362384165,21.3759463170741,6.999013120731464,21.0,0,-0.3759463170740993,21.805426361994424,20.5,21.5
1765.0,21.006959212735833,21.334471091790647,6.999067181673426,21.0,0,-0.3344710917906468,20.919718838956122,20.5,21.5
1766.0,21.00415763432962,21.439474152666634,6.9991197202387685,21.0,0,-0.4394741526666337,22.489504761426502,20.5,21.5
1767.0,21.0013566267468,21.419031919603064,6.999170736387479,21.0,0,-0.4190319196030643,21.21460958896737,20.5,21.5
1768.0,20.99855618956873,21.40712239326329,6.9992202300807085,21.0,0,-0.4071223932632897,21.288027129865544,20.5,21.5
1769.0,20.995756322376835,21.405327010253483,6.999268201280764,21.0,0,-0.40532701025348317,21.387373180155418,20.5,21.5
1770.0,20.992957024752616,21.46700501718076,6.999314649951114,21.0,0,-0.46700501718076026,22.08378508645353,20.5,21.5
1771.0,20.990158296277656,21.328029014304008,6.999359576056387,21.0,1,-0.32802901430400766,19.93826898553648,20.5,21.5
1772.0,21.007360136533613,21.24356441170977,6.999402979562366,21.0,1,-0.2435644117097695,20.398918385767388,20.5,21.5
1773.0,21.02455854510222,21.25241346765406,6.999444860436001,21.0,1,-0.25241346765405837,21.340904027096947,20.5,21.5
1774.0,21.041753522365287,21.307079435349007,6.999485218645397,21.0,0,-0.3070794353490065,21.853739112298488,20.5,21.5
1775.0,21.038945068704543,21.268717700367663,6.999524054159818,21.0,0,-0.26871770036766307,20.88510035055423,20.5,21.5
1776.0,21.036137184501634,21.416236124312384,6.999561366949691,21.0,0,-0.416236124312384,22.891420363759593,20.5,21.5
1777.0,21.03332986933812,21.510729020181664,6.999597156986599,21.0,0,-0.5107290201816639,22.455657978874463,20.5,21.5
1778.0,21.03052312279565,21.545982357878255,6.999631424243288,21.0,0,-0.5459823578782554,21.89851573484417,20.5,21.5
1779.0,21.02771694445594,21.461240283630257,6.999664168693662,21.0,0,-0.46124028363025715,20.613819541150274,20.5,21.5
1780.0,21.024911333900786,21.461035667827826,6.999695390312782,21.0,0,-0.4610356678278258,21.458989509803512,20.5,21.5
1781.0,21.022106290712067,21.36141479975694,6.9997250890768745,21.0,1,-0.3614147997569397,20.36520611904808,20.5,21.5
1782.0,21.039301814471738,21.36051165325219,6.999753264963321,21.0,1,-0.36051165325218903,21.351480188204683,20.5,21.5
1783.0,21.056493904761837,21.339773915494835,6.999779917950665,21.0,1,-0.3397739154948347,21.13239653792129,20.5,21.5
1784.0,21.073682561964475,21.35271454888867,6.999805048018608,21.0,1,-0.35271454888867027,21.482120882827026,20.5,21.5
1785.0,21.090867786461686,21.387322788761335,6.999828655148014,21.0,0,-0.38732278876133464,21.73340518748798,20.5,21.5
1786.0,21.088049578635424,21.460666316412812,6.9998507393209035,21.0,0,-0.4606663164128122,22.194101592927588,20.5,21.5
1787.0,21.08523193886756,21.465704997006853,6.99987130052046,21.0,0,-0.46570499700685275,21.51609180294726,20.5,21.5
1788.0,21.082414866739892,21.49733861826092,6.999890338731024,21.0,0,-0.49733861826091896,21.81367483080158,20.5,21.5
1789.0,21.07959836183429,21.539664815682677,6.9999078539380974,21.0,0,-0.5396648156826771,21.96292678990026,20.5,21.5
1790.0,21.07678242373271,21.605024476656524,6.999923846128342,21.0,0,-0.6050244766565243,22.258621086394996,20.5,21.5
1791.0,21.07396705201719,21.595984087671543,6.9999383152895795,21.0,0,-0.5959840876715425,21.505580197821725,20.5,21.5
1792.0,21.071152246269843,21.54496839350781,6.999951261410789,21.0,0,-0.5449683935078085,21.034811451870468,20.5,21.5
1793.0,21.06833800607287,21.457215486110577,6.999962684482114,21.0,0,-0.4572154861105773,20.579686412138265,20.5,21.5
1794.0,21.065524331008554,21.433610704076337,6.999972584494854,21.0,0,-0.4336107040763366,21.19756288373393,20.5,21.5
1795.0,21.062711220659253,21.323700347048828,6.999980961441469,21.0,1,-0.32370034704882755,20.224596776773737,20.5,21.5
1796.0,21.07989867460741,21.325070999623208,6.999987815315581,21.0,1,-0.3250709996232075,21.338777525367007,20.5,21.5
1797.0,21.097082692435553,21.337390551309618,6.9999931461119695,21.0,1,-0.3373905513096176,21.46058606817372,20.5,21.5
1798.0,21.114263274526287,21.392602236127125,6.999996953826575,21.0,0,-0.3926022361271251,21.9447190843022,20.5,21.5
1799.0,21.11144042126215,21.250577065442286,6.999999238456499,21.0,1,-0.2505770654422861,19.830325358593896,20.5,21.5
1800.0,21.128618133025586,21.34356841270982,7.0,21.0,0,-0.3435684127098213,22.273481885385173,20.5,21.5
1801.0,21.125792409398983,21.303843736514935,6.999999238456499,21.0,0,-0.3038437365149349,20.90659697456607,20.5,21.5
1802.0,21.122967250764795,21.303669892023954,6.999996953826575,21.0,0,-0.30366989202395445,21.30193144711415,20.5,21.5
1803.0,21.120142656705408,21.253846203058544,6.9999931461119695,21.0,0,-0.25384620305854355,20.755609313404435,20.5,21.5
1804.0,21.11731862680329,21.37414401216266,6.999987815315581,21.0,0,-0.3741440121626596,22.57712210320382,20.5,21.5
1805.0,21.114495160640992,21.24297985087576,6.999980961441469,21.0,1,-0.24297985087575924,19.931338238006756,20.5,21.5
1806.0,21.131672257801153,21.3125466475525,6.999972584494854,21.0,0,-0.3125466475525016,22.008214614319925,20.5,21.5
1807.0,21.128845917866492,21.312844341238836,6.999962684482114,21.0,0,-0.3128443412388364,21.315821278102185,20.5,21.5
1808.0,21.126020141219815,21.3321448961599,6.999951261410789,21.0,0,-0.3321448961598996,21.52515044537053,20.5,21.5
1809.0,21.123194927443855,21.341790694902624,6.9999383152895795,21.0,0,-0.3417906949026239,21.438248682329867,20.5,21.5
1810.0,21.120370276121424,21.405769642094263,6.999923846128342,21.0,0,-0.40576964209426336,22.045559114010658,20.5,21.5
1811.0,21.117546186835426,21.346707889183854,6.9999078539380974,21.0,0,-0.346707889183854,20.75609036007976,20.5,21.5
1812.0,21.114722659168848,21.382670686455473,6.999890338731024,21.0,0,-0.382670686455473,21.742298659171663,20.5,21.5
1813.0,21.11189969270476,21.39487882372584,6.999871300520461,21.0,0,-0.3948788237258398,21.51696019642951,20.5,21.5
1814.0,21.109077287026324,21.378576507749255,6.9998507393209035,21.0,0,-0.3785765077492549,21.215553347983406,20.5,21.5
1815.0,21.106255441716783,21.41965823411504,6.999828655148014,21.0,0,-0.41965823411504033,21.830475497772895,20.5,21.5
1816.0,21.10343415635947,21.495651149706543,6.999805048018608,21.0,0,-0.4956511497065428,22.255580305621567,20.5,21.5
1817.0,21.100613430537802,21.451425544272155,6.999779917950665,21.0,0,-0.45142554427215487,21.009169489928276,20.5,21.5
1818.0,21.097793263835285,21.489481708129297,6.999753264963321,21.0,0,-0.48948170812929703,21.87004334670072,20.5,21.5
1819.0,21.09497365583551,21.519275279716485,6.9997250890768745,21.0,0,-0.519275279716485,21.817210995588365,20.5,21.5
1820.0,21.092154606122158,21.532759463059044,6.999695390312782,21.0,0,-0.532759463059044,21.667601296484634,20.5,21.5
1821.0,21.089336114278996,21.520538118241966,6.999664168693662,21.0,0,-0.5205381182419657,21.398324670071183,20.5,21.5
1822.0,21.08651817988988,21.489274584716206,6.999631424243288,21.0,0,-0.4892745847162061,21.17663924945861,20.5,21.5
1823.0,21.08370080253875,21.40038898644655,6.999597156986599,21.0,0,-0.40038898644655063,20.511533003749996,20.5,21.5
1824.0,21.08088398180964,21.38627157032714,6.999561366949691,21.0,0,-0.3862715703271391,21.245097409133024,20.5,21.5
1825.0,21.078067717286668,21.335025779465433,6.999524054159818,21.0,0,-0.33502577946543255,20.822567870848367,20.5,21.5
1826.0,21.075252008554042,21.24754149623056,6.999485218645397,21.0,1,-0.24754149623056065,20.37269866388184,20.5,21.5
1827.0,21.09243685519606,21.355573152500238,6.999444860436001,21.0,0,-0.3555731525002379,22.43588971519701,20.5,21.5
1828.0,21.089618256797106,21.369088522353973,6.999402979562366,21.0,0,-0.36908852235397305,21.504242220891324,20.5,21.5
1829.0,21.086800213741657,21.363333159967333,6.999359576056387,21.0,0,-0.3633331599673326,21.30577953610093,20.5,21.5
1830.0,21.08398272561412,21.336053606698496,6.999314649951114,21.0,0,-0.3360536066984956,21.063258074010125,20.5,21.5
1831.0,21.081165791998988,21.403594386426512,6.999268201280764,21.0,0,-0.40359438642651213,22.079002183706677,20.5,21.5
1832.0,21.078349412480843,21.33145161874141,6.9992202300807085,21.0,0,-0.3314516187414114,20.610023941890404,20.5,21.5
1833.0,21.075533586644365,21.39843599321017,6.999170736387479,21.0,0,-0.3984359932101711,22.068279737897768,20.5,21.5
1834.0,21.072718314074315,21.380860042687736,6.9991197202387685,21.0,0,-0.3808600426877362,21.205100537463387,20.5,21.5
1835.0,21.069903594355548,21.32492652711195,6.999067181673426,21.0,0,-0.32492652711194836,20.76559137135407,20.5,21.5
1836.0,21.06708942707301,21.26601733139596,6.999013120731464,21.0,0,-0.26601733139596107,20.676925374236088,20.5,21.5
1837.0,21.064275811811743,21.23361877271312,6.99895753745405,21.0,0,-0.23361877271311826,20.90963318588469,20.5,21.5
1838.0,21.06146274815687,21.165506207298375,6.998900431883515,21.0,1,-0.16550620729837462,20.484380553150938,20.5,21.5
1839.0,21.078650235693615,21.255213588567898,6.998841804063346,21.0,0,-0.2552135885678979,22.15228740126313,20.5,21.5
1840.0,21.07583427400729,21.38212017340446,6.998781654038192,21.0,0,-0.38212017340445925,22.651186021770073,20.5,21.5
1841.0,21.073018863483295,21.422483730801343,6.998719981853858,21.0,0,-0.4224837308013427,21.826119304770177,20.5,21.5
1842.0,21.07020400370697,21.49429481001821,6.998656787557312,21.0,0,-0.49429481001821074,22.21240560218689,20.5,21.5
1843.0,21.06738969426374,21.510124332644416,6.998592071196679,21.0,0,-0.5101243326444163,21.66841955890647,20.5,21.5
1844.0,21.064575934739125,21.403497354435274,6.998525832821242,21.0,1,-0.4034973544352738,20.33722757234385,20.5,21.5
1845.0,21.08176272471874,21.336033990085376,6.998458072481446,21.0,1,-0.33603399008537593,20.661400346586397,20.5,21.5
1846.0,21.098946063788294,21.29729648208386,6.998388790228892,21.0,1,-0.2972964820838584,20.909921402068683,20.5,21.5
1847.0,21.116125952333583,21.325465045803817,6.9983179861163425,21.0,0,-0.3254650458038171,21.607150683003404,20.5,21.5
1848.0,21.11330239074034,21.324909998426318,6.998245660197717,21.0,0,-0.3249099984263175,21.319359524651322,20.5,21.5
1849.0,21.11047937939423,21.33294940690239,6.998171812528096,21.0,0,-0.33294940690239017,21.413343491663117,20.5,21.5
1850.0,21.10765691788086,21.245567546399453,6.998096443163716,21.0,1,-0.2455675463994531,20.371748941370083,20.5,21.5
1851.0,21.124835005785915,21.35793017417527,6.998019552161975,21.0,0,-0.3579301741752694,22.481556451933432,20.5,21.5
1852.0,21.12200964269519,21.38151956160059,6.99794113958143,21.0,0,-0.38151956160059086,21.617413435853805,20.5,21.5
1853.0,21.119184828994566,21.40916709554734,6.997861205481794,21.0,0,-0.409167095547339,21.68564243501482,20.5,21.5
1854.0,21.116360564269865,21.45749629413701,6.99777974992394,21.0,0,-0.4574962941370089,21.940788280033708,20.5,21.5
1855.0,21.113536848106996,21.603022918675563,6.997696772969901,21.0,0,-0.6030229186755633,23.058289164061108,20.5,21.5
1856.0,21.11071368009197,21.526946383121135,6.997612274682869,21.0,0,-0.5269463831211354,20.766181027576856,20.5,21.5
1857.0,21.107891059810886,21.424686827607633,6.997526255127189,21.0,1,-0.42468682760763343,20.402091272472614,20.5,21.5
1858.0,21.12506898684995,21.39963431097311,6.997438714368372,21.0,1,-0.3996343109731093,21.149109144627868,20.5,21.5
1859.0,21.142243460795452,21.425830524067795,6.997349652473083,21.0,0,-0.42583052406779487,21.68779265501465,20.5,21.5
1860.0,21.13941448203379,21.29492934237417,6.9972590695091474,21.0,1,-0.29492934237417145,19.985917525437937,20.5,21.5
1861.0,21.156586050951283,21.27549061768807,6.9971669655455475,21.0,1,-0.2754906176880709,21.081103370827066,20.5,21.5
1862.0,21.173754167134202,21.351158959318543,6.997073340652424,21.0,0,-0.3511589593185427,22.10784237562326,20.5,21.5
1863.0,21.170918830968905,21.4304931195002,6.996978194901076,21.0,0,-0.4304931195001984,22.223834721316756,20.5,21.5
1864.0,21.16808404284169,21.44226598122565,6.9968815283639625,21.0,0,-0.4422659812256491,21.559994598480156,20.5,21.5
1865.0,21.165249802338796,21.485142575758676,6.996783341114698,21.0,0,-0.48514257575867603,21.913908521088945,20.5,21.5
1866.0,21.16241610904655,21.5405641639556,6.996683633228057,21.0,0,-0.5405641639556009,22.09478004592485,20.5,21.5
1867.0,21.159582962551386,21.549974713517685,6.996582404779971,21.0,0,-0.5499747135176847,21.644080209138522,20.5,21.5
1868.0,21.156750362439833,21.59593975186233,6.996479655847531,21.0,0,-0.5959397518623284,22.055590135308766,20.5,21.5
1869.0,21.153918308298515,21.51600491492462,6.9963753865089835,21.0,0,-0.5160049149246184,20.71665654554752,20.5,21.5
1870.0,21.151086799714157,21.561711525451855,6.996269596843734,21.0,0,-0.5617115254518552,22.018777630724223,20.5,21.5
1871.0,21.148255836273584,21.561566091960323,6.996162286932347,21.0,0,-0.5615660919603229,21.560111757045,20.5,21.5
1872.0,21.145425417563715,21.53710196887757,6.996053456856544,21.0,0,-0.5371019688775682,21.29246073805002,20.5,21.5
1873.0,21.142595543171574,21.388988861849874,6.995943106699201,21.0,1,-0.38898886184987447,19.907857791572937,20.5,21.5
1874.0,21.15976621268428,21.399207547905547,6.995831236544358,21.0,0,-0.39920754790554724,21.501394408462275,20.5,21.5
1875.0,21.15693342568905,21.413783853317106,6.995717846477207,21.0,0,-0.4137838533171063,21.559546907432697,20.5,21.5
1876.0,21.154101182573207,21.416823535631735,6.9956029365841,21.0,0,-0.41682353563173535,21.447220358778026,20.5,21.5
1877.0,21.151269482924008,21.449312990486806,6.995486506952545,21.0,0,-0.4493129904868063,21.774207539037516,20.5,21.5
1878.0,21.14843832632881,21.58247662004151,6.995368557671211,21.0,0,-0.5824766200415112,22.91411291558856,20.5,21.5
1879.0,21.14560771237508,21.663108669582392,6.995249088829918,21.0,0,-0.6631086695823925,22.469429164991205,20.5,21.5
1880.0,21.142777640650372,21.62489236865295,6.995128100519649,21.0,0,-0.6248923686529508,21.242729359358535,20.5,21.5
1881.0,21.139948110742345,21.63405720799407,6.99500559283254,21.0,0,-0.6340572079940685,21.725705601405245,20.5,21.5
1882.0,21.137119122238765,21.619113376631923,6.994881565861888,21.0,0,-0.6191133766319226,21.469675063010463,20.5,21.5
1883.0,21.134290674727488,21.543736320723802,6.994756019702144,21.0,0,-0.5437363207238022,20.7899657616426,20.5,21.5
1884.0,21.13146276779648,21.506183710023393,6.994628954448916,21.0,0,-0.506183710023393,21.1306576030193,20.5,21.5
1885.0,21.12863540103381,21.544167023234625,6.994500370198971,21.0,0,-0.5441670232346247,21.924000155346942,20.5,21.5
1886.0,21.125808574027644,21.46657802610712,6.994370267050232,21.0,0,-0.4665780261071184,20.690688054832055,20.5,21.5
1887.0,21.12298228636625,21.47434759302997,6.994238645101776,21.0,0,-0.47434759302997165,21.552043262258504,20.5,21.5
1888.0,21.120156537637996,21.508420562148196,6.994105504453841,21.0,0,-0.5084205621481956,21.849150253330436,20.5,21.5
1889.0,21.11733132743136,21.450744718334626,6.9939708452078175,21.0,0,-0.4507447183346258,20.873986280198928,20.5,21.5
1890.0,21.114506655334914,21.411386810859533,6.993834667466256,21.0,0,-0.41138681085953266,21.0178077361086,20.5,21.5
1891.0,21.11168252093734,21.478667639205455,6.993696971332861,21.0,0,-0.4786676392054545,22.151475922664673,20.5,21.5
1892.0,21.10885892382742,21.472152166144312,6.9935577569124945,21.0,0,-0.472152166144312,21.406997435532887,20.5,21.5
1893.0,21.106035863594037,21.449360178719246,6.9934170243111735,21.0,0,-0.44936017871924605,21.221440304468587,20.5,21.5
1894.0,21.10321333982618,21.42255990447084,6.993274773636073,21.0,0,-0.422559904470841,21.15455716198679,20.5,21.5
1895.0,21.100391352112943,21.48151820624002,6.993131004995523,21.0,0,-0.4815182062400183,22.07110122393179,20.5,21.5
1896.0,21.09756990004352,21.405446619253915,6.992985718499009,21.0,0,-0.40544661925391523,20.644730749392885,20.5,21.5
1897.0,21.09474898320721,21.34411780889789,6.992838914257173,21.0,0,-0.34411780889789156,20.730829705337655,20.5,21.5
1898.0,21.09192860119342,21.317133324802736,6.992690592381813,21.0,0,-0.3171333248027359,21.04728848385118,20.5,21.5
1899.0,21.089108753591656,21.357009323517325,6.9925407529858825,21.0,0,-0.3570093235173246,21.75576931066321,20.5,21.5
1900.0,21.086289439991535,21.301772690568406,6.992389396183491,21.0,0,-0.3017726905684057,20.749406361079217,20.5,21.5
1901.0,21.083470659982773,21.306153220119533,6.992236522089903,21.0,0,-0.3061532201195334,21.34995851563081,20.5,21.5
1902.0,21.080652413155192,21.348431915479296,6.992082130821539,21.0,0,-0.34843191547929564,21.771218869076918,20.5,21.5
1903.0,21.077834699098727,21.360582314111117,6.991926222495975,21.0,0,-0.36058231411111663,21.482086300429327,20.5,21.5
1904.0,21.075017517403406,21.358210526893412,6.9917687972319404,21.0,0,-0.35821052689341215,21.334492654716367,20.5,21.5
1905.0,21.072200867659372,21.384255515261152,6.991609855149323,21.0,0,-0.3842555152611524,21.644705398938555,20.5,21.5
1906.0,21.06938474945687,21.403576302808023,6.991449396369164,21.0,0,-0.40357630280802326,21.59678417827673,20.5,21.5
1907.0,21.06656916238625,21.332342101618575,6.991287421013659,21.0,0,-0.33234210161857547,20.620000089724098,20.5,21.5
1908.0,21.063754106037976,21.36914284954995,6.99112392920616,21.0,0,-0.3691428495499487,21.73715032886368,20.5,21.5
1909.0,21.06093958000261,21.37833192503764,6.990958921071172,21.0,0,-0.3783319250376387,21.47022267991454,20.5,21.5
1910.0,21.058125583870826,21.419261613869743,6.990792396734358,21.0,0,-0.41926161386974314,21.828558502190788,20.5,21.5
1911.0,21.0553121172334,21.475686479203667,6.990624356322531,21.0,0,-0.4756864792036666,22.0399351325429,20.5,21.5
1912.0,21.052499179681217,21.563109866209373,6.990454799963662,21.0,0,-0.5631098662093734,22.437343736266442,20.5,21.5
1913.0,21.049686770805273,21.613460634737958,6.990283727786877,21.0,0,-0.6134606347379581,22.116968320023805,20.5,21.5
1914.0,21.04687489019667,21.57666152549217,6.990111139922453,21.0,0,-0.5766615254921703,21.208670433034293,20.5,21.5
1915.0,21.044063537446615,21.598572222914296,6.989937036501823,21.0,0,-0.5985722229142958,21.81767919713555,20.5,21.5
1916.0,21.041252712146427,21.588519231162596,6.989761417657577,21.0,0,-0.5885192311625964,21.487989313645603,20.5,21.5
1917.0,21.03844241388753,21.609401183872784,6.9895842835234525,21.0,0,-0.6094011838727837,21.818220710974657,20.5,21.5
1918.0,21.035632642261458,21.47854829027126,6.989405634234348,21.0,1,-0.47854829027125945,20.170019354256016,20.5,21.5
1919.0,21.052823396859853,21.575254346926158,6.989225469926312,21.0,0,-0.5752543469261582,22.542314913475145,20.5,21.5
1920.0,21.050010677274468,21.518107363947184,6.989043790736547,21.0,0,-0.518107363947184,20.946637534157443,20.5,21.5
1921.0,21.04719848389716,21.477375727844247,6.988860596803409,21.0,0,-0.4773757278442474,21.07005936681488,20.5,21.5
1922.0,21.04438681631974,21.267299347306412,6.9886758882664095,21.0,1,-0.26729934730641247,19.166535541928063,20.5,21.5
1923.0,21.06157567413413,21.27566322060868,6.988489665266211,21.0,1,-0.2756632206086813,21.35930195363137,20.5,21.5
1924.0,21.078761056932354,21.227949473809634,6.988301927944631,21.0,1,-0.22794947380963393,20.75081200581916,20.5,21.5
1925.0,21.095942965106556,21.194494704731902,6.988112676444639,21.0,1,-0.1944947047319019,20.85994701395458,20.5,21.5
1926.0,21.113121399048822,21.20478246277339,6.98792191091036,21.0,1,-0.20478246277339096,21.30766004318828,20.5,21.5
1927.0,21.130296359151195,21.35547254064599,6.987729631487068,21.0,0,-0.3554725406459909,22.86237331937199,20.5,21.5
1928.0,21.12746784580566,21.38559564984213,6.987535838321193,21.0,0,-0.3855956498421307,21.68682674180353,20.5,21.5
1929.0,21.124639859404166,21.41307162175378,6.987340531560317,21.0,0,-0.41307162175377954,21.687831340870268,20.5,21.5
1930.0,21.121812399538598,21.40452371215648,6.987143711353175,21.0,0,-0.40452371215647887,21.319044616183472,20.5,21.5
1931.0,21.11898546580096,21.40496099478003,6.986945377849654,21.0,0,-0.4049609947800299,21.40933382101554,20.5,21.5
1932.0,21.11615905778337,21.496901484898824,6.986745531200793,21.0,0,-0.49690148489882446,22.41630638608677,20.5,21.5
1933.0,21.113333175078054,21.537374954441436,6.986544171558784,21.0,0,-0.5373749544414359,21.94210964986755,20.5,21.5
1934.0,21.11050781727735,21.538227163411968,6.986341299076972,21.0,0,-0.5382271634119675,21.546749253117284,20.5,21.5
1935.0,21.10768298397371,21.584058820991494,6.986136913909853,21.0,0,-0.5840588209914941,22.04237539678676,20.5,21.5
1936.0,21.104858674759697,21.48550094886412,6.985931016213074,21.0,1,-0.48550094886412154,20.499922227590396,20.5,21.5
1937.0,21.122034889227987,21.426852147154495,6.985723606143436,21.0,1,-0.42685214715449504,20.84036413005823,20.5,21.5
1938.0,21.13920762697137,21.3867325335649,6.9855146838588915,21.0,1,-0.38673253356489923,20.98553639766894,20.5,21.5
1939.0,21.15637688838275,21.32280723408644,6.985304249518542,21.0,1,-0.3228072340864401,20.68355423930185,20.5,21.5
1940.0,21.173542673854975,21.378935807970365,6.985092303282644,21.0,0,-0.37893580797036464,21.94022154680961,20.5,21.5
1941.0,21.170704983780862,21.507948981733023,6.984878845312603,21.0,0,-0.5079489817330227,22.798080719359604,20.5,21.5
1942.0,21.16786781855317,21.45899831151724,6.984663875770977,21.0,0,-0.4589983115172416,20.96949160935943,20.5,21.5
1943.0,21.165031177764615,21.470316852392994,6.9844473948214745,21.0,0,-0.4703168523929939,21.583502261150517,20.5,21.5
1944.0,21.162195061008028,21.514493741248945,6.984229402628956,21.0,0,-0.5144937412489448,21.956262629808453,20.5,21.5
1945.0,21.159359467876353,21.366975304892755,6.98400989935943,21.0,1,-0.36697530489275465,19.891790941330854,20.5,21.5
1946.0,21.17652439796265,21.321818565840278,6.98378888518006,21.0,1,-0.3218185658402781,20.870251175315513,20.5,21.5
1947.0,21.193685850860092,21.391673500984773,6.983566360259156,21.0,0,-0.3916735009847727,22.09022285242972,20.5,21.5
1948.0,21.19084382696197,21.47607656082439,6.9833423247661806,21.0,0,-0.47607656082438865,22.320107159220548,20.5,21.5
1949.0,21.188002326661532,21.466946617057985,6.983116778871748,21.0,0,-0.46694661705798524,21.37564717939395,20.5,21.5
1950.0,21.185161349551976,21.545488619720665,6.982889722747621,21.0,0,-0.5454886197206648,22.33090864634746,20.5,21.5
1951.0,21.182320895226614,21.579108550620198,6.982661156566712,21.0,0,-0.5791085506201981,21.91530785961553,20.5,21.5
1952.0,21.17948096327888,21.562106795479604,6.982431080503083,21.0,0,-0.562106795479604,21.392089244073663,20.5,21.5
1953.0,21.176641553302325,21.47712621220004,6.982199494731949,21.0,0,-0.4771262122000408,20.62732037940441,20.5,21.5
1954.0,21.173802664890612,21.499780882022083,6.981966399429672,21.0,0,-0.49978088202208326,21.726327580242508,20.5,21.5
1955.0,21.17096429763752,21.46717645244829,6.981731794773765,21.0,0,-0.46717645244828887,21.141132156710345,20.5,21.5
1956.0,21.16812645113695,21.481265699244492,6.981495680942887,21.0,0,-0.48126569924449214,21.622158167206525,20.5,21.5
1957.0,21.16528912498291,21.423090611067913,6.981258058116851,21.0,0,-0.4230906110679129,20.84133972930212,20.5,21.5
1958.0,21.162452318769535,21.478878972278657,6.981018926476618,21.0,0,-0.4788789722786575,22.036762584386103,20.5,21.5
1959.0,21.159616032091076,21.383059617270693,6.980778286204295,21.0,1,-0.3830596172706926,20.424866067191044,20.5,21.5
1960.0,21.1767802645419,21.404426610486702,6.98053613748314,21.0,0,-0.40442661048670203,21.618096542646796,20.5,21.5
1961.0,21.173941015716487,21.380463157768936,6.980292480497562,21.0,0,-0.38046315776893636,21.14082863059128,20.5,21.5
1962.0,21.171102286009443,21.427684009709907,6.980047315433115,21.0,0,-0.42768400970990683,21.89989252911961,20.5,21.5
1963.0,21.168264075015326,21.404669272024098,6.979800642476503,21.0,0,-0.40466927202409764,21.174521895166006,20.5,21.5
1964.0,21.165426382328818,21.444021196619765,6.979552461815578,21.0,0,-0.44402119661976513,21.83754044257644,20.5,21.5
1965.0,21.162589207544716,21.528334293988,6.979302773639341,21.0,0,-0.5283342939879994,22.37146526767034,20.5,21.5
1966.0,21.159752550257934,21.614353230499376,6.979051578137939,21.0,0,-0.6143532304993755,22.474542595613137,20.5,21.5
1967.0,21.15691641006351,21.58267635496884,6.97879887550267,21.0,0,-0.5826763549688394,21.26590759966348,20.5,21.5
1968.0,21.154080786556598,21.540701368818812,6.978544665925977,21.0,0,-0.5407013688188123,21.12095150731854,20.5,21.5
1969.0,21.151245679332472,21.519720009312426,6.978288949601452,21.0,0,-0.5197200093124259,21.309906414248562,20.5,21.5
1970.0,21.148411087986528,21.367933244876905,6.978031726723834,21.0,1,-0.36793324487690526,19.8500656005217,20.5,21.5
1971.0,21.165577012114277,21.291203377158638,6.9777729974890095,21.0,1,-0.291203377158638,20.523904699975965,20.5,21.5
1972.0,21.182739451311352,21.33040910499781,6.977512762094012,21.0,0,-0.33040910499780907,21.72246638338952,20.5,21.5
1973.0,21.17989840597351,21.309606700773827,6.977251020737022,21.0,0,-0.309606700773827,21.101582658534006,20.5,21.5
1974.0,21.177057876496463,21.370735734766804,6.976987773617367,21.0,0,-0.37073573476680366,21.98202607469657,20.5,21.5
1975.0,21.174217862475885,21.416428157161796,6.9767230209355215,21.0,0,-0.41642815716179626,21.873352381111722,20.5,21.5
1976.0,21.17137836350758,21.406007591144636,6.976456762893106,21.0,0,-0.40600759114463614,21.301801930973035,20.5,21.5
1977.0,21.168539379187454,21.395103858758496,6.976188999692887,21.0,0,-0.3951038587584961,21.286066534897095,20.5,21.5
1978.0,21.165700909111553,21.427580946476848,6.975919731538778,21.0,0,-0.42758094647684786,21.752351823660366,20.5,21.5
1979.0,21.16286295287604,21.43343022624739,6.975648958635839,21.0,0,-0.43343022624738836,21.491923023952793,20.5,21.5
1980.0,21.16002551007719,21.39329319077255,6.9753766811902755,21.0,0,-0.39329319077254965,20.991922836024163,20.5,21.5
1981.0,21.157188580311413,21.40101756582397,6.975102899409437,21.0,0,-0.4010175658239703,21.478261316338177,20.5,21.5
1982.0,21.154352163175233,21.351320593350582,6.974827613501823,21.0,0,-0.3513205933505823,20.854350868616702,20.5,21.5
1983.0,21.1515162582653,21.380169227780417,6.974550823677073,21.0,0,-0.3801692277804172,21.668655572078766,20.5,21.5
1984.0,21.14868086517838,21.403846250915258,6.974272530145976,21.0,0,-0.40384625091525805,21.640616482263667,20.5,21.5
1985.0,21.145845983511375,21.51780736588222,6.973992733120464,21.0,0,-0.51780736588222,22.65741851555184,20.5,21.5
1986.0,21.143011612861297,21.542581899892486,6.973711432813614,21.0,0,-0.5425818998924861,21.790327239995147,20.5,21.5
1987.0,21.140177752825288,21.61846741596116,6.973428629439651,21.0,0,-0.6184674159611596,22.377322576647895,20.5,21.5
1988.0,21.13734440300061,21.58433324176479,6.973144323213939,21.0,0,-0.5843332417647886,21.24299149980108,20.5,21.5
1989.0,21.134511562984652,21.550690996677897,6.972858514352991,21.0,0,-0.550690996677897,21.21426854580898,20.5,21.5
1990.0,21.131679232374925,21.398282539016915,6.972571203074462,21.0,1,-0.3982825390169147,19.87419796240709,20.5,21.5
1991.0,21.148847410769065,21.439495980385427,6.972282389597154,21.0,0,-0.43949598038542703,21.85163039407055,20.5,21.5
1992.0,21.14601209776483,21.412794332085113,6.97199207414101,21.0,0,-0.41279433208511307,21.145777849081973,20.5,21.5
1993.0,21.143177293760107,21.3810971518007,6.971700256927117,21.0,0,-0.3810971518006987,21.064125348956555,20.5,21.5
1994.0,21.14034299835274,21.397543917216947,6.971406938177707,21.0,0,-0.3975439172169466,21.562011571379426,20.5,21.5
1995.0,21.137509211140703,21.491756477222822,6.971112118116156,21.0,0,-0.4917564772228218,22.433882077281574,20.5,21.5
1996.0,21.134675931722096,21.408520984944232,6.97081579696698,21.0,0,-0.40852098494423217,20.576166062158336,20.5,21.5
1997.0,21.131843159695144,21.356649361290543,6.970517974955843,21.0,0,-0.35664936129054325,20.837933124753654,20.5,21.5
1998.0,21.129010894658197,21.42909372919288,6.970218652309548,21.0,0,-0.42909372919287847,22.15353740821623,20.5,21.5
1999.0,21.12617913620973,21.46482581269101,6.969917829256042,21.0,0,-0.46482581269101075,21.822146647672334,20.5,21.5
2000.0,21.123347883948338,21.503183847983664,6.969615506024416,21.0,0,-0.5031838479836637,21.886764200910193,20.5,21.5
2001.0,21.120517137472753,21.48236737955674,6.969311682844902,21.0,0,-0.4823673795567416,21.27420269528752,20.5,21.5
2002.0,21.117686896381827,21.511715740303575,6.969006359948873,21.0,0,-0.5117157403035755,21.805199347771914,20.5,21.5
2003.0,21.11485716027454,21.46650284455693,6.968699537568848,21.0,0,-0.46650284455693125,21.01437388709049,20.5,21.5
2004.0,21.11202792875,21.422015156318842,6.9683912159384835,21.0,0,-0.42201515631884234,20.977138273937953,20.5,21.5
2005.0,21.109199201407435,21.3947352984731,6.9680813952925815,21.0,0,-0.3947352984731012,21.12193672001569,20.5,21.5
2006.0,21.10637097784621,21.387218502230617,6.967770075867083,21.0,0,-0.38721850223061693,21.312050539805774,20.5,21.5
2007.0,21.103543257665816,21.381090844762106,6.967457257899071,21.0,0,-0.381090844762106,21.319814270076996,20.5,21.5
2008.0,21.100716040465862,21.377574439264798,6.967142941626772,21.0,0,-0.37757443926479795,21.342410384291718,20.5,21.5
2009.0,21.097889325846094,21.35178744397764,6.966827127289549,21.0,0,-0.3517874439776385,21.093917491106044,20.5,21.5
2010.0,21.095063113406383,21.424121348916735,6.9665098151279095,21.0,0,-0.42412134891673503,22.1474603983077,20.5,21.5
2011.0,21.092237402746726,21.403721678792873,6.9661910053835,21.0,0,-0.40372167879287346,21.199724977554258,20.5,21.5
2012.0,21.089412193467254,21.403314102721428,6.965870698299108,21.0,0,-0.40331410272142776,21.39923834200697,20.5,21.5
2013.0,21.08658748516822,21.4296352062904,6.965548894118663,21.0,0,-0.4296352062903992,21.692846241980114,20.5,21.5
2014.0,21.08376327745001,21.528250891300612,6.96522559308723,21.0,0,-0.5282508913006119,22.51440774140274,20.5,21.5
2015.0,21.080939569913138,21.507260195108895,6.964900795451019,21.0,0,-0.5072601951088949,21.297353233191725,20.5,21.5
2016.0,21.078116362158244,21.575124373710143,6.964574501457378,21.0,0,-0.5751243737101426,22.25376615972262,20.5,21.5
2017.0,21.075293653786105,21.561724319214537,6.964246711354791,21.0,0,-0.5617243192145374,21.427723774258485,20.5,21.5
2018.0,21.072471444397618,21.464535215767846,6.9639174253928875,21.0,1,-0.46453521576784595,20.492644181300932,20.5,21.5
2019.0,21.089649733593816,21.352962311516286,6.963586643822431,21.0,1,-0.3529623115162863,20.23723326900069,20.5,21.5
2020.0,21.106824520975863,21.24024620607154,6.9632543668953275,21.0,1,-0.24024620607153935,20.11308515162407,20.5,21.5
2021.0,21.123995806945047,21.25394375818552,6.96292059486462,21.0,1,-0.25394375818552106,21.390919279325338,20.5,21.5
2022.0,21.14116359190263,21.28369467968336,6.96258532798449,21.0,0,-0.2836946796833608,21.58120389466176,20.5,21.5
2023.0,21.138327876249846,21.448490665739108,6.962248566510258,21.0,0,-0.4484906657391079,23.09645052629658,20.5,21.5
2024.0,21.1354926603879,21.505618735795494,6.961910310698383,21.0,0,-0.505618735795494,22.076899436359355,20.5,21.5
2025.0,21.132657943917962,21.560076565291276,6.961570560806461,21.0,0,-0.5600765652912756,22.10465486024909,20.5,21.5
2026.0,21.12982372644134,21.55008557062755,6.961229317093226,21.0,0,-0.5500855706275516,21.45017562399031,20.5,21.5
2027.0,21.12699000755947,21.505139934273814,6.960886579818551,21.0,0,-0.5051399342738137,21.055683570736434,20.5,21.5
2028.0,21.12415678687392,21.388166541821906,6.960542349243443,21.0,1,-0.38816654182190646,20.218432617302835,20.5,21.5
2029.0,21.141324063986396,21.39078715440484,6.9601966256300525,21.0,1,-0.39078715440484046,21.41699328023418,20.5,21.5
2030.0,21.158487838498726,21.451740460665214,6.959849409241659,21.0,0,-0.45174046066521356,22.061273523268945,20.5,21.5
2031.0,21.155648110812873,21.468189982273167,6.959500700342685,21.0,0,-0.46818998227316655,21.632685198352696,20.5,21.5
2032.0,21.152808881330778,21.522768897292753,6.959150499198688,21.0,0,-0.5227688972927531,22.06855804748862,20.5,21.5
2033.0,21.14997014965435,21.6493466073669,6.95879880607636,21.0,0,-0.6493466073669012,22.915123708108382,20.5,21.5
2034.0,21.147131915385636,21.607581919740262,6.9584456212435315,21.0,0,-0.6075819197402623,21.189935043473874,20.5,21.5
2035.0,21.144294178126806,21.54474671993832,6.958090944969168,21.0,0,-0.5447467199383205,20.916394721918902,20.5,21.5
2036.0,21.141456937480175,21.556917728755593,6.95773477752337,21.0,0,-0.5569177287555931,21.67862781692832,20.5,21.5
2037.0,21.138620193048183,21.56027182972109,6.957377119177376,21.0,0,-0.5602718297210885,21.593812839376042,20.5,21.5
2038.0,21.13578394443341,21.561431241723163,6.957017970203557,21.0,0,-0.561431241723163,21.57302536174391,20.5,21.5
2039.0,21.132948191238565,21.479867031377207,6.956657330875421,21.0,0,-0.4798670313772071,20.664224927917648,20.5,21.5
2040.0,21.130112933066492,21.462335843274698,6.956295201467611,21.0,0,-0.46233584327469757,21.287023962249602,20.5,21.5
2041.0,21.12727816952017,21.443875293931008,6.9559315822559045,21.0,0,-0.4438752939310078,21.25926980049411,20.5,21.5
2042.0,21.124443900202717,21.449862721344232,6.955566473517212,21.0,0,-0.4498627213442319,21.509736995476473,20.5,21.5
2043.0,21.12161012471738,21.376295982023912,6.955199875529582,21.0,0,-0.3762959820239118,20.64062858882071,20.5,21.5
2044.0,21.118776842667543,21.411842362110495,6.954831788572192,21.0,0,-0.4118423621104945,21.767306162976322,20.5,21.5
2045.0,21.115944053656726,21.397085194680766,6.954462212925358,21.0,0,-0.3970851946807663,21.249513520383484,20.5,21.5
2046.0,21.11311175728858,21.372271699298672,6.9540911488705275,21.0,0,-0.3722716992986719,21.124136745477728,20.5,21.5
2047.0,21.110279953166895,21.390318708186133,6.9537185966902815,21.0,0,-0.39031870818613257,21.57078879706074,20.5,21.5
2048.0,21.1074486408956,21.367227863640363,6.953344556668336,21.0,0,-0.36722786364036253,21.136319418182662,20.5,21.5
2049.0,21.104617820078754,21.42416859650066,6.952969029089537,21.0,0,-0.4241685965006603,21.993575925103638,20.5,21.5
2050.0,21.101787490320557,21.43662785250793,6.952592014239867,21.0,0,-0.4366278525079288,21.561220412580614,20.5,21.5
2051.0,21.09895765122534,21.471165946842326,6.952213512406438,21.0,0,-0.4711659468423264,21.816546890186302,20.5,21.5
2052.0,21.096128302397577,21.41386860758424,6.951833523877495,21.0,0,-0.4138686075842415,20.840895215003393,20.5,21.5
2053.0,21.09329944344187,21.45508780282049,6.951452048942417,21.0,0,-0.4550878028204899,21.867279755182974,20.5,21.5
2054.0,21.090471073962973,21.414357555340256,6.951069087891713,21.0,0,-0.4143575553402563,21.00705508053792,20.5,21.5
2055.0,21.08764319356576,21.39496512586923,6.950684641017025,21.0,0,-0.3949651258692306,21.201040831158974,20.5,21.5
2056.0,21.08481580185525,21.333200643493075,6.950298708611126,21.0,0,-0.33320064349307543,20.715555819731524,20.5,21.5
2057.0,21.081988898436602,21.31291437341504,6.949911290967921,21.0,0,-0.31291437341504036,21.11005167263469,20.5,21.5
2058.0,21.07916248291511,21.324193243141984,6.9495223883824435,21.0,0,-0.32419324314198406,21.43698194041142,20.5,21.5
2059.0,21.0763365548962,21.342345548598,6.949132001150861,21.0,0,-0.3423455485980007,21.523868603158167,20.5,21.5
2060.0,21.073511113985454,21.394417842453635,6.948740129570471,21.0,0,-0.39441784245363465,21.915140781009974,20.5,21.5
2061.0,21.070686159788572,21.347035950103464,6.948346773939699,21.0,0,-0.34703595010346433,20.87321702660176,20.5,21.5
2062.0,21.067861691911403,21.35371778026751,6.947951934558104,21.0,0,-0.3537177802675089,21.420536081907954,20.5,21.5
2063.0,21.06503770995993,21.30103741539559,6.947555611726371,21.0,0,-0.3010374153955908,20.77423376667641,20.5,21.5
2064.0,21.062214213540283,21.34241647437546,6.94715780574632,21.0,0,-0.34241647437546163,21.75620706417417,20.5,21.5
2065.0,21.059391202258723,21.366021979889034,6.946758516920897,21.0,0,-0.36602197988903384,21.602077035024756,20.5,21.5
2066.0,21.056568675721657,21.411165443167018,6.9463577455541765,21.0,0,-0.4111654431670182,21.86260007594686,20.5,21.5
2067.0,21.053746633535624,21.454422159766608,6.945955491951364,21.0,0,-0.45442215976660805,21.886989325762507,20.5,21.5
2068.0,21.05092507530731,21.451839004921787,6.945551756418793,21.0,0,-0.4518390049217871,21.426007456473577,20.5,21.5
2069.0,21.04810400064353,21.453923810120166,6.945146539263926,21.0,0,-0.45392381012016614,21.474771862103957,20.5,21.5
2070.0,21.045283409151253,21.367396807515224,6.944739840795354,21.0,0,-0.36739680751522386,20.5021267814658,20.5,21.5
2071.0,21.042463300437582,21.4022481735065,6.944331661322793,21.0,0,-0.4022481735065,21.75076183341926,20.5,21.5
2072.0,21.039643674109758,21.36046871821231,6.943922001157093,21.0,0,-0.3604687182123101,20.94267416527041,20.5,21.5
2073.0,21.036824529775167,21.3788479424725,6.943510860610225,21.0,0,-0.3788479424725004,21.562640185074404,20.5,21.5
2074.0,21.034005867041333,21.402549021624928,6.943098239995292,21.0,0,-0.4025490216249281,21.639559813149205,20.5,21.5
2075.0,21.031187685515924,21.451544113989364,6.942684139626523,21.0,0,-0.4515441139893639,21.94149503763372,20.5,21.5
2076.0,21.028369984806748,21.37425910343722,6.942268559819272,21.0,0,-0.37425910343721824,20.60140899791576,20.5,21.5
2077.0,21.025552764521752,21.325264792386736,6.941851500890023,21.0,0,-0.32526479238673645,20.83532168188192,20.5,21.5
2078.0,21.022736024269026,21.298968044230747,6.941432963156382,21.0,0,-0.2989680442307474,21.036000562670857,20.5,21.5
2079.0,21.019919763656805,21.243476660165086,6.941012946937085,21.0,0,-0.2434766601650864,20.688562819508476,20.5,21.5
2080.0,21.01710398229346,21.20756227541829,6.940591452551993,21.0,0,-0.2075622754182902,20.848418427950328,20.5,21.5
2081.0,21.014288679787512,21.289608129526165,6.940168480322092,21.0,0,-0.2896081295261652,22.110066670604915,20.5,21.5
2082.0,21.011473855747617,21.355057339921633,6.939744030569494,21.0,0,-0.3550573399216326,22.009549443876306,20.5,21.5
2083.0,21.008659509782582,21.382909206354107,6.939318103617435,21.0,0,-0.38290920635410686,21.66142787067885,20.5,21.5
2084.0,21.00584564150135,21.400944024592008,6.938890699790278,21.0,0,-0.4009440245920075,21.581292206971014,20.5,21.5
2085.0,21.003032250513005,21.426042323104348,6.938461819413509,21.0,0,-0.42604232310434753,21.677025308227748,20.5,21.5
2086.0,21.000219336426785,21.42740998928198,6.938031462813739,21.0,0,-0.4274099892819798,21.441086651058303,20.5,21.5
2087.0,20.997406898852063,21.462831277444415,6.9375996303187035,21.0,0,-0.46283127744441543,21.81704415906877,20.5,21.5
2088.0,20.994594937398357,21.44528155168993,6.937166322257262,21.0,0,-0.44528155168993067,21.269784294145083,20.5,21.5
2089.0,20.991783451675328,21.38359894127876,6.936731538959397,21.0,0,-0.38359894127875904,20.766772837167043,20.5,21.5
2090.0,20.988972441292784,21.299957274681432,6.936295280756216,21.0,1,-0.2999572746814323,20.463540608708165,20.5,21.5
2091.0,21.006161905860676,21.303879360294673,6.935857547979946,21.0,1,-0.30387936029467255,21.343100216427075,20.5,21.5
2092.0,21.0233478449891,21.288595491100775,6.935418340963943,21.0,1,-0.2885954911007751,21.1357567991618,20.5,21.5
2093.0,21.040530259088296,21.26649441028028,6.934977660042679,21.0,1,-0.26649441028028065,21.045483602075336,20.5,21.5
2094.0,21.057709148568488,21.301034580130153,6.934535505551754,21.0,0,-0.3010345801301533,21.64643627862888,20.5,21.5
2095.0,21.054884513839884,21.343828772109934,6.934091877827886,21.0,0,-0.34382877210993357,21.771770691907737,20.5,21.5
2096.0,21.052060355312683,21.31701959195852,6.933646777208919,21.0,0,-0.3170195919585197,21.04892779044438,20.5,21.5
2097.0,21.04923667259706,21.27002157856297,6.933200204033815,21.0,0,-0.2700215785629716,20.80004144460749,20.5,21.5
2098.0,21.04641346530335,21.30630308612433,6.932752158642659,21.0,0,-0.30630308612433055,21.66911816173792,20.5,21.5
2099.0,21.043590733042016,21.234836005279625,6.932302641376657,21.0,0,-0.23483600527962523,20.520165196832572,20.5,21.5
2100.0,21.040768475423683,21.231484723318392,6.931851652578136,21.0,0,-0.23148472331839187,21.19797190370606,20.5,21.5
2101.0,21.037946692059112,21.21923167214773,6.931399192590545,21.0,0,-0.21923167214772832,21.096701160441093,20.5,21.5
2102.0,21.03512538255922,21.20173141210442,6.93094526175845,21.0,0,-0.2017314121044187,21.026728811671322,20.5,21.5
2103.0,21.03230454653506,21.20831494249866,6.9304898604275404,21.0,0,-0.20831494249866012,21.274150246441074,20.5,21.5
2104.0,21.029484183597837,21.310332400985097,6.930032988944623,21.0,0,-0.3103324009850965,22.33050698584946,20.5,21.5
2105.0,21.026664293358905,21.37998242547696,6.929574647657626,21.0,0,-0.3799824254769604,22.0764826703956,20.5,21.5
2106.0,21.023844875429766,21.361177672759325,6.929114836915597,21.0,0,-0.3611776727593252,21.173130145582974,20.5,21.5
2107.0,21.021025929422063,21.392395208059092,6.928653557068699,21.0,0,-0.3923952080590922,21.704570561056762,20.5,21.5
2108.0,21.018207454947593,21.39669281372934,6.92819080846822,21.0,0,-0.3966928137293415,21.439668870431834,20.5,21.5
2109.0,21.015389451618297,21.30780597957638,6.927726591466562,21.0,1,-0.30780597957637923,20.418937638046756,20.5,21.5
2110.0,21.032571919046266,21.22329271385542,6.927260906417246,21.0,1,-0.2232927138554217,20.378160056645847,20.5,21.5
2111.0,21.04975085684374,21.2724730933116,6.926793753674912,21.0,0,-0.27247309331159997,21.764276887873383,20.5,21.5
2112.0,21.046926265423107,21.245436320546567,6.926325133595316,21.0,0,-0.24543632054656683,20.975068592896235,20.5,21.5
2113.0,21.044102145196742,21.170832692702948,6.925855046535334,21.0,1,-0.1708326927029482,20.424796414266762,20.5,21.5
2114.0,21.06127849577701,21.265564156849123,6.925383492852958,21.0,0,-0.2655641568491234,22.212878798310875,20.5,21.5
2115.0,21.058451316776427,21.33636454974796,6.924910472907294,21.0,0,-0.3363645497479588,22.044368478736313,20.5,21.5
2116.0,21.055624608607655,21.427092642006393,6.924435987058571,21.0,0,-0.42709264200639296,22.334373564590734,20.5,21.5
2117.0,21.052798370883345,21.500972047016923,6.923960035668127,21.0,0,-0.5009720470169228,22.23976609712222,20.5,21.5
2118.0,21.0499726032163,21.578252313151,6.923482619098422,21.0,0,-0.5782523131510011,22.351054974491785,20.5,21.5
2119.0,21.047147305219475,21.567711584121366,6.92300373771303,21.0,0,-0.5677115841213656,21.46230429382501,20.5,21.5
2120.0,21.044322476505975,21.504039754614958,6.922523391876638,21.0,0,-0.5040397546149578,20.86732145955088,20.5,21.5
2121.0,21.04149811668905,21.40907952632585,6.922041581955051,21.0,1,-0.40907952632585065,20.45947724343478,20.5,21.5
2122.0,21.058674225382102,21.415896318364243,6.921558308315188,21.0,1,-0.41589631836424346,21.48406423874817,20.5,21.5
2123.0,21.07584680219869,21.441262378404378,6.921073571325084,21.0,0,-0.4412623784043781,21.694922978805725,20.5,21.5
2124.0,21.073015847552515,21.430428350502773,6.920587371353886,21.0,0,-0.4304283505027726,21.322088071486718,20.5,21.5
2125.0,21.070185361857277,21.435658899416516,6.920099708771858,21.0,0,-0.4356588994165165,21.487964388553955,20.5,21.5
2126.0,21.06735534472666,21.408156347562986,6.919610583950374,21.0,0,-0.40815634756298635,21.133130829027685,20.5,21.5
2127.0,21.064525795774504,21.385442255105456,6.919119997261925,21.0,0,-0.38544225510545616,21.158301330530154,20.5,21.5
2128.0,21.0616967146148,21.328194986923947,6.918627949080115,21.0,0,-0.3281949869239469,20.755722305108854,20.5,21.5
2129.0,21.058868100861694,21.231047477558022,6.918134439779659,21.0,1,-0.2310474775580218,20.25957238389877,20.5,21.5
2130.0,21.076039954129477,21.198425728017565,6.917639469736386,21.0,1,-0.19842572801756475,20.872208232612994,20.5,21.5
2131.0,21.093208274032598,21.200806929199977,6.917143039327238,21.0,1,-0.20080692919997745,21.224618941024104,20.5,21.5
2132.0,21.11037306098566,21.195065578934823,6.916645148930266,21.0,1,-0.19506557893482324,21.13765207628328,20.5,21.5
2133.0,21.127534315403246,21.22539846887009,6.916145798924639,21.0,0,-0.22539846887008963,21.528727368222754,20.5,21.5
2134.0,21.12469203769995,21.40763537139703,6.91564498969063,21.0,0,-0.4076353713970313,23.23000439666645,20.5,21.5
2135.0,21.12185022829035,21.48065629030227,6.915142721609629,21.0,0,-0.48065629030227086,22.210865479354666,20.5,21.5
2136.0,21.11900888678901,21.519824959079422,6.914638995064134,21.0,0,-0.5198249590794219,21.911511646850933,20.5,21.5
2137.0,21.116168012810665,21.523450130451742,6.9141338104377565,21.0,0,-0.5234501304517423,21.559701844174946,20.5,21.5
2138.0,21.11332760597019,21.454269864427438,6.913627168115215,21.0,0,-0.4542698644274381,20.762467204184397,20.5,21.5
2139.0,21.11048766588262,21.31208397957787,6.91311906848234,21.0,1,-0.3120839795778707,19.890225131082197,20.5,21.5
2140.0,21.12764819216314,21.235436144891768,6.912609511926071,21.0,1,-0.2354361448917679,20.46895779803074,20.5,21.5
2141.0,21.144805184427092,21.209152818771067,6.9120984988344585,21.0,1,-0.2091528187710665,20.946319557564053,20.5,21.5
2142.0,21.161958643089974,21.20087653536188,6.91158602959666,21.0,1,-0.20087653536187844,21.118113701269998,20.5,21.5
2143.0,21.179108568567276,21.29804912283486,6.911072104602945,21.0,0,-0.2980491228348612,22.26977499756469,20.5,21.5
2144.0,21.176254961274484,21.350384503471073,6.910556724244687,21.0,0,-0.35038450347107286,21.87373830983319,20.5,21.5
2145.0,21.173401821627078,21.458724199108907,6.9100398889143735,21.0,0,-0.45872419910890727,22.54212115548725,20.5,21.5
2146.0,21.170549149240536,21.490059934834303,6.909521599005595,21.0,0,-0.4900599348343029,21.80341729208826,20.5,21.5
2147.0,21.16769694373049,21.53071002051331,6.909001854913052,21.0,0,-0.5307100205133111,21.937210877303393,20.5,21.5
2148.0,21.164845204712726,21.475017490328202,6.908480657032554,21.0,0,-0.4750174903282023,20.918092188477114,20.5,21.5
2149.0,21.16199393180319,21.46006338626004,6.907958005761014,21.0,0,-0.46006338626003895,21.310522345578406,20.5,21.5
2150.0,21.159143124617984,21.514535293541336,6.907433901496454,21.0,0,-0.5145352935413356,22.059254366354303,20.5,21.5
2151.0,21.15629278277336,21.43721641034192,6.906908344638002,21.0,0,-0.4372164103419216,20.66402757834778,20.5,21.5
2152.0,21.153442905885733,21.389250817472792,6.906381335585894,21.0,0,-0.3892508174727922,20.9095948887815,20.5,21.5
2153.0,21.150593493571673,21.404085215049616,6.905852874741469,21.0,0,-0.4040852150496157,21.55242919081785,20.5,21.5
2154.0,21.147744545447907,21.422909371870098,6.905322962507173,21.0,0,-0.422909371870098,21.61115094007492,20.5,21.5
2155.0,21.14489606113132,21.41744835844312,6.904791599286557,21.0,0,-0.4174483584431208,21.36283822417335,20.5,21.5
2156.0,21.14204804023895,21.411800388032162,6.904258785484277,21.0,0,-0.41180038803216235,21.355320683922578,20.5,21.5
2157.0,21.139200482388,21.38905162328448,6.903724521506096,21.0,0,-0.3890516232844803,21.16156397580766,20.5,21.5
2158.0,21.136353387195822,21.362281097911335,6.903188807758877,21.0,0,-0.36228109791133534,21.094575844179886,20.5,21.5
2159.0,21.133506754279935,21.423482021947688,6.9026516446505894,21.0,0,-0.423482021947688,22.035491262311215,20.5,21.5
2160.0,21.13066058325801,21.359286624435192,6.902113032590307,21.0,0,-0.35928662443519244,20.717332649310237,20.5,21.5
2161.0,21.127814873747877,21.437533536600867,6.901572971988207,21.0,0,-0.437533536600867,22.220002658257613,20.5,21.5
2162.0,21.124969625367523,21.51327816018313,6.901031463255567,21.0,0,-0.5132781601831304,22.270724396005765,20.5,21.5
2163.0,21.1221248377351,21.582934449300232,6.900488506804772,21.0,0,-0.5829344493002324,22.279497340471252,20.5,21.5
2164.0,21.119280510468915,21.553057109269684,6.899944103049306,21.0,0,-0.5530571092696839,21.2542837089642,20.5,21.5
2165.0,21.11643664318743,21.57196483641278,6.8993982524037545,21.0,0,-0.5719648364127785,21.761042107843725,20.5,21.5
2166.0,21.113593235509274,21.5884583078295,6.898850955283808,21.0,0,-0.5884583078295016,21.753393021996732,20.5,21.5
2167.0,21.11075028705323,21.619588430209788,6.898302212106257,21.0,0,-0.619588430209788,21.930889654012653,20.5,21.5
2168.0,21.10790779743824,21.60514475868673,6.8977520232889935,21.0,0,-0.6051447586867305,21.460708043456155,20.5,21.5
2169.0,21.10506576628341,21.597774899850172,6.89720038925101,21.0,0,-0.5977748998501724,21.524076311484592,20.5,21.5
2170.0,21.102224193208002,21.601232843716954,6.896647310412399,21.0,0,-0.6012328437169536,21.635812282384766,20.5,21.5
2171.0,21.099383077831444,21.58562731634505,6.896092787194355,21.0,0,-0.5856273163450503,21.429572042626017,20.5,21.5
2172.0,21.096542419773318,21.528495973844777,6.895536820019172,21.0,0,-0.5284959738447768,20.95718254884204,20.5,21.5
2173.0,21.093702218653366,21.455918329992887,6.894979409310242,21.0,0,-0.45591832999288684,20.730141891473988,20.5,21.5
2174.0,21.090862474091498,21.429758013500795,6.894420555492058,21.0,0,-0.4297580135007948,21.168154848579874,20.5,21.5
2175.0,21.08802318570778,21.359548814424844,6.893860258990212,21.0,0,-0.3595488144248442,20.65745682366534,20.5,21.5
2176.0,21.085184353122436,21.33823828964368,6.893298520231393,21.0,0,-0.3382382896436802,21.12513304183204,20.5,21.5
2177.0,21.082345975955857,21.32764550520046,6.892735339643391,21.0,0,-0.32764550520046143,21.221717660768274,20.5,21.5
2178.0,21.079508053828594,21.30025402071698,6.892170717655091,21.0,0,-0.3002540207169808,21.026339175882175,20.5,21.5
2179.0,21.07667058636136,21.28108866457572,6.8916046546964775,21.0,0,-0.28108866457571935,21.089435103163105,20.5,21.5
2180.0,21.073833573175026,21.297489381708143,6.891037151198634,21.0,0,-0.297489381708143,21.46149655303238,20.5,21.5
2181.0,21.07099701389063,21.291961523633653,6.890468207593736,21.0,0,-0.2919615236336526,21.23668294288875,20.5,21.5
2182.0,21.06816090812937,21.307148325718387,6.889897824315062,21.0,0,-0.3071483257183871,21.459016346565733,20.5,21.5
2183.0,21.065325255512608,21.41964185116225,6.889326001796981,21.0,0,-0.4196418511622504,22.544577105600883,20.5,21.5
2184.0,21.062490055661865,21.38741925209943,6.888752740474962,21.0,0,-0.3874192520994306,21.065193261471233,20.5,21.5
2185.0,21.059655308198828,21.38233114465345,6.888178040785569,21.0,0,-0.382331144653449,21.331450070193632,20.5,21.5
2186.0,21.056821012745345,21.405724693793637,6.887601903166459,21.0,0,-0.40572469379363696,21.639660185195517,20.5,21.5
2187.0,21.05398716892343,21.35284223438422,6.887024328056388,21.0,0,-0.35284223438421947,20.824017640290045,20.5,21.5
2188.0,21.051153776355257,21.293633046556685,6.886445315895202,21.0,0,-0.29363304655668543,20.701541168281345,20.5,21.5
2189.0,21.048320834663166,21.313161535297333,6.885864867123846,21.0,0,-0.3131615352973327,21.508446422703805,20.5,21.5
2190.0,21.045488343469657,21.329764901490343,6.885282982184357,21.0,0,-0.32976490149034277,21.495798563420443,20.5,21.5
2191.0,21.0426563023974,21.310682197963867,6.884699661519864,21.0,0,-0.3106821979638674,21.119855162699114,20.5,21.5
2192.0,21.039824711069226,21.321491403993612,6.884114905574593,21.0,0,-0.32149140399361187,21.429583464291056,20.5,21.5
2193.0,21.036993569108127,21.37135218158218,6.883528714793861,21.0,0,-0.37135218158217853,21.869959957467845,20.5,21.5
2194.0,21.034162876137263,21.37740794489869,6.882941089624076,21.0,0,-0.3774079448986889,21.437965578063793,20.5,21.5
2195.0,21.03133263177996,21.301842221708117,6.882352030512742,21.0,0,-0.30184222170811736,20.546184989802402,20.5,21.5
2196.0,21.028502835659708,21.300881889367666,6.881761537908451,21.0,0,-0.30088188936766613,21.291278565963154,20.5,21.5
2197.0,21.02567348740016,21.29938827425052,6.881169612260891,21.0,0,-0.2993882742505214,21.284452123079074,20.5,21.5
2198.0,21.02284458662513,21.270839563482532,6.880576254020838,21.0,0,-0.27083956348253224,20.98535245580264,20.5,21.5
2199.0,21.02001613295861,21.201433890480878,6.87998146364016,21.0,0,-0.20143389048087812,20.507377160464337,20.5,21.5
2200.0,21.017188126024745,21.27975832033689,6.879385241571817,21.0,0,-0.27975832033688874,22.063002618896995,20.5,21.5
2201.0,21.014360565447856,21.281011200393255,6.878787588269857,21.0,0,-0.2810112003932552,21.29354000095692,20.5,21.5
2202.0,21.01153345085242,21.21478331119614,6.878188504189419,21.0,0,-0.2147833111961397,20.552504419224984,20.5,21.5
2203.0,21.008706781863086,21.151016008888945,6.877587989786731,21.0,0,-0.15101600888894495,20.513342985816998,20.5,21.5
2204.0,21.00588055810467,21.267333834661116,6.8769860455191125,21.0,0,-0.26733383466111604,22.430512092382827,20.5,21.5
2205.0,21.003054779202156,21.283866337205865,6.8763826718449685,21.0,0,-0.28386633720586474,21.44919136265335,20.5,21.5
2206.0,21.000229444780686,21.286233644775916,6.875777869223795,21.0,0,-0.2862336447759155,21.309906720476423,20.5,21.5
2207.0,20.997404554465575,21.43965511635697,6.875171638116177,21.0,0,-0.4396551163569704,22.97386983216752,20.5,21.5
2208.0,20.994580107882307,21.40420129018634,6.874563978983783,21.0,0,-0.40420129018633943,21.04966302848003,20.5,21.5
2209.0,20.991756104656528,21.33205190993993,6.873954892289374,21.0,0,-0.3320519099399313,20.61055810747585,20.5,21.5
2210.0,20.988932544414055,21.285293361174197,6.873344378496795,21.0,0,-0.28529336117419746,20.81770787351686,20.5,21.5
2211.0,20.98610942678087,21.286427709739286,6.8727324380709796,21.0,0,-0.2864277097392858,21.29777119539017,20.5,21.5
2212.0,20.98328675138313,21.2186880511955,6.872119071477947,21.0,0,-0.2186880511954996,20.541291465757638,20.5,21.5
2213.0,20.98046451784715,21.2462763179469,6.871504279184801,21.0,0,-0.24627631794690075,21.522158985460912,20.5,21.5
2214.0,20.977642725799416,21.22948814794081,6.870888061659734,21.0,0,-0.22948814794080974,21.0616064478799,20.5,21.5
2215.0,20.97482137486659,21.263686113896803,6.870270419372023,21.0,0,-0.26368611389680296,21.605665773456735,20.5,21.5
2216.0,20.972000464675492,21.278238559065105,6.869651352792029,21.0,0,-0.2782385590651053,21.42376301074813,20.5,21.5
2217.0,20.969179994853114,21.285931252061026,6.869030862391197,21.0,0,-0.285931252061026,21.362858182020233,20.5,21.5
2218.0,20.966359965026623,21.287768068328635,6.86840894864206,21.0,0,-0.287768068328635,21.306136231004725,20.5,21.5
2219.0,20.963540374823346,21.36082544496307,6.867785612018229,21.0,0,-0.36082544496306923,22.09139921130741,20.5,21.5
2220.0,20.960721223870785,21.383321871109057,6.867160852994403,21.0,0,-0.38332187110905735,21.60828613256894,20.5,21.5
2221.0,20.957902511796608,21.33359387408475,6.866534672046365,21.0,0,-0.3335938740847517,20.836313903841695,20.5,21.5
2222.0,20.955084238228658,21.28381621327828,6.865907069650978,21.0,0,-0.28381621327827844,20.786039605213546,20.5,21.5
2223.0,20.95226640279494,21.29130757463644,6.865278046286188,21.0,0,-0.2913075746364413,21.36622118821807,20.5,21.5
2224.0,20.94944900512364,21.200973146440248,6.864647602431024,21.0,1,-0.20097314644024777,20.297628864478312,20.5,21.5
2225.0,20.966632044843102,21.187426023480143,6.864015738565597,21.0,1,-0.1874260234801426,21.05195479387909,20.5,21.5
2226.0,20.983811521581845,21.1409641721181,6.863382455171098,21.0,1,-0.14096417211809964,20.67634565849767,20.5,21.5
2227.0,21.000987435768565,21.126364580521983,6.8627477527298,21.0,1,-0.12636458052198307,20.980368664560817,20.5,21.5
2228.0,21.01815978783196,21.194909569271214,6.862111631725057,21.0,0,-0.19490956927121417,21.880359456763525,20.5,21.5
2229.0,21.015328578200737,21.30461253370087,6.861474092641302,21.0,0,-0.30461253370086894,22.401642177997417,20.5,21.5
2230.0,21.012497807303625,21.261226289797683,6.860835135964049,21.0,0,-0.26122628979768336,20.827363850765828,20.5,21.5
2231.0,21.00966747476936,21.411935406115653,6.860194762179892,21.0,0,-0.4119354061156528,22.919026569295347,20.5,21.5
2232.0,21.00683758022684,21.404158456213075,6.859552971776503,21.0,0,-0.4041584562130751,21.326388957187298,20.5,21.5
2233.0,21.004008123305148,21.33877038673599,6.8589097652426325,21.0,0,-0.338770386735991,20.68488969196515,20.5,21.5
2234.0,21.001179103633536,21.30320582714224,6.858265143068112,21.0,0,-0.3032058271422393,20.947560231204722,20.5,21.5
2235.0,20.998350520841424,21.332857824143257,6.857619105743849,21.0,0,-0.3328578241432574,21.629377794153438,20.5,21.5
2236.0,20.995522374558405,21.230048993528833,6.856971653761827,21.0,1,-0.23004899352883257,20.201960687384585,20.5,21.5
2237.0,21.012694664414244,21.28851873822296,6.856322787615111,21.0,0,-0.2885187382229617,21.873216185164253,20.5,21.5
2238.0,21.009863390038884,21.424109828882745,6.8556725077978395,21.0,0,-0.4241098288827452,22.78002073548058,20.5,21.5
2239.0,21.007032551862437,21.436220683403054,6.85502081480523,21.0,0,-0.43622068340305376,21.55732922860614,20.5,21.5
2240.0,21.004202149515027,21.433951546495805,6.854367709133575,21.0,0,-0.4339515464958055,21.411260177423323,20.5,21.5
2241.0,21.00137218262695,21.49433339400598,6.853713191280241,21.0,0,-0.49433339400598086,22.098151869107735,20.5,21.5
2242.0,20.998542650828682,21.490508881351293,6.8530572617436745,21.0,0,-0.49050888135129256,21.45226375480441,20.5,21.5
2243.0,20.995713553750864,21.436058390874535,6.852399921023393,21.0,0,-0.43605839087453546,20.891553486106964,20.5,21.5
2244.0,20.992884891024318,21.36838256622038,6.85174116961999,21.0,0,-0.36838256622037946,20.69162431967882,20.5,21.5
2245.0,20.990056662280036,21.35636858648621,6.851081008035133,21.0,0,-0.3563685864862087,21.2362287891445,20.5,21.5
2246.0,20.987228867149188,21.330397524373588,6.850419436771564,21.0,0,-0.3303975243735877,21.070686903247378,20.5,21.5
2247.0,20.98440150526311,21.346071485876497,6.8497564563330995,21.0,0,-0.3460714858764966,21.502811100905586,20.5,21.5
2248.0,20.981574576253326,21.287834879576764,6.8490920672246265,21.0,0,-0.28783487957676357,20.705468816579433,20.5,21.5
2249.0,20.97874807975152,21.322316400694717,6.848426269952107,21.0,0,-0.32231640069471723,21.667131611874254,20.5,21.5
2250.0,20.97592201538956,21.389788679153583,6.847759065022574,21.0,0,-0.3897886791535825,22.064511463742235,20.5,21.5
2251.0,20.973096382799486,21.368024643214437,6.847090452944133,21.0,0,-0.3680246432144365,21.150384283822977,20.5,21.5
2252.0,20.970271181613516,21.303191624289152,6.846420434225962,21.0,0,-0.3031916242891519,20.654861435036306,20.5,21.5
2253.0,20.96744641146404,21.32347261318014,6.845749009378308,21.0,0,-0.3234726131801402,21.526282502090023,20.5,21.5
2254.0,20.964622071983623,21.338844447026975,6.8450761789124925,21.0,0,-0.33884444702697536,21.492562785495327,20.5,21.5
2255.0,20.96179816280501,21.214362367578182,6.844401943340904,21.0,1,-0.2143623675781825,19.969541573090254,20.5,21.5
2256.0,20.978974683561116,21.267983275702985,6.843726303177001,21.0,0,-0.26798327570298497,21.80419235695101,20.5,21.5
2257.0,20.976147633885038,21.301872629033824,6.843049258935315,21.0,0,-0.3018726290338236,21.64076616234221,20.5,21.5
2258.0,20.973321014210047,21.25667949644172,6.842370811131443,21.0,0,-0.25667949644171983,20.804748170520682,20.5,21.5
2259.0,20.970494824169432,21.242625525644083,6.841690960282053,21.0,0,-0.24262552564408324,21.102085817667717,20.5,21.5
2260.0,20.967669063396656,21.272730029851164,6.841009706904881,21.0,0,-0.27273002985116435,21.573775071921975,20.5,21.5
2261.0,20.964843731525356,21.30356973724786,6.840327051518731,21.0,0,-0.30356973724785874,21.611966811214803,20.5,21.5
2262.0,20.962018828189354,21.248681708214786,6.839642994643476,21.0,0,-0.24868170821478586,20.699801417884057,20.5,21.5
2263.0,20.959194353022646,21.216899407219504,6.838957536800052,21.0,0,-0.21689940721950407,20.899076397266686,20.5,21.5
2264.0,20.9563703056594,21.12134449642224,6.838270678510469,21.0,1,-0.12134449642223899,20.165795388449588,20.5,21.5
2265.0,20.97354668573397,21.116394587162414,6.837582420297797,21.0,1,-0.11639458716241435,21.066895494564168,20.5,21.5
2266.0,20.990719492880885,21.022650109968623,6.836892762686174,21.0,1,-0.022650109968623156,20.08520533803071,20.5,21.5
2267.0,21.007888727534844,21.027749231348988,6.836201706200806,21.0,1,-0.02774923134898799,21.078740445152636,20.5,21.5
2268.0,21.025054390130578,21.0726583425967,6.835509251367963,21.0,0,-0.07265834259670001,21.52174945507382,20.5,21.5
2269.0,21.022216481102824,21.23414277793391,6.8348153987149765,21.0,0,-0.23414277793391136,22.848987131306025,20.5,21.5
2270.0,21.019379000886346,21.284350908204765,6.834120148770248,21.0,0,-0.2843509082047646,21.786432210913297,20.5,21.5
2271.0,21.016541949115922,21.322488832545517,6.833423502063241,21.0,0,-0.32248883254551686,21.70386807595304,20.5,21.5
2272.0,21.01370532542651,21.41507260172552,6.832725459124479,21.0,0,-0.4150726017255195,22.340910293525546,20.5,21.5
2273.0,21.01086912945325,21.454155403307404,6.832026020485555,21.0,0,-0.45415540330740356,21.844983419126244,20.5,21.5
2274.0,21.00803336083146,21.332434022552714,6.8313251866791225,21.0,1,-0.3324340225527145,20.115220215005824,20.5,21.5
2275.0,21.025198019196626,21.255320809631375,6.830622958238894,21.0,1,-0.2553208096313746,20.484188680417976,20.5,21.5
2276.0,21.042359104184435,21.220620695150448,6.82991933569965,21.0,1,-0.2206206951504477,20.87361955034118,20.5,21.5
2277.0,21.059516616230738,21.24346217933961,6.829214319597227,21.0,1,-0.243462179339609,21.471877021231222,20.5,21.5
2278.0,21.07667055577141,21.188716850357682,6.828507910468527,21.0,1,-0.18871685035768238,20.641263560538416,20.5,21.5
2279.0,21.09382092324235,21.242376142517795,6.827800108851512,21.0,0,-0.24237614251779505,21.77896906411892,20.5,21.5
2280.0,21.090967719079472,21.32307870418304,6.8270909152852015,21.0,0,-0.32307870418303963,22.130104320835486,20.5,21.5
2281.0,21.088114943718715,21.40549596672947,6.8263803303096795,21.0,0,-0.40549596672947175,22.229668592193793,20.5,21.5
2282.0,21.08526259679603,21.400295740481965,6.825668354466085,21.0,0,-0.40029574048196537,21.3482934780069,20.5,21.5
2283.0,21.082410677947564,21.405277361968707,6.824954988296621,21.0,0,-0.40527736196870734,21.455093576836127,20.5,21.5
2284.0,21.079559186809632,21.47300502088341,6.824240232344546,21.0,0,-0.47300502088340934,22.15028161003043,20.5,21.5
2285.0,21.07670812301874,21.457362109487796,6.823524087154177,21.0,0,-0.45736210948779643,21.300932995531667,20.5,21.5
2286.0,21.073857486211566,21.357101349237922,6.82280655327089,21.0,1,-0.35710134923792225,20.35449374673918,20.5,21.5
2287.0,21.09100727602498,21.382504411234912,6.82208763124112,21.0,0,-0.38250441123491186,21.636535031204808,20.5,21.5
2288.0,21.088153492096023,21.44937741301992,6.821367321612354,21.0,0,-0.4493774130199206,22.11810743087001,20.5,21.5
2289.0,21.085300134861924,21.443745385313132,6.820645624933142,21.0,0,-0.44374538531313235,21.38742510824525,20.5,21.5
2290.0,21.082447203959937,21.430872314859027,6.819922541753087,21.0,0,-0.4308723148590268,21.30214161031797,20.5,21.5
2291.0,21.079594699027496,21.45849157537388,6.8191980726228465,21.0,0,-0.4584915753738805,21.734684180522418,20.5,21.5
2292.0,21.076742619702216,21.353225065743107,6.818472218094137,21.0,1,-0.3532250657431071,20.300559969435373,20.5,21.5
2293.0,21.093890965621895,21.285758318927897,6.817744978719729,21.0,1,-0.28575831892789694,20.611090850775796,20.5,21.5
2294.0,21.111035736424515,21.264366888524517,6.817016355053443,21.0,1,-0.26436688852451695,21.050452584490717,20.5,21.5
2295.0,21.128176932548243,21.289037472758654,6.816286347650163,21.0,0,-0.289037472758654,21.535743315100024,20.5,21.5
2296.0,21.125314554431263,21.282949062269797,6.815554957065817,21.0,0,-0.28294906226979677,21.222064957381225,20.5,21.5
2297.0,21.12245260251179,21.361035835937418,6.814822183857394,21.0,0,-0.36103583593741817,22.141903572613632,20.5,21.5
2298.0,21.11959107642806,21.455688120090713,6.81408802858293,21.0,0,-0.4556881200907128,22.40221096162366,20.5,21.5
2299.0,21.11672997581849,21.45975706574963,6.813352491801518,21.0,0,-0.45975706574963127,21.500446522338816,20.5,21.5
2300.0,21.11386930032169,21.52364105846112,6.8126155740733,21.0,0,-0.52364105846112,22.162480985576007,20.5,21.5
2301.0,21.111009049576438,21.561573299144083,6.811877275959472,21.0,0,-0.5615732991440829,21.940895705973713,20.5,21.5
2302.0,21.108149223221716,21.4431784978301,6.811137598022279,21.0,1,-0.4431784978301003,20.259230484690274,20.5,21.5
2303.0,21.125289820896676,21.333575062629592,6.810396540825019,21.0,1,-0.3335750626295919,20.237540710624508,20.5,21.5
2304.0,21.14242684224066,21.377019696238573,6.809654104932039,21.0,0,-0.37701969623857323,21.811466032328386,20.5,21.5
2305.0,21.139560287693197,21.354908634779846,6.808910290908736,21.0,0,-0.35490863477984647,21.13379802019258,20.5,21.5
2306.0,21.13669415769384,21.35692459718876,6.808165099321557,21.0,0,-0.35692459718875824,21.377084221277876,20.5,21.5
2307.0,21.133828451882163,21.493321838172392,6.807418530737998,21.0,0,-0.49332183817239184,22.857294248008728,20.5,21.5
2308.0,21.130963169897935,21.48693252790957,6.806670585726602,21.0,0,-0.48693252790956976,21.42303942528135,20.5,21.5
2309.0,21.128098311381102,21.419156296913275,6.805921264856963,21.0,0,-0.4191562969132754,20.74139398695033,20.5,21.5
2310.0,21.125233875971798,21.401444297282275,6.8051705686997215,21.0,0,-0.40144429728227493,21.22432430097227,20.5,21.5
2311.0,21.122369863310343,21.315894042095454,6.804418497826565,21.0,1,-0.31589404209545435,20.46039149022725,20.5,21.5
2312.0,21.139506273037245,21.263024340142316,6.803665052810228,21.0,1,-0.2630243401423158,20.73432732061093,20.5,21.5
2313.0,21.1566391047932,21.346093831972375,6.802910234224491,21.0,0,-0.3460938319723752,22.17678875027297,20.5,21.5
2314.0,21.153768359019086,21.31684031067852,6.802154042644183,21.0,0,-0.3168403106785185,21.02430509773995,20.5,21.5
2315.0,21.150898036155812,21.26648378202312,6.8013964786451755,21.0,0,-0.2664837820231192,20.762918495469126,20.5,21.5
2316.0,21.14802813584431,21.34175774227887,6.800637542804387,21.0,0,-0.3417577422788689,22.094497344836366,20.5,21.5
2317.0,21.145158657725702,21.397306139927586,6.79987723569978,21.0,0,-0.39730613992758634,21.95279011641476,20.5,21.5
2318.0,21.142289601441295,21.37816834110683,6.799115557910361,21.0,0,-0.3781683411068286,21.18679035289925,20.5,21.5
2319.0,21.13942096663259,21.333670076252194,6.798352510016181,21.0,0,-0.3336700762521936,20.888687427705843,20.5,21.5
2320.0,21.136552752941267,21.45627359575223,6.7975880925983345,21.0,0,-0.45627359575222926,22.682308790752586,20.5,21.5
2321.0,21.133684960009198,21.47788869419615,6.7968223062389574,21.0,0,-0.47788869419614954,21.694039678635352,20.5,21.5
2322.0,21.130817587478443,21.393461234225747,6.796055151521231,21.0,0,-0.39346123422574664,20.549186634521718,20.5,21.5
2323.0,21.12795063499125,21.39942198212853,6.795286629029377,21.0,0,-0.39942198212852986,21.459029461156362,20.5,21.5
2324.0,21.12508410219006,21.518908590857347,6.794516739348657,21.0,0,-0.5189085908573468,22.713774678145516,20.5,21.5
2325.0,21.12221798871749,21.463920784557658,6.7937454830653765,21.0,0,-0.46392078455765784,20.91404272156077,20.5,21.5
2326.0,21.11935229421636,21.444773185056537,6.792972860766881,21.0,0,-0.44477318505653685,21.253297190045327,20.5,21.5
2327.0,21.116487018329668,21.456523364893833,6.7921988730415555,21.0,0,-0.45652336489383316,21.574025163266796,20.5,21.5
2328.0,21.11362216070061,21.52026846279201,6.791423520478826,21.0,0,-0.5202684627920107,22.157719441773786,20.5,21.5
2329.0,21.11075772097257,21.536727447382415,6.790646803669156,21.0,0,-0.5367274473824146,21.701317293286454,20.5,21.5
2330.0,21.10789369878911,21.469187940897484,6.78986872320405,21.0,0,-0.46918794089748417,20.79379287604818,20.5,21.5
2331.0,21.105030093793992,21.499477045065184,6.78908927967605,21.0,0,-0.4994770450651842,21.802368086742185,20.5,21.5
2332.0,21.10216690563117,21.502395705585975,6.788308473678736,21.0,0,-0.5023957055859753,21.531582310793887,20.5,21.5
2333.0,21.099304133944777,21.43613977282179,6.787526305806726,21.0,0,-0.4361397728217895,20.77358044517993,20.5,21.5
2334.0,21.09644177837915,21.318363354761278,6.786742776655675,21.0,1,-0.31836335476127786,20.14059917415616,20.5,21.5
2335.0,21.113579838578804,21.34360755173359,6.785957886822274,21.0,0,-0.3436075517335908,21.59604952145672,20.5,21.5
2336.0,21.110714314188453,21.322925238145967,6.785171636904251,21.0,0,-0.32292523814596663,21.116102102269725,20.5,21.5
2337.0,21.107849205652997,21.35851854830799,6.784384027500369,21.0,0,-0.3585185483079911,21.714451649928236,20.5,21.5
2338.0,21.104984512617367,21.3870407952047,6.783595059210429,21.0,0,-0.387040795204701,21.6722632641718,20.5,21.5
2339.0,21.102120234726687,21.370510121926657,6.782804732635261,21.0,0,-0.37051012192665667,21.205203389146213,20.5,21.5
2340.0,21.099256371626268,21.417909742460385,6.782013048376736,21.0,0,-0.4179097424603846,21.891905947797664,20.5,21.5
2341.0,21.09639292296162,21.363379629659782,6.781220007037755,21.0,0,-0.3633796296597822,20.81807850165376,20.5,21.5
2342.0,21.093529888378434,21.37195425139991,6.780425609222253,21.0,0,-0.37195425139990945,21.457700468801182,20.5,21.5
2343.0,21.0906672675226,21.35859598224303,6.7796298555352,21.0,0,-0.35859598224303113,21.225013290674248,20.5,21.5
2344.0,21.087805060040203,21.39138682004697,6.778832746582595,21.0,0,-0.39138682004697145,21.719295198086375,20.5,21.5
2345.0,21.08494326557751,21.44494002815795,6.778034282971473,21.0,0,-0.4449400281579514,21.98047210926775,20.5,21.5
2346.0,21.08208188378099,21.4077331028726,6.777234465309897,21.0,0,-0.40773310287260145,21.0356638500191,20.5,21.5
2347.0,21.079220914297295,21.3450754450837,6.776433294206965,21.0,0,-0.345075445083701,20.718498867194697,20.5,21.5
2348.0,21.07636035677328,21.338833209620503,6.7756307702728025,21.0,0,-0.33883320962050334,21.276410854988526,20.5,21.5
2349.0,21.07350021085598,21.369812939111462,6.774826894118567,21.0,0,-0.36981293911146196,21.679610234021048,20.5,21.5
2350.0,21.070640476192633,21.266977435337516,6.774021666356443,21.0,1,-0.26697743533751606,20.238622397598057,20.5,21.5
2351.0,21.087781152430665,21.342336819842185,6.77321508759965,21.0,0,-0.3423368198421848,22.095930664888872,20.5,21.5
2352.0,21.0849182392177,21.427623087700287,6.772407158462429,21.0,0,-0.4276230877002867,22.280485766281306,20.5,21.5
2353.0,21.08205573700155,21.436720698713764,6.771597879560057,21.0,0,-0.4367206987137635,21.527696808848532,20.5,21.5
2354.0,21.079193645430063,21.489774677541543,6.770787251508832,21.0,0,-0.48977467754154347,22.020314465819343,20.5,21.5
2355.0,21.07633196415128,21.475574337663982,6.769975274926084,21.0,0,-0.47557433766398205,21.333570938888368,20.5,21.5
2356.0,21.073470692813434,21.431973387101216,6.769161950430168,21.0,0,-0.43197338710121613,20.995963881473557,20.5,21.5
2357.0,21.070609831064957,21.35062538961474,6.768347278640467,21.0,0,-0.3506253896147413,20.537145414749993,20.5,21.5
2358.0,21.06774937855447,21.312018142519655,6.767531260177387,21.0,0,-0.3120181425196549,20.92594567156879,20.5,21.5
2359.0,21.064889334930797,21.253846977534735,6.766713895662363,21.0,0,-0.2538469775347352,20.672135327685538,20.5,21.5
2360.0,21.06202969984294,21.294963181250374,6.765895185717854,21.0,0,-0.2949631812503739,21.70612521840676,20.5,21.5
2361.0,21.059170472940117,21.355626531902182,6.765075130967342,21.0,0,-0.35562653190218185,21.96226003842026,20.5,21.5
2362.0,21.056311653871724,21.3775473000662,6.7642537320353355,21.0,0,-0.3775473000662011,21.596754981706393,20.5,21.5
2363.0,21.053453242287357,21.318942394830774,6.7634309895473645,21.0,0,-0.31894239483077413,20.732893342476505,20.5,21.5
2364.0,21.05059523783681,21.324706204302068,6.762606904129985,21.0,0,-0.32470620430206765,21.382344299015003,20.5,21.5
2365.0,21.04773764017007,21.268833694745332,6.761781476410771,21.0,0,-0.26883369474533225,20.71010859917798,20.5,21.5
2366.0,21.044880448937317,21.237677042234587,6.760954707018324,21.0,0,-0.23767704223458708,20.926110517127135,20.5,21.5
2367.0,21.04202366378893,21.219238554182034,6.760126596582264,21.0,0,-0.2192385541820343,21.034853673656507,20.5,21.5
2368.0,21.03916728437549,21.251254779523904,6.759297145733233,21.0,0,-0.2512547795239044,21.571417032942605,20.5,21.5
2369.0,21.036311310347763,21.28263447137321,6.758466355102895,21.0,0,-0.2826344713732105,21.59643138986627,20.5,21.5
2370.0,21.033455741356715,21.30077862782499,6.7576342253239305,21.0,0,-0.30077862782498954,21.48222019234278,20.5,21.5
2371.0,21.03060057705351,21.253023210556293,6.756800757030046,21.0,0,-0.25302321055629307,20.77546903786933,20.5,21.5
2372.0,21.027745817089503,21.28100010651778,6.755965950855961,21.0,0,-0.28100010651778007,21.56076906613265,20.5,21.5
2373.0,21.024891461116255,21.30015606833017,6.755129807437418,21.0,0,-0.30015606833017117,21.491715686454082,20.5,21.5
2374.0,21.02203750878552,21.200237187823184,6.754292327411178,21.0,1,-0.20023718782318412,20.201048382753314,20.5,21.5
2375.0,21.039183959749245,21.157370261420187,6.753453511415016,21.0,1,-0.15737026142018706,20.728700997390217,20.5,21.5
2376.0,21.056326813659577,21.144031199730925,6.752613360087727,21.0,1,-0.14403119973092515,21.010640582838306,20.5,21.5
2377.0,21.073466070968863,21.14395370564745,6.751771874069124,21.0,1,-0.14395370564745136,21.143178764812713,20.5,21.5
2378.0,21.090601732129482,21.23981348514413,6.750929054000036,21.0,0,-0.23981348514412915,22.198411280110907,20.5,21.5
2379.0,21.087733797593856,21.322956772742387,6.750084900522305,21.0,0,-0.322956772742387,22.154389648724965,20.5,21.5
2380.0,21.08486626781444,21.37381269420206,6.749239414278792,21.0,0,-0.37381269420205854,21.882371908798774,20.5,21.5
2381.0,21.081999142443735,21.46230660908524,6.748392595913371,21.0,0,-0.462306609085239,22.347245757917044,20.5,21.5
2382.0,21.079132421134428,21.483008013082134,6.747544446070931,21.0,0,-0.48300801308213437,21.690022053051088,20.5,21.5
2383.0,21.076266103539414,21.398324985204148,6.746694965397375,21.0,0,-0.39832498520414816,20.551494706424286,20.5,21.5
2384.0,21.073400189311787,21.37330804694748,6.74584415453962,21.0,0,-0.37330804694747854,21.123138664380782,20.5,21.5
2385.0,21.07053467810483,21.39014627236945,6.744992014145594,21.0,0,-0.3901462723694493,21.558528526589157,20.5,21.5
2386.0,21.06766956957204,21.362574452219377,6.744138544864241,21.0,0,-0.362574452219377,21.086856250718654,20.5,21.5
2387.0,21.064804863367097,21.326069403435376,6.743283747345514,21.0,0,-0.32606940343537616,20.961018915595368,20.5,21.5
2388.0,21.061940559143892,21.368109285738615,6.742427622240379,21.0,0,-0.36810928573861545,21.78850810877101,20.5,21.5
2389.0,21.05907665655651,21.442437402179472,6.741570170200812,21.0,0,-0.4424374021794719,22.185718566588037,20.5,21.5
2390.0,21.05621315525924,21.39031904107735,6.740711391879799,21.0,0,-0.39031904107735116,20.869135430056144,20.5,21.5
2391.0,21.053350054906563,21.357410916371446,6.739851287931339,21.0,0,-0.35741091637144606,21.028329669312395,20.5,21.5
2392.0,21.05048735515317,21.38751186901225,6.738989859010438,21.0,0,-0.38751186901225054,21.688521395420295,20.5,21.5
2393.0,21.047625055653942,21.36754502427009,6.738127105773111,21.0,0,-0.3675450242700897,21.16787657684848,20.5,21.5
2394.0,21.044763156063965,21.359332974766787,6.737263028876383,21.0,0,-0.3593329747667866,21.277212479733755,20.5,21.5
2395.0,21.041901656038526,21.447056856500097,6.736397628978285,21.0,0,-0.4470568565000974,22.324295673833205,20.5,21.5
2396.0,21.039040555233115,21.49943967438113,6.735530906737857,21.0,0,-0.49943967438112935,22.02326785319145,20.5,21.5
2397.0,21.036179853303416,21.469069719322146,6.734662862815146,21.0,0,-0.46906971932214603,21.165370168732313,20.5,21.5
2398.0,21.03331954990532,21.437054931586914,6.733793497871206,21.0,0,-0.4370549315869141,21.116907054234595,20.5,21.5
2399.0,21.03045964469491,21.40408769246198,6.732922812568095,21.0,0,-0.4040876924619816,21.074415301212657,20.5,21.5
2400.0,21.027600137328484,21.291033362162818,6.732050807568878,21.0,1,-0.2910333621628176,20.160490059171178,20.5,21.5
2401.0,21.044741027462532,21.247041672635305,6.731177483537624,21.0,1,-0.24704167263530508,20.80712477736018,20.5,21.5
2402.0,21.06187831475375,21.28074390864945,6.730302841139409,21.0,0,-0.2807439086494483,21.61776626879088,20.5,21.5
2403.0,21.059011999659024,21.322243147232342,6.72942688104031,21.0,0,-0.32224314723234215,21.73723553306128,20.5,21.5
2404.0,21.0561460826353,21.34107368698542,6.7285496039074095,21.0,0,-0.3410736869854212,21.52937908451621,20.5,21.5
2405.0,21.053280563339555,21.471351999175027,6.727671010408791,21.0,0,-0.47135199917502746,22.77413512107109,20.5,21.5
2406.0,21.05041544142897,21.450023781077704,6.726791101213544,21.0,0,-0.4500237810777037,21.236741600104466,20.5,21.5
2407.0,21.047550716560927,21.42741749042714,6.7259098769917545,21.0,0,-0.42741749042713906,21.201354583921493,20.5,21.5
2408.0,21.044686388393014,21.445190795077192,6.725027338414515,21.0,0,-0.44519079507719184,21.62292384157772,20.5,21.5
2409.0,21.04182245658302,21.396384587859018,6.724143486153917,21.0,0,-0.39638458785901776,20.908322515677277,20.5,21.5
2410.0,21.038958920788936,21.342964508708533,6.723258320883052,21.0,0,-0.34296450870853334,20.80876371720369,20.5,21.5
2411.0,21.036095780668955,21.393896299531765,6.722371843276012,21.0,0,-0.3938962995317645,21.903214207764076,20.5,21.5
2412.0,21.033233035881477,21.366871478038696,6.721484054007887,21.0,0,-0.36687147803869635,21.096623263108015,20.5,21.5
2413.0,21.030370686085103,21.32918838381091,6.72059495375477,21.0,0,-0.32918838381090865,20.95235744153303,20.5,21.5
2414.0,21.02750873093864,21.338878499505032,6.719704543193747,21.0,0,-0.33887849950503224,21.435779656446268,20.5,21.5
2415.0,21.02464717010109,21.348765901713016,6.718812823002906,21.0,0,-0.3487659017130156,21.44763992379285,20.5,21.5
2416.0,21.02178600323167,21.3184805199964,6.717919793861329,21.0,0,-0.3184805199963989,21.015626702830232,20.5,21.5
2417.0,21.018925229989797,21.338047666249935,6.7170254564490985,21.0,0,-0.33804766624993476,21.533719128785293,20.5,21.5
2418.0,21.01606485003509,21.34081426142523,6.7161298114472885,21.0,0,-0.34081426142522986,21.36848021317818,20.5,21.5
2419.0,21.013204863027372,21.257854560478133,6.715232859537975,21.0,1,-0.25785456047813327,20.428257551007167,20.5,21.5
2420.0,21.030345268626675,21.155460860413772,6.714334601404225,21.0,1,-0.15546086041377194,20.13152385977016,20.5,21.5
2421.0,21.04748206649323,21.14361396299848,6.7134350377300995,21.0,1,-0.1436139629984794,21.025144988845554,20.5,21.5
2422.0,21.06461525708748,21.137530131605445,6.712534169200657,21.0,1,-0.1375301316054447,21.076691817675098,20.5,21.5
2423.0,21.081744840869902,21.088311092614596,6.711631996501946,21.0,1,-0.08831109261459602,20.59612070270611,20.5,21.5
2424.0,21.09887081830103,21.094147181533547,6.710728520321013,21.0,1,-0.09414718153354684,21.152508070723055,20.5,21.5
2425.0,21.115993189841433,21.28389098347441,6.709823741345893,21.0,0,-0.2838909834744108,23.18132900288305,20.5,21.5
2426.0,21.113111955951734,21.321900606374,6.708917660265614,21.0,0,-0.3219006063740011,21.701996835369904,20.5,21.5
2427.0,21.110231117092596,21.348949651146096,6.708010277770199,21.0,0,-0.34894965114609633,21.61944009886705,20.5,21.5
2428.0,21.10735067292473,21.33964243705981,6.707101594550655,21.0,0,-0.33964243705980834,21.24657029619693,20.5,21.5
2429.0,21.104470623109055,21.424929209679142,6.706191611298986,21.0,0,-0.42492920967914216,22.27779693587248,20.5,21.5
2430.0,21.10159096730669,21.410870659763056,6.705280328708184,21.0,0,-0.4108706597630558,21.270285160602192,20.5,21.5
2431.0,21.09871170517897,21.381726801676134,6.704367747472231,21.0,0,-0.38172680167613393,21.090288220806915,20.5,21.5
2432.0,21.09583283638743,21.308720783800254,6.703453868286095,21.0,0,-0.30872078380025414,20.578660605041456,20.5,21.5
2433.0,21.09295436059381,21.3059913449372,6.702538691845737,21.0,0,-0.30599134493720115,21.27869695630667,20.5,21.5
2434.0,21.09007627746006,21.278517998038744,6.701622218848103,21.0,0,-0.278517998038744,21.003784529054172,20.5,21.5
2435.0,21.087198586648338,21.165164120493763,6.700704449991126,21.0,1,-0.16516412049376328,20.031625345043956,20.5,21.5
2436.0,21.104321287821005,21.244074269226466,6.699785385973728,21.0,0,-0.24407426922646636,22.033175756553497,20.5,21.5
2437.0,21.101440380640636,21.30267620856174,6.698865027495816,21.0,0,-0.3026762085617385,21.88869560191446,20.5,21.5
2438.0,21.098559865570007,21.318868498249923,6.6979433752582835,21.0,0,-0.31886849824992325,21.48079139513177,20.5,21.5
2439.0,21.095679742271944,21.314398241532608,6.697020429963008,21.0,0,-0.31439824153260787,21.269695674359454,20.5,21.5
2440.0,21.092800010409483,21.354217467835706,6.696096192312853,21.0,0,-0.3542174678357064,21.75240973086669,20.5,21.5
2441.0,21.089920669645863,21.282470262257885,6.695170663011664,21.0,0,-0.28247026225788474,20.564998206479668,20.5,21.5
2442.0,21.087041719644535,21.22065954715238,6.6942438427642745,21.0,0,-0.2206595471523798,20.60255239609733,20.5,21.5
2443.0,21.08416316006916,21.31317343301,6.6933157322764965,21.0,0,-0.3131734330100002,22.238312291586205,20.5,21.5
2444.0,21.0812849905836,21.347728211688548,6.692386332255128,21.0,0,-0.3477282116885476,21.69327599847402,20.5,21.5
2445.0,21.078407210851935,21.376082127156728,6.691455643407947,21.0,0,-0.37608212715672806,21.659621281838533,20.5,21.5
2446.0,21.075529820538446,21.420969899460356,6.690523666443712,21.0,0,-0.42096989946035634,21.86984762249664,20.5,21.5
2447.0,21.072652819307628,21.50894638732646,6.689590402072167,21.0,0,-0.5089463873264606,22.388711265987503,20.5,21.5
2448.0,21.06977620682418,21.4738506722801,6.688655851004031,21.0,0,-0.4738506722801006,21.1228935218165,20.5,21.5
2449.0,21.066899982753014,21.500651592233126,6.687720013951005,21.0,0,-0.500651592233126,21.76866079176338,20.5,21.5
2450.0,21.064024146759255,21.47833320252145,6.686782891625771,21.0,0,-0.4783332025214513,21.255149305404704,20.5,21.5
2451.0,21.06114869850823,21.493438337769113,6.685844484741988,21.0,0,-0.4934383377691134,21.644489690245734,20.5,21.5
2452.0,21.058273637665476,21.508465672402053,6.684904794014295,21.0,0,-0.5084656724020533,21.658739018731453,20.5,21.5
2453.0,21.055398963896746,21.541702576190353,6.683963820158305,21.0,0,-0.5417025761903531,21.87407161407335,20.5,21.5
2454.0,21.052524676868,21.44956666518736,6.6830215638906125,21.0,0,-0.44956666518735844,20.52820755515741,20.5,21.5
2455.0,21.049650776245404,21.39402589011873,6.682078025928785,21.0,0,-0.3940258901187299,20.838618139432445,20.5,21.5
2456.0,21.04677726169534,21.396484569202798,6.681133206991369,21.0,0,-0.39648456920279784,21.421071360043477,20.5,21.5
2457.0,21.0439041328844,21.389285702005473,6.6801871077978845,21.0,0,-0.3892857020054734,21.31729703003223,20.5,21.5
2458.0,21.041031389479382,21.379345487868793,6.679239729068827,21.0,0,-0.3793454878687932,21.27994334650199,20.5,21.5
2459.0,21.038159031147302,21.469598926322817,6.678291071525666,21.0,0,-0.4695989263228171,22.372133310863056,20.5,21.5
2460.0,21.035287057555376,21.434386439545126,6.677341135890849,21.0,0,-0.43438643954512557,21.08226157176821,20.5,21.5
2461.0,21.032415468371042,21.374960452369493,6.676389922887788,21.0,0,-0.3749604523694927,20.780700580613164,20.5,21.5
2462.0,21.029544263261947,21.266128626729135,6.6754374332408775,21.0,1,-0.2661286267291345,20.177810370325552,20.5,21.5
2463.0,21.046673441895944,21.255942069099234,6.674483667675478,21.0,1,-0.255942069099234,21.15407649280023,20.5,21.5
2464.0,21.0637990039411,21.203552934544533,6.673528626917923,21.0,1,-0.2035529345445326,20.67966158899752,20.5,21.5
2465.0,21.080920949865696,21.37923388524407,6.672572311695519,21.0,0,-0.3792338852440693,23.136043392239436,20.5,21.5
2466.0,21.07803928013806,21.406188517136965,6.671614722736541,21.0,0,-0.4061885171369646,21.675734836065917,20.5,21.5
2467.0,21.07515799522658,21.467439236959944,6.670655860770234,21.0,0,-0.4674392369599438,22.079946435189736,20.5,21.5
2468.0,21.072277094799688,21.422305601578877,6.669695726526814,21.0,0,-0.4223056015788771,20.97096924776821,20.5,21.5
2469.0,21.06939657852603,21.466581568221823,6.668734320737463,21.0,0,-0.46658156822182306,21.909341234651283,20.5,21.5
2470.0,21.066516446074473,21.32256938679991,6.667771644134336,21.0,1,-0.3225693867999091,19.88244757258077,20.5,21.5
2471.0,21.083636697114084,21.373137409270974,6.666807697450553,21.0,0,-0.3731374092709743,21.878817633981626,20.5,21.5
2472.0,21.080753331314153,21.34225140618566,6.665842481420199,21.0,0,-0.3422514061856603,21.03339137533252,20.5,21.5
2473.0,21.077870349144174,21.374630193719362,6.6648759967783295,21.0,0,-0.3746301937193621,21.69841806905638,20.5,21.5
2474.0,21.0749877502737,21.369548291283067,6.663908244260965,21.0,0,-0.369548291283067,21.318729266920116,20.5,21.5
2475.0,21.072105534372497,21.46513481003165,6.66293922460509,21.0,0,-0.4651348100316497,22.420999997517477,20.5,21.5
2476.0,21.069223701110545,21.446994179198548,6.6619689385486565,21.0,0,-0.44699417919854767,21.265587870867527,20.5,21.5
2477.0,21.066342250158034,21.508481064128073,6.660997386830578,21.0,0,-0.5084810641280733,22.12334991342333,20.5,21.5
2478.0,21.063461181185367,21.5948905470102,6.6600245701907355,21.0,0,-0.5948905470101984,22.45898537583145,20.5,21.5
2479.0,21.060580493863167,21.604139028383635,6.659050489369968,21.0,0,-0.604139028383635,21.696623842118,20.5,21.5
2480.0,21.057700187862267,21.570010616048954,6.658075145110083,21.0,0,-0.570010616048954,21.228726492702144,20.5,21.5
2481.0,21.054820262853717,21.526041644169954,6.657098538153847,21.0,0,-0.526041644169954,21.086351925379955,20.5,21.5
2482.0,21.051940718508778,21.52669422059034,6.656120669244989,21.0,0,-0.5266942205903398,21.533219984794197,20.5,21.5
2483.0,21.049061554498927,21.450016231161115,6.655141539128198,21.0,0,-0.4500162311611149,20.683236336868866,20.5,21.5
2484.0,21.046182770495854,21.349820597240097,6.654161148549123,21.0,1,-0.34982059724009673,20.347864258029915,20.5,21.5
2485.0,21.063304366171465,21.327201761658557,6.653179498254377,21.0,1,-0.3272017616585572,21.10101340584316,20.5,21.5
2486.0,21.08042234119788,21.338660770967408,6.6521965889915275,21.0,1,-0.3386607709674081,21.453250864055917,20.5,21.5
2487.0,21.097536696047438,21.300521109800805,6.651212421509103,21.0,1,-0.3005211098008047,20.91912449813477,20.5,21.5
2488.0,21.11464743119253,21.23958023231859,6.65022699655659,21.0,1,-0.23958023231859116,20.630171457496456,20.5,21.5
2489.0,21.131754547105604,21.326663285349916,6.649240314884433,21.0,0,-0.32666328534991607,22.197493815663165,20.5,21.5
2490.0,21.12885804425916,21.352326854534944,6.648252377244032,21.0,0,-0.35232685453494383,21.60896254638522,20.5,21.5
2491.0,21.125961923125757,21.381432004860674,6.647263184387744,21.0,0,-0.38143200486067386,21.672483508117974,20.5,21.5
2492.0,21.12306618337801,21.390475858622658,6.646272737068884,21.0,0,-0.39047585862265777,21.480914396242497,20.5,21.5
2493.0,21.12017082468875,21.472385672456916,6.64528103604172,21.0,0,-0.472385672456916,22.291483810799498,20.5,21.5
2494.0,21.11727584673102,21.50119326011764,6.644288082061475,21.0,0,-0.5011932601176383,21.78926913672486,20.5,21.5
2495.0,21.114381249178084,21.48695117300973,6.643293875884328,21.0,0,-0.4869511730097287,21.344530301930632,20.5,21.5
2496.0,21.111487031703426,21.472718089768993,6.6422984182674085,21.0,0,-0.47271808976899266,21.330387257361632,20.5,21.5
2497.0,21.108593193980738,21.44992737332009,6.641301709968801,21.0,0,-0.44992737332009014,21.222020208831065,20.5,21.5
2498.0,21.105699735683935,21.39403877598818,6.640303751747544,21.0,0,-0.3940387759881787,20.835152802669064,20.5,21.5
2499.0,21.102806656487147,21.331040674111115,6.639304544363625,21.0,0,-0.33104067411111515,20.70105965534048,20.5,21.5
2500.0,21.09991395606472,21.352226336827858,6.638304088577984,21.0,0,-0.352226336827858,21.564082963995286,20.5,21.5
2501.0,21.097021634091224,21.356421803251962,6.637302385152511,21.0,0,-0.35642180325196193,21.398376467493,20.5,21.5
2502.0,21.094129690241434,21.475658305233996,6.636299434850047,21.0,0,-0.47565830523399555,22.66802332505433,20.5,21.5
2503.0,21.091238124190355,21.485806806192162,6.635295238434383,21.0,0,-0.4858068061921621,21.587291815773828,20.5,21.5
2504.0,21.088346935613203,21.450934281727463,6.634289796670258,21.0,0,-0.45093428172746286,21.10220903708047,20.5,21.5
2505.0,21.085456124185413,21.45286076770831,6.633283110323358,21.0,0,-0.45286076770830874,21.472125627516768,20.5,21.5
2506.0,21.08256568958264,21.49107139455807,6.63227518016032,21.0,0,-0.4910713945580696,21.873177663055678,20.5,21.5
2507.0,21.079675631480757,21.413724594080975,6.631266006948728,21.0,0,-0.41372459408097484,20.640256589310027,20.5,21.5
2508.0,21.076785949555852,21.401436947138144,6.630255591457108,21.0,0,-0.40143694713814426,21.27856047770984,20.5,21.5
2509.0,21.073896643484233,21.455359153165944,6.629243934454938,21.0,0,-0.45535915316594355,21.994581213443936,20.5,21.5
2510.0,21.071007712942425,21.41302146284643,6.628231036712639,21.0,0,-0.41302146284643015,20.989644559651296,20.5,21.5
2511.0,21.06811915760718,21.40392604949069,6.627216899001574,21.0,0,-0.4039260494906891,21.31297191593328,20.5,21.5
2512.0,21.06523097715546,21.44321474032016,6.626201522094055,21.0,0,-0.4432147403201583,21.83610164861485,20.5,21.5
2513.0,21.062343171264445,21.447501546222647,6.6251849067633355,21.0,0,-0.4475015462226466,21.49036960524753,20.5,21.5
2514.0,21.059455739611543,21.535026818918734,6.624167053783612,21.0,0,-0.5350268189187339,22.410279545879607,20.5,21.5
2515.0,21.056568681874378,21.553182208596354,6.623147963930025,21.0,0,-0.553182208596354,21.734736105372555,20.5,21.5
2516.0,21.053681997730788,21.523609105235614,6.622127637978653,21.0,0,-0.5236091052356144,21.22787807162822,20.5,21.5
2517.0,21.050795686858837,21.436861334082387,6.621106076706521,21.0,0,-0.43686133408238703,20.569383622550113,20.5,21.5
2518.0,21.047909748936807,21.460238388862198,6.620083280891592,21.0,0,-0.4602383888621979,21.694008936660307,20.5,21.5
2519.0,21.045024183643196,21.400607713801016,6.619059251312769,21.0,0,-0.40060771380101556,20.804300963189192,20.5,21.5
2520.0,21.04213899065673,21.41517488964004,6.618033988749895,21.0,0,-0.41517488964003846,21.560846648030267,20.5,21.5
2521.0,21.03925416965635,21.427491384470393,6.617007493983753,21.0,0,-0.42749138447039314,21.55065633277394,20.5,21.5
2522.0,21.036369720321215,21.414792309763136,6.615979767796061,21.0,0,-0.4147923097631363,21.287801562690568,20.5,21.5
2523.0,21.03348564233071,21.3919379189847,6.61495081096948,21.0,0,-0.39193791898469854,21.16339401120032,20.5,21.5
2524.0,21.030601935364437,21.358052128264493,6.613920624287604,21.0,0,-0.35805212826449306,21.01919422106244,20.5,21.5
2525.0,21.027718599102222,21.24307102956319,6.612889208534965,21.0,1,-0.2430710295631897,20.093260042550156,20.5,21.5
2526.0,21.04483563322411,21.113170692913137,6.611856564497032,21.0,1,-0.11317069291313686,19.81416732641261,20.5,21.5
2527.0,21.061949037410365,21.14780054372088,6.610822692960206,21.0,1,-0.14780054372088003,21.49409905179831,20.5,21.5
2528.0,21.079058812141476,21.063235761387695,6.609787594711828,21.0,1,-0.06323576138769482,20.217587938055843,20.5,21.5
2529.0,21.09616495789799,21.088892296595862,6.60875127054017,21.0,1,-0.08889229659586206,21.345457648677534,20.5,21.5
2530.0,21.11326747516052,21.168994761302464,6.607713721234434,21.0,0,-0.16899476130246427,21.970019408368486,20.5,21.5
2531.0,21.110366364409735,21.26661866310913,6.606674947584764,21.0,0,-0.2666186631091314,22.242857681175803,20.5,21.5
2532.0,21.10746562612637,21.30612300674711,6.605634950382229,21.0,0,-0.3061230067471108,21.701166443126905,20.5,21.5
2533.0,21.104565259991222,21.34888725830636,6.6045937304188325,21.0,0,-0.3488872583063589,21.77652977389884,20.5,21.5
2534.0,21.10166526568531,21.337036658328977,6.603551288487509,21.0,0,-0.33703665832897656,21.218530658555153,20.5,21.5
2535.0,21.09876564288987,21.35415457160729,6.602507625382121,21.0,0,-0.3541545716072889,21.525333704390412,20.5,21.5
2536.0,21.095866391286368,21.30607209710832,6.601462741897468,21.0,0,-0.30607209710831995,20.82524735211863,20.5,21.5
2537.0,21.09296751055649,21.28613615399824,6.6004166388292695,21.0,0,-0.286136153998239,21.08677672289743,20.5,21.5
2538.0,21.090069000382147,21.41252269044158,6.599369316974181,21.0,0,-0.4125226904415804,22.676388054874995,20.5,21.5
2539.0,21.087170860445465,21.422792173235894,6.598320777129784,21.0,0,-0.42279217323589435,21.525487001179034,20.5,21.5
2540.0,21.084273090428802,21.401481524060234,6.5972710200945865,21.0,0,-0.40148152406023385,21.18837503230363,20.5,21.5
2541.0,21.081375690014735,21.426833976524172,6.596220046668023,21.0,0,-0.426833976524172,21.680358501163553,20.5,21.5
2542.0,21.078478658886066,21.485541974423363,6.595167857650457,21.0,0,-0.4855419744233629,22.072621953415272,20.5,21.5
2543.0,21.07558199672582,21.40746853912604,6.594114453843176,21.0,0,-0.40746853912603953,20.626734186152806,20.5,21.5
2544.0,21.072685703217243,21.41070842340747,6.5930598360483925,21.0,0,-0.4107084234074705,21.44310726622178,20.5,21.5
2545.0,21.06978977804381,21.430719279556705,6.592004005069244,21.0,0,-0.43071927955670475,21.630827841049047,20.5,21.5
2546.0,21.066894220889214,21.437234311442175,6.5909469617097916,21.0,0,-0.4372343114421753,21.50238463029688,20.5,21.5
2547.0,21.06399903143738,21.378634910341027,6.589888706775021,21.0,0,-0.37863491034102736,20.792640899329548,20.5,21.5
2548.0,21.06110420937245,21.400847566113622,6.588829241070837,21.0,0,-0.4008475661136224,21.622974123839573,20.5,21.5
2549.0,21.058209754378787,21.394865674446933,6.587768565404069,21.0,0,-0.3948656744469332,21.33504675778004,20.5,21.5
2550.0,21.05531566614099,21.394972034334785,6.58670668058247,21.0,0,-0.3949720343347849,21.3960356332133,20.5,21.5
2551.0,21.05242194434388,21.36210541955467,6.58564358741471,21.0,0,-0.3621054195546698,21.03343927175352,20.5,21.5
2552.0,21.049528588672494,21.358411990493966,6.584579286710381,21.0,0,-0.3584119904939662,21.32147769988693,20.5,21.5
2553.0,21.046635598812102,21.35072018259311,6.583513779279995,21.0,0,-0.3507201825931112,21.27380210358456,20.5,21.5
2554.0,21.043742974448197,21.217469133215037,6.58244706593498,21.0,1,-0.2174691332150367,19.88495863943429,20.5,21.5
2555.0,21.060850715266493,21.224061386071824,6.581379147487687,21.0,1,-0.22406138607182413,21.2899839146397,20.5,21.5
2556.0,21.077954820952936,21.334352535562335,6.580310024751381,21.0,0,-0.3343525355623349,22.437264030467443,20.5,21.5
2557.0,21.075055291993696,21.337519414144204,6.5792396985402455,21.0,0,-0.3375194141442037,21.369188199962892,20.5,21.5
2558.0,21.072156128875005,21.2906164632986,6.5781681696693814,21.0,0,-0.29061646329860125,20.821586954842576,20.5,21.5
2559.0,21.069257331283165,21.415961679629476,6.577095438954804,21.0,0,-0.4159616796294756,22.66941384293822,20.5,21.5
2560.0,21.0663588989047,21.35353499788514,6.576021507213444,21.0,0,-0.3535349978851414,20.7292681804418,20.5,21.5
2561.0,21.06346083142636,21.26915203308682,6.574946375263147,21.0,1,-0.2691520330868187,20.42532238510359,20.5,21.5
2562.0,21.08056312853513,21.196285631426914,6.573870043922675,21.0,1,-0.1962856314269139,20.467621614827866,20.5,21.5
2563.0,21.097661789918206,21.199116109295392,6.572792514011699,21.0,1,-0.19911610929539236,21.227420887980177,20.5,21.5
2564.0,21.114756816063025,21.218903311945933,6.571713786350804,21.0,1,-0.21890331194593315,21.41677533845134,20.5,21.5
2565.0,21.131848207457082,21.28416634251581,6.570633861761491,21.0,0,-0.2841663425158103,21.93679664821458,20.5,21.5
2566.0,21.128935964587942,21.40118959611682,6.569552741066166,21.0,0,-0.4011895961168186,22.5714221321269,20.5,21.5
2567.0,21.12602408794324,21.558318244011588,6.568470425088153,21.0,0,-0.5583182440115877,23.12960472295928,20.5,21.5
2568.0,21.12311257721067,21.590561221030498,6.56738691465168,21.0,0,-0.590561221030498,21.9129909912196,20.5,21.5
2569.0,21.120201432078158,21.5293504868821,6.566302210581888,21.0,0,-0.5293504868821017,20.91724314539814,20.5,21.5
2570.0,21.11729065223386,21.547344515275427,6.565216313704828,21.0,0,-0.5473445152754266,21.727284799208675,20.5,21.5
2571.0,21.114380237366152,21.54727276123994,6.564129224847456,21.0,0,-0.5472727612399417,21.546555220885093,20.5,21.5
2572.0,21.111470187163647,21.431351609136243,6.5630409448376374,21.0,1,-0.43135160913624304,20.272140088099256,20.5,21.5
2573.0,21.12856050131518,21.45928858985236,6.561951474504146,21.0,0,-0.45928858985235976,21.738658397013527,20.5,21.5
2574.0,21.12564717950982,21.54083069868724,6.560860814676659,21.0,0,-0.5408306986872411,22.356251787036054,20.5,21.5
2575.0,21.122734222236854,21.562874804473648,6.559768966185763,21.0,0,-0.5628748044736476,21.783315862337712,20.5,21.5
2576.0,21.119821629185644,21.49266964664655,6.5586759298629485,21.0,0,-0.4926696466465508,20.790618068375583,20.5,21.5
2577.0,21.11690940004578,21.571530783694953,6.557581706540608,21.0,0,-0.5715307836949535,22.36014215417898,20.5,21.5
2578.0,21.11399753450708,21.526018600187466,6.556486297052042,21.0,0,-0.5260186001874665,21.070896765112597,20.5,21.5
2579.0,21.11108603225959,21.476189558732308,6.555389702231452,21.0,0,-0.47618955873230817,20.977899144180725,20.5,21.5
2580.0,21.108174892993585,21.473214203283433,6.554291922913942,21.0,0,-0.4732142032834332,21.443460648794684,20.5,21.5
2581.0,21.105264116399567,21.486719793174505,6.55319295993552,21.0,0,-0.48671979317450464,21.62177569208522,20.5,21.5
2582.0,21.102353702168273,21.502355316744545,6.552092814133092,21.0,0,-0.5023553167445449,21.658710552444948,20.5,21.5
2583.0,21.099443649990665,21.58284499153396,6.5509914863444685,21.0,0,-0.5828449915339604,22.387741739428115,20.5,21.5
2584.0,21.096533959557934,21.534091720894608,6.54988897740836,21.0,0,-0.5340917208946081,21.046559014501085,20.5,21.5
2585.0,21.093624630561504,21.47935283974802,6.548785288164371,21.0,0,-0.4793528397480209,20.93196402828215,20.5,21.5
2586.0,21.090715662693025,21.471845485327744,6.5476804194530125,21.0,0,-0.4718454853277443,21.396771941124978,20.5,21.5
2587.0,21.087807055644376,21.44761405339976,6.546574372115688,21.0,0,-0.4476140533997608,21.205299734119926,20.5,21.5
2588.0,21.08489880910767,21.44468052961255,6.545467146994702,21.0,0,-0.4446805296125511,21.415345291740454,20.5,21.5
2589.0,21.081990922775248,21.46346693512037,6.544358744933254,21.0,0,-0.4634669351203691,21.65133099019855,20.5,21.5
2590.0,21.07908339633968,21.483045477445142,6.543249166775441,21.0,0,-0.4830454774451418,21.67883090069287,20.5,21.5
2591.0,21.07617622949377,21.441174150467283,6.542138413366253,21.0,0,-0.44117415046728325,21.022460880688698,20.5,21.5
2592.0,21.073269421930544,21.399565451746618,6.541026485551578,21.0,0,-0.39956545174661784,20.983478464539964,20.5,21.5
2593.0,21.07036297334327,21.336141789157534,6.539913384178199,21.0,0,-0.33614178915753357,20.70190516326669,20.5,21.5
2594.0,21.067456883425436,21.401221798933488,6.53879911009379,21.0,0,-0.40122179893348786,22.05202189669303,20.5,21.5
2595.0,21.06455115187077,21.357040981155585,6.537683664146919,21.0,0,-0.3570409811555848,20.915232803376554,20.5,21.5
2596.0,21.061645778373226,21.362600907778514,6.536567047187047,21.0,0,-0.36260090777851417,21.418200174007808,20.5,21.5
2597.0,21.05874076262699,21.417700049187747,6.535449260064525,21.0,0,-0.41770004918774717,21.968691463280077,20.5,21.5
2598.0,21.055836104326477,21.46340654968861,6.5343303036305995,21.0,0,-0.46340654968861017,21.92047155469724,20.5,21.5
2599.0,21.052931803166338,21.370513012363595,6.533210178737401,21.0,1,-0.37051301236359535,20.441577639113447,20.5,21.5
2600.0,21.070027858841453,21.433420296301783,6.532088886237956,21.0,0,-0.433420296301783,22.06249313568366,20.5,21.5
2601.0,21.06712027104693,21.474206474790755,6.5309664269861765,21.0,0,-0.47420647479075484,21.882068259680473,20.5,21.5
2602.0,21.06421304027812,21.371252170049953,6.529842801836864,21.0,1,-0.3712521700499529,20.341709122641934,20.5,21.5
2603.0,21.08130616623043,21.29802478687295,6.528718011645708,21.0,1,-0.29802478687295064,20.565750955102928,20.5,21.5
2604.0,21.098395648599514,21.364592705670404,6.527592057269285,21.0,0,-0.3645927056704039,22.030271893644937,20.5,21.5
2605.0,21.095481487881248,21.377883148786896,6.526464939565058,21.0,0,-0.37788314878689633,21.51078757995182,20.5,21.5
2606.0,21.092567684571584,21.348791805809896,6.525336659391377,21.0,0,-0.34879180580989555,21.057878376039888,20.5,21.5
2607.0,21.08965423836655,21.457316368208552,6.524207217607476,21.0,0,-0.45731636820855215,22.542561992195118,20.5,21.5
2608.0,21.086741148962396,21.457098831888562,6.5230766150734745,21.0,0,-0.4570988318885618,21.45492346868866,20.5,21.5
2609.0,21.083828416055617,21.422240123965583,6.521944852650374,21.0,0,-0.4222401239655831,21.073653044735796,20.5,21.5
2610.0,21.080916039342934,21.353617974090888,6.520811931200062,21.0,0,-0.3536179740908878,20.667396475343935,20.5,21.5
2611.0,21.078004018521305,21.29302013856405,6.519677851585308,21.0,0,-0.2930201385640494,20.687041783295665,20.5,21.5
2612.0,21.075092353287918,21.13056465589606,6.518542614669761,21.0,1,-0.13056465589605892,19.506009829216154,20.5,21.5
2613.0,21.092181043340194,21.23059547977764,6.517406221317957,21.0,0,-0.23059547977764083,22.23090371859346,20.5,21.5
2614.0,21.08926608837579,21.243617522793606,6.516268672395305,21.0,0,-0.24361752279360616,21.37383795295326,20.5,21.5
2615.0,21.086351488892593,21.303463781074093,6.515129968768099,21.0,0,-0.3034637810740932,21.901926363878964,20.5,21.5
2616.0,21.083437244588566,21.39964973564339,6.513990111303513,21.0,0,-0.3996497356433899,22.361509281336357,20.5,21.5
2617.0,21.08052335516191,21.51887223319062,6.512849100869596,21.0,0,-0.5188722331906206,22.711097208662927,20.5,21.5
2618.0,21.07760982031105,21.418567504807914,6.51170693833528,21.0,1,-0.41856750480791405,20.41552022098085,20.5,21.5
2619.0,21.094696639734654,21.396349249240536,6.510563624570367,21.0,1,-0.3963492492405365,21.17416669356676,20.5,21.5
2620.0,21.11177981313162,21.300150652543927,6.509419160445544,21.0,1,-0.3001506525439268,20.33816468557783,20.5,21.5
2621.0,21.128859341001082,21.240664549546448,6.508273546832369,21.0,1,-0.24066454954644811,20.64580351957166,20.5,21.5
2622.0,21.145935223842248,21.21920012164546,6.507126784603276,21.0,1,-0.21920012164546065,21.004555842635586,20.5,21.5
2623.0,21.1630074621544,21.343437379583442,6.505978874631575,21.0,0,-0.3434373795834418,22.585809958963253,20.5,21.5
2624.0,21.160076056436896,21.38311811763939,6.50482981779145,21.0,0,-0.3831181176393912,21.779925498198885,20.5,21.5
2625.0,21.15714500718917,21.439431143717307,6.503679614957955,21.0,0,-0.4394311437173073,22.00256140449647,20.5,21.5
2626.0,21.15421431411072,21.437680309601728,6.502528267007023,21.0,0,-0.43768030960172766,21.42017196844593,20.5,21.5
2627.0,21.1512839769013,21.49462131773769,6.501375774815453,21.0,0,-0.494621317737689,22.064031399097303,20.5,21.5
2628.0,21.148353995260884,21.381889771624508,6.500222139260918,21.0,1,-0.38188977162450755,20.254574310492693,20.5,21.5
2629.0,21.165424368889685,21.293258140389717,6.499067361221965,21.0,1,-0.2932581403897174,20.406941828041816,20.5,21.5
2630.0,21.18249109748815,21.37077994242349,6.497911441578005,21.0,0,-0.3707799424234892,22.145997962761207,20.5,21.5
2631.0,21.179554181556966,21.481744442418425,6.49675438120932,21.0,0,-0.4817444424184245,22.591389442367777,20.5,21.5
2632.0,21.176617621596897,21.439399102146115,6.4955961809970635,21.0,0,-0.43939910214611544,21.015945699423025,20.5,21.5
2633.0,21.173681417308778,21.480830652867827,6.494436841823256,21.0,0,-0.48083065286782656,21.895146160084938,20.5,21.5
2634.0,21.17074556839368,21.5974518821994,6.493276364570782,21.0,0,-0.597451882199401,22.763664175515146,20.5,21.5
2635.0,21.167810074552918,21.566435751113524,6.492114750123399,21.0,0,-0.5664357511135236,21.25627444025475,20.5,21.5
2636.0,21.164874935488033,21.497933264192522,6.490951999365724,21.0,0,-0.4979332641925218,20.812908394982504,20.5,21.5
2637.0,21.161940150900808,21.542350139354888,6.489788113183245,21.0,0,-0.5423501393548875,21.986518890978545,20.5,21.5
2638.0,21.159005720493266,21.56033266219258,6.4886230924623085,21.0,0,-0.5603326621925788,21.740157890569492,20.5,21.5
2639.0,21.15607164396766,21.527011260716133,6.48745693809013,21.0,0,-0.527011260716133,21.193797245951675,20.5,21.5
2640.0,21.153137921026484,21.4611895168446,6.486289650954789,21.0,0,-0.4611895168445983,20.80297207812925,20.5,21.5
2641.0,21.15020455137247,21.432967701695976,6.4851212319452225,21.0,0,-0.43296770169597565,21.15074955020975,20.5,21.5
2642.0,21.147271534708587,21.42309191731058,6.483951681951233,21.0,0,-0.42309191731057894,21.324334073456612,20.5,21.5
2643.0,21.144338870738036,21.41271362726901,6.482781001863485,21.0,0,-0.4127136272690102,21.308930726853323,20.5,21.5
2644.0,21.14140655916426,21.443437384977646,6.4816091925735,21.0,0,-0.4434373849776456,21.750674962064,20.5,21.5
2645.0,21.13847459969094,21.492661074817427,6.480436254973664,21.0,0,-0.49266107481742694,21.98489797321524,20.5,21.5
2646.0,21.135542992021996,21.58235079831102,6.47926218995722,21.0,0,-0.582350798311019,22.47924803324694,20.5,21.5
2647.0,21.132611735861584,21.601815312628922,6.478086998418268,21.0,0,-0.6018153126289221,21.796460455807953,20.5,21.5
2648.0,21.129680830914094,21.595797672392916,6.476910681251768,21.0,0,-0.5957976723929157,21.535621270032852,20.5,21.5
2649.0,21.12675027688416,21.538380735233694,6.475733239353537,21.0,0,-0.5383807352336945,20.964211363641482,20.5,21.5
2650.0,21.123820073476654,21.52788259704756,6.474554673620248,21.0,0,-0.5278825970475616,21.422901215186233,20.5,21.5
2651.0,21.12089022039668,21.472557831832727,6.473374984949431,21.0,0,-0.47255783183272726,20.919310179684384,20.5,21.5
2652.0,21.117960717349593,21.44035031396034,6.472194174239469,21.0,0,-0.44035031396034086,21.118275135236477,20.5,21.5
2653.0,21.115031564040972,21.423505125746015,6.471012242389601,21.0,0,-0.42350512574601495,21.255053243602756,20.5,21.5
2654.0,21.112102760176644,21.48031944569568,6.4698291902999205,21.0,0,-0.48031944569568097,22.04846264519234,20.5,21.5
2655.0,21.10917430546267,21.436528211007918,6.468645018871371,21.0,0,-0.43652821100791783,20.998615864130286,20.5,21.5
2656.0,21.10624619960535,21.436360460194305,6.4674597290057525,21.0,0,-0.4363604601943045,21.43468295205817,20.5,21.5
2657.0,21.10331844231123,21.434970766453407,6.4662733216057156,21.0,0,-0.43497076645340726,21.421073829044435,20.5,21.5
2658.0,21.10039103328709,21.415667437960288,6.4650857975747575,21.0,0,-0.4156674379602876,21.22263415302909,20.5,21.5
2659.0,21.097463972239947,21.4293404585466,6.463897157817232,21.0,0,-0.4293404585466014,21.56607066440974,20.5,21.5
2660.0,21.09453725887706,21.395400068897025,6.462707403238341,21.0,0,-0.3954000688970254,21.055996172401265,20.5,21.5
2661.0,21.091610892905933,21.294592509600285,6.461516534744132,21.0,1,-0.29459250960028527,20.286516916632884,20.5,21.5
2662.0,21.1086848740343,21.20622773409396,6.460324553241505,21.0,1,-0.2062277340939609,20.322579979030717,20.5,21.5
2663.0,21.12575520197014,21.232160671523104,6.459131459638204,21.0,1,-0.23216067152310416,21.491490045814537,20.5,21.5
2664.0,21.142821877221674,21.21501919017,6.4579372548428235,21.0,1,-0.21501919017000048,21.043604376638964,20.5,21.5
2665.0,21.1598849002972,21.207461048469916,6.4567419397648,21.0,1,-0.20746104846991642,21.131879631469076,20.5,21.5
2666.0,21.176944271705093,21.337672969835218,6.455545515314421,21.0,0,-0.3376729698352179,22.639792183488233,20.5,21.5
2667.0,21.173999991953814,21.42239531107568,6.454347982402814,21.0,0,-0.42239531107567885,22.26961872348029,20.5,21.5
2668.0,21.171056061551905,21.4310637879288,6.453149341941952,21.0,0,-0.4310637879287995,21.517748556460006,20.5,21.5
2669.0,21.168112480207984,21.500214198869926,6.451949594844653,21.0,0,-0.5002141988699265,22.191718308281196,20.5,21.5
2670.0,21.16516924763091,21.573510777992773,6.450748742024576,21.0,0,-0.5735107779927731,22.30647656922124,20.5,21.5
2671.0,21.16222636352979,21.580182130524694,6.4495467843962215,21.0,0,-0.5801821305246939,21.646895655843903,20.5,21.5
2672.0,21.15928382761396,21.533104739568394,6.4483437228749345,21.0,0,-0.5331047395683939,21.062330830005394,20.5,21.5
2673.0,21.156341639593013,21.51701760816337,6.447139558376899,21.0,0,-0.5170176081633713,21.356146294113145,20.5,21.5
2674.0,21.153399799176768,21.44122341237965,6.445934291819137,21.0,0,-0.44122341237964946,20.68328145454243,20.5,21.5
2675.0,21.150458306075297,21.424863521002436,6.444727924119511,21.0,0,-0.4248635210024361,21.261264607230302,20.5,21.5
2676.0,21.147517159998905,21.45315619210365,6.443520456196724,21.0,0,-0.45315619210364844,21.736082903115772,20.5,21.5
2677.0,21.144576360658146,21.50784721627147,6.442311888970316,21.0,0,-0.5078472162714682,22.054757457949666,20.5,21.5
2678.0,21.14163590776381,21.51655221859257,6.4411022233606605,21.0,0,-0.5165522185925688,21.603602241803575,20.5,21.5
2679.0,21.13869580102693,21.56266347207129,6.439891460288974,21.0,0,-0.5626634720712893,22.023776006858494,20.5,21.5
2680.0,21.135756040158782,21.621625902170205,6.438679600677303,21.0,0,-0.6216259021702051,22.211250203159363,20.5,21.5
2681.0,21.132816624870884,21.565824897165243,6.437466645448531,21.0,0,-0.5658248971652426,21.00781484711562,20.5,21.5
2682.0,21.129877554874998,21.560751405886325,6.436252595526378,21.0,0,-0.5607514058863252,21.51001649309715,20.5,21.5
2683.0,21.126938829883127,21.597277041738742,6.435037451835394,21.0,0,-0.5972770417387423,21.962533400262913,20.5,21.5
2684.0,21.124000449607518,21.539498007387543,6.4338212153009655,21.0,0,-0.539498007387543,20.96170766387555,20.5,21.5
2685.0,21.121062413760658,21.493984091399838,6.432603886849309,21.0,0,-0.4939840913998381,21.03884493152279,20.5,21.5
2686.0,21.118124722055274,21.43704731814836,6.4313854674074715,21.0,0,-0.43704731814835895,20.867679585633567,20.5,21.5
2687.0,21.115187374204346,21.478570682191144,6.430165957903335,21.0,0,-0.47857068219114396,21.893804322618994,20.5,21.5
2688.0,21.112250369921085,21.456513428478665,6.428945359265606,21.0,0,-0.45651342847866516,21.235940891353877,20.5,21.5
2689.0,21.109313708918954,21.456915928864312,6.427723672423827,21.0,0,-0.4569159288643121,21.46094093272078,20.5,21.5
2690.0,21.106377390911653,21.413826062661204,6.426500898308364,21.0,0,-0.4138260626612045,20.98292740063013,20.5,21.5
2691.0,21.103441415613133,21.488677853850852,6.425277037850411,21.0,0,-0.4886778538508523,22.23719576574733,20.5,21.5
2692.0,21.10050578273758,21.435229107402346,6.424052091981993,21.0,0,-0.4352291074023462,20.900741642917286,20.5,21.5
2693.0,21.09757049199943,21.419956954712745,6.422826061635959,21.0,0,-0.4199569547127453,21.267235427816736,20.5,21.5
2694.0,21.09463554311336,21.415370444629154,6.421598947745984,21.0,0,-0.4153704446291542,21.369505343793243,20.5,21.5
2695.0,21.091700935794286,21.44244959975953,6.420370751246571,21.0,0,-0.4424495997595308,21.713241151063297,20.5,21.5
2696.0,21.088766669757376,21.389050283086235,6.419141473073042,21.0,0,-0.38905028308623457,20.855057116353272,20.5,21.5
2697.0,21.08583274471804,21.412612450038356,6.417911114161547,21.0,0,-0.4126124500383561,21.64823411955957,20.5,21.5
2698.0,21.08289916039193,21.39477969685577,6.416679675449058,21.0,0,-0.3947796968557711,21.21645216502992,20.5,21.5
2699.0,21.07996591649494,21.42707499743716,6.415447157873368,21.0,0,-0.4270749974371597,21.750028003251046,20.5,21.5
2700.0,21.077033012743215,21.447473321900056,6.414213562373095,21.0,0,-0.4474733219000555,21.651456566529014,20.5,21.5
2701.0,21.07410044885314,21.443969937788637,6.412978889887674,21.0,0,-0.443969937788637,21.408936096674452,20.5,21.5
2702.0,21.07116822454135,21.38850844754945,6.411743141357363,21.0,0,-0.3885084475494516,20.833893545157597,20.5,21.5
2703.0,21.068236339524713,21.45885513007908,6.410506317723236,21.0,0,-0.45885513007907974,22.16232195537536,20.5,21.5
2704.0,21.06530479352035,21.32787903443084,6.409268419927189,21.0,1,-0.32787903443083977,20.01811807794844,20.5,21.5
2705.0,21.082373586245634,21.30212029223913,6.408029448911936,21.0,1,-0.30212029223913106,21.044532870322044,20.5,21.5
2706.0,21.099438717418167,21.3618378689319,6.406789405621009,21.0,0,-0.3618378689319002,21.95901363585959,20.5,21.5
2707.0,21.096500187555808,21.406026444944878,6.40554829099875,21.0,0,-0.40602644494487805,21.847912205074657,20.5,21.5
2708.0,21.093561997176497,21.305442448077574,6.404306105990325,21.0,1,-0.30544244807757437,20.299602479404538,20.5,21.5
2709.0,21.11062414599826,21.411428083008005,6.403062851541712,21.0,0,-0.4114280830080048,22.47128443231231,20.5,21.5
2710.0,21.107682633739365,21.4332419843656,6.401818528599701,21.0,0,-0.43324198436560124,21.651380997941565,20.5,21.5
2711.0,21.104741460918337,21.369550741019072,6.400573138111902,21.0,0,-0.36955074101907215,20.73263830755378,20.5,21.5
2712.0,21.101800627253777,21.360655074791854,6.399326681026731,21.0,0,-0.360655074791854,21.271698412519672,20.5,21.5
2713.0,21.09886013246453,21.350856456314457,6.39807915829342,21.0,0,-0.3508564563144567,21.252870271540484,20.5,21.5
2714.0,21.095919976269695,21.418780294551702,6.3968305708620115,21.0,0,-0.41878029455170207,22.098018676924156,20.5,21.5
2715.0,21.092980158388613,21.355270485279704,6.39558091968336,21.0,0,-0.3552704852797035,20.720172392559718,20.5,21.5
2716.0,21.090040678540873,21.39829405468696,6.394330205709129,21.0,0,-0.39829405468696066,21.828529748759532,20.5,21.5
2717.0,21.08710153644631,21.334880504596356,6.3930784298917915,21.0,0,-0.3348805045963559,20.700745003690308,20.5,21.5
2718.0,21.084162731824996,21.382042254577602,6.391825593184629,21.0,0,-0.3820422545776019,21.853659754390062,20.5,21.5
2719.0,21.081224264397267,21.240900214411248,6.390571696541731,21.0,1,-0.24090021441124776,19.829479812747707,20.5,21.5
2720.0,21.098286133883697,21.262278727705635,6.3893167409179945,21.0,1,-0.26227872770563465,21.476063860649504,20.5,21.5
2721.0,21.115344340005105,21.23544494675322,6.3880607272691226,21.0,1,-0.23544494675321914,20.967107137229064,20.5,21.5
2722.0,21.13239888328256,21.20797692818842,6.386803656551626,21.0,1,-0.20797692818841895,20.933296742540417,20.5,21.5
2723.0,21.14944976423721,21.209453494244492,6.385545529722817,21.0,1,-0.20945349424449233,21.224219154805226,20.5,21.5
2724.0,21.166496983390306,21.219629027721236,6.384286347740813,21.0,1,-0.21962902772123627,21.321384362488676,20.5,21.5
2725.0,21.183540541263177,21.285080716576836,6.383026111564539,21.0,0,-0.28508071657683587,21.939597605132832,20.5,21.5
2726.0,21.180580438377238,21.335194146127893,6.381764822153717,21.0,0,-0.33519414612789333,21.836328441638468,20.5,21.5
2727.0,21.177620675253994,21.470960538089134,6.3805024804688735,21.0,0,-0.47096053808913396,22.82862445770154,20.5,21.5
2728.0,21.17466125161504,21.469568098862062,6.3792390874713405,21.0,0,-0.4695680988620623,21.455643706591346,20.5,21.5
2729.0,21.17170216718221,21.530211507195496,6.377974644123242,21.0,0,-0.5302115071954958,22.13664559052983,20.5,21.5
2730.0,21.1687434216776,21.480450664074183,6.376709151387508,21.0,0,-0.48045066407418346,20.98284223286106,20.5,21.5
2731.0,21.16578501482354,21.461664196182845,6.375442610227868,21.0,0,-0.46166419618284493,21.27379951726946,20.5,21.5
2732.0,21.162826946342623,21.378474512613415,6.3741750216088455,21.0,0,-0.37847451261341547,20.54657767691912,20.5,21.5
2733.0,21.159869215957677,21.380401525498467,6.372906386495767,21.0,0,-0.38040152549846695,21.39967165434898,20.5,21.5
2734.0,21.156911823391784,21.330154890468037,6.371636705854753,21.0,0,-0.33015489046803737,20.82768854016374,20.5,21.5
2735.0,21.153954768368276,21.375298361733538,6.370365980652719,21.0,0,-0.37529836173353814,21.826733074388546,20.5,21.5
2736.0,21.150998050610735,21.38865542033576,6.3690942118573775,21.0,0,-0.38865542033575906,21.52222600635797,20.5,21.5
2737.0,21.148041669842986,21.39438571247833,6.367821400437236,21.0,0,-0.39438571247832854,21.451688633904023,20.5,21.5
2738.0,21.145085625789104,21.42510481667589,6.3665475473615984,21.0,0,-0.4251048166758906,21.73229585865151,20.5,21.5
2739.0,21.142129918173417,21.42909316365654,6.365272653600557,21.0,0,-0.42909316365653893,21.468976633463022,20.5,21.5
2740.0,21.139174546720504,21.436113208771083,6.363996720124997,21.0,0,-0.43611320877108284,21.506313659916522,20.5,21.5
2741.0,21.136219511155186,21.43571598993544,6.362719747906601,21.0,0,-0.4357159899354386,21.431743801578996,20.5,21.5
2742.0,21.133264811202537,21.519564614882192,6.361441737917836,21.0,0,-0.5195646148821922,22.358050864349728,20.5,21.5
2743.0,21.13031044658788,21.48511599117244,6.360162691131963,21.0,0,-0.48511599117243875,21.140629754074904,20.5,21.5
2744.0,21.12735641703679,21.397167594354585,6.358882608523032,21.0,0,-0.3971675943545847,20.517683626176044,20.5,21.5
2745.0,21.124402722275086,21.330170531094844,6.357601491065884,21.0,0,-0.3301705310948435,20.66019989849743,20.5,21.5
2746.0,21.121449362028844,21.285357529114727,6.3563193397361415,21.0,0,-0.28535752911472656,20.837227509313557,20.5,21.5
2747.0,21.118496336024386,21.20364572853169,6.35503615551022,21.0,1,-0.20364572853168994,20.386527722701324,20.5,21.5
2748.0,21.13554364398828,21.133801717577366,6.3537519393653215,21.0,1,-0.13380171757736647,20.435361608034132,20.5,21.5
2749.0,21.152587285647357,21.289532216554143,6.352466692279431,21.0,0,-0.28953221655414296,22.846837206321908,20.5,21.5
2750.0,21.149627261528682,21.318439789973237,6.351180415231321,21.0,0,-0.31843978997323674,21.607515524164175,20.5,21.5
2751.0,21.146667572159423,21.32524266863029,6.349893109200546,21.0,0,-0.3252426686302883,21.393271455200804,20.5,21.5
2752.0,21.14370821726683,21.295978279319975,6.348604775167447,21.0,0,-0.295978279319975,21.003334386216842,20.5,21.5
2753.0,21.140749196578412,21.38905800578283,6.347315414113146,21.0,0,-0.3890580057828288,22.319855270411367,20.5,21.5
2754.0,21.13779050982192,21.395464172319173,6.346025027019547,21.0,0,-0.39546417231917275,21.459525837682612,20.5,21.5
2755.0,21.13483215672536,21.451002382182843,6.344733614869336,21.0,0,-0.4510023821828426,22.00638448081954,20.5,21.5
2756.0,21.13187413701699,21.417163274563244,6.343441178645981,21.0,0,-0.41716327456324365,21.078772198367254,20.5,21.5
2757.0,21.128916450425315,21.443118518192215,6.342147719333726,21.0,0,-0.4431185181922146,21.702670954481924,20.5,21.5
2758.0,21.125959096679097,21.39444994543117,6.340853237917599,21.0,0,-0.3944499454311696,20.90776421782072,20.5,21.5
2759.0,21.123002075507344,21.371779781966243,6.339557735383401,21.0,0,-0.37177978196624295,21.145078147316976,20.5,21.5
2760.0,21.12004538663932,21.37859972729772,6.3382612127177165,21.0,0,-0.3785997272977184,21.446799180612473,20.5,21.5
2761.0,21.117089029804536,21.380717084627776,6.3369636709079025,21.0,0,-0.38071708462777565,21.401890657928348,20.5,21.5
2762.0,21.114133004732757,21.3866034574271,6.335665110942093,21.0,0,-0.3866034574270998,21.44546718542034,20.5,21.5
2763.0,21.111177311153998,21.39543134023834,6.3343655338091995,21.0,0,-0.39543134023833915,21.483710168350733,20.5,21.5
2764.0,21.10822194879853,21.38768830928948,6.333064940498905,21.0,0,-0.38768830928948006,21.31025799980089,20.5,21.5
2765.0,21.10526691739687,21.28468482279705,6.331763332001668,21.0,1,-0.28468482279705043,20.254649957872754,20.5,21.5
2766.0,21.12231221667979,21.251201743997093,6.330460709308721,21.0,1,-0.2512017439970933,20.91637095599752,20.5,21.5
2767.0,21.139353846378317,21.27988555389371,6.329157073412068,21.0,0,-0.2798855538937097,21.566723652859874,20.5,21.5
2768.0,21.136391807023724,21.381583686351494,6.327852425304483,21.0,0,-0.38158368635149387,22.398565010929335,20.5,21.5
2769.0,21.13343009914738,21.390142301910757,6.326546765979514,21.0,0,-0.39014230191075683,21.475728457503386,20.5,21.5
2770.0,21.130468722480746,21.404842087011907,6.325240096431475,21.0,0,-0.4048420870119074,21.551839938023413,20.5,21.5
2771.0,21.127507676755535,21.49316915420912,6.323932417655453,21.0,0,-0.4931691542091201,22.376439826181247,20.5,21.5
2772.0,21.124546961703714,21.51317468505433,6.3226237306473045,21.0,0,-0.5131746850543308,21.713229993506438,20.5,21.5
2773.0,21.121586577057503,21.420026327511593,6.321314036403647,21.0,1,-0.42002632751159297,20.488542752084214,20.5,21.5
2774.0,21.138626522549373,21.45579819390206,6.320003335921873,21.0,0,-0.45579819390205856,21.813516857806714,20.5,21.5
2775.0,21.135662797912047,21.542569165182055,6.318691630200138,21.0,0,-0.542569165182055,22.41027887798202,20.5,21.5
2776.0,21.132699403678505,21.514133852665545,6.317378920237361,21.0,0,-0.5141338526655446,21.22978072750044,20.5,21.5
2777.0,21.129736339581815,21.520452112019775,6.316065207033229,21.0,0,-0.5204521120197754,21.583634705562083,20.5,21.5
2778.0,21.126773605355304,21.564175870898914,6.3147504915881925,21.0,0,-0.5641758708989144,22.001413459690305,20.5,21.5
2779.0,21.12381120073255,21.467538728378624,6.313434774903462,21.0,0,-0.4675387283786243,20.501167303175723,20.5,21.5
2780.0,21.120849125447386,21.395601041196166,6.3121180579810146,21.0,0,-0.3956010411961657,20.67622416937158,20.5,21.5
2781.0,21.117887379233892,21.396257131250184,6.310800341823588,21.0,0,-0.39625713125018436,21.40281803179037,20.5,21.5
2782.0,21.11492596182641,21.315103703339332,6.30948162743468,21.0,0,-0.31510370333933224,20.50356942423081,20.5,21.5
2783.0,21.11196487295953,21.333569278886394,6.308161915818548,21.0,0,-0.33356927888639376,21.51822503435701,20.5,21.5
2784.0,21.1090041123681,21.44797045416551,6.306841207980211,21.0,0,-0.4479704541655103,22.591982206956676,20.5,21.5
2785.0,21.106043679787224,21.432622666136897,6.305519504925446,21.0,0,-0.43262266613689704,21.279144785850765,20.5,21.5
2786.0,21.10308357495225,21.4583439951105,6.304196807660784,21.0,0,-0.45834399511049995,21.71555728484653,20.5,21.5
2787.0,21.100123797598794,21.49208306651824,6.302873117193521,21.0,0,-0.49208306651824074,21.82947378059565,20.5,21.5
2788.0,21.097164347462712,21.445091623858865,6.301548434531702,21.0,0,-0.4450916238588647,20.975177197265104,20.5,21.5
2789.0,21.094205224280127,21.401665015013954,6.300222760684132,21.0,0,-0.401665015013954,20.967398926564847,20.5,21.5
2790.0,21.091246427787407,21.45545937451922,6.298896096660368,21.0,0,-0.4554593745192186,21.993402969571864,20.5,21.5
2791.0,21.08828795772118,21.474809167640547,6.297568443470722,21.0,0,-0.47480916764054726,21.668307098853834,20.5,21.5
2792.0,21.085329813818333,21.478502681693815,6.296239802126262,21.0,0,-0.47850268169381494,21.51543782222649,20.5,21.5
2793.0,21.082371995815993,21.50453693405158,6.294910173638804,21.0,0,-0.5045369340515791,21.76487945762922,20.5,21.5
2794.0,21.07941450345156,21.525625527848433,6.29357955902092,21.0,0,-0.5256255278484332,21.736511465816974,20.5,21.5
2795.0,21.076457336462674,21.54056200406646,6.292247959285929,21.0,0,-0.5405620040664587,21.689926766246714,20.5,21.5
2796.0,21.07350049458724,21.430959383102124,6.290915375447901,21.0,1,-0.4309593831021239,20.334933173458776,20.5,21.5
2797.0,21.090543977563414,21.385480325883,6.28958180852166,21.0,1,-0.38548032588300174,20.93068975369178,20.5,21.5
2798.0,21.107583785129606,21.396871328980247,6.288247259522773,21.0,0,-0.3968713289802466,21.510781359952695,20.5,21.5
2799.0,21.104619917824483,21.36391571633514,6.286911729467557,21.0,0,-0.3639157163351392,21.034359589884065,20.5,21.5
2800.0,21.10165637618681,21.361634685857435,6.285575219373079,21.0,0,-0.3616346858574353,21.338824381080396,20.5,21.5
2801.0,21.09869315995545,21.3651576261196,6.284237730257146,21.0,0,-0.36515762611960056,21.400387028741253,20.5,21.5
2802.0,21.09573026886951,21.463127921420458,6.282899263138316,21.0,0,-0.4631279214204582,22.442830874429035,20.5,21.5
2803.0,21.092767702668365,21.42377055941924,6.2815598190358894,21.0,0,-0.42377055941923913,21.03019693940705,20.5,21.5
2804.0,21.08980546109164,21.405090212752285,6.280219398969911,21.0,0,-0.40509021275228463,21.21828674608274,20.5,21.5
2805.0,21.086843543879215,21.400079723086172,6.27887800396117,21.0,0,-0.4000797230861721,21.349974826425047,20.5,21.5
2806.0,21.083881950771232,21.42477768374807,6.277535635031196,21.0,0,-0.42477768374806857,21.671757290367033,20.5,21.5
2807.0,21.080920681508083,21.411063028058816,6.276192293202261,21.0,0,-0.4110630280588161,21.27391647116629,20.5,21.5
2808.0,21.077959735830422,21.444554168163684,6.2748479794973795,21.0,0,-0.444554168163684,21.779465569212363,20.5,21.5
2809.0,21.074999113479155,21.492710711715706,6.273502694940304,21.0,0,-0.4927107117157057,21.974276147235923,20.5,21.5
2810.0,21.072038814195448,21.469254643086096,6.272156440555528,21.0,0,-0.46925464308609577,21.234693956789997,20.5,21.5
2811.0,21.06907883772072,21.513694739212166,6.270809217368282,21.0,0,-0.5136947392121662,21.95809570047287,20.5,21.5
2812.0,21.06611918379665,21.51641353611233,6.269461026404536,21.0,0,-0.5164135361123314,21.543601505113983,20.5,21.5
2813.0,21.063159852165175,21.471278326309623,6.268111868690994,21.0,0,-0.47127832630962274,21.019926228282536,20.5,21.5
2814.0,21.06020084256848,21.406422330694177,6.266761745255101,21.0,0,-0.406422330694177,20.75786237453972,20.5,21.5
2815.0,21.05724215474902,21.374986625670942,6.265410657125033,21.0,0,-0.37498662567094243,21.060629575438597,20.5,21.5
2816.0,21.054283788449496,21.349763299173457,6.264058605329702,21.0,0,-0.34976329917345694,21.097530034198602,20.5,21.5
2817.0,21.05132574341287,21.303208558605007,6.262705590898756,21.0,0,-0.3032085586050073,20.83766115292051,20.5,21.5
2818.0,21.04836801938237,21.24477089839015,6.261351614862573,21.0,0,-0.24477089839015065,20.660394296241584,20.5,21.5
2819.0,21.045410616101467,21.217170039982765,6.259996678252264,21.0,0,-0.21717003998276496,20.941161455908908,20.5,21.5
2820.0,21.042453533313896,21.238436063357078,6.258640782099675,21.0,0,-0.2384360633570779,21.451096297100207,20.5,21.5
2821.0,21.03949677076365,21.195758066812136,6.257283927437378,21.0,0,-0.19575806681213592,20.768978101362716,20.5,21.5
2822.0,21.036540328194988,21.220227314086213,6.255926115298676,21.0,0,-0.22022731408621254,21.46491978682698,20.5,21.5
2823.0,21.03358420535241,21.337031302423476,6.254567346717604,21.0,0,-0.3370313024234761,22.505071185796112,20.5,21.5
2824.0,21.03062840198068,21.36645095586926,6.2532076227289215,21.0,0,-0.36645095586926146,21.660647490327115,20.5,21.5
2825.0,21.02767291782483,21.388282707766066,6.251846944368118,21.0,0,-0.38828270776606644,21.606600226734116,20.5,21.5
2826.0,21.02471775263014,21.449879614989648,6.25048531267141,21.0,0,-0.4498796149896478,22.06584868722546,20.5,21.5
2827.0,21.021762906142147,21.393555234833958,6.249122728675739,21.0,0,-0.3935552348339577,20.830311433277057,20.5,21.5
2828.0,21.018808378106655,21.314804492303132,6.247759193418773,21.0,0,-0.3148044923031321,20.527297066994876,20.5,21.5
2829.0,21.01585416826972,21.328730422754962,6.246394707938901,21.0,0,-0.3287304227549619,21.46798972727326,20.5,21.5
2830.0,21.012900276377653,21.336917135963724,6.2450292732752395,21.0,0,-0.3369171359637235,21.41878426805134,20.5,21.5
2831.0,21.009946702177032,21.359709539968378,6.2436628904676255,21.0,0,-0.35970953996837807,21.587633580014923,20.5,21.5
2832.0,21.00699344541469,21.33250610667931,6.24229556055662,21.0,0,-0.33250610667931113,21.06047177378864,20.5,21.5
2833.0,21.004040505837718,21.432921185127224,6.240927284583505,21.0,0,-0.4329211851272241,22.437071969606354,20.5,21.5
2834.0,21.001087883193467,21.432406471071666,6.23955806359028,21.0,0,-0.4324064710716655,21.42725933051608,20.5,21.5
2835.0,20.998135577229547,21.395292420861868,6.238187898619668,21.0,0,-0.39529242086186756,21.024151918763888,20.5,21.5
2836.0,20.995183587693827,21.335371661595495,6.236816790715109,21.0,0,-0.33537166159549514,20.73616406893177,20.5,21.5
2837.0,20.992231914334432,21.433927801707775,6.23544474092076,21.0,0,-0.43392780170777456,22.41948920283057,20.5,21.5
2838.0,20.98928055689975,21.328887022870653,6.2340717502814975,21.0,1,-0.32888702287065286,20.278479234499436,20.5,21.5
2839.0,21.006329515138425,21.378647682376954,6.2326978198429135,21.0,0,-0.378647682376954,21.876254277439966,20.5,21.5
2840.0,21.003374788799366,21.35331953078488,6.231322950651316,21.0,0,-0.35331953078488,21.10003801486414,20.5,21.5
2841.0,21.000420378431738,21.368705286354576,6.229947143753729,21.0,0,-0.3687052863545759,21.522562842051535,20.5,21.5
2842.0,20.997466283784803,21.279786925671747,6.228570400197886,21.0,1,-0.2797869256717469,20.390603318843457,20.5,21.5
2843.0,21.014512504608085,21.275397974557848,6.227192721032241,21.0,1,-0.27539797455784765,21.231508463418855,20.5,21.5
2844.0,21.03155504065137,21.25520631702596,6.225814107305954,21.0,1,-0.25520631702595864,21.05328974170707,20.5,21.5
2845.0,21.0485938924647,21.31511273471126,6.224434560068899,21.0,0,-0.3151127347112599,21.914176911564272,20.5,21.5
2846.0,21.045629060598223,21.32904862762666,6.2230540803716625,21.0,0,-0.32904862762665843,21.468407556780644,20.5,21.5
2847.0,21.04266454560218,21.429868188585296,6.22167266926554,21.0,0,-0.42986818858529574,22.43806379817167,20.5,21.5
2848.0,21.039700347226912,21.443503761864417,6.220290327802536,21.0,0,-0.44350376186441665,21.579859494655626,20.5,21.5
2849.0,21.036736465223026,21.342573069252797,6.218907057035362,21.0,1,-0.34257306925279707,20.3332661431366,20.5,21.5
2850.0,21.05377289934139,21.341223182353822,6.217522858017442,21.0,1,-0.3412231823538221,21.327724313364072,20.5,21.5
2851.0,21.070805649333124,21.379079598027932,6.216137731802901,21.0,0,-0.379079598027932,21.75764375476903,20.5,21.5
2852.0,21.06783471574962,21.365852296855984,6.214751679446573,21.0,0,-0.36585229685598364,21.2335792851365,20.5,21.5
2853.0,21.06486409914236,21.41576931148542,6.213364702003999,21.0,0,-0.41576931148541973,21.91493945777978,20.5,21.5
2854.0,21.06189379926293,21.49465466408331,6.211976800531422,21.0,0,-0.4946546640833098,22.28350819006221,20.5,21.5
2855.0,21.05892381586318,21.448433695661198,6.210587976085789,21.0,0,-0.4484336956611976,20.986224011440076,20.5,21.5
2856.0,21.055954148695225,21.42885326537722,6.20919822972475,21.0,0,-0.4288532653772208,21.233048962537453,20.5,21.5
2857.0,21.05298479751143,21.41930540834908,6.207807562506657,21.0,0,-0.4193054083490786,21.323826838067657,20.5,21.5
2858.0,21.05001576206443,21.320644841760494,6.2064159754905655,21.0,1,-0.3206448417604939,20.334039175874647,20.5,21.5
2859.0,21.067047042107113,21.30570628907001,6.2050234697362265,21.0,1,-0.3057062890700095,21.156320762165166,20.5,21.5
2860.0,21.08407463739264,21.363502368609794,6.203630046304096,21.0,0,-0.3635023686097938,21.941463164007637,20.5,21.5
2861.0,21.081098548474422,21.371896670227652,6.202235706255328,21.0,0,-0.3718966702276525,21.45583968640624,20.5,21.5
2862.0,21.078122775905978,21.38520109504247,6.200840450651768,21.0,0,-0.38520109504246847,21.518245343190628,20.5,21.5
2863.0,21.075147319440926,21.43317487618463,6.199444280555968,21.0,0,-0.4331748761846299,21.912912687606244,20.5,21.5
2864.0,21.07217217883315,21.508996047495565,6.198047197031172,21.0,0,-0.5089960474955646,22.26720776060491,20.5,21.5
2865.0,21.06919735383679,21.44982955254769,6.196649201141318,21.0,0,-0.4498295525476905,20.85816460306895,20.5,21.5
2866.0,21.066222844206248,21.409090939029824,6.195250293951043,21.0,0,-0.40909093902982363,21.001704803851155,20.5,21.5
2867.0,21.063248649696195,21.387300669030882,6.193850476525673,21.0,0,-0.387300669030882,21.169397969041466,20.5,21.5
2868.0,21.06027477006156,21.453422298540502,6.192449749931232,21.0,0,-0.4534222985405023,22.114638593636705,20.5,21.5
2869.0,21.057301205057534,21.36912873661945,6.191048115234433,21.0,0,-0.36912873661945156,20.526193117408944,20.5,21.5
2870.0,21.054327954439568,21.430354786200645,6.189645573502682,21.0,0,-0.4303547862006454,22.042615282012584,20.5,21.5
2871.0,21.05135501796338,21.412474057358555,6.188242125804077,21.0,0,-0.4124740573585548,21.23366676893765,20.5,21.5
2872.0,21.048382395384948,21.332492491841883,6.186837773207403,21.0,0,-0.332492491841883,20.532676836675165,20.5,21.5
2873.0,21.045410086460514,21.24200692496452,6.185432516782136,21.0,1,-0.24200692496452092,20.3371512561909,20.5,21.5
2874.0,21.06243809094658,21.277437201003917,6.184026357598439,21.0,0,-0.27743720100391656,21.631739961397873,20.5,21.5
2875.0,21.05946240859991,21.168896100627215,6.1826192967271645,21.0,1,-0.16889610062721516,20.0834850968602,20.5,21.5
2876.0,21.076487039977536,21.19176606689158,6.18121133523985,21.0,1,-0.1917660668915815,21.420465729535245,20.5,21.5
2877.0,21.093507984836588,21.28514019499546,6.179802474208722,21.0,0,-0.28514019499545995,22.218881476034245,20.5,21.5
2878.0,21.09052524373446,21.370170108710823,6.178392714706685,21.0,0,-0.37017010871082334,22.220469245864457,20.5,21.5
2879.0,21.087542817228655,21.36997036415114,6.176982057807334,21.0,0,-0.3699703641511398,21.367972918554305,20.5,21.5
2880.0,21.084560705076772,21.484797936116514,6.175570504584947,21.0,0,-0.48479793611651445,22.63307365577026,20.5,21.5
2881.0,21.081578907036672,21.49625266268466,6.174158056114481,21.0,0,-0.49625266268466106,21.610799928366127,20.5,21.5
2882.0,21.078597422866487,21.529627193958653,6.1727447134715785,21.0,0,-0.5296271939586532,21.863372506698575,20.5,21.5
2883.0,21.075616252324608,21.456563585084933,6.171330477732562,21.0,0,-0.45656358508493255,20.725927496347726,20.5,21.5
2884.0,21.07263539516969,21.491033409766313,6.169915349974431,21.0,0,-0.49103340976631316,21.83573165658012,20.5,21.5
2885.0,21.069654851160653,21.497768341327774,6.168499331274869,21.0,0,-0.4977683413277738,21.56511765694238,20.5,21.5
2886.0,21.066674620056677,21.46807927086623,6.167082422712235,21.0,0,-0.46807927086623025,21.171188566250795,20.5,21.5
2887.0,21.06369470161721,21.39942193481856,6.165664625365567,21.0,0,-0.3994219348185588,20.712848574341844,20.5,21.5
2888.0,21.060715095601957,21.434924066278818,6.164245940314579,21.0,0,-0.43492406627881763,21.789945380881406,20.5,21.5
2889.0,21.0577358017709,21.37870375056925,6.162826368639662,21.0,0,-0.378703750569251,20.816500593473585,20.5,21.5
2890.0,21.054756819884272,21.2932736994606,6.1614059114218795,21.0,1,-0.2932736994605989,20.438973188374078,20.5,21.5
2891.0,21.07177814970258,21.34936155940309,6.159984569742974,21.0,0,-0.3493615594030892,21.910240158827992,20.5,21.5
2892.0,21.068795790986588,21.393023340903433,6.1585623446853575,21.0,0,-0.39302334090343294,21.82964115590687,20.5,21.5
2893.0,21.065813744297326,21.403893535522705,6.157139237332117,21.0,0,-0.40389353552270535,21.51259548171543,20.5,21.5
2894.0,21.062832009395933,21.45692446800291,6.155715248767011,21.0,0,-0.4569244680029101,21.987233792804957,20.5,21.5
2895.0,21.059850586043808,21.457707297884177,6.1542903800744675,21.0,0,-0.45770729788417697,21.465535596696846,20.5,21.5
2896.0,21.056869474002614,21.451730070164302,6.152864632339586,21.0,0,-0.45173007016430233,21.391957792965556,20.5,21.5
2897.0,21.05388867303428,21.412159690890157,6.151438006648138,21.0,0,-0.4121596908901566,21.0164558981487,20.5,21.5
2898.0,21.050908182901,21.394802570704503,6.1500105040865565,21.0,0,-0.39480257070450264,21.221231368847963,20.5,21.5
2899.0,21.04792800336524,21.36918367418249,6.148582125741951,21.0,0,-0.36918367418249076,21.112994708962372,20.5,21.5
2900.0,21.044948134189713,21.40269965616455,6.147152872702093,21.0,0,-0.4026996561645504,21.737859475985147,20.5,21.5
2901.0,21.041968575137417,21.402915178638658,6.1457227460554185,21.0,0,-0.4029151786386578,21.40507040337973,20.5,21.5
2902.0,21.038989325971603,21.39853090279041,6.1442917468910325,21.0,0,-0.3985309027904087,21.354688144307918,20.5,21.5
2903.0,21.036010386455786,21.38168711170765,6.1428598762987034,21.0,0,-0.3816871117076488,21.21324920088005,20.5,21.5
2904.0,21.033031756353754,21.399177902002393,6.141427135368863,21.0,0,-0.39917790200239267,21.57408580494983,20.5,21.5
2905.0,21.030053435429558,21.357158639325785,6.139993525192606,21.0,0,-0.3571586393257853,20.93696601255971,20.5,21.5
2906.0,21.02707542344751,21.21700465500887,6.138559046861689,21.0,1,-0.21700465500887134,19.815464811839732,20.5,21.5
2907.0,21.044097720172193,21.208071377056562,6.1371237014685285,21.0,1,-0.2080713770565623,21.118738597533472,20.5,21.5
2908.0,21.061116325368452,21.287184576868185,6.135687490106202,21.0,0,-0.2871845768681851,22.078316574984413,20.5,21.5
2909.0,21.0581312396014,21.285489454011554,6.1342504138684495,21.0,0,-0.2854894540115538,21.26853822544524,20.5,21.5
2910.0,21.055146463436255,21.323667795921473,6.1328124738496665,21.0,0,-0.3236677959214731,21.705451215020666,20.5,21.5
2911.0,21.052161996638336,21.45860098631698,6.131373671144904,21.0,0,-0.45860098631698065,22.807932890272056,20.5,21.5
2912.0,21.049177838973236,21.48027747766995,6.129934006849876,21.0,0,-0.48027747766995077,21.697042391199652,20.5,21.5
2913.0,21.04619399020681,21.375266450885256,6.128493482060948,21.0,1,-0.3752664508852561,20.32515618303831,20.5,21.5
2914.0,21.06321045010518,21.32865764534309,6.1270520978751435,21.0,1,-0.32865764534308894,20.862569589921417,20.5,21.5
2915.0,21.080223218434735,21.318215538787122,6.125609855390136,21.0,1,-0.31821553878712194,21.213794473227452,20.5,21.5
2916.0,21.097232295762126,21.25220814134916,6.124166755704262,21.0,1,-0.25220814134916125,20.592134166969554,20.5,21.5
2917.0,21.114237682654114,21.288260361179447,6.122722799916499,21.0,0,-0.28826036117944653,21.6487825594823,20.5,21.5
2918.0,21.111239379677567,21.319631552128975,6.121277989126483,21.0,0,-0.31963155212897476,21.633343461624257,20.5,21.5
2919.0,21.108241387399456,21.304233797039057,6.119832324434503,21.0,0,-0.30423379703905695,21.15025624613988,20.5,21.5
2920.0,21.10524370558686,21.331110500205575,6.118385806941494,21.0,0,-0.3311105002055754,21.59987753187076,20.5,21.5
2921.0,21.102246334007134,21.38902107897255,6.116938437749042,21.0,0,-0.3890210789725508,21.968126866642304,20.5,21.5
2922.0,21.099249272427883,21.34318355505521,6.115490217959381,21.0,0,-0.3431835550552087,20.884808315881788,20.5,21.5
2923.0,21.09625252061699,21.3502069892945,6.114041148675394,21.0,0,-0.3502069892944988,21.4204413316874,20.5,21.5
2924.0,21.093256078342602,21.401563155460014,6.112591231000609,21.0,0,-0.4015631554600141,21.915124817115167,20.5,21.5
2925.0,21.090259945373134,21.51148105696517,6.111140466039204,21.0,0,-0.5114810569651702,22.61066007201673,20.5,21.5
2926.0,21.08726412147727,21.4581800672128,6.109688854895999,21.0,0,-0.45818006721280113,20.92517016968911,20.5,21.5
2927.0,21.08426860642395,21.54901565831288,6.108236398676458,21.0,0,-0.5490156583128787,22.457371569313654,20.5,21.5
2928.0,21.0812733999824,21.506560050727085,6.106783098486688,21.0,0,-0.5065600507270851,21.08200397486915,20.5,21.5
2929.0,21.078278501922103,21.44751492839932,6.105328955433444,21.0,0,-0.4475149283993183,20.85706370512165,20.5,21.5
2930.0,21.075283912012804,21.36341989836973,6.103873970624116,21.0,0,-0.363419898369731,20.522469598073858,20.5,21.5
2931.0,21.072289630024525,21.43098851288166,6.10241814516674,21.0,0,-0.43098851288166173,22.10667465800097,20.5,21.5
2932.0,21.069295655727554,21.358136334851203,6.100961480169992,21.0,0,-0.3581363348512028,20.629614554546613,20.5,21.5
2933.0,21.066301988892445,21.45419477918965,6.099503976743182,21.0,0,-0.454194779189649,22.41477922257411,20.5,21.5
2934.0,21.063308629290013,21.540026110698147,6.098045635996264,21.0,0,-0.5400261106981468,22.398339425783124,20.5,21.5
2935.0,21.060315576691355,21.450934509461778,6.096586459039828,21.0,0,-0.4509345094617778,20.56001849709809,20.5,21.5
2936.0,21.057322830867825,21.37436703859653,6.0951264469851,21.0,0,-0.37436703859653164,20.60869232994407,20.5,21.5
2937.0,21.054330391591048,21.408911190732276,6.093665600943944,21.0,0,-0.408911190732276,21.75435271208972,20.5,21.5
2938.0,21.051338258632917,21.409274524295725,6.092203922028858,21.0,0,-0.409274524295725,21.412907859930215,20.5,21.5
2939.0,21.048346431765598,21.40435839082928,6.0907414113529725,21.0,0,-0.40435839082928027,21.355197056164833,20.5,21.5
2940.0,21.045354910761514,21.48065577788409,6.089278070030055,21.0,0,-0.4806557778840883,22.24362964843217,20.5,21.5
2941.0,21.042363695393366,21.611952026921216,6.0878138991745,21.0,0,-0.611952026921216,22.924914517292493,20.5,21.5
2942.0,21.03937278543412,21.516156900007033,6.086348899901341,21.0,0,-0.516156900007033,20.558205630865203,20.5,21.5
2943.0,21.036382180657014,21.477373359886524,6.084883073326238,21.0,0,-0.4773733598865242,21.089537958681436,20.5,21.5
2944.0,21.03339188083555,21.418959883131365,6.08341642056548,21.0,0,-0.41895988313136456,20.83482511557977,20.5,21.5
2945.0,21.030401885743494,21.32301112308219,6.081948942735988,21.0,1,-0.32301112308218904,20.363523522590434,20.5,21.5
2946.0,21.04741219515489,21.22326624370112,6.08048064095531,21.0,1,-0.22326624370111858,20.225817449890414,20.5,21.5
2947.0,21.06441880884405,21.257976625024746,6.079011516341621,21.0,0,-0.25797662502474594,21.60508043826102,20.5,21.5
2948.0,21.06142172738555,21.219160949577798,6.077541570013725,21.0,0,-0.2191609495777982,20.83100419510832,20.5,21.5
2949.0,21.058424951354077,21.2286234836557,6.076070803091051,21.0,0,-0.2286234836556993,21.32324882443471,20.5,21.5
2950.0,21.055428480524423,21.257624167007847,6.074599216693648,21.0,0,-0.2576241670078474,21.54763100052933,20.5,21.5
2951.0,21.052432314671655,21.300811347867995,6.0731268119421955,21.0,0,-0.30081134786799524,21.732683156469474,20.5,21.5
2952.0,21.049436453571108,21.27417140831121,6.071653589957993,21.0,0,-0.27417140831121145,21.007772012743374,20.5,21.5
2953.0,21.046440896998384,21.339724859747047,6.070179551862965,21.0,0,-0.33972485974704725,21.995259374105405,20.5,21.5
2954.0,21.043445644729356,21.376268100843635,6.068704698779653,21.0,0,-0.37626810084363527,21.741700511809515,20.5,21.5
2955.0,21.040450696540166,21.449512650892284,6.067229031831223,21.0,0,-0.4495126508922844,22.181958151378776,20.5,21.5
2956.0,21.037456052207226,21.472109397679024,6.06575255214146,21.0,0,-0.4721093976790236,21.698076865546415,20.5,21.5
2957.0,21.034461711507213,21.546629129417102,6.0642752608347665,21.0,0,-0.5466291294171022,22.291826446797888,20.5,21.5
2958.0,21.03146767421708,21.44055133035248,6.062797159036165,21.0,1,-0.4405513303524806,20.379773339706265,20.5,21.5
2959.0,21.048473940114043,21.340114935766803,6.061318247871295,21.0,1,-0.3401149357668025,20.33575098991002,20.5,21.5
2960.0,21.065476508975596,21.269220588571297,6.059838528466411,21.0,1,-0.26922058857129727,20.560277116616245,20.5,21.5
2961.0,21.082475381379496,21.254262813946873,6.058358001948381,21.0,1,-0.2542628139468732,21.104685067702633,20.5,21.5
2962.0,21.099470557903608,21.191316685542354,6.056876669444694,21.0,1,-0.19131668554235404,20.561855401497162,20.5,21.5
2963.0,21.116462039125917,21.243278137476516,6.055394532083449,21.0,0,-0.2432781374765156,21.76289265681813,20.5,21.5
2964.0,21.11344982562451,21.318251043114724,6.053911590993355,21.0,0,-0.3182510431147243,22.06798009949681,20.5,21.5
2965.0,21.110437917977585,21.359008996906738,6.05242784730374,21.0,0,-0.3590089969067378,21.766588534826873,20.5,21.5
2966.0,21.10742631596345,21.34313714172373,6.050943302144536,21.0,0,-0.3431371417237301,21.184418589893653,20.5,21.5
2967.0,21.104415019360687,21.39865771560617,6.04945795664629,21.0,0,-0.3986577156061699,21.953863454430568,20.5,21.5
2968.0,21.101404027948146,21.448871778529394,6.047971811940158,21.0,0,-0.4488717785293943,21.951012407761638,20.5,21.5
2969.0,21.098393341504945,21.40880706962635,6.046484869157903,21.0,0,-0.4088070696263486,21.00815998059589,20.5,21.5
2970.0,21.095382959810475,21.373415265179332,6.044997129431897,21.0,0,-0.3734152651793323,21.01949722070917,20.5,21.5
2971.0,21.0923728826444,21.3154638797798,6.043508593895119,21.0,0,-0.3154638797797986,20.73595002578446,20.5,21.5
2972.0,21.08936310978665,21.298489898532853,6.042019263681153,21.0,0,-0.29848989853285346,21.128750086063402,20.5,21.5
2973.0,21.08635364101743,21.282876264745926,6.040529139924188,21.0,0,-0.2828762647459264,21.126739926876656,20.5,21.5
2974.0,21.083344476117208,21.311316043193845,6.039038223759018,21.0,0,-0.31131604319384465,21.595713827673027,20.5,21.5
2975.0,21.080335614866737,21.41620897175586,6.037546516321043,21.0,0,-0.4162089717558608,22.465138257376022,20.5,21.5
2976.0,21.07732705704703,21.4537528972875,6.0360540187462615,21.0,0,-0.4537528972875009,21.829192152603902,20.5,21.5
2977.0,21.074318802439368,21.464756262806922,6.034560732171273,21.0,0,-0.4647562628069224,21.574789918001137,20.5,21.5
2978.0,21.071310850825313,21.463254357753033,6.033066657733284,21.0,0,-0.4632543577530335,21.448235307214144,20.5,21.5
2979.0,21.068303201986694,21.425482630784362,6.031571796570095,21.0,0,-0.4254826307843622,21.04776536109765,20.5,21.5
2980.0,21.06529585570561,21.342950068787246,6.030076149820108,21.0,0,-0.3429500687872462,20.517624448816086,20.5,21.5
2981.0,21.062288811764432,21.382576372186026,6.028579718622324,21.0,0,-0.38257637218602625,21.778839406173827,20.5,21.5
2982.0,21.059282069945805,21.28930574103874,6.027082504116341,21.0,1,-0.2893057410387385,20.35659942956586,20.5,21.5
2983.0,21.07627563003264,21.257391967739206,6.025584507442351,21.0,1,-0.25739196773920625,20.938254234743884,20.5,21.5
2984.0,21.093265491808122,21.300777431730786,6.024085729741143,21.0,0,-0.3007774317307863,21.734632071646587,20.5,21.5
2985.0,21.09025165585571,21.356397378763397,6.022586172154105,21.0,0,-0.35639737876339694,21.912596849089503,20.5,21.5
2986.0,21.08723812275897,21.33478504677322,6.021085835823212,21.0,0,-0.3347850467732201,21.11866172687145,20.5,21.5
2987.0,21.08422489230158,21.421425211583816,6.019584721891037,21.0,0,-0.4214252115838164,22.28782685968978,20.5,21.5
2988.0,21.0812119642675,21.454504532817882,6.018082831500743,21.0,0,-0.4545045328178823,21.78529774515854,20.5,21.5
2989.0,21.078199338440946,21.42715326130213,6.016580165796086,21.0,0,-0.4271532613021307,21.153640546144615,20.5,21.5
2990.0,21.075187014606417,21.43764797141845,6.015076725921408,21.0,0,-0.4376479714184498,21.54259507258164,20.5,21.5
2991.0,21.07217499254868,21.263340898117427,6.013572513021648,21.0,1,-0.263340898117427,19.5202701651072,20.5,21.5
2992.0,21.089163272052772,21.20634744750482,6.012067528242327,21.0,1,-0.2063474475048217,20.63641294137877,20.5,21.5
2993.0,21.10614785290401,21.175505966807698,6.0105617727295595,21.0,1,-0.17550596680769814,20.867091159836463,20.5,21.5
2994.0,21.123128735687974,21.265360503674554,6.009055247630039,21.0,0,-0.2653605036745539,22.16390587234311,20.5,21.5
2995.0,21.120105920990362,21.31715338404273,6.007547954091053,21.0,0,-0.3171533840427294,21.835082187724485,20.5,21.5
2996.0,21.117083409396983,21.50876625105833,6.00603989326047,21.0,0,-0.5087662510583293,23.424894921214328,20.5,21.5
2997.0,21.114061200693754,21.586458969379333,6.004531066286745,21.0,0,-0.5864589693793327,22.363386152589367,20.5,21.5
2998.0,21.111039294666874,21.70577088098559,6.003021474318915,21.0,0,-0.7057708809855896,22.89888999704816,20.5,21.5
2999.0,21.108017691102805,21.666580491165394,6.0015111185066,21.0,0,-0.6665804911653943,21.27467659296344,20.5,21.5
3000.0,21.104996389788287,21.511341104134978,6.0,21.0,1,-0.5113411041349778,19.958947233830813,20.5,21.5
3001.0,21.12197539051033,21.485850972084144,5.9984881199499,21.0,1,-0.48585097208414396,21.230949651575806,20.5,21.5
3002.0,21.138950693056216,21.47163717418287,5.996975479507661,21.0,1,-0.4716371741828702,21.329499195170133,20.5,21.5
3003.0,21.155922298013508,21.422935004129037,5.995462079825224,21.0,1,-0.4229350041290374,20.93591330359071,20.5,21.5
3004.0,21.17289020596987,21.36637925384021,5.993947922055111,21.0,1,-0.3663792538402113,20.80082175095195,20.5,21.5
3005.0,21.18985441751309,21.451519401577066,5.992433007350417,21.0,0,-0.45151940157706605,22.302920878945613,20.5,21.5
3006.0,21.186814933231055,21.482753988331133,5.990917336864816,21.0,0,-0.48275398833113314,21.795099855871804,20.5,21.5
3007.0,21.18377575371178,21.42413722903609,5.989400911752556,21.0,0,-0.4241372290360914,20.837969636085674,20.5,21.5
3008.0,21.18073687874339,21.348692691050573,5.987883733168462,21.0,0,-0.348692691050573,20.59424731119539,20.5,21.5
3009.0,21.177698308114273,21.350992502196274,5.986365802267932,21.0,0,-0.35099250219627365,21.37399061365328,20.5,21.5
3010.0,21.174660041613105,21.34405399810742,5.984847120206934,21.0,0,-0.34405399810741955,21.27466895721888,20.5,21.5
3011.0,21.171622079028825,21.35266176466347,5.983327688142014,21.0,0,-0.35266176466346977,21.438739430223972,20.5,21.5
3012.0,21.168584420150648,21.43770282708483,5.981807507230282,21.0,0,-0.43770282708483066,22.28811345129844,20.5,21.5
3013.0,21.165547064768063,21.448736132051643,5.980286578629423,21.0,0,-0.44873613205164276,21.559069181719764,20.5,21.5
3014.0,21.162510012670836,21.512810825834624,5.978764903497693,21.0,0,-0.5128108258346238,22.153557763664434,20.5,21.5
3015.0,21.159473263649,21.46105800080236,5.97724248299391,21.0,0,-0.46105800080236037,20.943529750479726,20.5,21.5
3016.0,21.15643681749287,21.43619259474134,5.975719318277466,21.0,0,-0.436192594741339,21.187538534131125,20.5,21.5
3017.0,21.153400673993026,21.468284664521654,5.974195410508315,21.0,0,-0.4682846645216543,21.789205362324807,20.5,21.5
3018.0,21.15036483294033,21.484608336157777,5.972670760846981,21.0,0,-0.4846083361577769,21.647845052519003,20.5,21.5
3019.0,21.14732929412591,21.456401099879564,5.9711453704545505,21.0,0,-0.4564010998795638,21.174328737097433,20.5,21.5
3020.0,21.144294057341178,21.505435938482055,5.9696192404926745,21.0,0,-0.505435938482055,21.995784324506968,20.5,21.5
3021.0,21.141259122377807,21.494932589599028,5.968092372123567,21.0,0,-0.49493258959902775,21.389899100768755,20.5,21.5
3022.0,21.138224489027756,21.453195108844184,5.966564766510006,21.0,0,-0.45319510884418435,21.03582030129575,20.5,21.5
3023.0,21.13519015708325,21.488626723558045,5.9650364248153265,21.0,0,-0.4886267235580455,21.842942870696657,20.5,21.5
3024.0,21.1321561263368,21.5027228412957,5.96350734820343,21.0,0,-0.5027228412957001,21.643684018672246,20.5,21.5
3025.0,21.129122396581174,21.42420888757941,5.961977537838775,21.0,0,-0.424208887579411,20.63906935041652,20.5,21.5
3026.0,21.126088967609427,21.495726708034567,5.960446994886379,21.0,0,-0.4957267080345673,22.21090491258613,20.5,21.5
3027.0,21.12305583921488,21.559375050015312,5.958915720511813,21.0,0,-0.5593750500153121,22.19585846982276,20.5,21.5
3028.0,21.12002301119114,21.54763664026179,5.957383715881214,21.0,0,-0.5476366402617892,21.43025254272656,20.5,21.5
3029.0,21.116990483332078,21.559550230093105,5.955850982161268,21.0,0,-0.5595502300931052,21.678686128406266,20.5,21.5
3030.0,21.113958255431843,21.59615254461849,5.954317520519217,21.0,0,-0.5961525446184908,21.962175689872346,20.5,21.5
3031.0,21.11092632728486,21.531210225357007,5.952783332122862,21.0,0,-0.5312102253570075,20.881787032742174,20.5,21.5
3032.0,21.10789469868583,21.367165532935555,5.951248418140551,21.0,1,-0.3671655329355552,19.726718608721033,20.5,21.5
3033.0,21.12486336942972,21.373993331166577,5.949712779741189,21.0,1,-0.3739933311665773,21.442271313476798,20.5,21.5
3034.0,21.14182833931178,21.335853165708905,5.948176418094232,21.0,1,-0.33585316570890456,20.954451511132177,20.5,21.5
3035.0,21.158789608927535,21.378943745030657,5.946639334369687,21.0,0,-0.3789437450306572,21.809849538248184,20.5,21.5
3036.0,21.155747178872623,21.31910205100442,5.945101529738108,21.0,0,-0.31910205100442113,20.72068511074206,20.5,21.5
3037.0,21.152705049742796,21.402869376107876,5.943563005370602,21.0,0,-0.4028693761078763,22.24054262714243,20.5,21.5
3038.0,21.14966322133392,21.39201226636756,5.94202376243882,21.0,0,-0.3920122663675585,21.28344116896438,20.5,21.5
3039.0,21.146621693442142,21.356304194102442,5.940483802114965,21.0,0,-0.3563041941024423,20.99922347145128,20.5,21.5
3040.0,21.143580465863877,21.400311465929416,5.9389431255717815,21.0,0,-0.40031146592941624,21.840384184199156,20.5,21.5
3041.0,21.140539538395817,21.450637976768935,5.937401733982563,21.0,0,-0.4506379767689346,21.953903085164118,20.5,21.5
3042.0,21.137498910834935,21.395291162861895,5.935859628521148,21.0,0,-0.3952911628618949,20.8418230237915,20.5,21.5
3043.0,21.13445858297847,21.39255900041104,5.934316810361912,21.0,0,-0.3925590004110404,21.365237375902495,20.5,21.5
3044.0,21.13141855462395,21.441280821826364,5.932773280679783,21.0,0,-0.4412808218263642,21.928499035979602,20.5,21.5
3045.0,21.12837882556916,21.341529211017225,5.931229040650223,21.0,1,-0.34152921101722455,20.344013102925828,20.5,21.5
3046.0,21.145339395612176,21.30074033388356,5.929684091449239,21.0,1,-0.30074033388356014,20.892851562546916,20.5,21.5
3047.0,21.162296264551344,21.37189517291749,5.928138434253378,21.0,0,-0.3718951729174904,22.083443563256793,20.5,21.5
3048.0,21.159249432985284,21.38530908049096,5.926592070239725,21.0,0,-0.38530908049095913,21.519448156225646,20.5,21.5
3049.0,21.156202901512735,21.41151724444859,5.9250450005859,21.0,0,-0.4115172444485893,21.67359888402489,20.5,21.5
3050.0,21.15315666993255,21.48739227211838,5.923497226470068,21.0,0,-0.487392272118381,22.246142548816298,20.5,21.5
3051.0,21.150110738043857,21.60866144335979,5.921948749070925,21.0,0,-0.6086614433597894,22.821353155773874,20.5,21.5
3052.0,21.147065105646064,21.594863556219483,5.920399569567704,21.0,0,-0.5948635562194831,21.45688468481642,20.5,21.5
3053.0,21.144019772538847,21.51797141748107,5.918849689140171,21.0,0,-0.5179714174810712,20.749050030096953,20.5,21.5
3054.0,21.140974738522168,21.50661852403766,5.91729910896863,21.0,0,-0.5066185240376591,21.393089589603537,20.5,21.5
3055.0,21.137930003396256,21.51178207008067,5.915747830233914,21.0,0,-0.5117820700806703,21.563417530510783,20.5,21.5
3056.0,21.134885566961625,21.43199575019772,5.914195854117388,21.0,0,-0.4319957501977214,20.634132551368232,20.5,21.5
3057.0,21.131841429019055,21.37890242583417,5.912643181800951,21.0,0,-0.3789024258341698,20.847969182198653,20.5,21.5
3058.0,21.12879758936961,21.386366000893922,5.911089814467031,21.0,0,-0.38636600089392203,21.461001751491445,20.5,21.5
3059.0,21.12575404781463,21.339463972362868,5.909535753298584,21.0,0,-0.33946397236286785,20.870443687052326,20.5,21.5
3060.0,21.122710804155727,21.319608256177368,5.9079809994790935,21.0,0,-0.3196082561773679,21.121051094322368,20.5,21.5
3061.0,21.11966785819479,21.33892790795093,5.906425554192575,21.0,0,-0.33892790795092864,21.532124425686536,20.5,21.5
3062.0,21.11662520973399,21.369250318781095,5.904869418623566,21.0,0,-0.36925031878109493,21.672474427082758,20.5,21.5
3063.0,21.113582858575768,21.447354678328963,5.903312593957131,21.0,0,-0.4473546783289635,22.22839827380765,20.5,21.5
3064.0,21.110540804522845,21.47964488642266,5.901755081378862,21.0,0,-0.47964488642265835,21.802546967359607,20.5,21.5
3065.0,21.107499047378216,21.469373239497415,5.900196882074871,21.0,0,-0.46937323949741483,21.36665677024498,20.5,21.5
3066.0,21.104457586945156,21.405550384671606,5.898637997231793,21.0,0,-0.4055503846716064,20.767321836413522,20.5,21.5
3067.0,21.101416423027214,21.438690521843846,5.89707842803679,21.0,0,-0.4386905218438457,21.77009189356624,20.5,21.5
3068.0,21.098375555428216,21.376855052154,5.895518175677539,21.0,0,-0.3768550521539993,20.758500355255535,20.5,21.5
3069.0,21.095334983952267,21.407055604080476,5.893957241342242,21.0,0,-0.40705560408047603,21.709061123345244,20.5,21.5
3070.0,21.092294708403745,21.397171647631758,5.892395626219618,21.0,0,-0.39717164763175816,21.29833208314458,20.5,21.5
3071.0,21.08925472858731,21.408356519471617,5.890833331498904,21.0,0,-0.4083565194716172,21.520205237870208,20.5,21.5
3072.0,21.08621504430789,21.41718299748015,5.889270358369855,21.0,0,-0.4171829974801504,21.505447777565482,20.5,21.5
3073.0,21.083175655370702,21.350234590404238,5.887706708022744,21.0,0,-0.3502345904042379,20.680750519645112,20.5,21.5
3074.0,21.080136561581234,21.39430732120485,5.88614238164836,21.0,0,-0.3943073212048489,21.83503462921096,20.5,21.5
3075.0,21.077097762745247,21.402696932532997,5.884577380438003,21.0,0,-0.4026969325329972,21.48659304581448,20.5,21.5
3076.0,21.074059258668786,21.410760063917152,5.88301170558349,21.0,0,-0.41076006391715225,21.491391377758703,20.5,21.5
3077.0,21.07102104915817,21.370611098871528,5.881445358277153,21.0,0,-0.3706110988715281,20.969121448415287,20.5,21.5
3078.0,21.067983134019993,21.441566175854504,5.879878339711831,21.0,0,-0.4415661758545042,22.151116945684265,20.5,21.5
3079.0,21.064945513061133,21.32358353919408,5.878310651080876,21.0,1,-0.3235835391940789,20.143757172589826,20.5,21.5
3080.0,21.081908186088736,21.32882529417514,5.876742293578155,21.0,1,-0.3288252941751395,21.381242843985746,20.5,21.5
3081.0,21.098867152910234,21.375967152327384,5.875173268398038,21.0,0,-0.37596715232738376,21.847385733849826,20.5,21.5
3082.0,21.09582241413333,21.355509053627504,5.873603576735405,21.0,0,-0.35550905362750385,21.150928066628705,20.5,21.5
3083.0,21.09277797036585,21.433968193560887,5.872033219785646,21.0,0,-0.43396819356088656,22.218559592894714,20.5,21.5
3084.0,21.089733821415734,21.42790851910127,5.870462198744655,21.0,0,-0.42790851910126904,21.367311774505094,20.5,21.5
3085.0,21.0866899670912,21.348834142235894,5.868890514808834,21.0,0,-0.34883414223589426,20.558090373582147,20.5,21.5
3086.0,21.083646407200742,21.271441593037526,5.867318169175089,21.0,1,-0.271441593037526,20.497516101053844,20.5,21.5
3087.0,21.100603141553137,21.314863065964563,5.865745163040828,21.0,0,-0.3148630659645626,21.74907779523493,20.5,21.5
3088.0,21.097556169957436,21.278895433637633,5.864171497603965,21.0,0,-0.2788954336376328,20.919219110368335,20.5,21.5
3089.0,21.094509493022965,21.407780381754257,5.8625971740629135,21.0,0,-0.40778038175425735,22.696629862920503,20.5,21.5
3090.0,21.09146311055917,21.486794161749888,5.8610221936165905,21.0,0,-0.4867941617498879,22.276931961706193,20.5,21.5
3091.0,21.088417022375783,21.521726708732565,5.859446557464411,21.0,0,-0.5217267087325652,21.87105217855934,20.5,21.5
3092.0,21.0853712282828,21.504993935807065,5.857870266806293,21.0,0,-0.5049939358070645,21.337666206552058,20.5,21.5
3093.0,21.082325728090503,21.455562778420504,5.856293322842646,21.0,0,-0.45556277842050363,20.961251204554895,20.5,21.5
3094.0,21.07928052160945,21.303682992841463,5.854715726774385,21.0,1,-0.3036829928414626,19.784885137051052,20.5,21.5
3095.0,21.096235608650485,21.292668650971677,5.853137479802917,21.0,1,-0.2926686509716774,21.182525232273825,20.5,21.5
3096.0,21.113186989024715,21.322508997908102,5.851558583130145,21.0,0,-0.32250899790810195,21.620912467272348,20.5,21.5
3097.0,21.110134663343537,21.37557726177143,5.8499790379584695,21.0,0,-0.37557726177142925,21.906259900404702,20.5,21.5
3098.0,21.10708263221846,21.37059025014678,5.848398845490781,21.0,0,-0.3705902501467797,21.320720133900284,20.5,21.5
3099.0,21.104030895461115,21.513789685994364,5.846818006930464,21.0,0,-0.5137896859943645,22.945784044470212,20.5,21.5
3100.0,21.100979452883408,21.556553455141973,5.8452365234813985,21.0,0,-0.5565534551419731,21.98419114661806,20.5,21.5
3101.0,21.09792830429753,21.50725180293837,5.843654396347952,21.0,0,-0.5072518029383701,21.01423528090234,20.5,21.5
3102.0,21.094877449515938,21.471368596318307,5.842071626734981,21.0,0,-0.47136859631830674,21.112536530117673,20.5,21.5
3103.0,21.09182688835138,21.49071104284142,5.840488215847838,21.0,0,-0.49071104284141853,21.684135508072536,20.5,21.5
3104.0,21.08877662061688,21.37820000446372,5.838904164892355,21.0,1,-0.3782000044637215,20.25308962068675,20.5,21.5
3105.0,21.105726646125735,21.372171711579842,5.837319475074857,21.0,1,-0.37217171157984197,21.311888782741047,20.5,21.5
3106.0,21.122672964691525,21.444710802145305,5.835734147602153,21.0,0,-0.44471080214530545,22.17010170779994,20.5,21.5
3107.0,21.11961557692811,21.4054393685841,5.834148183681542,21.0,0,-0.40543936858410135,21.01272503297206,20.5,21.5
3108.0,21.11655848344946,21.46014340178579,5.832561584520803,21.0,0,-0.46014340178578905,22.007183733802666,20.5,21.5
3109.0,21.113501684069675,21.550048373261287,5.830974351328199,21.0,0,-0.5500483732612871,22.449098088016267,20.5,21.5
3110.0,21.110445178603126,21.595176545455523,5.829386485312479,21.0,0,-0.5951765454555229,22.04645826739788,20.5,21.5
3111.0,21.107388966864466,21.515981123212597,5.82779798768287,21.0,0,-0.5159811232125975,20.724026900783343,20.5,21.5
3112.0,21.10433304866863,21.513446144416555,5.826208859649083,21.0,0,-0.5134461444165552,21.488096356456133,20.5,21.5
3113.0,21.101277423830826,21.520002846888374,5.82461910242131,21.0,0,-0.5200028468883744,21.585569871606566,20.5,21.5
3114.0,21.098222092166544,21.49543426910128,5.823028717210218,21.0,0,-0.4954342691012812,21.24974849123035,20.5,21.5
3115.0,21.095167053491554,21.39163767366134,5.821437705226955,21.0,1,-0.3916376736613394,20.35367171926192,20.5,21.5
3116.0,21.112112307621903,21.367233114745726,5.819846067683145,21.0,1,-0.3672331147457264,21.123187525589596,20.5,21.5
3117.0,21.129053854373915,21.374664752713592,5.818253805790892,21.0,1,-0.374664752713592,21.448981132392248,20.5,21.5
3118.0,21.1459916943642,21.35419003613575,5.81666092076277,21.0,1,-0.3541900361357513,21.149442870357344,20.5,21.5
3119.0,21.162925828209477,21.39766901925643,5.815067413811832,21.0,0,-0.39766901925642983,21.832458850463215,20.5,21.5
3120.0,21.1598562565266,21.443648629993604,5.813473286151601,21.0,0,-0.44364862999360355,21.90344473736534,20.5,21.5
3121.0,21.156786979932523,21.526348959881417,5.811878538996076,21.0,0,-0.5263489598814175,22.353352258759557,20.5,21.5
3122.0,21.153717998244336,21.550349998728688,5.810283173559725,21.0,0,-0.550349998728688,21.790360387201392,20.5,21.5
3123.0,21.1506493112794,21.49032823200114,5.80868719105749,21.0,0,-0.49032823200113995,20.89011056472566,20.5,21.5
3124.0,21.147580918855354,21.43452659087704,5.80709059270478,21.0,0,-0.4345265908770415,20.876510179636057,20.5,21.5
3125.0,21.144512820790123,21.42612611541897,5.805493379717475,21.0,0,-0.4261261154189704,21.34212136083826,20.5,21.5
3126.0,21.14144501690191,21.476662994332763,5.8038955533119205,21.0,0,-0.47666299433276293,21.98203178347069,20.5,21.5
3127.0,21.13837750700919,21.489883373882563,5.802297114704932,21.0,0,-0.489883373882563,21.622087169380563,20.5,21.5
3128.0,21.13531029093073,21.477693921712778,5.80069806511379,21.0,0,-0.4776939217127776,21.355799400014924,20.5,21.5
3129.0,21.132243368485565,21.509575736916123,5.79909840575624,21.0,0,-0.5095757369161227,21.828393888949574,20.5,21.5
3130.0,21.12917673949302,21.44977517245302,5.797498137850493,21.0,0,-0.4497751724530197,20.85176952782199,20.5,21.5
3131.0,21.12611040377269,21.368754823734644,5.795897262615221,21.0,0,-0.3687548237346441,20.558551336550888,20.5,21.5
3132.0,21.12304436114446,21.283261916236956,5.794295781269561,21.0,1,-0.28326191623695607,20.428332841260076,20.5,21.5
3133.0,21.139978611428482,21.30576975150742,5.792693695033112,21.0,0,-0.3057697515074196,21.530848104212055,20.5,21.5
3134.0,21.136909154445203,21.226556804892503,5.79109100512593,21.0,1,-0.2265568048925033,20.43442733874334,20.5,21.5
3135.0,21.15383999081534,21.250231826143658,5.789487712768534,21.0,1,-0.2502318261436578,21.486982038655203,20.5,21.5
3136.0,21.17076712035973,21.324033640043925,5.787883819181903,21.0,0,-0.32403364004392543,22.0620517790466,20.5,21.5
3137.0,21.167690543699496,21.438139175272575,5.7862793255874685,21.0,0,-0.43813917527257473,22.579194527559068,20.5,21.5
3138.0,21.164614261455874,21.46260637928198,5.784674233207123,21.0,0,-0.46260637928197923,21.707278419376024,20.5,21.5
3139.0,21.161538273450223,21.527863676229646,5.783068543263215,21.0,0,-0.5278636762296465,22.18043664570632,20.5,21.5
3140.0,21.158462579504185,21.51675599999034,5.781462256978547,21.0,0,-0.516755999990341,21.405679237597287,20.5,21.5
3141.0,21.15538717943968,21.478729058395164,5.7798553755763775,21.0,0,-0.4787290583951638,21.09845964244339,20.5,21.5
3142.0,21.152312073078907,21.446572148296898,5.778247900280412,21.0,0,-0.44657214829689806,21.12500304731424,20.5,21.5
3143.0,21.149237260244348,21.46965383238164,5.776639832314818,21.0,0,-0.4696538323816384,21.70047067322904,20.5,21.5
3144.0,21.14616274075876,21.443206044688708,5.775031172904207,21.0,0,-0.44320604468870783,21.178728167759402,20.5,21.5
3145.0,21.14308851444519,21.558176776002284,5.773421923273641,21.0,0,-0.5581767760022842,22.707884089138048,20.5,21.5
3146.0,21.140014581126955,21.5627726927443,5.771812084648637,21.0,0,-0.5627726927443,21.608731860164458,20.5,21.5
3147.0,21.13694094062766,21.595735668619277,5.770201658255157,21.0,0,-0.5957356686192767,21.925365427369044,20.5,21.5
3148.0,21.133867592771185,21.540535607602852,5.768590645319607,21.0,0,-0.5405356076028518,20.988534997438602,20.5,21.5
3149.0,21.130794537381696,21.545234536164998,5.766979047068848,21.0,0,-0.5452345361649975,21.592223821786455,20.5,21.5
3150.0,21.127721774283632,21.522751751597678,5.76536686473018,21.0,0,-0.5227517515976778,21.29792390592448,20.5,21.5
3151.0,21.124649303301723,21.533949006836643,5.763754099531349,21.0,0,-0.533949006836643,21.645921559226295,20.5,21.5
3152.0,21.12157712426097,21.503550783753006,5.762140752700549,21.0,0,-0.5035507837530062,21.199568552916638,20.5,21.5
3153.0,21.118505236986657,21.565155599300148,5.76052682546641,21.0,0,-0.565155599300148,22.181203754771566,20.5,21.5
3154.0,21.115433641304353,21.53801127048517,5.758912319058011,21.0,0,-0.5380112704851712,21.266567982335403,20.5,21.5
3155.0,21.112362337039905,21.440547001202127,5.757297234704866,21.0,1,-0.44054700120212686,20.465904308371684,20.5,21.5
3156.0,21.129291324019437,21.394434693787993,5.7556815736369344,21.0,1,-0.3944346937879928,20.933311619646652,20.5,21.5
3157.0,21.146216602069362,21.367583660558804,5.7540653370846115,21.0,1,-0.36758366055880387,21.099073328266915,20.5,21.5
3158.0,21.163138171816364,21.338243233658336,5.752448526278731,21.0,1,-0.33824323365833564,21.044838964653653,20.5,21.5
3159.0,21.180056033887258,21.394897670580725,5.750831142450567,21.0,0,-0.39489767058072545,21.961442039804624,20.5,21.5
3160.0,21.17697018890897,21.374451549526537,5.749213186831825,21.0,0,-0.3744515495265368,21.16999033898465,20.5,21.5
3161.0,21.173884637508557,21.359963784202485,5.747594660654649,21.0,0,-0.35996378420248476,21.215086130961964,20.5,21.5
3162.0,21.170799379513188,21.39206612462231,5.745975565151618,21.0,0,-0.3920661246223105,21.713089528820568,20.5,21.5
3163.0,21.167714414750314,21.426448683533955,5.744355901555744,21.0,0,-0.4264486835339554,21.770274272650404,20.5,21.5
3164.0,21.164629743047676,21.412641211359304,5.742735671100471,21.0,0,-0.4126412113593041,21.27456648961279,20.5,21.5
3165.0,21.161545364233287,21.48708920575826,5.741114875019672,21.0,0,-0.4870892057582594,22.231569149747813,20.5,21.5
3166.0,21.158461278135444,21.43957452190677,5.739493514547659,21.0,0,-0.4395745219067706,20.964427683391882,20.5,21.5
3167.0,21.155377484582726,21.438179943011747,5.737871590919164,21.0,0,-0.4381799430117468,21.42423415406151,20.5,21.5
3168.0,21.152293983403993,21.401804515055193,5.736249105369356,21.0,0,-0.40180451505519343,21.03805023548966,20.5,21.5
3169.0,21.149210774428386,21.335280568696025,5.734626059133826,21.0,0,-0.3352805686960245,20.670041105104335,20.5,21.5
3170.0,21.14612785748533,21.338341375146122,5.733002453448595,21.0,0,-0.33834137514612195,21.368949439647096,20.5,21.5
3171.0,21.14304523240452,21.381115959161903,5.731378289550109,21.0,0,-0.3811159591619031,21.808861799319715,20.5,21.5
3172.0,21.139962899015952,21.469750784046106,5.729753568675239,21.0,0,-0.4697507840461057,22.35609903288813,20.5,21.5
3173.0,21.136880857149883,21.484430046699124,5.728128292061283,21.0,0,-0.48443004669912426,21.63122267322931,20.5,21.5
3174.0,21.133799106636864,21.473370104868536,5.726502460945958,21.0,0,-0.47337010486853615,21.362770686562655,20.5,21.5
3175.0,21.130717647307726,21.464608974509023,5.724876076567403,21.0,0,-0.46460897450902294,21.37699767091389,20.5,21.5
3176.0,21.12763647899358,21.569816908991527,5.723249140164185,21.0,0,-0.5698169089915268,22.621896253816566,20.5,21.5
3177.0,21.124555601525813,21.50692326462031,5.721621652975284,21.0,0,-0.5069232646203083,20.877986820908124,20.5,21.5
3178.0,21.121475014736102,21.556566384030948,5.719993616240102,21.0,0,-0.5565663840309476,22.05299757813734,20.5,21.5
3179.0,21.118394718456404,21.64676338698508,5.718365031198462,21.0,0,-0.6467633869850786,22.54873341652639,20.5,21.5
3180.0,21.115314712518952,21.649489260275544,5.716735899090601,21.0,0,-0.6494892602755442,21.6767479931802,20.5,21.5
3181.0,21.112234996756268,21.584147754935703,5.715106221157173,21.0,0,-0.584147754935703,20.93073270153729,20.5,21.5
3182.0,21.109155571001146,21.581823679127176,5.71347599863925,21.0,0,-0.5818236791271758,21.558582921041904,20.5,21.5
3183.0,21.106076435086674,21.54312742673308,5.711845232778318,21.0,0,-0.5431274267330792,21.156164902792113,20.5,21.5
3184.0,21.10299758884621,21.47016602713889,5.710213924816274,21.0,0,-0.470166027138891,20.74055203119701,20.5,21.5
3185.0,21.099919032113405,21.436267606005664,5.708582075995432,21.0,0,-0.4362676060056643,21.097283394673397,20.5,21.5
3186.0,21.09684076472218,21.380867612655386,5.706949687558515,21.0,0,-0.38086761265538627,20.826867679152606,20.5,21.5
3187.0,21.093762786506748,21.19776888254907,5.705316760748657,21.0,1,-0.1977688825490702,19.36678158148591,20.5,21.5
3188.0,21.110685097301594,21.126586739459732,5.703683296809404,21.0,1,-0.1265867394597322,20.414765308566352,20.5,21.5
3189.0,21.127603696941495,21.158049088311923,5.702049296984709,21.0,1,-0.1580490883119232,21.472672576833833,20.5,21.5
3190.0,21.144518586061505,21.127673595216386,5.700414762518935,21.0,1,-0.1276735952163861,20.823918664261015,20.5,21.5
3191.0,21.161429765296795,21.227316209565963,5.69877969465685,21.0,0,-0.22731620956596288,22.22374235306173,20.5,21.5
3192.0,21.158337235282666,21.332442448825034,5.6971440946436305,21.0,0,-0.3324424488250344,22.38370484141575,20.5,21.5
3193.0,21.155244996654538,21.352060534363492,5.6955079637248565,21.0,0,-0.35206053436349194,21.548241389748068,20.5,21.5
3194.0,21.152153049247953,21.360094538169285,5.693871303146511,21.0,0,-0.36009453816928527,21.44043457622722,20.5,21.5
3195.0,21.149061392898734,21.381261919088665,5.692234114154986,21.0,0,-0.381261919088665,21.592935728282463,20.5,21.5
3196.0,21.145970027442985,21.38265277016137,5.69059639799707,21.0,0,-0.38265277016137134,21.396561280888434,20.5,21.5
3197.0,21.142878952717094,21.41463290908407,5.688958155919955,21.0,0,-0.41463290908406947,21.73443429831105,20.5,21.5
3198.0,21.139788168557736,21.526477081124852,5.687319389171233,21.0,0,-0.5264770811248525,22.644918801532683,20.5,21.5
3199.0,21.13669767480186,21.533058109507103,5.685680098998897,21.0,0,-0.5330581095071025,21.598868393329603,20.5,21.5
3200.0,21.133607471286698,21.57183439179341,5.684040286651338,21.0,0,-0.5718343917934092,21.959597214656476,20.5,21.5
3201.0,21.13051755784977,21.515083305306206,5.6823999533773435,21.0,0,-0.5150833053062058,20.947572440434172,20.5,21.5
3202.0,21.127427934328878,21.488311348562966,5.6807591004261,21.0,0,-0.48831134856296643,21.220591781130572,20.5,21.5
3203.0,21.124338600562098,21.3513433261612,5.679117729047189,21.0,1,-0.35134332616119934,19.98166310214353,20.5,21.5
3204.0,21.141249556387795,21.34370776786262,5.677475840490582,21.0,1,-0.3437077678626217,21.267352184876845,20.5,21.5
3205.0,21.158156801644616,21.4312897525332,5.675833436006654,21.0,0,-0.4312897525331998,22.30710959923898,20.5,21.5
3206.0,21.155060336971488,21.424006204273734,5.674190516846164,21.0,0,-0.42400620427373426,21.35117072167908,20.5,21.5
3207.0,21.151964163007463,21.466251250092274,5.672547084260269,21.0,0,-0.46625125009227375,21.88870170827767,20.5,21.5
3208.0,21.148868279591714,21.536713439117683,5.67090313950051,21.0,0,-0.5367134391176833,22.24133532937178,20.5,21.5
3209.0,21.145772686563696,21.503906800281086,5.669258683818827,21.0,0,-0.5039068002810865,21.175840411915118,20.5,21.5
3210.0,21.142677383763147,21.404452971418376,5.667613718467543,21.0,1,-0.404452971418376,20.40991468279127,20.5,21.5
3211.0,21.159582371030087,21.374290980092958,5.665968244699369,21.0,1,-0.37429098009295814,21.07267106683878,20.5,21.5
3212.0,21.176483648204822,21.42678510557742,5.664322263767406,21.0,0,-0.42678510557741944,21.951726360422033,20.5,21.5
3213.0,21.173381215927936,21.44321028286993,5.662675776925143,21.0,0,-0.4432102828699307,21.607462055795043,20.5,21.5
3214.0,21.170279074840135,21.585413848399657,5.6610287854264465,21.0,0,-0.5854138483996572,23.00744950369692,20.5,21.5
3215.0,21.167177224782254,21.56479436492517,5.659381290525575,21.0,0,-0.5647943649251701,21.3585995301803,20.5,21.5
3216.0,21.1640756655954,21.674575127293288,5.6577332934771665,21.0,0,-0.6745751272932878,22.772382750974465,20.5,21.5
3217.0,21.160974397120977,21.630947603903387,5.656084795536243,21.0,0,-0.6309476039033868,21.194672370004376,20.5,21.5
3218.0,21.157873419200662,21.555445775020726,5.654435797958208,21.0,0,-0.5554457750207256,20.800427486194113,20.5,21.5
3219.0,21.154772731676413,21.440844316471974,5.6527863019988445,21.0,1,-0.4408443164719742,20.29482973098446,20.5,21.5
3220.0,21.17167233439048,21.44948323538079,5.651136308914314,21.0,0,-0.4494832353807894,21.53587242446894,20.5,21.5
3221.0,21.168568227185382,21.406178413287375,5.649485819961159,21.0,0,-0.4061784132873747,20.973130192353228,20.5,21.5
3222.0,21.165464410703937,21.33566009748589,5.647834836396299,21.0,0,-0.33566009748588854,20.630476939471027,20.5,21.5
3223.0,21.162360884789074,21.414222233796558,5.64618335947703,21.0,0,-0.41422223379655776,22.19984359690325,20.5,21.5
3224.0,21.15925764928401,21.458190549795596,5.644531390461022,21.0,0,-0.4581905497955958,21.897873709785976,20.5,21.5
3225.0,21.156154704032247,21.379302270460798,5.642878930606323,21.0,0,-0.3793022704607978,20.590419477112818,20.5,21.5
3226.0,21.153052048877562,21.37305190845236,5.6412259811713525,21.0,0,-0.3730519084523607,21.31054828836799,20.5,21.5
3227.0,21.149949683664023,21.413163092056458,5.639572543414903,21.0,0,-0.4131630920564575,21.814274928097426,20.5,21.5
3228.0,21.146847608235973,21.37553610481839,5.63791861859614,21.0,0,-0.3755361048183907,20.999266232437723,20.5,21.5
3229.0,21.143745822438046,21.31776411103694,5.636264207974599,21.0,0,-0.31776411103694,20.740044173222433,20.5,21.5
3230.0,21.140644326115154,21.34903077535671,5.634609312810185,21.0,0,-0.34903077535670946,21.661697418554404,20.5,21.5
3231.0,21.137543119112493,21.369744329196767,5.632953934363172,21.0,0,-0.3697443291967666,21.576879867597338,20.5,21.5
3232.0,21.134442201275544,21.360884394796244,5.631298073894206,21.0,0,-0.3608843947962441,21.27228505079102,20.5,21.5
3233.0,21.13134157245007,21.297047455762666,5.629641732664292,21.0,0,-0.2970474557626659,20.658678065426884,20.5,21.5
3234.0,21.12824123248211,21.325606934612193,5.627984911934809,21.0,0,-0.3256069346121926,21.61120172310746,20.5,21.5
3235.0,21.125141181218,21.401662601753507,5.6263276129675,21.0,0,-0.40166260175350743,22.162219273166656,20.5,21.5
3236.0,21.122041418504352,21.417123552938115,5.624669837024466,21.0,0,-0.417123552938115,21.57173306478419,20.5,21.5
3237.0,21.118941944188055,21.486890565842536,5.623011585368176,21.0,0,-0.4868905658425362,22.18456069488675,20.5,21.5
3238.0,21.11584275811629,21.54994586534451,5.621352859261464,21.0,0,-0.5499458653445117,22.180498860364267,20.5,21.5
3239.0,21.11274386013652,21.572679263170556,5.619693659967519,21.0,0,-0.5726792631705564,21.800013241431003,20.5,21.5
3240.0,21.109645250096484,21.53544758725688,5.618033988749896,21.0,0,-0.5354475872568791,21.163130828120106,20.5,21.5
3241.0,21.106546927844214,21.413484057853108,5.616373846872504,21.0,1,-0.4134840578531076,20.193848763815392,20.5,21.5
3242.0,21.12344889322802,21.333573937107346,5.6147132355996145,21.0,1,-0.33357393710734584,20.53447272964973,20.5,21.5
3243.0,21.140347146096495,21.333889331989933,5.613052156195856,21.0,1,-0.3338893319899334,21.33704328081581,20.5,21.5
3244.0,21.157241687098516,21.276361749909626,5.611390609926211,21.0,1,-0.2763617499096256,20.701085929106547,20.5,21.5
3245.0,21.17413251688308,21.350810425548516,5.609728598056021,21.0,0,-0.3508104255485165,22.095297181937426,20.5,21.5
3246.0,21.171019636099317,21.45229179265595,5.608066121850982,21.0,0,-0.45229179265594865,22.46710546373027,20.5,21.5
3247.0,21.16790704539647,21.60842538918832,5.606403182577136,21.0,0,-0.6084253891883193,23.169761354512026,20.5,21.5
3248.0,21.164794744623904,21.59722380984487,5.604739781500889,21.0,0,-0.5972238098448699,21.485208016410375,20.5,21.5
3249.0,21.16168273363128,21.67143218845151,5.603075919888992,21.0,0,-0.6714321884515115,22.413515974517928,20.5,21.5
3250.0,21.15857101226853,21.603386474784266,5.601411599008546,21.0,0,-0.6033864747842657,20.922929338111807,20.5,21.5
3251.0,21.15545958038588,21.534536209740033,5.599746820127007,21.0,0,-0.5345362097400326,20.8460335592977,20.5,21.5
3252.0,21.15234843783383,21.369642268348272,5.598081584512174,21.0,1,-0.3696422683482723,19.72070285443067,20.5,21.5
3253.0,21.169237584463165,21.4259449693019,5.596415893432197,21.0,0,-0.4259449693018986,21.988971978838162,20.5,21.5
3254.0,21.16612302012496,21.411212053350262,5.5947497481555715,21.0,0,-0.4112120533502619,21.263882893833895,20.5,21.5
3255.0,21.163008745470567,21.369466187946326,5.593083149951142,21.0,0,-0.36946618794632613,20.95200753390697,20.5,21.5
3256.0,21.159894760351463,21.439778673675725,5.591416100088093,21.0,0,-0.43977867367572543,22.14290353096972,20.5,21.5
3257.0,21.15678106461941,21.487905950474,5.589748599835958,21.0,0,-0.4879059504740013,21.96917871845676,20.5,21.5
3258.0,21.15366765812645,21.48325514330387,5.588080650464608,21.0,0,-0.48325514330387165,21.436747071602575,20.5,21.5
3259.0,21.15055454072492,21.478269827405104,5.586412253244261,21.0,0,-0.4782698274051036,21.428416668417423,20.5,21.5
3260.0,21.147441712267423,21.536783109538412,5.5847434094454735,21.0,0,-0.5367831095384119,22.121915930871495,20.5,21.5
3261.0,21.14432917260686,21.493856189399327,5.583074120339143,21.0,0,-0.4938561893993274,21.064586988008482,20.5,21.5
3262.0,21.141216921596406,21.396746347961205,5.581404387196506,21.0,1,-0.396746347961205,20.42564793357998,20.5,21.5
3263.0,21.158104959089528,21.354816052848825,5.579734211289136,21.0,1,-0.35481605284882534,20.93551310172503,20.5,21.5
3264.0,21.17498928493997,21.41013050754714,5.578063593888944,21.0,0,-0.41013050754714087,21.963275054530296,20.5,21.5
3265.0,21.17186989980176,21.359012116152066,5.5763925362681785,21.0,0,-0.35901211615206563,20.847828202201313,20.5,21.5
3266.0,21.168750804329054,21.405293444816472,5.5747210396994245,21.0,0,-0.405293444816472,21.868106731460536,20.5,21.5
3267.0,21.165631998376128,21.488880469442773,5.573049105455596,21.0,0,-0.48888046944277264,22.32475071570578,20.5,21.5
3268.0,21.162513481797543,21.51222356643159,5.571376734809948,21.0,0,-0.5122235664315902,21.745654536319766,20.5,21.5
3269.0,21.159395254448146,21.444975141546664,5.569703929036059,21.0,0,-0.4449751415466636,20.772490892697398,20.5,21.5
3270.0,21.156277316183065,21.480689143574388,5.568030689407845,21.0,0,-0.48068914357438786,21.83782916385163,20.5,21.5
3271.0,21.15315966685771,21.427130943150722,5.566357017199552,21.0,0,-0.427130943150722,20.891548938914063,20.5,21.5
3272.0,21.15004230632778,21.426556636709574,5.564682913685753,21.0,0,-0.42655663670957367,21.42081357229809,20.5,21.5
3273.0,21.146925234449252,21.43356956263159,5.563008380141352,21.0,0,-0.43356956263158963,21.50369882185175,20.5,21.5
3274.0,21.143808451078392,21.413030536182617,5.561333417841576,21.0,0,-0.4130305361826174,21.207640271692895,20.5,21.5
3275.0,21.140691956071745,21.43134906589497,5.5596580280619845,21.0,0,-0.43134906589497035,21.6145343630185,20.5,21.5
3276.0,21.137575749286142,21.500516778295726,5.557982212078459,21.0,0,-0.5005167782957258,22.19219390230328,20.5,21.5
3277.0,21.134459830578702,21.52033798256302,5.556305971167205,21.0,0,-0.5203379825630208,21.71855002523597,20.5,21.5
3278.0,21.13134419980682,21.492012823227263,5.554629306604755,21.0,0,-0.49201282322726314,21.208761229869687,20.5,21.5
3279.0,21.128228856828176,21.44712214024848,5.552952219667962,21.0,0,-0.4471221402484815,20.998215310460665,20.5,21.5
3280.0,21.125113801500746,21.48933260764495,5.551274711633998,21.0,0,-0.48933260764495046,21.91143728160964,20.5,21.5
3281.0,21.121999033682773,21.40711236009366,5.549596783780362,21.0,0,-0.4071123600936595,20.58490988458075,20.5,21.5
3282.0,21.118884553232792,21.352555553246123,5.547918437384865,21.0,0,-0.3525555532461233,20.80698748477076,20.5,21.5
3283.0,21.115770360009623,21.367929254814193,5.546239673725643,21.0,0,-0.36792925481419303,21.52166627049489,20.5,21.5
3284.0,21.112656453872365,21.461938549903138,5.544560494081149,21.0,0,-0.4619385499031381,22.40203150079259,20.5,21.5
3285.0,21.109542834680408,21.472811581181162,5.542880899730149,21.0,0,-0.47281158118116196,21.5815418939614,20.5,21.5
3286.0,21.106429502293416,21.48594013762055,5.541200891951728,21.0,0,-0.485940137620549,21.61722570201442,20.5,21.5
3287.0,21.10331645657135,21.50274252957392,5.539520472025284,21.0,0,-0.5027425295739185,21.670766449107614,20.5,21.5
3288.0,21.10020369737444,21.393661901337836,5.537839641230532,21.0,1,-0.3936619013378362,20.302855618977013,20.5,21.5
3289.0,21.11709122456321,21.41316222312704,5.536158400847496,21.0,0,-0.41316222312703843,21.60816544101906,20.5,21.5
3290.0,21.11397503799847,21.26709245313235,5.534476752156514,21.0,1,-0.2670924531323493,19.806394753185458,20.5,21.5
3291.0,21.1308591383413,21.2956843596396,5.532794696438235,21.0,0,-0.29568435963960127,21.58160342471212,20.5,21.5
3292.0,21.12773952545292,21.26903088721474,5.531112234973618,21.0,0,-0.2690308872147398,21.002496162966125,20.5,21.5
3293.0,21.124620199994826,21.328585423375834,5.529429369043929,21.0,0,-0.3285854233758343,21.92413078498678,20.5,21.5
3294.0,21.121501161828636,21.23457340192123,5.527746099930746,21.0,1,-0.23457340192123155,20.294453187375204,20.5,21.5
3295.0,21.138382410816256,21.297839759604894,5.52606242891595,21.0,0,-0.2978397596048943,21.93050333644152,20.5,21.5
3296.0,21.135259946819875,21.20559141322932,5.52437835728173,21.0,1,-0.20559141322932106,20.28310794947359,20.5,21.5
3297.0,21.15213777050197,21.172014256251913,5.522693886310579,21.0,1,-0.1720142562519129,20.83624268647783,20.5,21.5
3298.0,21.16901188172513,21.152868773242705,5.521009017285297,21.0,1,-0.1528687732427052,20.961413943150628,20.5,21.5
3299.0,21.185882281152242,21.194379425871738,5.519323751488983,21.0,0,-0.1943794258717375,21.60948595216206,20.5,21.5
3300.0,21.18274896944631,21.294348238611395,5.5176380902050415,21.0,0,-0.2943482386113949,22.29403636600797,20.5,21.5
3301.0,21.17961594727046,21.372934866240264,5.515952034717177,21.0,0,-0.3729348662402643,22.158801142528958,20.5,21.5
3302.0,21.17648321448795,21.461049740991818,5.514265586309393,21.0,0,-0.46104974099181817,22.342198488507357,20.5,21.5
3303.0,21.173350770962312,21.526150728989926,5.512578746265993,21.0,0,-0.5261507289899257,22.177160608971,20.5,21.5
3304.0,21.170218616557374,21.53555961062572,5.510891515871581,21.0,0,-0.5355596106257217,21.62964842698368,20.5,21.5
3305.0,21.167086751137237,21.466379348130005,5.509203896411055,21.0,0,-0.4663793481300047,20.774576723172835,20.5,21.5
3306.0,21.163955174566293,21.42858294128721,5.507515889169611,21.0,0,-0.4285829412872104,21.050618872859268,20.5,21.5
3307.0,21.160823886709213,21.449528115528164,5.50582749543274,21.0,0,-0.44952811552816385,21.658979857937698,20.5,21.5
3308.0,21.157692887430958,21.470114992142076,5.504138716486228,21.0,0,-0.47011499214207575,21.675983758281195,20.5,21.5
3309.0,21.15456217659677,21.448759509122006,5.5024495536161515,21.0,0,-0.4487595091220058,21.235204678921306,20.5,21.5
3310.0,21.151431754072174,21.44607550942286,5.500760008108883,21.0,0,-0.44607550942286167,21.41923551243142,20.5,21.5
3311.0,21.148301619722982,21.44634041203681,5.499070081251085,21.0,0,-0.4463404120368111,21.448989438176305,20.5,21.5
3312.0,21.14517177341529,21.333712111320857,5.49737977432971,21.0,1,-0.33371211132085676,20.207429104161314,20.5,21.5
3313.0,21.16204221501547,21.322790754938904,5.495689088632,21.0,1,-0.32279075493890375,21.213577191119374,20.5,21.5
3314.0,21.178908944390194,21.37443510187372,5.493998025445486,21.0,0,-0.3744351018737184,21.890878571221865,20.5,21.5
3315.0,21.175771962206404,21.422235999219396,5.492306586057986,21.0,0,-0.4222359992193958,21.90024497267617,20.5,21.5
3316.0,21.172635269131174,21.45500878355605,5.490614771757604,21.0,0,-0.4550087835560497,21.78273662692259,20.5,21.5
3317.0,21.1694988650317,21.551388596663777,5.488922583832734,21.0,0,-0.5513885966637773,22.515186727741053,20.5,21.5
3318.0,21.16636274977546,21.517582563900294,5.487230023572046,21.0,0,-0.5175825639002944,21.179522236265466,20.5,21.5
3319.0,21.16322692323022,21.458292197031998,5.485537092264499,21.0,0,-0.45829219703199797,20.865388528349033,20.5,21.5
3320.0,21.160091385264025,21.491093418145123,5.483843791199336,21.0,0,-0.4910934181451232,21.819105629276375,20.5,21.5
3321.0,21.15695613574521,21.554207486530153,5.482150121666077,21.0,0,-0.554207486530153,22.18534817038045,20.5,21.5
3322.0,21.153821174542397,21.61714252219845,5.480456084954528,21.0,0,-0.6171425221984492,22.246492878881412,20.5,21.5
3323.0,21.15068650152448,21.590815563523375,5.478761682354769,21.0,0,-0.5908155635233747,21.32754597677263,20.5,21.5
3324.0,21.147552116560647,21.65575371140264,5.477066915157162,21.0,0,-0.6557537114026388,22.30513519019528,20.5,21.5
3325.0,21.144418019520366,21.591962078381748,5.475371784652347,21.0,0,-0.5919620783817479,20.954045748172838,20.5,21.5
3326.0,21.14128421027339,21.566341405794198,5.473676292131238,21.0,0,-0.5663414057941978,21.310134679918697,20.5,21.5
3327.0,21.138150688689763,21.483538119235668,5.471980438885026,21.0,0,-0.4835381192356678,20.655505253650368,20.5,21.5
3328.0,21.1350174546398,21.537613203141408,5.47028422620518,21.0,0,-0.537613203141408,22.07836404219881,20.5,21.5
3329.0,21.131884507994116,21.526314417682254,5.468587655383438,21.0,0,-0.5263144176822543,21.413326563090717,20.5,21.5
3330.0,21.128751848623594,21.48177512800821,5.466890727711811,21.0,0,-0.4817751280082092,21.03638223126776,20.5,21.5
3331.0,21.12561947639941,21.48050787598991,5.465193444482585,21.0,0,-0.48050787598991107,21.46783535580693,20.5,21.5
3332.0,21.122487391193026,21.42379412323006,5.463495806988314,21.0,0,-0.42379412323005994,20.85665659563155,20.5,21.5
3333.0,21.119355592876186,21.458382795029134,5.461797816521824,21.0,0,-0.45838279502913437,21.80426951301988,20.5,21.5
3334.0,21.116224081320915,21.334656810584413,5.460099474376209,21.0,1,-0.33465681058441277,20.097396966137197,20.5,21.5
3335.0,21.133092856399525,21.36098283549392,5.458400781844829,21.0,0,-0.3609828354939211,21.624243084589004,20.5,21.5
3336.0,21.129957917984616,21.373016199318347,5.456701740221312,21.0,0,-0.3730161993183465,21.4933498375626,20.5,21.5
3337.0,21.126823266749064,21.402570623420736,5.455002350799552,21.0,0,-0.40257062342073624,21.698114864444634,20.5,21.5
3338.0,21.123688902565874,21.301918884941063,5.45330261487371,21.0,1,-0.3019188849410632,20.295401500144333,20.5,21.5
3339.0,21.140554825308335,21.399174855430964,5.451602533738207,21.0,0,-0.39917485543096376,22.37173456032997,20.5,21.5
3340.0,21.13741703485002,21.425497922803498,5.449902108687731,21.0,0,-0.42549792280349763,21.688728596528836,20.5,21.5
3341.0,21.134279531864788,21.359913611052594,5.448201341017226,21.0,0,-0.359913611052594,20.704070493543558,20.5,21.5
3342.0,21.13114231622662,21.380597826146115,5.4465002320219025,21.0,0,-0.3805978261461149,21.587439977081324,20.5,21.5
3343.0,21.12800538780978,21.41850853869652,5.44479878299723,21.0,0,-0.41850853869652127,21.797615664200585,20.5,21.5
3344.0,21.124868746488815,21.45121481933611,5.4430969952389345,21.0,0,-0.4512148193361085,21.77827762573198,20.5,21.5
3345.0,21.121732392138565,21.367991289384495,5.441394870043003,21.0,0,-0.367991289384495,20.53575598986836,20.5,21.5
3346.0,21.118596324634147,21.416272802281934,5.4396924087056755,21.0,0,-0.4162728022819344,21.89908793125633,20.5,21.5
3347.0,21.11546054385096,21.397617553808804,5.4379896125234515,21.0,0,-0.3976175538088036,21.211065069077495,20.5,21.5
3348.0,21.112325049664697,21.413883741499596,5.4362864827930855,21.0,0,-0.41388374149959617,21.576545618407522,20.5,21.5
3349.0,21.109189841951324,21.333591636805412,5.434583020811583,21.0,0,-0.33359163680541215,20.530670589863572,20.5,21.5
3350.0,21.106054920587095,21.410121411745564,5.432879227876206,21.0,0,-0.41012141174556405,22.175419161147083,20.5,21.5
3351.0,21.10292028544855,21.388500827666018,5.431175105284466,21.0,0,-0.388500827666018,21.172294986870558,20.5,21.5
3352.0,21.09978593641252,21.38137685971592,5.429470654334127,21.0,0,-0.38137685971592106,21.31013718021495,20.5,21.5
3353.0,21.096651873356105,21.332310489361873,5.4277658763232015,21.0,0,-0.33231048936187335,20.841646785821396,20.5,21.5
3354.0,21.0935180961567,21.324363481261564,5.4260607725499534,21.0,0,-0.3243634812615639,21.24489340025847,20.5,21.5
3355.0,21.09038460469198,21.320605406743205,5.424355344312892,21.0,0,-0.3206054067432049,21.283024661559615,20.5,21.5
3356.0,21.087251398839904,21.27940634430509,5.422649592910778,21.0,0,-0.2794063443050909,20.86741571992395,20.5,21.5
3357.0,21.084118478478718,21.19788502041929,5.420943519642612,21.0,1,-0.1978850204192888,20.382671781561267,20.5,21.5
3358.0,21.10098584348695,21.216082938069153,5.419237125807644,21.0,1,-0.21608293806915313,21.398062114567796,20.5,21.5
3359.0,21.117849493743414,21.25383978102007,5.417530412705367,21.0,0,-0.2538397810200692,21.63140821052923,20.5,21.5
3360.0,21.114709429927206,21.220001600666492,5.415823381635518,21.0,0,-0.22000160066649244,20.881619797130725,20.5,21.5
3361.0,21.11156965271755,21.282643616458095,5.414116033898076,21.0,0,-0.28264361645809544,21.909063774374125,20.5,21.5
3362.0,21.108430161993784,21.430007628037355,5.412408370793259,21.0,0,-0.43000762803735526,22.903647743829953,20.5,21.5
3363.0,21.105290957635543,21.423373179984115,5.410700393621528,21.0,0,-0.4233731799841145,21.357028699451707,20.5,21.5
3364.0,21.10215203952274,21.34645613261592,5.408992103683581,21.0,0,-0.3464561326159199,20.577285658933974,20.5,21.5
3365.0,21.099013407535573,21.435702349841044,5.407283502280355,21.0,0,-0.43570234984104417,22.328164522092287,20.5,21.5
3366.0,21.095875061554523,21.428654098397523,5.405574590713025,21.0,0,-0.4286540983975229,21.35817158396231,20.5,21.5
3367.0,21.092737001460353,21.384747819087867,5.403865370283002,21.0,0,-0.3847478190878668,20.945685025991306,20.5,21.5
3368.0,21.08959922713412,21.432193770143382,5.40215584229193,21.0,0,-0.4321937701433818,21.90665328069853,20.5,21.5
3369.0,21.08646173845715,21.411532644305158,5.40044600804169,21.0,0,-0.4115326443051579,21.20492138592292,20.5,21.5
3370.0,21.083324535311068,21.348157891935557,5.398735868834395,21.0,0,-0.348157891935557,20.714410368239548,20.5,21.5
3371.0,21.08018761757777,21.310202991135604,5.39702542597239,21.0,0,-0.3102029911356041,20.930653983136075,20.5,21.5
3372.0,21.07705098513945,21.317226783398368,5.3953146807582515,21.0,0,-0.3172267833983682,21.38746470602601,20.5,21.5
3373.0,21.073914637878573,21.351045842642886,5.393603634494789,21.0,0,-0.3510458426428862,21.689236435088066,20.5,21.5
3374.0,21.070778575677895,21.405903649482777,5.391892288485036,21.0,0,-0.40590364948277724,21.954481717881688,20.5,21.5
3375.0,21.067642798420458,21.456181287503835,5.390180644032256,21.0,0,-0.4561812875038349,21.95895766771441,20.5,21.5
3376.0,21.06450730598958,21.493289076667562,5.388468702439944,21.0,0,-0.49328907666756194,21.864366968304832,20.5,21.5
3377.0,21.06137209826887,21.45840719672457,5.386756465011816,21.0,0,-0.4584071967245684,21.109588397294633,20.5,21.5
3378.0,21.058237175142217,21.41911681810064,5.385043933051816,21.0,0,-0.4191168181006404,21.02621303186136,20.5,21.5
3379.0,21.0551025364938,21.423061348718914,5.38333110786411,21.0,0,-0.4230613487189139,21.46250665490165,20.5,21.5
3380.0,21.05196818220807,21.46656579481328,5.38161799075309,21.0,0,-0.4665657948132811,21.901610255756953,20.5,21.5
3381.0,21.04883411216978,21.461024395398347,5.37990458302337,21.0,0,-0.46102439539834705,21.405610401249007,20.5,21.5
3382.0,21.04570032626395,21.464390169890827,5.378190885979782,21.0,0,-0.4643901698908266,21.498047914815622,20.5,21.5
3383.0,21.042566824375893,21.423035406733273,5.3764769009273845,21.0,0,-0.42303540673327333,21.00948777515774,20.5,21.5
3384.0,21.039433606391203,21.4065147365831,5.37476262917145,21.0,0,-0.40651473658310167,21.241308035081385,20.5,21.5
3385.0,21.036300672195757,21.278965022201497,5.373048072017469,21.0,1,-0.278965022201497,20.00346787838545,20.5,21.5
3386.0,21.05316802167572,21.243529875001425,5.371333230771154,21.0,1,-0.24352987500142476,20.889178403000702,20.5,21.5
3387.0,21.07003165471754,21.256255817482703,5.369618106738431,21.0,1,-0.2562558174827032,21.383515242295488,20.5,21.5
3388.0,21.086891572007943,21.33957877288979,5.367902701225439,21.0,0,-0.33957877288979077,22.172808326960666,20.5,21.5
3389.0,21.083747774233785,21.47744977343479,5.366187015538539,21.0,0,-0.4774497734347882,22.856159778884763,20.5,21.5
3390.0,21.080604262082048,21.458924894798486,5.364471050984296,21.0,0,-0.45892489479848564,21.27367610843546,20.5,21.5
3391.0,21.07746103543983,21.46459028523593,5.362754808869492,21.0,0,-0.4645902852359285,21.521244189610357,20.5,21.5
3392.0,21.074318094194513,21.52372419860388,5.36103829050112,21.0,0,-0.5237241986038796,22.11506333228339,20.5,21.5
3393.0,21.071175438233773,21.477290933720003,5.359321497186385,21.0,0,-0.47729093372000264,21.012958284881233,20.5,21.5
3394.0,21.068033067445562,21.397527242118297,5.3576044302326995,21.0,0,-0.39752724211829715,20.599890326101242,20.5,21.5
3395.0,21.06489098171812,21.400775458960176,5.355887090947684,21.0,0,-0.40077545896017597,21.433257627378964,20.5,21.5
3396.0,21.061749180939966,21.409153540193877,5.354169480639166,21.0,0,-0.40915354019387706,21.492934352530888,20.5,21.5
3397.0,21.058607664999904,21.43148481845439,5.352451600615184,21.0,0,-0.4314848184543898,21.654797601059517,20.5,21.5
3398.0,21.05546643378703,21.399539641092023,5.350733452183974,21.0,0,-0.3995396410920229,21.080087867468354,20.5,21.5
3399.0,21.052325487190707,21.346291704907834,5.3490150366539835,21.0,0,-0.34629170490783423,20.813812343065948,20.5,21.5
3400.0,21.0491848251006,21.38558545337201,5.347296355333861,21.0,0,-0.3855854533720091,21.778522938013758,20.5,21.5
3401.0,21.046044447406647,21.4026528155661,5.3455774095324555,21.0,0,-0.4026528155660998,21.573326437507006,20.5,21.5
3402.0,21.042904353999074,21.33863396629428,5.343858200558819,21.0,0,-0.33863396629428166,20.6984454735761,20.5,21.5
3403.0,21.039764544768385,21.350074104684268,5.342138729722206,21.0,0,-0.3500741046842677,21.464475488584128,20.5,21.5
3404.0,21.036625019605374,21.39224957502452,5.340418998332066,21.0,0,-0.3922495750245183,21.814004278427024,20.5,21.5
3405.0,21.03348577840112,21.37610160017706,5.3386990076980485,21.0,0,-0.3761016001770585,21.21462185170246,20.5,21.5
3406.0,21.03034682104698,21.351500751386684,5.336978759130005,21.0,0,-0.35150075138668413,21.10549226348294,20.5,21.5
3407.0,21.027208147434596,21.31643236452867,5.335258253937978,21.0,0,-0.3164323645286693,20.96574849594852,20.5,21.5
3408.0,21.024069757455898,21.29198215997061,5.333537493432204,21.0,0,-0.2919821599706083,21.047480114389998,20.5,21.5
3409.0,21.020931651003092,21.312698044692482,5.3318164789231215,21.0,0,-0.31269804469248186,21.519856891911218,20.5,21.5
3410.0,21.017793827968678,21.20106936089268,5.330095211721355,21.0,1,-0.20106936089268146,20.084782522894677,20.5,21.5
3411.0,21.03465628824543,21.146497294944396,5.328373693137727,21.0,1,-0.14649729494439612,20.600776635461543,20.5,21.5
3412.0,21.051515031726407,21.18150195533474,5.326651924483245,21.0,0,-0.18150195533473834,21.53154855923816,20.5,21.5
3413.0,21.048370059104958,21.287876372639822,5.324929907069113,21.0,0,-0.2878763726398219,22.351620545690658,20.5,21.5
3414.0,21.04522537107455,21.24237209588987,5.3232076422067225,21.0,0,-0.24237209588986985,20.78732932839035,20.5,21.5
3415.0,21.042080967528776,21.33252596588016,5.321485131207652,21.0,0,-0.3325259658801585,22.234064665783045,20.5,21.5
3416.0,21.038936848361512,21.4344641007227,5.31976237538367,21.0,0,-0.4344641007226997,22.453845449148112,20.5,21.5
3417.0,21.035793013466918,21.428558035589383,5.3180393760467295,21.0,0,-0.42855803558938277,21.369497384256213,20.5,21.5
3418.0,21.032649462739435,21.409640944179746,5.316316134508967,21.0,0,-0.4096409441797455,21.220470030083373,20.5,21.5
3419.0,21.02950619607379,21.416195543091256,5.314592652082709,21.0,0,-0.4161955430912556,21.481741532206357,20.5,21.5
3420.0,21.02636321336499,21.423461832610826,5.312868930080462,21.0,0,-0.42346183261082615,21.49612472780653,20.5,21.5
3421.0,21.023220514508335,21.398186714012414,5.311144969814913,21.0,0,-0.39818671401241446,21.145435528028298,20.5,21.5
3422.0,21.020078099399395,21.373720324906362,5.309420772598937,21.0,0,-0.37372032490636187,21.129056433845836,20.5,21.5
3423.0,21.016935967934035,21.34151195312024,5.307696339745581,21.0,0,-0.3415119531202393,21.019428235259014,20.5,21.5
3424.0,21.0137941200084,21.343375607460885,5.305971672568077,21.0,0,-0.34337560746088513,21.362012150867344,20.5,21.5
3425.0,21.01065255551891,21.344574643385624,5.304246772379833,21.0,0,-0.3445746433856236,21.35656500263301,20.5,21.5
3426.0,21.007511274362283,21.34893278756217,5.302521640494438,21.0,0,-0.3489327875621697,21.39251422932763,20.5,21.5
3427.0,21.00437027643551,21.372487651833193,5.300796278225654,21.0,0,-0.3724876518331932,21.608036294543428,20.5,21.5
3428.0,21.001229561635867,21.359966871225893,5.299070686887419,21.0,0,-0.3599668712258932,21.234759065152893,20.5,21.5
3429.0,20.99808912986092,21.38462547416387,5.297344867793846,21.0,0,-0.38462547416386883,21.631211503543625,20.5,21.5
3430.0,20.994948981008505,21.400759125872305,5.295618822259222,21.0,0,-0.40075912587230533,21.56209564295667,20.5,21.5
3431.0,20.991809114976757,21.3013276991688,5.293892551598003,21.0,1,-0.30132769916880164,20.307013432133765,20.5,21.5
3432.0,21.008669531664083,21.29910021645349,5.292166057124823,21.0,1,-0.29910021645348905,21.276825389300363,20.5,21.5
3433.0,21.025526230969174,21.249526495678317,5.290439340154482,21.0,1,-0.24952649567831742,20.7537892879266,20.5,21.5
3434.0,21.042379213591012,21.248915387875645,5.288712402001948,21.0,1,-0.2489153878756447,21.242804309848918,20.5,21.5
3435.0,21.059228480228693,21.30451867591549,5.286985243982358,21.0,0,-0.30451867591548876,21.86055155631393,20.5,21.5
3436.0,21.056074031581446,21.432850373363458,5.2852578674110235,21.0,0,-0.43285037336345766,22.716167347843147,20.5,21.5
3437.0,21.05291986834861,21.416863376535265,5.2835302736034135,21.0,0,-0.4168633765352645,21.256993408253333,20.5,21.5
3438.0,21.049765990429663,21.434008071907098,5.281802463875165,21.0,0,-0.43400807190709756,21.605455025625428,20.5,21.5
3439.0,21.046612397724353,21.416345260851543,5.2800744395420836,21.0,0,-0.4163452608515428,21.239717150295995,20.5,21.5
3440.0,21.043459090132718,21.35099300518301,5.278346201920131,21.0,0,-0.35099300518301035,20.697470448497686,20.5,21.5
3441.0,21.040306067555075,21.30600996485861,5.276617752325437,21.0,0,-0.3060099648586103,20.85617956161461,20.5,21.5
3442.0,21.03715332989203,21.348075264565757,5.274889092074293,21.0,0,-0.34807526456575744,21.76872826163723,20.5,21.5
3443.0,21.034000877044466,21.35996862531149,5.273160222483147,21.0,0,-0.35996862531149176,21.478902232768835,20.5,21.5
3444.0,21.030848708913553,21.394538228870502,5.27143114486861,21.0,0,-0.39453822887050194,21.740234264460604,20.5,21.5
3445.0,21.027696825400742,21.404116944643842,5.269701860547446,21.0,0,-0.4041169446438424,21.499904102377247,20.5,21.5
3446.0,21.02454522640777,21.378014134531522,5.267972370836585,21.0,0,-0.3780141345315222,21.11698603340832,20.5,21.5
3447.0,21.021393911836658,21.387619188947106,5.266242677053105,21.0,0,-0.3876191889471059,21.483669733102943,20.5,21.5
3448.0,21.0182428815897,21.34918262331241,5.264512780514244,21.0,0,-0.3491826233124087,20.964816966965437,20.5,21.5
3449.0,21.015092135569486,21.281015151212085,5.262782682537396,21.0,0,-0.28101515121208465,20.599340430208844,20.5,21.5
3450.0,21.01194167367888,21.23234592859341,5.261052384440104,21.0,0,-0.23234592859341063,20.74565370240667,20.5,21.5
3451.0,21.008791495821033,21.20787355571717,5.259321887540064,21.0,0,-0.20787355571717114,20.963149826954776,20.5,21.5
3452.0,21.005641601899377,21.19710968243205,5.257591193155125,21.0,0,-0.19710968243204974,21.089470949580836,20.5,21.5
3453.0,21.002491991817628,21.185473864960766,5.255860302603288,21.0,0,-0.18547386496076612,21.06911569024793,20.5,21.5
3454.0,20.999342665479784,21.219770768221007,5.2541292172027,21.0,0,-0.21977076822100727,21.56273980082342,20.5,21.5
3455.0,20.996193622790127,21.261201844661905,5.25239793827166,21.0,0,-0.26120184466190466,21.67551260907088,20.5,21.5
3456.0,20.993044863653225,21.318140407300255,5.250666467128609,21.0,0,-0.3181404073002554,21.887526033683763,20.5,21.5
3457.0,20.98989638797392,21.30528669335584,5.248934805092139,21.0,0,-0.30528669335583913,21.176749553911677,20.5,21.5
3458.0,20.986748195657345,21.387478010897308,5.247202953480985,21.0,0,-0.3874780108973077,22.209391186311993,20.5,21.5
3459.0,20.983600286608908,21.321065860070416,5.24547091361403,21.0,0,-0.3210658600704157,20.656944351801496,20.5,21.5
3460.0,20.980452660734308,21.312293165063615,5.243738686810295,21.0,0,-0.3122931650636147,21.224566214995605,20.5,21.5
3461.0,20.97730531793952,21.270578611996893,5.242006274388948,21.0,0,-0.2705786119968927,20.853433081329673,20.5,21.5
3462.0,20.97415825813081,21.223237367676166,5.240273677669294,21.0,0,-0.2232373676761661,20.7498249244689,20.5,21.5
3463.0,20.971011481214717,21.138385930558595,5.2385408979707835,21.0,1,-0.13838593055859505,20.289871559382885,20.5,21.5
3464.0,20.987864987098067,21.229324348567673,5.236807936613001,21.0,0,-0.2293243485676726,22.138708528658448,20.5,21.5
3465.0,20.98471477568797,21.251479068797455,5.2350747949156755,21.0,0,-0.25147906879745463,21.473026271095275,20.5,21.5
3466.0,20.981564847691814,21.27671521067855,5.233341474198667,21.0,0,-0.27671521067854954,21.5290766294895,20.5,21.5
3467.0,20.978415203017114,21.293767980524404,5.231607975781975,21.0,0,-0.2937679805244038,21.464295678982946,20.5,21.5
3468.0,20.975265841571666,21.31627695961901,5.229874300985733,21.0,0,-0.31627695961901026,21.541366750565075,20.5,21.5
3469.0,20.97211676326355,21.298479954151595,5.228140451130212,21.0,0,-0.29847995415159545,21.120509899477447,20.5,21.5
3470.0,20.968967968001124,21.251295868717673,5.226406427535814,21.0,0,-0.25129586871767273,20.779455014378446,20.5,21.5
3471.0,20.96581945569303,21.22897837374633,5.224672231523071,21.0,0,-0.22897837374632957,21.005803424032898,20.5,21.5
3472.0,20.962671226248197,21.231371309870546,5.222937864412652,21.0,0,-0.23137130987054633,21.255300671112714,20.5,21.5
3473.0,20.95952327957583,21.191271027882284,5.22120332752535,21.0,0,-0.19127102788228356,20.790268207999656,20.5,21.5
3474.0,20.95637561558542,21.17133111276675,5.219468622182091,21.0,0,-0.17133111276675095,20.971931961611425,20.5,21.5
3475.0,20.95322823418674,21.16602528945672,5.217733749703929,21.0,0,-0.16602528945671935,21.112967056356403,20.5,21.5
3476.0,20.950081135289842,21.114727299587834,5.215998711412046,21.0,0,-0.1147272995878339,20.60174740089898,20.5,21.5
3477.0,20.946934318805067,21.20120104081036,5.214263508627749,21.0,0,-0.2012010408103606,22.065938453035628,20.5,21.5
3478.0,20.943787784643032,21.272388570357613,5.212528142672467,21.0,0,-0.272388570357613,21.984263865830137,20.5,21.5
3479.0,20.940641532714636,21.326237143927894,5.21079261486776,21.0,0,-0.3262371439278944,21.86472287963071,20.5,21.5
3480.0,20.937495562931066,21.458271715656178,5.2090569265353075,21.0,0,-0.45827171565617775,22.77861743293901,20.5,21.5
3481.0,20.934349875203786,21.519368800472698,5.207321078996911,21.0,0,-0.519368800472698,22.1303396486379,20.5,21.5
3482.0,20.931204469444545,21.44326199634715,5.205585073574493,21.0,0,-0.44326199634715024,20.682193955091673,20.5,21.5
3483.0,20.92805934556537,21.42212265726798,5.203848911590101,21.0,0,-0.4221226572679804,21.21072926647628,20.5,21.5
3484.0,20.924914503478576,21.370075429724984,5.202112594365893,21.0,0,-0.3700754297249844,20.849603154295025,20.5,21.5
3485.0,20.921769943096752,21.249709924036864,5.200376123224153,21.0,1,-0.2497099240368641,20.04605486715566,20.5,21.5
3486.0,20.93862566433278,21.233378077877113,5.198639499487278,21.0,1,-0.23337807787711284,21.0700596162796,20.5,21.5
3487.0,20.95547766709981,21.217275892172808,5.196902724477783,21.0,1,-0.21727589217280752,21.056254035129754,20.5,21.5
3488.0,20.972325952111287,21.19782416984375,5.1951657995183,21.0,1,-0.19782416984374862,21.00330694655316,20.5,21.5
3489.0,20.98917052008077,21.17257492347048,5.193428725931569,21.0,1,-0.17257492347048142,20.92008245973781,20.5,21.5
3490.0,21.00601137172194,21.189294437807746,5.191691505040449,21.0,1,-0.1892944378077459,21.35648958118039,20.5,21.5
3491.0,21.022848507748602,21.23177843217854,5.189954138167908,21.0,0,-0.23177843217854033,21.656618375886485,20.5,21.5
3492.0,21.019681928874686,21.25383965409733,5.188216626637029,21.0,0,-0.2538396540973302,21.47445187328523,20.5,21.5
3493.0,21.016515635814237,21.26478035865938,5.186478971771001,21.0,0,-0.26478035865937954,21.374187404279873,20.5,21.5
3494.0,21.01334962848143,21.285211467309963,5.184741174893124,21.0,0,-0.2852114673099635,21.489522553815803,20.5,21.5
3495.0,21.01018390679071,21.313754144543193,5.183003237326806,21.0,0,-0.31375414454319284,21.599180916875486,20.5,21.5
3496.0,21.007018470656817,21.310931270227165,5.181265160395561,21.0,0,-0.31093127022716516,21.28270252706689,20.5,21.5
3497.0,21.003853319994764,21.340810065099898,5.179526945423011,21.0,0,-0.3408100650998982,21.63959801382723,20.5,21.5
3498.0,21.00068845471985,21.422203938409233,5.177788593732883,21.0,0,-0.42220393840923265,22.236142671502577,20.5,21.5
3499.0,20.997523874747653,21.388409261006437,5.176050106649008,21.0,0,-0.38840926100643713,21.050462486978482,20.5,21.5
3500.0,20.994359579994033,21.436523693423208,5.174311485495317,21.0,0,-0.43652369342320796,21.917668017590916,20.5,21.5
3501.0,20.991195570375133,21.48883833844234,5.172572731595847,21.0,0,-0.4888383384423385,22.011984788633644,20.5,21.5
3502.0,20.988031845807377,21.479100567971926,5.170833846274736,21.0,0,-0.47910056797192624,21.381722863267804,20.5,21.5
3503.0,20.98486840620747,21.423009980220506,5.169094830856218,21.0,0,-0.42300998022050607,20.862104102706304,20.5,21.5
3504.0,20.9817052514924,21.48506247435593,5.167355686664631,21.0,0,-0.4850624743559315,22.105587415710186,20.5,21.5
3505.0,20.978542381579434,21.46755324122742,5.1656164150244095,21.0,0,-0.4675532412274208,21.292460909942314,20.5,21.5
3506.0,20.97537979638612,21.417262721535575,5.1638770172600825,21.0,0,-0.4172627215355753,20.91435752461712,20.5,21.5
3507.0,20.972217495830296,21.345973077892733,5.162137494696277,21.0,0,-0.345973077892733,20.63307664146431,20.5,21.5
3508.0,20.969055479830068,21.40574550226186,5.160397848657718,21.0,0,-0.40574550226185835,22.00346974595311,20.5,21.5
3509.0,20.965893748303834,21.379075057134898,5.158658080469219,21.0,0,-0.379075057134898,21.112370605865294,20.5,21.5
3510.0,20.962732301170266,21.389770920292655,5.156918191455691,21.0,0,-0.3897709202926549,21.496729551870224,20.5,21.5
3511.0,20.959571138348323,21.366601050427636,5.155178182942132,21.0,0,-0.36660105042763647,21.134902351777452,20.5,21.5
3512.0,20.95641025975724,21.359601947535463,5.153438056253638,21.0,0,-0.35960194753546304,21.28961091861373,20.5,21.5
3513.0,20.95324966531654,21.257817185525205,5.151697812715389,21.0,1,-0.25781718552520516,20.239969565422626,20.5,21.5
3514.0,20.97008935494602,21.32489649642066,5.149957453652656,21.0,0,-0.32489649642066,21.99568960537521,20.5,21.5
3515.0,20.96692532856576,21.312115693834986,5.1482169803907984,21.0,0,-0.3121156938349863,21.18430766797825,20.5,21.5
3516.0,20.963761586896126,21.29974385532798,5.146476394255265,21.0,0,-0.29974385532797854,21.1760254702579,20.5,21.5
3517.0,20.960598129857598,21.283567558395863,5.1447356965715825,21.0,0,-0.28356755839586256,21.121804589074703,20.5,21.5
3518.0,20.95743495737094,21.23908560975283,5.142994888665372,21.0,0,-0.23908560975283066,20.79426612332251,20.5,21.5
3519.0,20.9542720693572,21.18922231256134,5.141253971862334,21.0,0,-0.18922231256134125,20.690589340646447,20.5,21.5
3520.0,20.951109465737698,21.1255947225254,5.13951294748825,21.0,1,-0.12559472252539905,20.489318822165977,20.5,21.5
3521.0,20.96794714643405,21.18047300872671,5.13777181686899,21.0,0,-0.18047300872671102,21.72925587073983,20.5,21.5
3522.0,20.964781111368136,21.237413318630754,5.136030581330497,21.0,0,-0.23741331863075388,21.806816417671183,20.5,21.5
3523.0,20.96161536126213,21.25399138391606,5.134289242198799,21.0,0,-0.253991383916059,21.41977203676911,20.5,21.5
3524.0,20.958449896038317,21.26539456582223,5.1325478008,21.0,0,-0.26539456582223053,21.379426384883946,20.5,21.5
3525.0,20.95528471561927,21.28703901726494,5.130806258460286,21.0,0,-0.2870390172649415,21.50348353169205,20.5,21.5
3526.0,20.95211981992784,21.24466235135051,5.129064616505916,21.0,0,-0.2446623513505095,20.82089569220619,20.5,21.5
3527.0,20.948955208887156,21.313512845143848,5.127322876263226,21.0,0,-0.3135128451438476,22.00201778307723,20.5,21.5
3528.0,20.94579088242063,21.389993834680666,5.125581039058627,21.0,0,-0.3899938346806664,22.154803730048855,20.5,21.5
3529.0,20.942626840451958,21.306716632566754,5.123839106218604,21.0,1,-0.3067166325667543,20.473944611427633,20.5,21.5
3530.0,20.95946308290511,21.284123605694866,5.122097079069714,21.0,1,-0.28412360569486594,21.058193336975982,20.5,21.5
3531.0,20.976295609704344,21.269703519974872,5.120354958938587,21.0,1,-0.26970351997487185,21.12550266277493,20.5,21.5
3532.0,20.99312442157419,21.230896723278214,5.118612747151924,21.0,1,-0.23089672327821376,20.842828756311633,20.5,21.5
3533.0,21.009949519239306,21.254864986325334,5.116870445036493,21.0,1,-0.25486498632533383,21.494547616796535,20.5,21.5
3534.0,21.026770903424467,21.347288362133167,5.115128053919134,21.0,0,-0.34728836213316683,22.271522120211497,20.5,21.5
3535.0,21.023588574854564,21.456167956930987,5.113385575126755,21.0,0,-0.45616795693098666,22.544963904909185,20.5,21.5
3536.0,21.02040653425462,21.51141018982961,5.111643009986328,21.0,0,-0.5114101898296113,22.063832518815857,20.5,21.5
3537.0,21.017224781549764,21.518285243494198,5.109900359824891,21.0,0,-0.5182852434941978,21.587035780140063,20.5,21.5
3538.0,21.01404331666542,21.533136806723714,5.108157625969551,21.0,0,-0.5331368067237143,21.68165243901888,20.5,21.5
3539.0,21.01086213952728,21.503982982932833,5.1064148097474735,21.0,0,-0.5039829829328326,21.212444745024015,20.5,21.5
3540.0,21.007681250061324,21.453355810861655,5.1046719124858875,21.0,0,-0.45335581086165533,20.947084090149882,20.5,21.5
3541.0,21.004500648193808,21.389080911739274,5.102928935512089,21.0,0,-0.38908091173927417,20.746331920515463,20.5,21.5
3542.0,21.00132033385127,21.365018744075275,5.101185880153427,21.0,0,-0.36501874407527524,21.124397067435286,20.5,21.5
3543.0,20.998140306960533,21.31950378731681,5.099442747737316,21.0,0,-0.3195037873168083,20.86435421973214,20.5,21.5
3544.0,20.99496056744869,21.389252990250522,5.097699539591227,21.0,0,-0.3892529902505224,22.086745019587664,20.5,21.5
3545.0,20.991781115243118,21.334005234647023,5.095956257042689,21.0,0,-0.33400523464702303,20.78152767861203,20.5,21.5
3546.0,20.988601950271477,21.41866528331916,5.094212901419285,21.0,0,-0.41866528331916086,22.26526577004054,20.5,21.5
3547.0,20.985423072461707,21.35198371203382,5.092469474048659,21.0,0,-0.35198371203382095,20.685167999180422,20.5,21.5
3548.0,20.982244481742025,21.3048639275939,5.090725976258508,21.0,0,-0.3048639275938996,20.833666083194686,20.5,21.5
3549.0,20.979066178040927,21.282987731767374,5.0889824093765785,21.0,0,-0.28298773176737413,21.06422577350212,20.5,21.5
3550.0,20.975888161287195,21.202723748545672,5.087238774730672,21.0,1,-0.20272374854567232,20.400083916328654,20.5,21.5
3551.0,20.992710431409883,21.123819269057645,5.085495073648644,21.0,1,-0.12381926905764473,20.33477447417737,20.5,21.5
3552.0,21.00952898833833,21.1558296464461,5.0837513074583995,21.0,1,-0.15582964644610087,21.475933420330662,20.5,21.5
3553.0,21.026343832802155,21.203475664944566,5.08200747748789,21.0,0,-0.20347566494456615,21.67993584992922,20.5,21.5
3554.0,21.02315496553109,21.18190154554093,5.08026358506512,21.0,0,-0.1819015455409314,20.966160351504584,20.5,21.5
3555.0,21.019966387255,21.247206047743628,5.078519631518138,21.0,0,-0.24720604774362798,21.900251069770594,20.5,21.5
3556.0,21.016778097903853,21.226499621315913,5.07677561817504,21.0,0,-0.22649962131591295,21.019435357038763,20.5,21.5
3557.0,21.013590097407906,21.217379062621053,5.075031546363969,21.0,0,-0.21737906262105255,21.12617347567245,20.5,21.5
3558.0,21.0104023856977,21.205072315103823,5.073287417413113,21.0,0,-0.2050723151038234,21.082004839931532,20.5,21.5
3559.0,21.00721496270404,21.183517637859616,5.071543232650699,21.0,0,-0.18351763785961595,20.96797086541754,20.5,21.5
3560.0,21.00402782835803,21.16897557302164,5.069798993405002,21.0,0,-0.16897557302164046,21.023554924641886,20.5,21.5
3561.0,21.00084098259104,21.21084064750525,5.0680547010043355,21.0,0,-0.21084064750525044,21.62949139234135,20.5,21.5
3562.0,20.997654425334723,21.29560857752236,5.066310356777053,21.0,0,-0.2956085775223585,22.14328787769344,20.5,21.5
3563.0,20.994468156521013,21.33203265294033,5.064565962051549,21.0,0,-0.332032652940331,21.696273407120056,20.5,21.5
3564.0,20.99128217608212,21.306535693601216,5.062821518156256,21.0,0,-0.3065356936012158,21.051566100210064,20.5,21.5
3565.0,20.988096483950535,21.489522103364973,5.061077026419646,21.0,0,-0.4895221033649726,23.31938620100254,20.5,21.5
3566.0,20.984911080059028,21.501308532753253,5.059332488170222,21.0,0,-0.5013085327532529,21.619172826636056,20.5,21.5
3567.0,20.98172596434065,21.432381909080014,5.057587904736527,21.0,0,-0.4323819090800143,20.743115672347628,20.5,21.5
3568.0,20.97854113672873,21.429217856665833,5.0558432774471385,21.0,0,-0.4292178566658329,21.39757733252402,20.5,21.5
3569.0,20.975356597156875,21.438355356157068,5.054098607630663,21.0,0,-0.4383553561570679,21.529730351069418,20.5,21.5
3570.0,20.97217234555897,21.28987369667147,5.052353896615746,21.0,1,-0.2898736966714708,19.8050571018155,20.5,21.5
3571.0,20.98898838186918,21.289946185312193,5.05060914573106,21.0,1,-0.28994618531219274,21.290671071719412,20.5,21.5
3572.0,21.005800706021954,21.32770441450085,5.048864356305307,21.0,0,-0.3277044145008503,21.705286706387426,20.5,21.5
3573.0,21.00260931875201,21.33966705397963,5.047119529667221,21.0,0,-0.33966705397962826,21.459293448767408,20.5,21.5
3574.0,20.999418220794194,21.34168391706728,5.045374667145563,21.0,0,-0.34168391706727874,21.361852547943784,20.5,21.5
3575.0,20.996227412083464,21.366876596203277,5.043629770069122,21.0,0,-0.3668765962032765,21.618803387563254,20.5,21.5
3576.0,20.99303689255506,21.362267847235515,5.041884839766714,21.0,0,-0.36226784723551475,21.316180357557897,20.5,21.5
3577.0,20.989846662144505,21.341709127591287,5.040139877567179,21.0,0,-0.3417091275912867,21.136121931149006,20.5,21.5
3578.0,20.98665672078759,21.30119246616934,5.03839488479938,21.0,0,-0.3011924661693399,20.896025851949872,20.5,21.5
3579.0,20.983467068420392,21.31647811103695,5.036649862792205,21.0,0,-0.31647811103695034,21.469334559713054,20.5,21.5
3580.0,20.980277704979265,21.258523249692438,5.034904812874567,21.0,0,-0.2585232496924377,20.67897463624731,20.5,21.5
3581.0,20.977088630400843,21.246598822967833,5.033159736375395,21.0,0,-0.2465988229678331,21.127354555721787,20.5,21.5
3582.0,20.97389984462204,21.231798956430623,5.031414634623642,21.0,0,-0.2317989564306231,21.083800291058523,20.5,21.5
3583.0,20.97071134758004,21.241002296421588,5.029669508948277,21.0,0,-0.24100229642158766,21.333035696331233,20.5,21.5
3584.0,20.967523139212314,21.221547983985737,5.02792436067829,21.0,0,-0.2215479839857366,21.027004859627226,20.5,21.5
3585.0,20.964335219456608,21.2177785936262,5.026179191142689,21.0,0,-0.21777859362619978,21.18008469003083,20.5,21.5
3586.0,20.961147588250945,21.270249462296192,5.024434001670494,21.0,0,-0.2702494622961922,21.794958148996116,20.5,21.5
3587.0,20.95796024553363,21.257381144566885,5.022688793590746,21.0,0,-0.2573811445668852,21.128697967273816,20.5,21.5
3588.0,20.95477319124324,21.208667756835872,5.020943568232492,21.0,0,-0.20866775683587235,20.721533879525744,20.5,21.5
3589.0,20.951586425318638,21.154259207450735,5.0191983269248,21.0,0,-0.1542592074507354,20.610173713599366,20.5,21.5
3590.0,20.94839994769896,21.17276730528214,5.017453070996748,21.0,0,-0.17276730528213946,21.35784828359618,20.5,21.5
3591.0,20.945213758323618,21.15731145336836,5.015707801777423,21.0,0,-0.1573114533683615,21.002752934230582,20.5,21.5
3592.0,20.94202785713231,21.204952401509107,5.013962520595922,21.0,0,-0.20495240150910732,21.681361882916566,20.5,21.5
3593.0,20.938842244065004,21.261161284567322,5.012217228781357,21.0,0,-0.2611612845673221,21.82325011514947,20.5,21.5
3594.0,20.935656919061948,21.242656355148657,5.01047192766284,21.0,0,-0.24265635514865735,21.05760706096201,20.5,21.5
3595.0,20.93247188206367,21.266457071591166,5.008726618569494,21.0,0,-0.26645707159116583,21.50446423601625,20.5,21.5
3596.0,20.92928713301097,21.2238274571442,5.0069813028304475,21.0,0,-0.22382745714419983,20.79753131267454,20.5,21.5
3597.0,20.926102671844934,21.227759031116513,5.0052359817748355,21.0,0,-0.22775903111651274,21.267074770839642,20.5,21.5
3598.0,20.92291849850692,21.16893191833457,5.003490656731797,21.0,0,-0.16893191833457166,20.58066079051516,20.5,21.5
3599.0,20.919734612938566,21.2313960203618,5.00174532903047,21.0,0,-0.23139602036179951,21.856037040634078,20.5,21.5
