t,T_true,T_meas,T_out,setpoint,heater,error,T_pred,lower,upper
0.0,18.0,18.171274671986243,5.0,21.0,1,2.828725328013757,18.171274671986243,20.5,21.5
1.0,18.08179626306446,18.437575874962327,5.00174532903047,21.0,0,2.5624241250376727,26.426611964244856,20.5,21.5
2.0,18.108035442440517,18.490956823169594,5.003490656731796,21.0,1,2.5090431768304065,20.09238526938758,20.5,21.5
3.0,18.109584760925085,18.47911594799213,5.005235981774836,21.0,1,2.520884052007869,18.12388969266826,20.5,21.5
4.0,18.050667370843307,18.40644995530018,5.0069813028304475,21.0,1,2.593550044699821,16.226470174541607,20.5,21.5
5.0,18.118072104612676,18.56305175739948,5.008726618569493,21.0,0,2.4369482426005185,23.261105820378564,20.5,21.5
6.0,18.082451764825876,18.52241053363609,5.010471927662839,21.0,1,2.4775894663639093,17.303173820734365,20.5,21.5
7.0,17.989463813948454,18.5686736801373,5.012217228781357,21.0,1,2.4313263198626984,19.956568075173628,20.5,21.5
8.0,18.06320870429467,18.54237830398622,5.013962520595923,21.0,1,2.4576216960137813,17.75351701945373,20.5,21.5
9.0,18.144693966410916,18.635643359482337,5.015707801777423,21.0,1,2.364356640517663,21.433595024365893,20.5,21.5
10.0,18.162323884819436,18.451135146265344,5.017453070996748,21.0,1,2.5488648537346563,12.915888749755538,20.5,21.5
11.0,18.24100637529773,18.433291915290933,5.0191983269248,21.0,1,2.5667080847090666,17.897994986058624,20.5,21.5
12.0,18.266581017171788,18.504117514863086,5.020943568232491,21.0,1,2.4958824851369137,20.628885502027675,20.5,21.5
13.0,18.333598078479593,18.619382771270374,5.022688793590745,21.0,0,2.3806172287296263,22.077340463488994,20.5,21.5
14.0,18.267855880776633,18.605578422285053,5.024434001670494,21.0,1,2.3944215777149473,18.191447952725422,20.5,21.5
15.0,18.25151923890146,18.705238453852363,5.026179191142689,21.0,0,2.2947615461476367,21.695039400871682,20.5,21.5
16.0,18.229234924763407,18.67852179760352,5.02792436067829,21.0,1,2.321478202396481,17.877022110138196,20.5,21.5
17.0,18.24822504980844,18.553513366166804,5.029669508948277,21.0,1,2.446486633833196,14.803260423065353,20.5,21.5
18.0,18.268348631797902,18.448656022745737,5.0314146346236415,21.0,1,2.5513439772542625,15.302935720113737,20.5,21.5
19.0,18.242593219894903,18.469698241625093,5.033159736375395,21.0,1,2.5303017583749075,19.100964808005745,20.5,21.5
20.0,18.309170150732992,18.481455755275626,5.034904812874567,21.0,1,2.5185442447243744,18.834181164791616,20.5,21.5
21.0,18.299361090614788,18.523599870744956,5.036649862792205,21.0,1,2.476400129255044,19.78792333482487,20.5,21.5
22.0,18.29367656130728,18.62626868669553,5.038394884799379,21.0,0,2.3737313133044715,21.7063331652127,20.5,21.5
23.0,18.31297549934985,18.696834608546197,5.040139877567178,21.0,0,2.3031653914538026,20.813812264066264,20.5,21.5
24.0,18.288398068594706,18.71633156817905,5.0418848397667135,21.0,1,2.2836684318209493,19.30124035716465,20.5,21.5
25.0,18.35339699054767,18.848518559217617,5.043629770069122,21.0,0,2.1514814407823835,22.81412829037459,20.5,21.5
26.0,18.338292101732026,18.88543038462819,5.045374667145563,21.0,1,2.11456961537181,19.992785146945398,20.5,21.5
27.0,18.362050678859525,18.760114375719624,5.047119529667221,21.0,1,2.239885624280376,15.000634108462641,20.5,21.5
28.0,18.42005137865073,18.744872468885468,5.048864356305306,21.0,1,2.255127531114532,18.287615263860793,20.5,21.5
29.0,18.404978880696493,18.673051967897386,5.050609145731059,21.0,1,2.3269480321026137,16.51843693825493,20.5,21.5
30.0,18.408664418260035,18.55913778470217,5.052353896615746,21.0,1,2.4408622152978303,15.141712288845671,20.5,21.5
31.0,18.487722036008787,18.61573031333638,5.054098607630664,21.0,1,2.3842696866636217,20.313506172362636,20.5,21.5
32.0,18.497597434702637,18.60070874252697,5.055843277447138,21.0,1,2.399291257473031,18.150061618244685,20.5,21.5
33.0,18.499729516856174,18.69033857504542,5.057587904736527,21.0,1,2.30966142495458,21.37923355059895,20.5,21.5
34.0,18.559557203014904,18.906981366988248,5.059332488170221,21.0,0,2.093018633011752,25.406265125273087,20.5,21.5
35.0,18.541994028289974,18.91965698096696,5.061077026419645,21.0,1,2.080343019033041,19.299925400328295,20.5,21.5
36.0,18.577298870386652,19.06248042291984,5.062821518156257,21.0,0,1.9375195770801596,23.34718368150628,20.5,21.5
37.0,18.617365307455202,19.269010170641184,5.064565962051549,21.0,0,1.7309898293588155,25.46490260228151,20.5,21.5
38.0,18.530365513667686,19.02630422643157,5.066310356777053,21.0,1,1.97369577356843,11.745125900143137,20.5,21.5
39.0,18.51535286584096,18.881422836808724,5.068054701004335,21.0,1,2.1185771631912758,14.53498114812335,20.5,21.5
40.0,18.49050285141102,18.91363830849831,5.069798993405002,21.0,1,2.08636169150169,19.88010245918589,20.5,21.5
41.0,18.547184535698936,18.731122147289252,5.071543232650699,21.0,1,2.268877852710748,13.255637311017505,20.5,21.5
42.0,18.60493849256346,18.611654729316562,5.073287417413113,21.0,1,2.3883452706834376,15.027632190135876,20.5,21.5
43.0,18.637957336961172,18.841991396701285,5.075031546363969,21.0,0,2.1580086032987147,25.752091418242973,20.5,21.5
44.0,18.735306310893186,18.868171275562293,5.07677561817504,21.0,1,2.1318287244377068,19.65356764139253,20.5,21.5
45.0,18.82325614446013,18.85651917567563,5.078519631518137,21.0,1,2.143480824324371,18.506956179075708,20.5,21.5
46.0,18.926501670941406,18.874266982939037,5.080263585065119,21.0,1,2.1257330170609627,19.40670120084128,20.5,21.5
47.0,18.947424399226446,19.047651916928523,5.08200747748789,21.0,0,1.9523480830714774,24.24919993661308,20.5,21.5
48.0,18.994501248425493,19.07548637609161,5.0837513074583995,21.0,1,1.924513623908389,19.91052015098426,20.5,21.5
49.0,19.02909273074005,19.127067942611113,5.085495073648644,21.0,1,1.872932057388887,20.674514938196175,20.5,21.5
50.0,19.066840414950658,19.24281363282703,5.087238774730672,21.0,0,1.7571863671729702,22.715184339304535,20.5,21.5
51.0,19.142244480475163,19.351077756743237,5.088982409376578,21.0,0,1.648922243256763,22.599001474229453,20.5,21.5
52.0,19.144444572557514,19.23337325496164,5.090725976258508,21.0,1,1.7666267450383586,15.702238201513772,20.5,21.5
53.0,19.185460254404905,19.27213463657929,5.09246947404866,21.0,1,1.7278653634207117,20.434976085108694,20.5,21.5
54.0,19.198181653563587,19.383192877712887,5.094212901419286,21.0,0,1.6168071222871134,22.714940111720836,20.5,21.5
55.0,19.198072036954546,19.383322243881686,5.095956257042688,21.0,1,1.6166777561183139,19.387203228945673,20.5,21.5
56.0,19.17647464330321,19.470468017890685,5.097699539591226,21.0,0,1.5295319821093152,22.084841238160646,20.5,21.5
57.0,19.21390010284621,19.591953167536197,5.099442747737315,21.0,0,1.4080468324638034,23.23650765690155,20.5,21.5
58.0,19.13665680133845,19.65098866951242,5.101185880153427,21.0,0,1.3490113304875813,21.42205372879908,20.5,21.5
59.0,19.098543342849872,19.572121830715275,5.102928935512088,21.0,1,1.4278781692847247,17.206116666800973,20.5,21.5
60.0,19.16576955753624,19.542688007159427,5.1046719124858875,21.0,1,1.4573119928405731,18.659673300483973,20.5,21.5
61.0,19.256103467464474,19.63355705967643,5.106414809747473,21.0,0,1.3664429403235694,22.359628635186542,20.5,21.5
62.0,19.22869581898972,19.616036276363797,5.10815762596955,21.0,1,1.383963723636203,19.090412776984788,20.5,21.5
63.0,19.20833190895782,19.53068326709137,5.109900359824891,21.0,1,1.4693167329086307,16.970092988918537,20.5,21.5
64.0,19.27949250611995,19.57066147484942,5.111643009986327,21.0,1,1.4293385251505804,20.77000770759093,20.5,21.5
65.0,19.37249903139285,19.69860377127967,5.113385575126755,21.0,0,1.3013962287203285,23.53687266418723,20.5,21.5
66.0,19.412119641670937,19.594201720432594,5.115128053919134,21.0,1,1.4057982795674064,16.462140195020254,20.5,21.5
67.0,19.436771087926207,19.544381288267573,5.116870445036493,21.0,1,1.455618711732427,18.049768323316954,20.5,21.5
68.0,19.477096095557933,19.58851172829476,5.118612747151923,21.0,1,1.4114882717052417,20.91242492911032,20.5,21.5
69.0,19.453757491651963,19.705110669627782,5.120354958938587,21.0,0,1.294889330372218,23.203078909618494,20.5,21.5
70.0,19.533724832733146,19.744632401285557,5.122097079069714,21.0,0,1.255367598714443,20.930284351018805,20.5,21.5
71.0,19.55282720056993,19.843151454902134,5.123839106218604,21.0,0,1.1568485450978656,22.798723063399457,20.5,21.5
72.0,19.681388731294817,19.984969962284037,5.125581039058627,21.0,0,1.0150300377159631,24.23952518374111,20.5,21.5
73.0,19.713412361099,20.107272032394267,5.127322876263226,21.0,0,0.8927279676057331,23.776334135701166,20.5,21.5
74.0,19.691804349899684,20.109770667983952,5.129064616505916,21.0,1,0.8902293320160481,20.1847297356745,20.5,21.5
75.0,19.64030234147574,20.169913718090324,5.130806258460286,21.0,0,0.8300862819096757,21.974205221281498,20.5,21.5
76.0,19.614497375742346,20.211960957166177,5.1325478008,21.0,0,0.7880390428338231,21.473378129441755,20.5,21.5
77.0,19.672615003307747,20.21655624160109,5.134289242198798,21.0,1,0.78344375839891,20.354414774648482,20.5,21.5
78.0,19.63140298925589,20.26393141036375,5.1360305813304965,21.0,0,0.7360685896362504,21.685186473243537,20.5,21.5
79.0,19.630105226792438,20.080237401570102,5.137771816868989,21.0,1,0.919762598429898,14.569417137760674,20.5,21.5
80.0,19.607127481581973,19.99227269302228,5.13951294748825,21.0,1,1.0077273069777206,17.353331436587602,20.5,21.5
81.0,19.631297614875766,19.897061377190266,5.141253971862334,21.0,1,1.1029386228097344,17.04072190222985,20.5,21.5
82.0,19.534640990558017,19.92928061858789,5.142994888665372,21.0,1,1.0707193814121112,20.895857860516585,20.5,21.5
83.0,19.510883294987654,19.781562816444332,5.1447356965715825,21.0,1,1.2184371835556682,15.350028752137622,20.5,21.5
84.0,19.53537880313061,19.926776696709226,5.146476394255263,21.0,0,1.0732233032907743,24.283193104656043,20.5,21.5
85.0,19.60884870940554,19.865744472692295,5.1482169803907984,21.0,1,1.1342555273077046,18.034777752184386,20.5,21.5
86.0,19.487708471741943,19.88025009538341,5.149957453652656,21.0,1,1.1197499046165902,20.315418776116843,20.5,21.5
87.0,19.513116497924052,19.905286919595955,5.151697812715388,21.0,1,1.0947130804040448,20.656391645972317,20.5,21.5
88.0,19.44088362093128,19.839035491450023,5.153438056253638,21.0,1,1.1609645085499771,17.851492647072053,20.5,21.5
89.0,19.476591486484256,19.710921558451947,5.155178182942132,21.0,1,1.2890784415480532,15.867503568509665,20.5,21.5
90.0,19.599286722808923,19.739733172111357,5.15691819145569,21.0,1,1.2602668278886426,20.604081581893674,20.5,21.5
91.0,19.645033269134846,19.641850817323924,5.158658080469219,21.0,1,1.358149182676076,16.70538017370092,20.5,21.5
92.0,19.688886292767815,19.633434445638056,5.160397848657718,21.0,1,1.3665655543619444,19.380943295062007,20.5,21.5
93.0,19.722719593069375,19.79723733579634,5.162137494696277,21.0,0,1.2027626642036608,24.711324040544845,20.5,21.5
94.0,19.715491960821915,19.926997354965042,5.163877017260082,21.0,0,1.0730026450349577,23.819797930026137,20.5,21.5
95.0,19.614696402813713,19.939149074025703,5.165616415024409,21.0,1,1.0608509259742966,20.303700645845534,20.5,21.5
96.0,19.60877673026881,20.062419360693788,5.167355686664631,21.0,0,0.937580639306212,23.760527960736326,20.5,21.5
97.0,19.58687614951487,19.96846553063138,5.169094830856218,21.0,1,1.0315344693686193,17.149850628759165,20.5,21.5
98.0,19.57025430649181,19.955034013349767,5.170833846274735,21.0,1,1.044965986650233,19.552088494901355,20.5,21.5
99.0,19.534846467858884,19.883886472758235,5.172572731595847,21.0,1,1.1161135272417653,17.749460255012266,20.5,21.5
100.0,19.600826332648683,19.896361858741578,5.174311485495316,21.0,1,1.103638141258422,20.270623438241877,20.5,21.5
101.0,19.580149260359814,19.871237304458553,5.176050106649007,21.0,1,1.1287626955414467,19.11750067596781,20.5,21.5
102.0,19.579148477536886,19.80313460434398,5.177788593732883,21.0,1,1.196865395656019,17.760053600906815,20.5,21.5
103.0,19.532279912852953,19.778664834199496,5.179526945423011,21.0,1,1.2213351658005038,19.04457172986495,20.5,21.5
104.0,19.570804691890572,19.935530682735553,5.181265160395561,21.0,0,1.0644693172644466,24.64150613881727,20.5,21.5
105.0,19.503401601430696,19.92423805628993,5.183003237326805,21.0,1,1.07576194371007,19.585459262921226,20.5,21.5
106.0,19.58834806987404,19.91277019575039,5.184741174893123,21.0,1,1.0872298042496098,19.568734379564198,20.5,21.5
107.0,19.693531546109742,20.050036459638413,5.186478971771001,21.0,0,0.9499635403615869,24.1680243762791,20.5,21.5
108.0,19.671123480327893,19.95715810328736,5.188216626637028,21.0,1,1.0428418967126412,17.17080741275573,20.5,21.5
109.0,19.646040629227837,19.76081354635307,5.189954138167908,21.0,1,1.23918645364693,13.870476838324407,20.5,21.5
110.0,19.667794010723068,19.649004537825583,5.191691505040448,21.0,1,1.3509954621744171,16.294734282000967,20.5,21.5
111.0,19.704353729438914,19.507904135896343,5.193428725931568,21.0,1,1.492095864103657,15.274892078019146,20.5,21.5
112.0,19.77692964904775,19.510696200797717,5.195165799518299,21.0,1,1.4893037992022826,19.59445814783895,20.5,21.5
113.0,19.874844872141054,19.529618952797914,5.196902724477783,21.0,1,1.4703810472020855,20.097301512803828,20.5,21.5
114.0,19.87630486564326,19.670434844491112,5.198639499487278,21.0,0,1.329565155508888,23.894911595287034,20.5,21.5
115.0,19.858225738045597,19.94016495640913,5.200376123224153,21.0,0,1.0598350435908692,28.032068313949697,20.5,21.5
116.0,19.917459279904037,20.25824641599183,5.202112594365893,21.0,0,0.741753584008169,29.800690203472836,20.5,21.5
117.0,19.87581208668931,20.15733615587453,5.2038489115901,21.0,1,0.8426638441254717,17.13002835235545,20.5,21.5
118.0,19.947958533526016,20.298548839612085,5.205585073574493,21.0,0,0.701451160387915,24.534929351738786,20.5,21.5
119.0,19.989178764410614,20.372974264120106,5.207321078996911,21.0,0,0.6270257358798936,22.605736999360747,20.5,21.5
120.0,20.001595603643402,20.394562951694706,5.209056926535307,21.0,0,0.6054370483052942,21.04222357893269,20.5,21.5
121.0,20.092587815139158,20.324899096395658,5.21079261486776,21.0,1,0.675100903604342,18.234983437424223,20.5,21.5
122.0,20.08118176254678,20.365466538015646,5.212528142672467,21.0,0,0.6345334619843541,21.582489786615284,20.5,21.5
123.0,20.066893857818833,20.32586351930537,5.214263508627747,21.0,1,0.6741364806946315,19.137772957997047,20.5,21.5
124.0,20.08493418395527,20.228008998190738,5.215998711412046,21.0,1,0.771991001809262,17.292373364751825,20.5,21.5
125.0,20.188590603669773,20.24626625255783,5.217733749703929,21.0,1,0.753733747442169,20.79398388357062,20.5,21.5
126.0,20.22285880871697,20.220899363595784,5.219468622182091,21.0,1,0.7791006364042161,19.45989269473437,20.5,21.5
127.0,20.074944062404676,20.30728229511778,5.221203327525349,21.0,0,0.6927177048822202,22.898770240777658,20.5,21.5
128.0,20.132624039848007,20.389217917830756,5.222937864412651,21.0,0,0.6107820821692442,22.847286599220034,20.5,21.5
129.0,20.11437172483762,20.387267972158448,5.224672231523071,21.0,1,0.6127320278415525,20.3287696019892,20.5,21.5
130.0,20.072618473773204,20.356519942005697,5.226406427535814,21.0,1,0.643480057994303,19.43407903742318,20.5,21.5
131.0,20.017651930813575,20.371426304972587,5.228140451130212,21.0,1,0.6285736950274128,20.818617193979293,20.5,21.5
132.0,20.050977023268878,20.32936711541157,5.229874300985733,21.0,1,0.6706328845884286,19.067591428581096,20.5,21.5
133.0,19.996226022868058,20.489259884980303,5.231607975781974,21.0,0,0.5107401150196971,25.28604297204225,20.5,21.5
134.0,19.990779549825746,20.624612025702472,5.233341474198666,21.0,0,0.3753879742975279,24.685176247367547,20.5,21.5
135.0,20.065669863901334,20.56577647395194,5.2350747949156755,21.0,1,0.43422352604806136,18.800709921435935,20.5,21.5
136.0,20.109194503470093,20.601386728634303,5.236807936613002,21.0,0,0.39861327136569713,21.66969436910523,20.5,21.5
137.0,20.153290740985053,20.622911125523437,5.2385408979707835,21.0,0,0.3770888744765628,21.268643032197467,20.5,21.5
138.0,20.133224317346226,20.482060523450233,5.240273677669294,21.0,1,0.5179394765497669,16.25654246125411,20.5,21.5
139.0,20.20617868294187,20.5321363682311,5.242006274388947,21.0,0,0.4678636317688998,22.034411711657114,20.5,21.5
140.0,20.193335292161347,20.518234968654145,5.243738686810295,21.0,1,0.481765031345855,20.101192981345488,20.5,21.5
141.0,20.19670105161639,20.52656652831475,5.24547091361403,21.0,1,0.47343347168525085,20.776513318132874,20.5,21.5
142.0,20.213392527308287,20.64633613877584,5.247202953480985,21.0,0,0.3536638612241596,24.239424452608578,20.5,21.5
143.0,20.176542771384494,20.59667421075732,5.248934805092138,21.0,1,0.4033257892426789,19.10681637020174,20.5,21.5
144.0,20.166627032505243,20.493111718054557,5.2506664671286085,21.0,1,0.506888281945443,17.386236936971635,20.5,21.5
145.0,20.165425288813374,20.571194431620107,5.25239793827166,21.0,0,0.42880556837989303,22.913675838586606,20.5,21.5
146.0,20.189085309010505,20.48169410563966,5.254129217202701,21.0,1,0.5183058943603385,17.7966843262263,20.5,21.5
147.0,20.1945096203055,20.470125119327143,5.255860302603288,21.0,1,0.5298748806728568,20.123055529951593,20.5,21.5
148.0,20.197510999905532,20.460614017672548,5.257591193155125,21.0,1,0.5393859823274525,20.175280968034677,20.5,21.5
149.0,20.30273228751501,20.43072603197986,5.259321887540064,21.0,1,0.5692739680201413,19.534086461199195,20.5,21.5
150.0,20.305140130257673,20.409664800375232,5.261052384440103,21.0,1,0.5903351996247679,19.777827852236435,20.5,21.5
151.0,20.33676374242734,20.38099065475588,5.262782682537396,21.0,1,0.6190093452441197,19.520766286175327,20.5,21.5
152.0,20.353630410177747,20.38118977937691,5.264512780514245,21.0,1,0.6188102206230894,20.387163518007817,20.5,21.5
153.0,20.31548880866921,20.55841772859082,5.266242677053104,21.0,0,0.4415822714091817,25.87525620500805,20.5,21.5
154.0,20.235133694791653,20.613818134853176,5.267972370836584,21.0,0,0.38618186514682407,22.275830322723905,20.5,21.5
155.0,20.30427058342646,20.673621007945478,5.269701860547446,21.0,0,0.32637899205452214,22.467707200714536,20.5,21.5
156.0,20.297450155165716,20.919974012505104,5.271431144868608,21.0,0,0.08002598749489565,28.3105641492939,20.5,21.5
157.0,20.398262999441922,20.928311327008657,5.273160222483147,21.0,0,0.07168867299134263,21.178430762115248,20.5,21.5
158.0,20.407302437854668,20.797890435951942,5.274889092074293,21.0,1,0.20210956404805813,16.885263704250477,20.5,21.5
159.0,20.43352286094117,20.89373183642756,5.276617752325438,21.0,0,0.10626816357244095,23.768973850696074,20.5,21.5
160.0,20.409554755513,20.701530657459823,5.278346201920131,21.0,1,0.29846934254017654,14.935495288427756,20.5,21.5
161.0,20.503529053848997,20.533288387015507,5.280074439542083,21.0,1,0.4667116129844935,15.486020273685998,20.5,21.5
162.0,20.537365722276302,20.53325579890889,5.281802463875166,21.0,1,0.46674420109111026,20.532278155710387,20.5,21.5
163.0,20.587173083197207,20.54895204407605,5.283530273603413,21.0,1,0.45104795592395064,21.019839399090838,20.5,21.5
164.0,20.5969853830274,20.46883626342055,5.2852578674110235,21.0,1,0.531163736579451,18.065362843755537,20.5,21.5
165.0,20.558666456870828,20.702296466779792,5.286985243982358,21.0,0,0.2977035332202078,27.70610256755709,20.5,21.5
166.0,20.624832715596558,20.722798745318563,5.288712402001947,21.0,0,0.27720125468143664,21.3378671014817,20.5,21.5
167.0,20.5870804122803,20.862473064030162,5.290439340154481,21.0,0,0.1375269359698379,25.052702625378124,20.5,21.5
168.0,20.55980971635184,20.8977234369627,5.292166057124823,21.0,0,0.10227656303730015,21.955234624938832,20.5,21.5
169.0,20.56513050319153,20.924116593354665,5.293892551598003,21.0,0,0.07588340664533533,21.71591128511361,20.5,21.5
170.0,20.516470676015853,20.876382576775008,5.295618822259221,21.0,1,0.12361742322499225,19.4443620793853,20.5,21.5
171.0,20.57032718011087,21.03853441607592,5.297344867793846,21.0,0,-0.0385344160759189,25.903089595103253,20.5,21.5
172.0,20.614759337653716,20.95351305076753,5.299070686887419,21.0,1,0.04648694923247021,18.402872091515857,20.5,21.5
173.0,20.60513984973593,20.97578323070529,5.300796278225654,21.0,0,0.024216769294710616,21.643888628838077,20.5,21.5
174.0,20.485825790776243,21.007633169649658,5.302521640494438,21.0,0,-0.0076331696496581,21.96313133798072,20.5,21.5
175.0,20.42403410391563,21.05442275368039,5.304246772379833,21.0,0,-0.05442275368039162,22.458110274602397,20.5,21.5
176.0,20.36320513772029,20.964580967837065,5.305971672568076,21.0,1,0.03541903216293463,18.269327392537278,20.5,21.5
177.0,20.332674463203382,20.79363182053169,5.30769633974558,21.0,1,0.20636817946830988,15.665157401370433,20.5,21.5
178.0,20.32073371324047,20.83849702458343,5.309420772598936,21.0,0,0.1615029754165711,22.184453146135592,20.5,21.5
179.0,20.2857856126098,20.57409259816014,5.311144969814913,21.0,1,0.4259074018398614,12.641959805461429,20.5,21.5
180.0,20.26931788913527,20.473050214066085,5.3128689300804615,21.0,1,0.5269497859339154,17.441778691244465,20.5,21.5
181.0,20.297797041082948,20.424611767431017,5.314592652082709,21.0,1,0.575388232568983,18.97145836837899,20.5,21.5
182.0,20.304220893317332,20.459004234531566,5.316316134508967,21.0,1,0.5409957654684341,21.490778247548032,20.5,21.5
183.0,20.369243712754024,20.400176044824345,5.318039376046729,21.0,1,0.5998239551756548,18.635330353607724,20.5,21.5
184.0,20.443779758664007,20.661594516793595,5.31976237538367,21.0,0,0.3384054832064045,28.504148675871104,20.5,21.5
185.0,20.467520115901124,20.60410363406207,5.321485131207652,21.0,1,0.3958963659379293,18.879377152116326,20.5,21.5
186.0,20.572613013024437,20.54274556058117,5.3232076422067225,21.0,1,0.45725443941882915,18.702003356154176,20.5,21.5
187.0,20.54040260440022,20.51976634160615,5.324929907069113,21.0,1,0.4802336583938498,19.83038977235553,20.5,21.5
188.0,20.57546337363671,20.57500478118725,5.326651924483245,21.0,0,0.42499521881275015,22.23215796862024,20.5,21.5
189.0,20.650372303347623,20.62502188958096,5.328373693137726,21.0,0,0.3749781104190397,22.125535141392273,20.5,21.5
190.0,20.60097746379236,20.811039945363145,5.330095211721355,21.0,0,0.18896005463685484,26.391581618828692,20.5,21.5
191.0,20.633600243020066,20.885658191730084,5.3318164789231215,21.0,0,0.11434180826991636,23.124205582738238,20.5,21.5
192.0,20.676172222314445,21.05891775412314,5.333537493432204,21.0,0,-0.05891775412314004,26.256704625914832,20.5,21.5
193.0,20.603598561991795,21.054544340615053,5.335258253937977,21.0,0,-0.05454434061505253,20.923341935372427,20.5,21.5
194.0,20.56694118986972,20.96258714915977,5.336978759130005,21.0,1,0.03741285084023005,18.203871405501292,20.5,21.5
195.0,20.64134015737517,21.01243796527982,5.338699007698049,21.0,0,-0.012437965279818997,22.50796244888129,20.5,21.5
196.0,20.54843056693898,21.135955896264058,5.340418998332065,21.0,0,-0.13595589626405769,24.84149382579122,20.5,21.5
197.0,20.636958443098276,21.200057630363375,5.342138729722205,21.0,0,-0.20005763036337498,23.123109653342894,20.5,21.5
198.0,20.688596860532492,21.214944720884485,5.343858200558819,21.0,0,-0.21494472088448546,21.6615574365178,20.5,21.5
199.0,20.736036164773566,21.263460619075563,5.3455774095324555,21.0,0,-0.2634606190755626,22.718937564807877,20.5,21.5
200.0,20.597859589277807,21.21246262799626,5.347296355333861,21.0,1,-0.2124626279962598,19.682522895617176,20.5,21.5
201.0,20.652435502386336,21.093538644674787,5.349015036653984,21.0,1,-0.09353864467478701,17.525819145030603,20.5,21.5
202.0,20.591202456576244,20.967885060281098,5.350733452183974,21.0,1,0.03211493971890178,17.198277528470435,20.5,21.5
203.0,20.65097159610682,20.92831093217693,5.352451600615184,21.0,1,0.07168906782306905,19.741087089051913,20.5,21.5
204.0,20.551040214110202,21.019817646900457,5.354169480639166,21.0,0,-0.01981764690045651,23.765019088606223,20.5,21.5
205.0,20.641896626680385,20.921869237243286,5.355887090947683,21.0,1,0.07813076275671449,17.983416947528156,20.5,21.5
206.0,20.667407676467516,20.8925191445665,5.3576044302326995,21.0,1,0.10748085543350072,20.012016364262912,20.5,21.5
207.0,20.715812466685307,20.886553498659957,5.359321497186385,21.0,1,0.11344650134004297,20.70758412146369,20.5,21.5
208.0,20.752933125800713,21.093478773743225,5.36103829050112,21.0,0,-0.09347877374322522,27.30123702624127,20.5,21.5
209.0,20.735815149669463,21.09388168750103,5.362754808869491,21.0,0,-0.09388168750103176,21.105969100235228,20.5,21.5
210.0,20.781927736098652,21.144356802399496,5.364471050984295,21.0,0,-0.14435680239949633,22.658610249353433,20.5,21.5
211.0,20.77937826464857,21.25343009568112,5.3661870155385385,21.0,0,-0.2534300956811215,24.525628894129877,20.5,21.5
212.0,20.82525158180824,21.223053468768178,5.36790270122544,21.0,1,-0.22305346876817822,20.31175466137988,20.5,21.5
213.0,20.78252278264992,21.103295872846335,5.3696181067384305,21.0,1,-0.1032958728463349,17.510567995191035,20.5,21.5
214.0,20.778803065820696,21.035471265374305,5.371333230771154,21.0,1,-0.035471265374305005,19.000733041213408,20.5,21.5
215.0,20.822683230446216,21.04176540350283,5.373048072017469,21.0,1,-0.0417654035028292,21.230589547358555,20.5,21.5
216.0,20.891502009166654,21.035974188447092,5.37476262917145,21.0,1,-0.035974188447092104,20.86223773677498,20.5,21.5
217.0,20.91374130849781,21.242243516219812,5.3764769009273845,21.0,0,-0.242243516219812,27.43032334940141,20.5,21.5
218.0,20.872445546729967,21.262555546412354,5.378190885979783,21.0,0,-0.26255554641235435,21.871916452188625,20.5,21.5
219.0,20.764239567946,21.32648892782396,5.379904583023369,21.0,0,-0.32648892782395933,23.24449037017211,20.5,21.5
220.0,20.67320880306114,21.28616336212725,5.38161799075309,21.0,1,-0.286163362127251,20.076396391226,20.5,21.5
221.0,20.68406623075728,21.27396605212828,5.383331107864109,21.0,1,-0.27396605212828007,20.90804675215915,20.5,21.5
222.0,20.735437422168964,21.225097066644388,5.385043933051815,21.0,1,-0.22509706664438767,19.759027502127616,20.5,21.5
223.0,20.737845628285704,21.229657715038066,5.386756465011816,21.0,1,-0.22965771503806565,21.366477166848405,20.5,21.5
224.0,20.72771332335983,21.049814884300403,5.388468702439944,21.0,1,-0.04981488430040315,15.654529962170528,20.5,21.5
225.0,20.80752999624692,21.006323300985212,5.390180644032257,21.0,1,-0.006323300985211944,19.701575801529476,20.5,21.5
226.0,20.71796975106065,20.854555619167904,5.391892288485035,21.0,1,0.145444380832096,16.301525164648666,20.5,21.5
227.0,20.793540946414712,20.697303565726816,5.393603634494789,21.0,1,0.3026964342731837,15.979741962494185,20.5,21.5
228.0,20.829290424051507,20.62914273725504,5.395314680758252,21.0,1,0.3708572627449591,18.58431788310178,20.5,21.5
229.0,20.891691908268758,20.768271384904928,5.39702542597239,21.0,0,0.23172861509507214,24.942130814401537,20.5,21.5
230.0,20.85155640927834,21.083422102535167,5.398735868834394,21.0,0,-0.08342210253516669,30.53794363144233,20.5,21.5
231.0,20.741865031929393,21.223144808709357,5.40044600804169,21.0,0,-0.22314480870935682,25.41482599393506,20.5,21.5
232.0,20.703976213969675,21.374563906638176,5.402155842291929,21.0,0,-0.3745639066381763,25.91713684450276,20.5,21.5
233.0,20.65596268910273,21.306091749753964,5.403865370283001,21.0,1,-0.30609174975396414,19.2519270432276,20.5,21.5
234.0,20.69550950220027,21.291683448249955,5.405574590713025,21.0,1,-0.2916834482499553,20.85943440312969,20.5,21.5
235.0,20.734043603209088,21.15825344785509,5.407283502280355,21.0,1,-0.15825344785508833,17.15535343600908,20.5,21.5
236.0,20.707939865025374,21.318875872296147,5.40899210368358,21.0,0,-0.31887587229614667,26.137548605527897,20.5,21.5
237.0,20.67311049989502,21.15677205837607,5.410700393621528,21.0,1,-0.15677205837607033,16.29365764077378,20.5,21.5
238.0,20.726498109837948,21.242393424462797,5.412408370793259,21.0,0,-0.2423934244627972,23.811034407064604,20.5,21.5
239.0,20.708979605743043,21.243793161544424,5.414116033898076,21.0,0,-0.2437931615444242,21.285785273993234,20.5,21.5
240.0,20.69767747269306,21.082930449749508,5.415823381635518,21.0,1,-0.08293044974950803,16.257049095902023,20.5,21.5
241.0,20.597763534854717,20.83927135429993,5.417530412705367,21.0,1,0.16072864570006828,13.529498490812642,20.5,21.5
242.0,20.700799204962394,20.819184851779767,5.419237125807643,21.0,1,0.18081514822023337,20.216589776174814,20.5,21.5
243.0,20.725998757761136,20.808113948687986,5.420943519642611,21.0,1,0.19188605131201442,20.475986855934554,20.5,21.5
244.0,20.678869661767205,20.748819338865395,5.422649592910777,21.0,1,0.2511806611346046,18.96998104418769,20.5,21.5
245.0,20.636347187697037,20.645028258548827,5.424355344312892,21.0,1,0.3549717414511733,17.531295849051766,20.5,21.5
246.0,20.68717955399988,20.817958744324592,5.4260607725499534,21.0,0,0.18204125567540785,26.005873317597555,20.5,21.5
247.0,20.7261620746718,20.888950924191334,5.4277658763232015,21.0,0,0.11104907580866552,23.018716320193604,20.5,21.5
248.0,20.789887771392937,20.856842857658016,5.429470654334127,21.0,1,0.14315714234198396,19.893600861658463,20.5,21.5
249.0,20.81073522608631,20.951266340444292,5.431175105284466,21.0,0,0.048733659555708186,23.783970824032565,20.5,21.5
250.0,20.77265614900568,21.205776219976908,5.432879227876206,21.0,0,-0.20577621997690798,28.841072605955393,20.5,21.5
251.0,20.725471007607656,21.111195757257114,5.434583020811583,21.0,1,-0.11119575725711428,18.273781875663303,20.5,21.5
252.0,20.800099299315413,21.24835454864427,5.4362864827930855,21.0,0,-0.24835454864426865,25.3631182902589,20.5,21.5
253.0,20.844624623647974,21.248804494540813,5.4379896125234515,21.0,0,-0.24880449454081344,21.262302871437157,20.5,21.5
254.0,20.783198648746126,21.163918423335243,5.439692408705675,21.0,1,-0.1639184233352431,18.617336287168133,20.5,21.5
255.0,20.79136147088073,21.13918610491608,5.441394870043002,21.0,1,-0.13918610491608163,20.397216552341238,20.5,21.5
256.0,20.8250074011003,21.14374798121675,5.4430969952389345,21.0,1,-0.1437479812167517,21.280604270236854,20.5,21.5
257.0,20.77333460993694,20.96571758986832,5.44479878299723,21.0,1,0.03428241013168076,15.624805849415345,20.5,21.5
258.0,20.899515090231876,20.995393783868984,5.4465002320219025,21.0,0,0.004606216131016083,21.885679603888924,20.5,21.5
259.0,20.89917363442551,21.08964593331058,5.448201341017225,21.0,0,-0.08964593331058168,23.917210416558515,20.5,21.5
260.0,20.932196506491664,21.07265933658353,5.44990210868773,21.0,0,-0.07265933658353063,20.563061434772,20.5,21.5
261.0,20.93035195708163,21.11941631232549,5.451602533738208,21.0,0,-0.11941631232549099,22.522125584584302,20.5,21.5
262.0,20.931467260170564,21.232275284815348,5.45330261487371,21.0,0,-0.23227528481534776,24.61804445951105,20.5,21.5
263.0,20.992963586811637,21.272450701681784,5.455002350799552,21.0,0,-0.27245070168178387,22.477713207674867,20.5,21.5
264.0,20.984956392278765,21.317552486905793,5.456701740221312,21.0,0,-0.3175524869057931,22.67060604362607,20.5,21.5
265.0,21.006419779575864,21.156371509851564,5.458400781844828,21.0,1,-0.15637150985156367,16.32094219822468,20.5,21.5
266.0,20.99343186195952,21.09340317457049,5.460099474376209,21.0,1,-0.09340317457048997,19.20435311613828,20.5,21.5
267.0,21.045879516902218,20.95886174367758,5.461797816521825,21.0,1,0.04113825632241941,16.9226188168903,20.5,21.5
268.0,21.105488391815797,20.980504740617167,5.463495806988314,21.0,0,0.019495259382832586,21.629794648804772,20.5,21.5
269.0,21.01379852077341,20.94520798069861,5.465193444482585,21.0,1,0.05479201930139155,19.88630518314184,20.5,21.5
270.0,21.03507149800897,21.070470857457842,5.466890727711811,21.0,0,-0.07047085745784187,24.828357160234845,20.5,21.5
271.0,21.021185283405043,21.1292087450582,5.468587655383438,21.0,0,-0.12920874505820024,22.89134537306895,20.5,21.5
272.0,21.091415833295926,21.281582601233424,5.47028422620518,21.0,0,-0.28158260123342416,25.852798286490142,20.5,21.5
273.0,21.151261464663307,21.39724982077683,5.471980438885026,21.0,0,-0.39724982077682824,24.86726640707895,20.5,21.5
274.0,21.130591258178452,21.26466408744988,5.473676292131238,21.0,1,-0.26466408744988,17.287092087641433,20.5,21.5
275.0,21.077571613757993,21.273883800661146,5.475371784652346,21.0,0,-0.2738838006611459,21.550475196999123,20.5,21.5
276.0,21.11785310204993,21.34189199790107,5.477066915157161,21.0,0,-0.34189199790106883,23.382137915098756,20.5,21.5
277.0,21.07290345175025,21.42676409127211,5.478761682354769,21.0,0,-0.42676409127210846,23.972926892403297,20.5,21.5
278.0,21.09895505689824,21.424703703863223,5.480456084954527,21.0,0,-0.42470370386322287,21.362892081596655,20.5,21.5
279.0,21.138746409946286,21.491818537219988,5.482150121666077,21.0,0,-0.4918185372199879,23.50526353792294,20.5,21.5
280.0,21.19374331981519,21.506548690264705,5.483843791199336,21.0,0,-0.5065486902647045,21.948453281606202,20.5,21.5
281.0,21.19352675795814,21.430802706666483,5.485537092264499,21.0,1,-0.43080270666648346,19.158423198719852,20.5,21.5
282.0,21.144423280878815,21.39712533289829,5.487230023572045,21.0,1,-0.3971253328982911,20.38680411985252,20.5,21.5
283.0,21.223453999439755,21.287957418294713,5.488922583832733,21.0,1,-0.2879574182947131,18.012919980187373,20.5,21.5
284.0,21.250081566548573,21.339453525026055,5.490614771757605,21.0,0,-0.3394535250260553,22.88433672696632,20.5,21.5
285.0,21.26124081920295,21.433610193113402,5.492306586057986,21.0,0,-0.43361019311340243,24.258310235733816,20.5,21.5
286.0,21.251551528991907,21.540415544871806,5.493998025445486,21.0,0,-0.5404155448718058,24.744576097623906,20.5,21.5
287.0,21.197674514039058,21.580414533478738,5.495689088632,21.0,0,-0.5804145334787378,22.7803841916867,20.5,21.5
288.0,21.212442722667014,21.612510560359596,5.497379774329709,21.0,0,-0.6125105603595955,22.575391366785325,20.5,21.5
289.0,21.173105936499354,21.671435939578174,5.499070081251085,21.0,0,-0.6714359395781742,23.439197316135534,20.5,21.5
290.0,21.227211729431865,21.62873784440081,5.500760008108883,21.0,1,-0.6287378444008098,20.34779498907988,20.5,21.5
291.0,21.206576332752928,21.65033525678133,5.502449553616151,21.0,0,-0.6503352567813288,22.298257628196897,20.5,21.5
292.0,21.202202610778837,21.505005125273467,5.504138716486227,21.0,1,-0.5050051252734669,17.14510118003761,20.5,21.5
293.0,21.347243387886177,21.47191393664864,5.50582749543274,21.0,1,-0.47191393664864023,20.47917827790384,20.5,21.5
294.0,21.34124774668202,21.48226833441499,5.507515889169611,21.0,0,-0.4822683344149894,21.792900267405464,20.5,21.5
295.0,21.284844169998905,21.615709947331563,5.509203896411055,21.0,0,-0.6157099473315633,25.61895833482878,20.5,21.5
296.0,21.344644890841707,21.522488882893516,5.510891515871581,21.0,1,-0.5224888828935157,18.72585694975209,20.5,21.5
297.0,21.289820609551523,21.598993405597035,5.512578746265993,21.0,0,-0.5989934055970352,23.89412908670262,20.5,21.5
298.0,21.28714444672015,21.591140775728405,5.514265586309392,21.0,0,-0.5911407757284053,21.35556187966951,20.5,21.5
299.0,21.245642477478306,21.642697142171293,5.515952034717176,21.0,0,-0.6426971421712935,23.18938813545794,20.5,21.5
300.0,21.26318715090952,21.43372719774811,5.5176380902050415,21.0,1,-0.43372719774810875,15.164628865052567,20.5,21.5
301.0,21.25620589752852,21.49106921745158,5.519323751488983,21.0,0,-0.4910692174515816,23.211329808555767,20.5,21.5
302.0,21.31217610762029,21.575683772549162,5.521009017285297,21.0,0,-0.5756837725491621,24.114120425476578,20.5,21.5
303.0,21.27847088316207,21.63512071776318,5.522693886310579,21.0,0,-0.6351207177631792,23.418229074183692,20.5,21.5
304.0,21.392793603679326,21.606601617311235,5.524378357281729,21.0,0,-0.6066016173112345,20.751028603752893,20.5,21.5
305.0,21.398935520868267,21.709888612209863,5.5260624289159495,21.0,0,-0.7098886122098627,24.808498459168707,20.5,21.5
306.0,21.432435834494047,21.889231081850813,5.527746099930746,21.0,0,-0.8892310818508129,27.26950517107932,20.5,21.5
307.0,21.505674114932162,21.833431628127098,5.529429369043929,21.0,1,-0.8334316281270979,20.15944801641565,20.5,21.5
308.0,21.462367797425888,21.934412553000882,5.531112234973618,21.0,0,-0.9344125530008824,24.963840299214418,20.5,21.5
309.0,21.53424969251971,21.97173570644425,5.532794696438235,21.0,0,-0.9717357064442496,23.091430309745263,20.5,21.5
310.0,21.52792539305897,21.867685654547653,5.534476752156514,21.0,1,-0.8676856545476532,18.746184097649763,20.5,21.5
311.0,21.458250593408852,21.669920004475067,5.536158400847495,21.0,1,-0.6699200044750668,15.736950502297475,20.5,21.5
312.0,21.469235103933073,21.70910186746828,5.537839641230532,21.0,0,-0.7091018674682807,22.884557757264698,20.5,21.5
313.0,21.492849927180917,21.59468873980162,5.539520472025284,21.0,1,-0.5946887398016187,18.16229490980176,20.5,21.5
314.0,21.455041519395447,21.574342087732912,5.5412008919517275,21.0,1,-0.5743420877329122,20.963942525671715,20.5,21.5
315.0,21.4191014481717,21.62113839517031,5.542880899730148,21.0,0,-0.6211383951703091,23.025027618292217,20.5,21.5
316.0,21.373470125871723,21.6609832390691,5.544560494081149,21.0,0,-0.6609832390691004,22.85632855603284,20.5,21.5
317.0,21.396692726494244,21.60288765741208,5.546239673725643,21.0,1,-0.6028876574120794,19.86002020770145,20.5,21.5
318.0,21.474654112917523,21.58975343742485,5.547918437384865,21.0,1,-0.5897534374248501,21.19572683780797,20.5,21.5
319.0,21.524881060331637,21.69227461936755,5.549596783780361,21.0,0,-0.6922746193675486,24.767910077648505,20.5,21.5
320.0,21.532835464017474,21.815113044229197,5.551274711633998,21.0,0,-0.8151130442291965,25.500265790078632,20.5,21.5
321.0,21.555331106859146,21.808971822717332,5.5529522196679615,21.0,0,-0.8089718227173321,21.6247351773614,20.5,21.5
322.0,21.590383569176897,21.770692823103246,5.554629306604756,21.0,0,-0.7706928231032464,20.622322834680674,20.5,21.5
323.0,21.589330641127933,21.842389305814738,5.556305971167205,21.0,0,-0.8423893058147378,23.99328378715948,20.5,21.5
324.0,21.570812215964505,21.80315287513458,5.557982212078459,21.0,0,-0.8031528751345789,20.62605995472981,20.5,21.5
325.0,21.51456475040731,21.66627636336921,5.5596580280619845,21.0,1,-0.6662763633692101,17.559981010408148,20.5,21.5
326.0,21.5662580543038,21.713115657854296,5.561333417841576,21.0,0,-0.7131156578542956,23.11829449240686,20.5,21.5
327.0,21.59962356665751,21.824232282131636,5.563008380141351,21.0,0,-0.8242322821316357,25.157731010451837,20.5,21.5
328.0,21.612025485034497,21.8655881496856,5.564682913685753,21.0,0,-0.8655881496855997,23.10626417630452,20.5,21.5
329.0,21.575862571425112,21.808335431272255,5.566357017199552,21.0,1,-0.8083354312722548,20.090753878871908,20.5,21.5
330.0,21.589108491727565,21.87664111527561,5.568030689407845,21.0,0,-0.8766411152756106,23.925811635376284,20.5,21.5
331.0,21.61412374181263,21.786896431143944,5.569703929036058,21.0,1,-0.7868964311439441,19.09455590719395,20.5,21.5
332.0,21.60948686979415,21.726836791191406,5.571376734809947,21.0,1,-0.7268367911914062,19.925047592615268,20.5,21.5
333.0,21.647639950941084,21.660949823917075,5.573049105455596,21.0,1,-0.6609498239170755,19.684340805687153,20.5,21.5
334.0,21.67950206096787,21.684187651093218,5.5747210396994245,21.0,0,-0.6841876510932181,22.381322466377497,20.5,21.5
335.0,21.535993280336637,21.68302540171092,5.5763925362681785,21.0,0,-0.6830254017109212,21.648157920242014,20.5,21.5
336.0,21.592536334440734,21.715841179915184,5.578063593888944,21.0,0,-0.7158411799151843,22.700314526043076,20.5,21.5
337.0,21.600812490624946,21.676622252127316,5.579734211289135,21.0,0,-0.6766222521273164,20.50005441849128,20.5,21.5
338.0,21.535271984263908,21.711069506654557,5.581404387196505,21.0,0,-0.7110695066545567,22.744487142471765,20.5,21.5
339.0,21.478917832292144,21.767942668498762,5.583074120339143,21.0,0,-0.7679426684987618,23.474137523824915,20.5,21.5
340.0,21.390133371438406,21.83905924651829,5.5847434094454735,21.0,0,-0.8390592465182891,23.97255658710411,20.5,21.5
341.0,21.438571365424895,21.814884067616784,5.58641225324426,21.0,0,-0.8148840676167843,21.08962870057164,20.5,21.5
342.0,21.437441660188085,22.027451233673883,5.588080650464608,21.0,0,-1.027451233673883,28.404466215386844,20.5,21.5
343.0,21.445756163620764,21.97147502115029,5.589748599835957,21.0,1,-0.9714750211502903,20.292188645442508,20.5,21.5
344.0,21.44509582596426,22.000193859450334,5.591416100088093,21.0,0,-1.0001938594503343,22.861759008451656,20.5,21.5
345.0,21.536200934498762,21.904045103142906,5.593083149951142,21.0,1,-0.9040451031429058,19.01958241392005,20.5,21.5
346.0,21.63681191065031,21.956095085080022,5.5947497481555715,21.0,0,-0.9560950850800225,23.517594543193525,20.5,21.5
347.0,21.602689516983638,21.861083800603705,5.596415893432196,21.0,1,-0.8610838006037049,19.010745266314178,20.5,21.5
348.0,21.646482555739855,21.895541644958517,5.598081584512173,21.0,0,-0.8955416449585165,22.929276975602864,20.5,21.5
349.0,21.6726284682036,21.753370082159158,5.599746820127006,21.0,1,-0.753370082159158,17.488223198178403,20.5,21.5
350.0,21.667883156886365,21.798759461552645,5.6014115990085465,21.0,0,-0.7987594615526454,23.160440843357268,20.5,21.5
351.0,21.67025924746491,21.801199597668365,5.603075919888991,21.0,0,-0.801199597668365,21.874403681139952,20.5,21.5
352.0,21.712270313353528,21.89524276385283,5.604739781500889,21.0,0,-0.8952427638528313,24.71653774938682,20.5,21.5
353.0,21.651540683483656,21.938952641857426,5.606403182577136,21.0,0,-0.9389526418574263,23.250248981995277,20.5,21.5
354.0,21.66908402727238,21.97862818357826,5.608066121850981,21.0,0,-0.9786281835782589,23.168894435203235,20.5,21.5
355.0,21.73408975374693,22.01437050513841,5.609728598056021,21.0,0,-1.0143705051384089,23.08664015194291,20.5,21.5
356.0,21.75365666548414,22.05063492720141,5.611390609926211,21.0,0,-1.0506349272014113,23.138567589091483,20.5,21.5
357.0,21.848776094400797,22.09198795416166,5.613052156195855,21.0,0,-1.0919879541616595,23.332578762969106,20.5,21.5
358.0,21.822175874547973,22.04908405770904,5.6147132355996145,21.0,0,-1.0490840577090417,20.761967164130507,20.5,21.5
359.0,21.80346644288629,22.156639727798115,5.616373846872503,21.0,0,-1.1566397277981153,25.383309830470324,20.5,21.5
360.0,21.80571823216272,22.29159403363171,5.618033988749895,21.0,0,-1.2915940336317107,26.34022320863957,20.5,21.5
361.0,21.804554247412927,22.23908426533159,5.619693659967519,21.0,0,-1.2390842653315914,20.663791216328015,20.5,21.5
362.0,21.863960250783776,22.12514991719592,5.621352859261464,21.0,1,-1.1251499171959196,18.707119473125765,20.5,21.5
363.0,21.819963964124515,22.164846738025776,5.623011585368176,21.0,0,-1.1648467380257763,23.355751362921477,20.5,21.5
364.0,21.863758188261116,22.227090230800748,5.624669837024465,21.0,0,-1.2270902308007479,24.094395014049894,20.5,21.5
365.0,21.85723693354712,22.20056321320474,5.626327612967499,21.0,0,-1.2005632132047417,21.404752685324556,20.5,21.5
366.0,21.78620859980682,22.367129589961014,5.62798491193481,21.0,0,-1.3671295899610136,27.364120892649172,20.5,21.5
367.0,21.7964133610818,22.380438975127255,5.629641732664292,21.0,0,-1.3804389751272552,22.779720530114503,20.5,21.5
368.0,21.85041898070371,22.393588358475945,5.631298073894205,21.0,0,-1.3935883584759452,22.788069858936645,20.5,21.5
369.0,21.837439987909253,22.407255861108133,5.632953934363172,21.0,0,-1.4072558611081334,22.81728094007378,20.5,21.5
370.0,21.78770412939834,22.22944417963775,5.634609312810184,21.0,1,-1.229444179637749,16.89509373552622,20.5,21.5
371.0,21.77667977151099,22.179022630805587,5.636264207974598,21.0,1,-1.1790226308055871,20.666376165840727,20.5,21.5
372.0,21.764410667646064,22.228944645879984,5.63791861859614,21.0,0,-1.2289446458799844,23.726605098111904,20.5,21.5
373.0,21.848243096424618,22.17112981848474,5.6395725434149035,21.0,1,-1.17112981848474,20.43668499662741,20.5,21.5
374.0,21.849175029137022,22.114840158948528,5.6412259811713525,21.0,1,-1.1148401589485282,20.42615037286217,20.5,21.5
375.0,21.90074946399604,22.171823840003555,5.642878930606323,21.0,0,-1.1718238400035546,23.881334271654346,20.5,21.5
376.0,21.78758085630355,22.091231410284742,5.644531390461022,21.0,1,-1.0912314102847418,19.67345851872036,20.5,21.5
377.0,21.755375015496213,22.000703512242303,5.646183359477029,21.0,1,-1.0007035122423034,19.28486657096915,20.5,21.5
378.0,21.811365520111124,22.020719369809854,5.6478348363962985,21.0,0,-1.0207193698098536,22.62119509683636,20.5,21.5
379.0,21.853033976256683,21.951531123792538,5.649485819961159,21.0,1,-0.9515311237925381,19.875883743273075,20.5,21.5
380.0,21.871357239909166,22.14710584365975,5.651136308914314,21.0,0,-1.1471058436597517,28.014347439676158,20.5,21.5
381.0,21.866712775739213,22.154483166692494,5.652786301998844,21.0,0,-1.1544831666924935,22.37580285767475,20.5,21.5
382.0,21.865471259312102,22.0948921620197,5.654435797958207,21.0,1,-1.0948921620197005,20.30716202183591,20.5,21.5
383.0,21.841832802440784,22.25165805374545,5.656084795536243,21.0,0,-1.2516580537454516,26.954634805517983,20.5,21.5
384.0,21.806640822981695,22.1569810315355,5.6577332934771665,21.0,1,-1.1569810315355014,19.316670365236995,20.5,21.5
385.0,21.890414484656997,22.089979500531637,5.659381290525575,21.0,1,-1.089979500531637,20.079933570415708,20.5,21.5
386.0,21.93066406369171,22.148809609482385,5.661028785426446,21.0,0,-1.1488096094823845,23.91371287800481,20.5,21.5
387.0,21.87798904018914,22.34333098383393,5.662675776925142,21.0,0,-1.3433309838339298,28.178972214380288,20.5,21.5
388.0,22.003957661506483,22.346461640339236,5.664322263767406,21.0,0,-1.3464616403392355,22.440381335498408,20.5,21.5
389.0,22.044619772098052,22.50785989873915,5.665968244699369,21.0,0,-1.5078598987391487,27.349807650736544,20.5,21.5
390.0,22.109496219610953,22.526198994980792,5.667613718467542,21.0,0,-1.526198994980792,23.076371882230088,20.5,21.5
391.0,22.098290548049746,22.49422369747406,5.669258683818827,21.0,0,-1.4942236974740588,21.534964772272065,20.5,21.5
392.0,22.099596879021114,22.416931757359695,5.67090313950051,21.0,1,-1.416931757359695,20.098173553928778,20.5,21.5
393.0,22.07504771436764,22.309632025081875,5.672547084260268,21.0,1,-1.309632025081875,19.090640056747276,20.5,21.5
394.0,22.09359128580249,22.365069513034666,5.674190516846164,21.0,0,-1.3650695130346655,24.028194151618383,20.5,21.5
395.0,22.10387417956366,22.434994548888547,5.675833436006654,21.0,0,-1.4349945488885467,24.532745624504983,20.5,21.5
396.0,22.05897688786148,22.558647482383698,5.677475840490583,21.0,0,-1.558647482383698,26.268235487238236,20.5,21.5
397.0,22.016010386481643,22.41683099423748,5.679117729047188,21.0,1,-1.416830994237479,18.16233634985091,20.5,21.5
398.0,21.888310301940585,22.314071665785615,5.6807591004261,21.0,1,-1.3140716657856153,19.231291812229703,20.5,21.5
399.0,21.909125278937797,22.193366953393717,5.6823999533773435,21.0,1,-1.193366953393717,18.57222558163677,20.5,21.5
400.0,21.940342888911104,22.040951328115092,5.684040286651338,21.0,1,-1.0409513281150922,17.468482569756347,20.5,21.5
401.0,21.933349224634732,21.887340044782796,5.685680098998897,21.0,1,-0.8873400447827962,17.279001544813916,20.5,21.5
402.0,22.00907087732217,22.068055792981266,5.687319389171233,21.0,0,-1.0680557929812657,27.489528238935353,20.5,21.5
403.0,22.02240844563459,22.217694119223612,5.688958155919954,21.0,0,-1.2176941192236121,26.706843906494004,20.5,21.5
404.0,22.07584209657171,22.319311897654888,5.690596397997069,21.0,0,-1.319311897654888,25.367845250593167,20.5,21.5
405.0,22.06924117720696,22.42267808633921,5.692234114154986,21.0,0,-1.4226780863392108,25.52366374686889,20.5,21.5
406.0,22.05763660917573,22.386825357230897,5.693871303146512,21.0,0,-1.3868253572308973,21.311243483981492,20.5,21.5
407.0,22.059380779491544,22.348525776383667,5.695507963724856,21.0,0,-1.348525776383667,21.199538350966762,20.5,21.5
408.0,22.021941526164287,22.29651694956795,5.6971440946436305,21.0,0,-1.2965169495679483,20.736252145096383,20.5,21.5
409.0,22.111654313796222,22.208938795091672,5.69877969465685,21.0,1,-1.2089387950916723,19.581594160803395,20.5,21.5
410.0,22.075340498247098,22.148555994354385,5.7004147625189345,21.0,1,-1.1485559943543855,20.33707197223578,20.5,21.5
411.0,22.075307106250328,22.321878122799113,5.702049296984709,21.0,0,-1.321878122799113,27.521541976140938,20.5,21.5
412.0,22.110497059747566,22.274190047740465,5.703683296809404,21.0,0,-1.2741900477404648,20.84354779598102,20.5,21.5
413.0,22.086040946017945,22.32597631332308,5.705316760748657,21.0,0,-1.3259763133230784,23.879564280801485,20.5,21.5
414.0,22.067767232444744,22.327894462318298,5.706949687558514,21.0,0,-1.327894462318298,22.385438932174885,20.5,21.5
415.0,21.971849413728552,22.489060754707694,5.708582075995432,21.0,0,-1.489060754707694,27.324049526389572,20.5,21.5
416.0,22.000512862187403,22.30879920035657,5.710213924816274,21.0,1,-1.308799200356571,16.90095256982288,20.5,21.5
417.0,22.09736739637971,22.392412860585758,5.711845232778318,21.0,0,-1.3924128605857575,24.900822667461355,20.5,21.5
418.0,22.065344080012487,22.393610567985224,5.71347599863925,21.0,0,-1.393610567985224,22.429541789969218,20.5,21.5
419.0,22.001811475295234,22.396948045207,5.715106221157173,21.0,0,-1.3969480452070009,22.497072361860308,20.5,21.5
420.0,21.974785644590273,22.202539618140765,5.716735899090601,21.0,1,-1.202539618140765,16.37028680615369,20.5,21.5
421.0,21.947897517183126,22.411151970730895,5.718365031198462,21.0,0,-1.411151970730895,28.669522548434795,20.5,21.5
422.0,22.03162330292934,22.42807183681477,5.719993616240102,21.0,0,-1.4280718368147696,22.935667819331005,20.5,21.5
423.0,22.070336669004917,22.365340106791646,5.7216216529752835,21.0,1,-1.3653401067916455,20.483388206097924,20.5,21.5
424.0,22.012633430816283,22.43808366923761,5.723249140164184,21.0,0,-1.43808366923761,24.620390542616544,20.5,21.5
425.0,22.03924411296255,22.439411285797483,5.724876076567403,21.0,0,-1.4394112857974832,22.47923978259368,20.5,21.5
426.0,22.08368266301781,22.366151575977856,5.726502460945957,21.0,1,-1.366151575977856,20.168360281389038,20.5,21.5
427.0,22.162059347600362,22.391800634511974,5.728128292061283,21.0,0,-1.3918006345119736,23.1612723905355,20.5,21.5
428.0,22.184663130056755,22.45456870761555,5.729753568675239,21.0,0,-1.4545687076155502,24.33761090072285,20.5,21.5
429.0,22.097638837468146,22.44053584535276,5.731378289550109,21.0,0,-1.440535845352759,22.019549977469023,20.5,21.5
430.0,22.082776495944575,22.486086180560925,5.733002453448594,21.0,0,-1.4860861805609247,23.852596236805894,20.5,21.5
431.0,22.187838938672936,22.59415843719497,5.734626059133825,21.0,0,-1.5941584371949702,25.836326136216336,20.5,21.5
432.0,22.210348022753738,22.517193127070044,5.736249105369356,21.0,1,-1.517193127070044,20.20823382332226,20.5,21.5
433.0,22.188994048590274,22.634577740338614,5.737871590919164,21.0,0,-1.6345777403386137,26.156116138395703,20.5,21.5
434.0,22.2123053791434,22.564016700135586,5.739493514547658,21.0,1,-1.5640167001355856,20.447185494044742,20.5,21.5
435.0,22.313577259994087,22.558402717864237,5.741114875019672,21.0,0,-1.5584027178642366,22.389983249723766,20.5,21.5
436.0,22.27456452914891,22.514273228500734,5.742735671100469,21.0,0,-1.514273228500734,21.19038854759566,20.5,21.5
437.0,22.26309767965674,22.501550028842118,5.7443559015557435,21.0,0,-1.501550028842118,22.119854039083634,20.5,21.5
438.0,22.32698665874535,22.48491686063377,5.745975565151618,21.0,0,-1.4849168606337706,21.98592181438335,20.5,21.5
439.0,22.272588101367745,22.494238290815346,5.747594660654649,21.0,0,-1.4942382908153462,22.773881196262614,20.5,21.5
440.0,22.33922936453459,22.527107250541526,5.749213186831824,21.0,0,-1.5271072505415262,23.513176042326926,20.5,21.5
441.0,22.378195985316168,22.374081568082712,5.750831142450566,21.0,1,-1.3740815680827119,17.783311094318282,20.5,21.5
442.0,22.368888828081182,22.444020283522416,5.752448526278731,21.0,0,-1.4440202835224163,24.54218174671355,20.5,21.5
443.0,22.37171494066783,22.35695744654542,5.7540653370846115,21.0,1,-1.3569574465454188,19.745072337235495,20.5,21.5
444.0,22.390862224741646,22.4251868277029,5.7556815736369344,21.0,0,-1.4251868277028983,24.472068262427282,20.5,21.5
445.0,22.408026510418736,22.37086398874758,5.757297234704866,21.0,0,-1.3708639887475798,20.741178820088024,20.5,21.5
446.0,22.401143141086436,22.65999348305869,5.75891231905801,21.0,0,-1.6599934830586918,31.333878312392052,20.5,21.5
447.0,22.278388201610316,22.661802179896263,5.7605268254664095,21.0,0,-1.661802179896263,22.7160630850234,20.5,21.5
448.0,22.267059940607794,22.663610876733834,5.762140752700548,21.0,0,-1.6636108767338342,22.71787178186097,20.5,21.5
449.0,22.23168050747933,22.66117240018098,5.763754099531349,21.0,0,-1.6611724001809804,22.588018103595367,20.5,21.5
450.0,22.168472718604686,22.614535306444452,5.765366864730179,21.0,0,-1.614535306444452,21.2154224943486,20.5,21.5
451.0,22.16316206124696,22.578665944246364,5.766979047068848,21.0,0,-1.5786659442463638,21.502585078303714,20.5,21.5
452.0,22.124724086395943,22.554386769457675,5.768590645319607,21.0,0,-1.5543867694576754,21.826011525797025,20.5,21.5
453.0,22.10160848651272,22.519895416487156,5.770201658255156,21.0,0,-1.5198954164871559,21.48515482737157,20.5,21.5
454.0,22.058892829341808,22.418622807734312,5.771812084648637,21.0,1,-1.4186228077343124,19.380444545149007,20.5,21.5
455.0,22.020737682511218,22.482609709249804,5.7734219232736415,21.0,0,-1.4826097092498038,24.402216754714548,20.5,21.5
456.0,21.960798954432565,22.34448876481964,5.775031172904206,21.0,1,-1.3444887648196406,18.200860431914744,20.5,21.5
457.0,21.96691297896034,22.30568772870116,5.776639832314817,21.0,1,-1.3056877287011588,21.141656645146703,20.5,21.5
458.0,21.975954984975413,22.371453213544036,5.778247900280412,21.0,0,-1.3714532135440365,24.344417758830367,20.5,21.5
459.0,22.025466047694323,22.251484232293517,5.779855375576377,21.0,1,-1.2514842322935174,18.652414794777943,20.5,21.5
460.0,22.043362171001196,22.285345797682435,5.781462256978547,21.0,0,-1.2853457976824352,23.30119275934997,20.5,21.5
461.0,22.06368885370757,22.225683091691725,5.783068543263215,21.0,1,-1.2256830916917245,20.435801911970405,20.5,21.5
462.0,21.961955941314063,22.37424608805388,5.784674233207123,21.0,0,-1.37424608805388,26.831135978918546,20.5,21.5
463.0,21.98708298042076,22.355729950586998,5.786279325587468,21.0,0,-1.3557299505869977,21.80024582658053,20.5,21.5
464.0,21.981238686782966,22.58029691048023,5.787883819181902,21.0,0,-1.5802969104802287,29.317305707277157,20.5,21.5
465.0,22.11005377781519,22.550072910069026,5.789487712768534,21.0,0,-1.5500729100690265,21.64335289773296,20.5,21.5
466.0,22.052400085308506,22.69357839297653,5.79109100512593,21.0,0,-1.69357839297653,26.998742880201636,20.5,21.5
467.0,22.03477406478141,22.535718565978932,5.792693695033112,21.0,1,-1.5357185659789323,17.799923756051,20.5,21.5
468.0,22.067962021992738,22.52614564912392,5.794295781269561,21.0,0,-1.5261456491239187,22.23895814347351,20.5,21.5
469.0,22.024204207806342,22.604683378582607,5.79589726261522,21.0,0,-1.6046833785826067,24.960815262343246,20.5,21.5
470.0,21.99498870886451,22.643604077869714,5.797498137850493,21.0,0,-1.643604077869714,23.811225056482936,20.5,21.5
471.0,22.026512871221186,22.59978693863624,5.79909840575624,21.0,0,-1.5997869386362389,21.285272761631983,20.5,21.5
472.0,21.90161871471301,22.72622411002413,5.80069806511379,21.0,0,-1.7262241100241305,26.519339251660877,20.5,21.5
473.0,21.851403386296614,22.74651352272996,5.802297114704932,21.0,0,-1.746513522729959,23.355195903904818,20.5,21.5
474.0,21.86178618676311,22.637439038924988,5.8038955533119205,21.0,1,-1.6374390389249882,19.365204524775862,20.5,21.5
475.0,21.998077171944313,22.567523824391365,5.805493379717475,21.0,1,-1.5675238243913654,20.47006738838268,20.5,21.5
476.0,22.03883887622183,22.547407258366867,5.80709059270478,21.0,0,-1.5474072583668672,21.94391027763192,20.5,21.5
477.0,21.978534244579155,22.278117609775727,5.80868719105749,21.0,1,-1.2781176097757267,14.199428152041513,20.5,21.5
478.0,22.00011711193041,22.161163472078833,5.810283173559725,21.0,1,-1.161163472078833,18.652539341172023,20.5,21.5
479.0,21.97426902047208,22.09489520909465,5.811878538996075,21.0,1,-1.0948952090946484,20.10684731956911,20.5,21.5
480.0,22.12738694312595,22.163686351476688,5.8134732861516,21.0,0,-1.163686351476688,24.227420622937874,20.5,21.5
481.0,22.11435807622812,22.17287415380212,5.815067413811831,21.0,0,-1.1728741538021197,22.44850822356507,20.5,21.5
482.0,22.11797364288918,22.36102406748788,5.81666092076277,21.0,0,-1.3610240674878789,28.005521478060654,20.5,21.5
483.0,22.08371705976294,22.368923562051922,5.818253805790892,21.0,0,-1.368923562051922,22.605908398973217,20.5,21.5
484.0,21.998812708291965,22.3697119796027,5.819846067683145,21.0,0,-1.3697119796027017,22.393364506126094,20.5,21.5
485.0,22.083688772159633,22.420888823963498,5.821437705226955,21.0,0,-1.420888823963498,23.956194154787386,20.5,21.5
486.0,22.074302039149128,22.514340889085666,5.823028717210217,21.0,0,-1.5143408890856662,25.317902842750712,20.5,21.5
487.0,22.038703631976905,22.597432678254144,5.82461910242131,21.0,0,-1.597432678254144,25.090186353308475,20.5,21.5
488.0,22.098971206159682,22.696374433133297,5.826208859649084,21.0,0,-1.6963744331332968,25.664627079507884,20.5,21.5
489.0,22.195458112299768,22.85413794710628,5.827797987682869,21.0,0,-1.854137947106281,27.58704336629581,20.5,21.5
490.0,22.203826230400573,22.814379294762016,5.829386485312478,21.0,0,-1.8143792947620163,21.621619724434073,20.5,21.5
491.0,22.17938800995224,22.66465185573619,5.830974351328199,21.0,1,-1.6646518557361887,18.17282868496136,20.5,21.5
492.0,22.18727428585872,22.595495663870388,5.8325615845208025,21.0,1,-1.5954956638703877,20.520809907896357,20.5,21.5
493.0,22.236748872227032,22.638054987027793,5.834148183681542,21.0,0,-1.6380549870277932,23.91483468174996,20.5,21.5
494.0,22.306526794996195,22.651158311319666,5.835734147602153,21.0,0,-1.6511583113196657,23.044258040075842,20.5,21.5
495.0,22.342274946037186,22.548543475225934,5.837319475074856,21.0,1,-1.5485434752259337,19.470098392413973,20.5,21.5
496.0,22.325009866793945,22.62153927234454,5.838904164892354,21.0,0,-1.6215392723445383,24.811413185902676,20.5,21.5
497.0,22.3325013416074,22.593604782072404,5.840488215847837,21.0,0,-1.5936047820724042,21.75557007390838,20.5,21.5
498.0,22.23268643280737,22.43422512149005,5.842071626734982,21.0,1,-1.4342251214900514,17.65283530401947,20.5,21.5
499.0,22.257707306624077,22.30427440555679,5.843654396347952,21.0,1,-1.3042744055567894,18.40575292755893,20.5,21.5
500.0,22.211467780800678,22.226181342470603,5.8452365234813985,21.0,1,-1.2261813424706034,19.883389449885023,20.5,21.5
501.0,22.22326733259787,22.19548780824618,5.846818006930464,21.0,1,-1.195487808246181,21.27468178151351,20.5,21.5
502.0,22.139002380600097,22.29055148209377,5.84839884549078,21.0,0,-1.2905514820937682,25.142461697521384,20.5,21.5
503.0,22.09246237124962,22.365741491567206,5.8499790379584695,21.0,0,-1.3657414915672064,24.62144177577035,20.5,21.5
504.0,22.16888603260813,22.402977541485356,5.851558583130146,21.0,0,-1.402977541485356,23.520059039029846,20.5,21.5
505.0,22.079817650824925,22.497032735467013,5.853137479802917,21.0,0,-1.4970327354670125,25.318688554916708,20.5,21.5
506.0,22.034774761108025,22.51138945926571,5.854715726774385,21.0,0,-1.511389459265711,22.942091173226668,20.5,21.5
507.0,22.04107311773879,22.42391296460787,5.856293322842646,21.0,1,-1.4239129646078688,19.799618124872598,20.5,21.5
508.0,22.051686040230113,22.335975468322637,5.857870266806292,21.0,1,-1.335975468322637,19.697850579765685,20.5,21.5
509.0,22.07608202294909,22.318071214185153,5.859446557464411,21.0,0,-1.318071214185153,21.78094359006063,20.5,21.5
510.0,22.110400517639725,22.33406992310946,5.8610221936165905,21.0,0,-1.3340699231094604,22.814031190838683,20.5,21.5
511.0,22.106210747216476,22.26576684488554,5.8625971740629135,21.0,1,-1.2657668448855404,20.21667449816794,20.5,21.5
512.0,22.122007735504507,22.315777793017954,5.864171497603965,21.0,0,-1.3157777930179542,23.816106236990368,20.5,21.5
513.0,22.13916979913008,22.358539210956458,5.8657451630408275,21.0,0,-1.358539210956458,23.641381749111574,20.5,21.5
514.0,22.0978406315893,22.390436103698978,5.867318169175088,21.0,0,-1.3904361036989776,23.347342885974566,20.5,21.5
515.0,22.14069343608564,22.425847888980332,5.868890514808834,21.0,0,-1.425847888980332,23.488201447420966,20.5,21.5
516.0,22.154681019923693,22.332905683914806,5.870462198744655,21.0,1,-1.332905683914806,19.54463953194902,20.5,21.5
517.0,22.192967881541637,22.260272219297153,5.872033219785646,21.0,1,-1.2602722192971534,20.081268280767578,20.5,21.5
518.0,22.224127363051178,22.217099876139834,5.8736035767354045,21.0,1,-1.2170998761398337,20.921929581420244,20.5,21.5
519.0,22.139064069109065,22.062346924218573,5.875173268398037,21.0,1,-1.0623469242185735,17.419758366580766,20.5,21.5
520.0,22.148650470351964,22.0887263552569,5.876742293578155,21.0,0,-1.0887263552568989,22.88010928640666,20.5,21.5
521.0,22.142451595910977,22.276700951656743,5.878310651080877,21.0,0,-1.2767009516567427,27.915938843652057,20.5,21.5
522.0,22.14869955283557,22.23707191683182,5.87987833971183,21.0,0,-1.2370719168318196,21.048200872084127,20.5,21.5
523.0,22.16409418247257,22.50944453416418,5.881445358277152,21.0,0,-1.5094445341641816,30.68062305413504,20.5,21.5
524.0,22.20709931089516,22.739278064757777,5.88301170558349,21.0,0,-1.7392780647577766,29.634283982565627,20.5,21.5
525.0,22.211797296872966,22.73115826398766,5.884577380438002,21.0,0,-1.731158263987659,22.487564240884133,20.5,21.5
526.0,22.118754401388447,22.65710794934239,5.88614238164836,21.0,1,-1.6571079493423895,20.435598509984302,20.5,21.5
527.0,22.098837775021124,22.704001223318603,5.887706708022744,21.0,0,-1.7040012233186026,24.110799442604996,20.5,21.5
528.0,22.108206105130506,22.582226479898544,5.889270358369855,21.0,1,-1.5822264798985444,18.928984177296797,20.5,21.5
529.0,22.232378403714158,22.405005616014204,5.890833331498904,21.0,1,-1.4050056160142042,17.088379699483998,20.5,21.5
530.0,22.124997882281043,22.391985590822333,5.892395626219617,21.0,0,-1.3919855908223333,22.001384835066208,20.5,21.5
531.0,22.16856751519424,22.292795353864378,5.8939572413422425,21.0,1,-1.2927953538643777,19.31708824512571,20.5,21.5
532.0,22.151273249789902,22.17291802410424,5.895518175677539,21.0,1,-1.1729180241042414,18.576598131300152,20.5,21.5
533.0,22.122469947343095,22.131525633564785,5.89707842803679,21.0,1,-1.1315256335647845,20.88975391738108,20.5,21.5
534.0,22.185418515273266,22.2045602440216,5.898637997231793,21.0,0,-1.2045602440216001,24.395598557726068,20.5,21.5
535.0,22.136199750068606,22.170538835270968,5.90019688207487,21.0,0,-1.1705388352709676,21.14989657275199,20.5,21.5
536.0,22.170634019525007,22.19950299641865,5.9017550813788615,21.0,0,-1.1995029964186514,23.068427830849167,20.5,21.5
537.0,22.098533927405445,22.29387537347694,5.903312593957131,21.0,0,-1.29387537347694,25.125046685225595,20.5,21.5
538.0,22.074345469282196,22.317320229703732,5.904869418623566,21.0,0,-1.317320229703732,23.020665916507497,20.5,21.5
539.0,22.097556795244756,22.171114577390345,5.906425554192575,21.0,1,-1.1711145773903446,17.78494500798872,20.5,21.5
540.0,22.10486523541101,22.21590224191301,5.9079809994790935,21.0,0,-1.2159022419130103,23.55953217759298,20.5,21.5
541.0,22.148626186052088,22.220087128059912,5.9095357532985835,21.0,0,-1.2200871280599124,22.345633712466974,20.5,21.5
542.0,22.08456755818088,22.28300273452921,5.911089814467031,21.0,0,-1.2830027345292088,24.1704709286081,20.5,21.5
543.0,22.07821756506885,22.218889898994778,5.912643181800951,21.0,1,-1.218889898994778,20.295504832961857,20.5,21.5
544.0,22.07415703628582,22.346668001710608,5.914195854117389,21.0,0,-1.3466680017106079,26.1800110831855,20.5,21.5
545.0,22.031698841491814,22.408088025040776,5.915747830233913,21.0,0,-1.408088025040776,24.250688724945817,20.5,21.5
546.0,22.11444621664021,22.416662680602535,5.9172991089686295,21.0,0,-1.4166626806025349,22.673902347455304,20.5,21.5
547.0,22.158118763477347,22.366829066307837,5.918849689140171,21.0,0,-1.3668290663078366,20.87182063746689,20.5,21.5
548.0,22.160743848754763,22.38817269393687,5.920399569567703,21.0,0,-1.3881726939368697,23.028481522807862,20.5,21.5
549.0,22.157438234458915,22.490875734651276,5.921948749070925,21.0,0,-1.4908757346512758,25.571966956083457,20.5,21.5
550.0,22.193689042466143,22.566409972037825,5.923497226470068,21.0,0,-1.5664099720378246,24.83243709363429,20.5,21.5
551.0,22.195470738053093,22.653653811351194,5.9250450005859,21.0,0,-1.6536538113511945,25.27096899075229,20.5,21.5
552.0,22.224714949933386,22.66870225963563,5.926592070239724,21.0,0,-1.66870225963563,23.120155708168696,20.5,21.5
553.0,22.191407548477194,22.902903045017418,5.928138434253378,21.0,0,-1.9029030450174176,29.928926606471045,20.5,21.5
554.0,22.255106876587345,22.86503595530483,5.929684091449239,21.0,0,-1.8650359553048297,21.729023263927193,20.5,21.5
555.0,22.160345061547133,22.69669395501979,5.931229040650223,21.0,1,-1.6966939550197893,17.646433946468576,20.5,21.5
556.0,22.244252600860275,22.7973485502567,5.932773280679783,21.0,0,-1.7973485502567002,25.816986407364027,20.5,21.5
557.0,22.26026482511738,22.97019853652254,5.934316810361912,21.0,0,-1.9701985365225383,28.155698124497682,20.5,21.5
558.0,22.318102622560883,22.73024618781524,5.935859628521147,21.0,1,-1.73024618781524,15.53167572659629,20.5,21.5
559.0,22.291161130005147,22.616520421761773,5.937401733982563,21.0,1,-1.6165204217617735,19.204747440157778,20.5,21.5
560.0,22.393552511028524,22.763620190455946,5.9389431255717815,21.0,0,-1.7636201904559456,27.17661325128111,20.5,21.5
561.0,22.38170460345286,22.69000650403678,5.940483802114964,21.0,1,-1.6900065040367807,20.48159591146183,20.5,21.5
562.0,22.383958153858746,22.674219943257473,5.94202376243882,21.0,0,-1.674219943257473,22.20062311987824,20.5,21.5
563.0,22.387229573750275,22.86305076695829,5.943563005370601,21.0,0,-1.8630507669582883,28.52797547798275,20.5,21.5
564.0,22.3104500333157,23.030337912826987,5.945101529738108,21.0,0,-2.0303379128269867,28.04895228888794,20.5,21.5
565.0,22.328114918550902,22.966171238427233,5.946639334369687,21.0,0,-1.9661712384272327,21.041171006434613,20.5,21.5
566.0,22.308928301982466,22.92736726586133,5.948176418094232,21.0,0,-1.9273672658613314,21.763248088884293,20.5,21.5
567.0,22.234060543331342,22.788290291561186,5.949712779741189,21.0,1,-1.7882902915611858,18.615981062556816,20.5,21.5
568.0,22.26948384007865,22.721900367667427,5.95124841814055,21.0,1,-1.721900367667427,20.73020265085466,20.5,21.5
569.0,22.32448091448523,22.80830152236633,5.952783332122861,21.0,0,-1.8083015223663317,25.400336163333474,20.5,21.5
570.0,22.335317984082216,22.732390480103906,5.954317520519217,21.0,1,-1.7323904801039056,20.455059212231124,20.5,21.5
571.0,22.42227541957361,22.823018441363647,5.955850982161267,21.0,0,-1.8230184413636472,25.541857279155895,20.5,21.5
572.0,22.371578284731672,22.84946686515132,5.957383715881214,21.0,0,-1.8494668651513209,23.64291957878153,20.5,21.5
573.0,22.44748221626773,22.853859945737266,5.958915720511813,21.0,0,-1.8538599457372662,22.985652363315626,20.5,21.5
574.0,22.367309510725295,22.722340827157343,5.960446994886378,21.0,1,-1.7223408271573426,18.776767269759635,20.5,21.5
575.0,22.410472806492738,22.805742155773018,5.961977537838775,21.0,0,-1.805742155773018,25.30778201424328,20.5,21.5
576.0,22.397920397429836,22.76837254423625,5.96350734820343,21.0,0,-1.7683725442362501,21.647284198133214,20.5,21.5
577.0,22.3770270685862,22.781629270062858,5.9650364248153265,21.0,0,-1.781629270062858,23.179331044861094,20.5,21.5
578.0,22.438109605070196,22.68661285036764,5.966564766510005,21.0,1,-1.6866128503676414,19.836120259511144,20.5,21.5
579.0,22.454684575209154,22.820497058259427,5.968092372123566,21.0,0,-1.820497058259427,26.837023295012997,20.5,21.5
580.0,22.442104808804604,22.74382959127016,5.969619240492674,21.0,1,-1.7438295912701598,20.44380558159214,20.5,21.5
581.0,22.42827452385027,22.685285445111464,5.9711453704545505,21.0,1,-1.6852854451114645,20.928961060350606,20.5,21.5
582.0,22.417293510635545,22.755539809883903,5.972670760846981,21.0,0,-1.7555398098839028,24.86317075305705,20.5,21.5
583.0,22.33973380084996,22.80670910086538,5.974195410508315,21.0,0,-1.8067091008653797,24.341787830309688,20.5,21.5
584.0,22.324609455851334,22.576020440793656,5.9757193182774655,21.0,1,-1.5760204407936556,15.65536063864193,20.5,21.5
585.0,22.33230916980183,22.60403119639733,5.97724248299391,21.0,0,-1.6040311963973295,23.444353864507548,20.5,21.5
586.0,22.29654513814328,22.536909231188396,5.978764903497693,21.0,0,-1.536909231188396,20.523250274920393,20.5,21.5
587.0,22.307465191784136,22.385787728223683,5.980286578629424,21.0,1,-1.3857877282236828,17.852142639282285,20.5,21.5
588.0,22.328647389041546,22.34631883386432,5.981807507230282,21.0,1,-1.34631883386432,21.162252003083434,20.5,21.5
589.0,22.278686793821567,22.424637330614097,5.983327688142013,21.0,0,-1.4246373306140967,24.7741922331074,20.5,21.5
590.0,22.345045810288777,22.4957451942821,5.984847120206934,21.0,0,-1.495745194282101,24.62898110432223,20.5,21.5
591.0,22.257409523552404,22.528548677955975,5.986365802267931,21.0,0,-1.5285486779559747,23.512653188172187,20.5,21.5
592.0,22.340925855960656,22.53426092682251,5.987883733168462,21.0,0,-1.5342609268225083,22.705628392818515,20.5,21.5
593.0,22.309447056137667,22.53778044739378,5.989400911752556,21.0,0,-1.5377804473937786,22.64336606453189,20.5,21.5
594.0,22.254993777192848,22.589122530273897,5.990917336864815,21.0,0,-1.5891225302738974,24.12938501667746,20.5,21.5
595.0,22.13735651210153,22.558177650644648,5.992433007350416,21.0,0,-1.558177650644648,21.62983126176717,20.5,21.5
596.0,22.180915743843464,22.641629560749468,5.993947922055111,21.0,0,-1.6416295607494682,25.14518686389407,20.5,21.5
597.0,22.093462818135666,22.669536273037906,5.9954620798252245,21.0,0,-1.669536273037906,23.50673764169104,20.5,21.5
598.0,22.09159520894181,22.705498513815638,5.99697547950766,21.0,0,-1.7054985138156376,23.784365737147585,20.5,21.5
599.0,22.171404094101593,22.612168913673717,5.9984881199499,21.0,1,-1.6121689136737167,19.812280909416092,20.5,21.5
600.0,22.276786762451415,22.58628433345751,6.0,21.0,0,-1.5862843334575096,21.809746926971297,20.5,21.5
601.0,22.281777752027836,22.468301289820907,6.001511118506599,21.0,1,-1.4683012898209071,18.928809980722832,20.5,21.5
602.0,22.363439978194588,22.60876766891053,6.003021474318914,21.0,0,-1.6087676689105308,26.82275904159924,20.5,21.5
603.0,22.390923281687453,22.64558496802646,6.004531066286745,21.0,0,-1.6455849680264585,23.75010394150429,20.5,21.5
604.0,22.413198342949496,22.730868609568233,6.0060398932604695,21.0,0,-1.7308686095682333,25.289377855821478,20.5,21.5
605.0,22.417365889388268,22.873643497031498,6.007547954091052,21.0,0,-1.8736434970314981,27.156890120929443,20.5,21.5
606.0,22.303404508053756,22.976488158354396,6.009055247630038,21.0,0,-1.976488158354396,26.061827998041334,20.5,21.5
607.0,22.321616175858036,22.88726048623379,6.010561772729559,21.0,1,-1.8872604862337887,20.21043032261557,20.5,21.5
608.0,22.419566213328554,22.909756469622966,6.012067528242327,21.0,0,-1.909756469622966,23.584635971298287,20.5,21.5
609.0,22.53842537482264,22.909225581510867,6.013572513021648,21.0,0,-1.9092255815108672,22.8932989381479,20.5,21.5
610.0,22.544320359278988,22.88437490543573,6.015076725921408,21.0,0,-1.884374905435731,22.138854623181647,20.5,21.5
611.0,22.519888189137852,22.930123507795418,6.016580165796085,21.0,0,-1.9301235077954182,24.302581578586032,20.5,21.5
612.0,22.515747397646326,22.996769918666867,6.018082831500743,21.0,0,-1.9967699186668675,24.996162244810346,20.5,21.5
613.0,22.455613753856493,22.96904892976439,6.019584721891037,21.0,0,-1.9690489297643907,22.137419262690088,20.5,21.5
614.0,22.431391818234736,22.999680794428308,6.021085835823211,21.0,0,-1.9996807944283077,23.918636734345817,20.5,21.5
615.0,22.413392409653206,22.937250888222554,6.022586172154104,21.0,0,-1.9372508882225539,21.06435370204994,20.5,21.5
616.0,22.44265240546085,22.713918305742492,6.024085729741143,21.0,1,-1.7139183057424923,16.013940831340644,20.5,21.5
617.0,22.455585091607333,22.700812806472957,6.02558450744235,21.0,0,-1.7008128064729569,22.307647828386894,20.5,21.5
618.0,22.37598950593661,22.5676010266537,6.02708250411634,21.0,1,-1.5676010266537013,18.571247632076034,20.5,21.5
619.0,22.290122963385624,22.51508043217004,6.028579718622325,21.0,1,-1.5150804321700413,20.939462597660242,20.5,21.5
620.0,22.203142685828528,22.438727390026013,6.0300761498201085,21.0,1,-1.4387273900260134,20.148136125705175,20.5,21.5
621.0,22.290818669359812,22.690754579440917,6.031571796570095,21.0,0,-1.6907545794409167,30.251570261888016,20.5,21.5
622.0,22.22788492243243,22.67864286275688,6.033066657733284,21.0,0,-1.678642862756881,22.31529136223581,20.5,21.5
623.0,22.198724547488627,22.630976118959627,6.034560732171273,21.0,0,-1.6309761189596266,21.200973805041993,20.5,21.5
624.0,22.220325350737095,22.52669196159039,6.036054018746261,21.0,1,-1.526691961590391,19.39816724051332,20.5,21.5
625.0,22.302085001632154,22.57253765906814,6.037546516321043,21.0,0,-1.5725376590681392,23.94790858340059,20.5,21.5
626.0,22.355685904663027,22.5123352123872,6.039038223759019,21.0,0,-1.5123352123871996,20.70626181195901,20.5,21.5
627.0,22.348115616489512,22.577824050723017,6.040529139924188,21.0,0,-1.5778240507230166,24.542489200797526,20.5,21.5
628.0,22.34052902270148,22.619606776117696,6.042019263681153,21.0,0,-1.6196067761176955,23.873088537958065,20.5,21.5
629.0,22.302044924679233,22.585126922227957,6.043508593895119,21.0,0,-1.585126922227957,21.5507313055358,20.5,21.5
630.0,22.26265601900377,22.467218133780626,6.044997129431898,21.0,1,-1.4672181337806265,18.929954480360713,20.5,21.5
631.0,22.28296769932162,22.391418115893877,6.046484869157903,21.0,1,-1.3914181158938774,20.117417579291406,20.5,21.5
632.0,22.30185910056259,22.172646866637983,6.047971811940158,21.0,1,-1.172646866637983,15.60950938896115,20.5,21.5
633.0,22.323695705032474,22.202384073778763,6.04945795664629,21.0,0,-1.202384073778763,23.094500288002163,20.5,21.5
634.0,22.289172899251533,22.19547530201973,6.050943302144535,21.0,0,-1.1954753020197302,21.988212149248746,20.5,21.5
635.0,22.27739582843361,22.2305350347308,6.052427847303739,21.0,0,-1.2305350347307993,23.282327016062872,20.5,21.5
636.0,22.203165114020706,22.330760110440828,6.053911590993355,21.0,0,-1.3307601104408278,25.337512381741682,20.5,21.5
637.0,22.19297077585023,22.397869899524053,6.055394532083448,21.0,0,-1.3978698995240535,24.411163572020826,20.5,21.5
638.0,22.201590892176775,22.475682630947187,6.056876669444694,21.0,0,-1.4756826309471869,24.81006457364119,20.5,21.5
639.0,22.220495760991955,22.604625889502454,6.058358001948381,21.0,0,-1.6046258895024543,26.472923646160478,20.5,21.5
640.0,22.262519739407885,22.624850973578376,6.059838528466409,21.0,0,-1.6248509735783756,23.231603495856014,20.5,21.5
641.0,22.237107616775116,22.62623830404951,6.061318247871295,21.0,0,-1.6262383040495116,22.667858218183593,20.5,21.5
642.0,22.24749251882838,22.700320013280642,6.062797159036165,21.0,0,-1.700320013280642,24.922771290214552,20.5,21.5
643.0,22.3309233147885,22.72295790415071,6.064275260834767,21.0,0,-1.7229579041507108,23.402094630252776,20.5,21.5
644.0,22.382456281309484,22.823441488755478,6.0657525521414595,21.0,0,-1.8234414887554777,25.837949026898485,20.5,21.5
645.0,22.35062485435668,22.74917495609691,6.067229031831223,21.0,0,-1.7491749560969083,20.521178976339826,20.5,21.5
646.0,22.331385073918703,22.6582955729869,6.068704698779653,21.0,1,-1.6582955729869013,19.931914079686692,20.5,21.5
647.0,22.333929164056425,22.63264783611839,6.070179551862964,21.0,0,-1.632647836118391,21.86321573006308,20.5,21.5
648.0,22.381306818956695,22.58605298466056,6.071653589957993,21.0,0,-1.5860529846605615,21.18820744092568,20.5,21.5
649.0,22.414857687282247,22.557290111641475,6.0731268119421955,21.0,0,-1.5572901116414748,21.694403921068872,20.5,21.5
650.0,22.433129734002904,22.553347138924373,6.074599216693647,21.0,0,-1.553347138924373,22.435057957411317,20.5,21.5
651.0,22.32196331063061,22.513189423353175,6.07607080309105,21.0,0,-1.5131894233531753,21.308457956217246,20.5,21.5
652.0,22.354834477683696,22.576006494285444,6.077541570013726,21.0,0,-1.5760064942854441,24.46051862225351,20.5,21.5
653.0,22.340510601276275,22.68490588208772,6.079011516341622,21.0,0,-1.684905882087719,25.951887516155963,20.5,21.5
654.0,22.335576158283224,22.64434602604899,6.08048064095531,21.0,0,-1.6443460260489893,21.4275503448871,20.5,21.5
655.0,22.35633782661346,22.73894350349834,6.081948942735988,21.0,0,-1.7389435034983407,25.576867826978884,20.5,21.5
656.0,22.313752029108976,22.75856472828288,6.083416420565479,21.0,0,-1.758564728282881,23.347201471819087,20.5,21.5
657.0,22.34797392150095,22.652667512260827,6.084883073326237,21.0,1,-1.6526675122608268,19.475751031599202,20.5,21.5
658.0,22.378834396311024,22.50613420375754,6.086348899901341,21.0,1,-1.50613420375754,18.11013494865894,20.5,21.5
659.0,22.455720616371952,22.610806738356754,6.087813899174501,21.0,0,-1.6108067383567537,25.750982776333164,20.5,21.5
660.0,22.40065383349023,22.640897666370876,6.089278070030054,21.0,0,-1.6408976663708756,23.543625506794534,20.5,21.5
661.0,22.40330660212281,22.637541613411038,6.0907414113529725,21.0,0,-1.637541613411038,22.536860024615912,20.5,21.5
662.0,22.40869126994551,22.726651718541948,6.092203922028858,21.0,0,-1.726651718541948,25.399954872469248,20.5,21.5
663.0,22.454207097886894,22.730830771925376,6.093665600943945,21.0,0,-1.7308307719253762,22.856202373428218,20.5,21.5
664.0,22.465995058023537,22.695716624551885,6.0951264469851,21.0,0,-1.6957166245518849,21.642292203347147,20.5,21.5
665.0,22.433590857591554,22.700359833384667,6.096586459039828,21.0,0,-1.7003598333846668,22.839656098368124,20.5,21.5
666.0,22.47210342313008,22.728277738244913,6.098045635996264,21.0,0,-1.7282777382449126,23.565814884052287,20.5,21.5
667.0,22.42584233967835,22.697879448768337,6.099503976743181,21.0,0,-1.6978794487683366,21.785930764471058,20.5,21.5
668.0,22.361537718514626,22.77021086935863,6.100961480169991,21.0,0,-1.7702108693586283,24.940153487067377,20.5,21.5
669.0,22.378557112382,22.72531736541353,6.102418145166741,21.0,0,-1.725317365413531,21.378512247060613,20.5,21.5
670.0,22.358968961491044,22.771178527480483,6.103873970624116,21.0,0,-1.7711785274804832,24.14701338948905,20.5,21.5
671.0,22.34149405121037,22.866579460509517,6.105328955433444,21.0,0,-1.8665794605095165,25.728607451380515,20.5,21.5
672.0,22.431305955147963,22.897653143959296,6.106783098486688,21.0,0,-1.897653143959296,23.829863647452683,20.5,21.5
673.0,22.358682540967298,22.85964798612361,6.108236398676457,21.0,0,-1.8596479861236084,21.719493251052977,20.5,21.5
674.0,22.327527443713237,22.941133483225364,6.109688854895999,21.0,0,-1.9411334832253644,25.385698396278045,20.5,21.5
675.0,22.257773414246426,22.866617358849556,6.111140466039204,21.0,0,-1.866617358849556,20.631133627575306,20.5,21.5
676.0,22.201886092570916,22.713944092689495,6.11259123100061,21.0,1,-1.7139440926894949,18.13374610788766,20.5,21.5
677.0,22.17506580165697,22.614142420891035,6.114041148675393,21.0,1,-1.614142420891035,19.62009226693724,20.5,21.5
678.0,22.144228800977793,22.6069330982533,6.11549021795938,21.0,0,-1.6069330982533003,22.390653419121257,20.5,21.5
679.0,22.191402781103303,22.434234040678994,6.116938437749042,21.0,1,-1.4342340406789944,17.253262313449817,20.5,21.5
680.0,22.141794345137125,22.487593170046566,6.118385806941494,21.0,0,-1.4875931700465657,24.088367051073703,20.5,21.5
681.0,22.119376244300692,22.488242760870282,6.119832324434503,21.0,0,-1.488242760870282,22.50773048558177,20.5,21.5
682.0,22.081598359031712,22.492472125757654,6.121277989126483,21.0,0,-1.4924721257576543,22.619353072378825,20.5,21.5
683.0,22.092043761565154,22.48384627207475,6.122722799916498,21.0,0,-1.48384627207475,22.225070661587623,20.5,21.5
684.0,22.112888000444364,22.43920595311322,6.124166755704261,21.0,0,-1.4392059531132197,21.09999638426731,20.5,21.5
685.0,22.155546255272338,22.414983360900624,6.125609855390137,21.0,0,-1.4149833609006244,21.688305594522763,20.5,21.5
686.0,22.183887476201058,22.5035998616764,6.1270520978751435,21.0,0,-1.503599861676399,25.16209488494964,20.5,21.5
687.0,22.11619171935092,22.544363507409592,6.128493482060948,21.0,0,-1.5443635074095923,23.76727287940539,20.5,21.5
688.0,22.108961937014204,22.552484718107074,6.129934006849876,21.0,0,-1.552484718107074,22.796121039031526,20.5,21.5
689.0,22.171642025911634,22.67461047478732,6.131373671144904,21.0,0,-1.6746104747873183,26.338383175194647,20.5,21.5
690.0,22.141271743419907,22.599208920882482,6.132812473849666,21.0,1,-1.5992089208824822,20.3371623037374,20.5,21.5
691.0,22.156999402599876,22.551464788337963,6.1342504138684495,21.0,1,-1.551464788337963,21.11914081200239,20.5,21.5
692.0,22.109518415743302,22.53393341193383,6.135687490106203,21.0,0,-1.5339334119338304,22.00799211980985,20.5,21.5
693.0,22.09894823802325,22.474604585726002,6.137123701468528,21.0,0,-1.4746045857260022,20.694739799491156,20.5,21.5
694.0,22.072240093014557,22.37812894770022,6.138559046861689,21.0,1,-1.378128947700219,19.483859806926723,20.5,21.5
695.0,22.1773957826906,22.316613354687206,6.139993525192606,21.0,1,-1.316613354687206,20.47114556429682,20.5,21.5
696.0,22.121204693291148,22.400402692354973,6.141427135368863,21.0,0,-1.400402692354973,24.914082822387982,20.5,21.5
697.0,22.08622729308215,22.28646046181085,6.1428598762987034,21.0,1,-1.2864604618108508,18.868193545487184,20.5,21.5
698.0,22.170606489527234,22.254467435035348,6.1442917468910325,21.0,1,-1.2544674350353482,21.29467663177027,20.5,21.5
699.0,22.236598747718915,22.314778355102355,6.145722746055418,21.0,0,-1.314778355102355,24.124105957112562,20.5,21.5
700.0,22.18410338532461,22.357870495146717,6.147152872702092,21.0,0,-1.3578704951467166,23.650634696477564,20.5,21.5
701.0,22.17009342038245,22.321049595749024,6.148582125741951,21.0,0,-1.3210495957490238,21.21642261381824,20.5,21.5
702.0,22.106382140111915,22.44579916563773,6.150010504086557,21.0,0,-1.4457991656377303,26.188286262298924,20.5,21.5
703.0,22.132733953188872,22.433163098658667,6.151438006648137,21.0,0,-1.4331630986586674,22.054081089286782,20.5,21.5
704.0,22.04804675721586,22.388798186994556,6.152864632339586,21.0,0,-1.3887981869945563,21.05785083707122,20.5,21.5
705.0,22.084866939732567,22.408913986917913,6.1542903800744675,21.0,0,-1.4089139869179128,23.01238798461861,20.5,21.5
706.0,22.106760647041067,22.354008061581954,6.15571524876701,21.0,0,-1.354008061581954,20.706830301503192,20.5,21.5
707.0,22.080825268359025,22.28680044942346,6.157139237332117,21.0,1,-1.2868004494234597,20.27057208466863,20.5,21.5
708.0,22.074461715184217,22.337169355455238,6.1585623446853575,21.0,0,-1.337169355455238,23.848236536408585,20.5,21.5
709.0,22.095961286730798,22.26789962705048,6.159984569742974,21.0,1,-1.267899627050479,20.18980777490771,20.5,21.5
710.0,22.19448297177718,22.238286021400665,6.1614059114218795,21.0,1,-1.2382860214006648,21.34987785190624,20.5,21.5
711.0,22.179183672741985,22.253991077244603,6.162826368639661,21.0,0,-1.2539910772446028,22.725142752562743,20.5,21.5
712.0,22.152359943665218,22.288550330481453,6.164245940314579,21.0,0,-1.2885503304814527,23.32532792758695,20.5,21.5
713.0,22.21219821329957,22.314602739542245,6.165664625365567,21.0,0,-1.314602739542245,23.096175011366014,20.5,21.5
714.0,22.259548349644962,22.401884724764038,6.167082422712235,21.0,0,-1.401884724764038,25.020344281417827,20.5,21.5
715.0,22.22718987440302,22.507456816818383,6.168499331274869,21.0,0,-1.507456816818383,25.674619578448734,20.5,21.5
716.0,22.17971586384067,22.47082223814578,6.169915349974431,21.0,0,-1.4708222381457787,21.37178487796765,20.5,21.5
717.0,22.223060309602626,22.565481207885224,6.171330477732561,21.0,0,-1.5654812078852238,25.405250300068577,20.5,21.5
718.0,22.319873082394842,22.4746614846748,6.1727447134715785,21.0,1,-1.474661484674801,19.750069788362115,20.5,21.5
719.0,22.366220389641178,22.40104871099674,6.17415805611448,21.0,1,-1.40104871099674,20.19266550065491,20.5,21.5
720.0,22.469791873674794,22.283121410840554,6.175570504584947,21.0,1,-1.283121410840554,18.745302406154973,20.5,21.5
721.0,22.42714276920322,22.39203923098145,6.176982057807334,21.0,0,-1.3920392309814495,25.659573835208317,20.5,21.5
722.0,22.450519425462897,22.522487354502495,6.178392714706684,21.0,0,-1.5224873545024948,26.435931060133854,20.5,21.5
723.0,22.457435681930278,22.481318579912337,6.179802474208721,21.0,0,-1.4813185799123367,21.246255342207593,20.5,21.5
724.0,22.428262123167077,22.561305126704397,6.181211335239851,21.0,0,-1.5613051267043971,24.96090153046621,20.5,21.5
725.0,22.39565253118873,22.70665104899108,6.1826192967271645,21.0,0,-1.7066510489910804,27.06702871759158,20.5,21.5
726.0,22.36640539418464,22.67988440455857,6.184026357598439,21.0,0,-1.679884404558571,21.87688507158329,20.5,21.5
727.0,22.38812878628878,22.536961392574565,6.185432516782136,21.0,1,-1.5369613925745647,18.249271033054374,20.5,21.5
728.0,22.34533962814988,22.7407462540244,6.186837773207403,21.0,0,-1.7407462540244012,28.854292097519497,20.5,21.5
729.0,22.373748293684695,22.774193780734134,6.188242125804077,21.0,0,-1.7741937807341337,23.77761958202611,20.5,21.5
730.0,22.356554026993358,22.736894142674075,6.189645573502682,21.0,0,-1.7368941426740747,21.617905000872305,20.5,21.5
731.0,22.20532276314285,22.751737903540835,6.191048115234433,21.0,0,-1.7517379035408354,23.197050729543655,20.5,21.5
732.0,22.236297814188404,22.762214719790737,6.192449749931232,21.0,0,-1.7622147197907374,23.0765192072878,20.5,21.5
733.0,22.301570764352572,22.70799894818913,6.1938504765256726,21.0,0,-1.707998948189129,21.081525800140874,20.5,21.5
734.0,22.362400541484792,22.687539685027254,6.195250293951043,21.0,0,-1.6875396850272537,22.073761790170998,20.5,21.5
735.0,22.478238856932133,22.726781544638833,6.196649201141318,21.0,0,-1.7267815446388326,23.9040373329862,20.5,21.5
736.0,22.431893553818217,22.756035460978893,6.198047197031172,21.0,0,-1.756035460978893,23.633652951180707,20.5,21.5
737.0,22.405411290075996,22.59548691074976,6.199444280555968,21.0,1,-1.5954869107497593,17.779030403875748,20.5,21.5
738.0,22.441397506115724,22.6230019408928,6.200840450651768,21.0,0,-1.6230019408927987,23.44845284518398,20.5,21.5
739.0,22.434687724022606,22.77522341842914,6.202235706255326,21.0,0,-1.7752234184291389,27.341867744519345,20.5,21.5
740.0,22.419969682107393,22.859499859357825,6.203630046304096,21.0,0,-1.8594998593578254,25.38779308721842,20.5,21.5
741.0,22.367176736041937,22.78259622756842,6.2050234697362265,21.0,1,-1.782596227568419,20.47548727388623,20.5,21.5
742.0,22.445474837579244,22.891014644924937,6.206415975490565,21.0,0,-1.8910146449249368,26.143567165620468,20.5,21.5
743.0,22.464213999818472,22.84523636080554,6.207807562506657,21.0,0,-1.84523636080554,21.471887837223637,20.5,21.5
744.0,22.473297631725227,22.67475162929284,6.209198229724749,21.0,1,-1.6747516292928388,17.560209683911804,20.5,21.5
745.0,22.494527212527238,22.55917646351295,6.2105879760857885,21.0,1,-1.5591764635129515,19.09192149011633,20.5,21.5
746.0,22.59099897578699,22.605888257495444,6.211976800531422,21.0,0,-1.6058882574954438,24.007242076970215,20.5,21.5
747.0,22.49293801495807,22.68203157206914,6.213364702003999,21.0,0,-1.682031572069139,24.966331009279994,20.5,21.5
748.0,22.498413383750922,22.77432377075488,6.214751679446573,21.0,0,-1.7743237707548793,25.54308973132709,20.5,21.5
749.0,22.538936993690108,22.97735373007832,6.216137731802901,21.0,0,-1.9773537300783204,29.06825250978155,20.5,21.5
750.0,22.495235882561083,22.978729780082254,6.217522858017441,21.0,0,-1.9787297800822543,23.020011280200272,20.5,21.5
751.0,22.420693256880334,23.0047807685139,6.218907057035362,21.0,0,-2.0047807685139,23.786310421463266,20.5,21.5
752.0,22.413304566286833,23.034717537546932,6.220290327802536,21.0,0,-2.034717537546932,23.932820608537895,20.5,21.5
753.0,22.507687978210722,23.015628148217314,6.22167266926554,21.0,0,-2.0156281482173135,22.44294646832876,20.5,21.5
754.0,22.47590204016588,22.798868737887414,6.2230540803716625,21.0,1,-1.798868737887414,16.296086427990428,20.5,21.5
755.0,22.497143350106477,22.860047795638938,6.224434560068898,21.0,0,-1.8600477956389376,24.695419528184647,20.5,21.5
756.0,22.596093058800662,22.793249540502796,6.225814107305953,21.0,0,-1.7932495405027957,20.78930188641854,20.5,21.5
757.0,22.647645944768534,22.78896176331285,6.227192721032241,21.0,0,-1.7889617633128516,22.66032844761453,20.5,21.5
758.0,22.616455294441042,22.838796507459353,6.228570400197887,21.0,0,-1.838796507459353,24.333838831854397,20.5,21.5
759.0,22.56554673608986,23.032158846370585,6.229947143753728,21.0,0,-2.032158846370585,28.833029013707545,20.5,21.5
760.0,22.519854082615424,22.959061059442174,6.231322950651316,21.0,0,-1.959061059442174,20.766127451589842,20.5,21.5
761.0,22.45344381769935,23.076519250034945,6.2326978198429135,21.0,0,-2.076519250034945,26.600264967818074,20.5,21.5
762.0,22.45412300980479,23.163764977773752,6.2340717502814975,21.0,0,-2.163764977773752,25.78113680993797,20.5,21.5
763.0,22.447417539065587,23.096176047336495,6.23544474092076,21.0,0,-2.0961760473364954,21.068508134218792,20.5,21.5
764.0,22.49817885850773,22.85459140588284,6.236816790715109,21.0,1,-1.8545914058828394,15.60705216227316,20.5,21.5
765.0,22.48339951884323,22.800643660557647,6.2381878986196675,21.0,1,-1.8006436605576468,21.182211300801868,20.5,21.5
766.0,22.425372653441386,22.778350071380494,6.23955806359028,21.0,0,-1.778350071380494,22.109542396065912,20.5,21.5
767.0,22.416107340647756,22.627692898040497,6.240927284583504,21.0,1,-1.6276928980404968,18.107977697840578,20.5,21.5
768.0,22.43534643846731,22.56770772599058,6.24229556055662,21.0,1,-1.56770772599058,20.76815256449308,20.5,21.5
769.0,22.447421208957024,22.643532143775836,6.2436628904676255,21.0,0,-1.6435321437758361,24.918264677333518,20.5,21.5
770.0,22.444958924790413,22.753408528716232,6.2450292732752395,21.0,0,-1.753408528716232,26.049700076928108,20.5,21.5
771.0,22.500380784505502,22.73924616865287,6.246394707938901,21.0,0,-1.739246168652869,22.31437536675198,20.5,21.5
772.0,22.533386801524507,22.753731122238815,6.247759193418772,21.0,0,-1.7537311222388148,23.188279729817186,20.5,21.5
773.0,22.51509227818597,22.83179733893645,6.249122728675739,21.0,0,-1.8317973389364504,25.173783839865518,20.5,21.5
774.0,22.61296494661799,22.961081127460908,6.25048531267141,21.0,0,-1.9610811274609077,26.839594783194627,20.5,21.5
775.0,22.660177874567868,22.99925855991807,6.251846944368118,21.0,0,-1.9992585599180686,24.144581533632895,20.5,21.5
776.0,22.601301419247232,22.99224316384653,6.253207622728921,21.0,0,-1.9922431638465312,22.78178128170041,20.5,21.5
777.0,22.591008451426163,23.049193032618494,6.254567346717603,21.0,0,-2.0491930326184935,24.757689095777362,20.5,21.5
778.0,22.58712237973699,23.016742358596677,6.255926115298676,21.0,0,-2.0167423585966766,22.04322213794217,20.5,21.5
779.0,22.512521215334125,22.99066032942774,6.257283927437378,21.0,0,-1.9906603294277403,22.20819945435965,20.5,21.5
780.0,22.532985117494015,22.83794174492177,6.258640782099675,21.0,1,-1.8379417449217712,18.2563842097427,20.5,21.5
781.0,22.576622547104854,22.86962090779693,6.259996678252264,21.0,0,-1.8696209077969286,23.81999579405165,20.5,21.5
782.0,22.608469212168,22.83061579325743,6.261351614862573,21.0,0,-1.8306157932574294,21.660462357072454,20.5,21.5
783.0,22.56802788020434,22.693760999521206,6.262705590898755,21.0,1,-1.6937609995212064,18.588117187434516,20.5,21.5
784.0,22.535430171664714,22.577025681791838,6.264058605329701,21.0,1,-1.577025681791838,19.074966149910786,20.5,21.5
785.0,22.565492443485372,22.76777167640133,6.265410657125032,21.0,0,-1.7677716764013311,28.490151514686126,20.5,21.5
786.0,22.53482905700323,22.691935911517337,6.2667617452551,21.0,1,-1.6919359115173371,20.416862964997517,20.5,21.5
787.0,22.570827411759787,22.59409226205297,6.268111868690994,21.0,1,-1.5940922620529712,19.658782778121992,20.5,21.5
788.0,22.567452049578293,22.749335991765953,6.269461026404535,21.0,0,-1.7493359917659532,27.406647883155415,20.5,21.5
789.0,22.55194317181251,22.867253423006574,6.2708092173682815,21.0,0,-1.8672534230065736,26.404776360225185,20.5,21.5
790.0,22.59875519473476,22.90251428348065,6.272156440555528,21.0,0,-1.9025142834806488,23.960340097702904,20.5,21.5
791.0,22.598773930878178,22.845277535095555,6.273502694940304,21.0,0,-1.8452775350955548,21.128175083542736,20.5,21.5
792.0,22.490896772225003,22.931419304827187,6.2748479794973795,21.0,0,-1.9314193048271875,25.515672396776168,20.5,21.5
793.0,22.548005825844314,22.866192732040354,6.276192293202261,21.0,0,-1.8661927320403535,20.909395548435334,20.5,21.5
794.0,22.53867604675147,22.820763470917303,6.277535635031195,21.0,0,-1.8207634709173028,21.457885637225782,20.5,21.5
795.0,22.529208804753896,22.618206375772434,6.27887800396117,21.0,1,-1.6182063757724343,16.54149352142638,20.5,21.5
796.0,22.494910446361192,22.71349948447958,6.280219398969911,21.0,0,-1.7134994844795806,25.572292745693968,20.5,21.5
797.0,22.459066746411768,22.75161610314212,6.2815598190358894,21.0,0,-1.7516161031421191,23.895114663018276,20.5,21.5
798.0,22.48676214282288,22.625723782305606,6.282899263138315,21.0,1,-1.6257237823056059,18.84895415721021,20.5,21.5
799.0,22.44106929817124,22.641189801267448,6.2842377302571455,21.0,0,-1.6411898012674477,23.105170370122703,20.5,21.5
800.0,22.39000889631182,22.643316100450964,6.2855752193730785,21.0,0,-1.6433161004509635,22.707105075956438,20.5,21.5
801.0,22.407897822747877,22.589467739016328,6.286911729467558,21.0,0,-1.589467739016328,20.974016895977265,20.5,21.5
802.0,22.393395096906985,22.463802159524327,6.288247259522773,21.0,1,-1.4638021595243274,18.693834774764305,20.5,21.5
803.0,22.418817880700924,22.613320664223686,6.28958180852166,21.0,0,-1.6133206642236857,27.098875805204436,20.5,21.5
804.0,22.294632737881194,22.470874920608985,6.290915375447901,21.0,1,-1.4708749206089848,18.19750261216796,20.5,21.5
805.0,22.33395498522525,22.514421111310256,6.292247959285928,21.0,0,-1.5144211113102557,23.82080683234838,20.5,21.5
806.0,22.344762856036525,22.533438990473524,6.293579559020919,21.0,0,-1.533438990473524,23.10397536537157,20.5,21.5
807.0,22.44860784211887,22.510525422110774,6.2949101736388045,21.0,0,-1.5105254221107742,21.823118371228283,20.5,21.5
808.0,22.414748431542314,22.574343392553747,6.296239802126262,21.0,0,-1.5743433925537467,24.48888250584292,20.5,21.5
809.0,22.403939220856874,22.66428807877113,6.297568443470722,21.0,0,-1.6642880787711292,25.362628665292604,20.5,21.5
810.0,22.2767298927686,22.645203692366024,6.298896096660367,21.0,0,-1.6452036923660245,22.072672100212884,20.5,21.5
811.0,22.28047945952564,22.685537626893755,6.3002227606841315,21.0,0,-1.6855376268937547,23.895555662725663,20.5,21.5
812.0,22.311441438460008,22.744767384254686,6.301548434531702,21.0,0,-1.7447673842546862,24.52166010508263,20.5,21.5
813.0,22.28191715435439,22.576932983631394,6.302873117193521,21.0,1,-1.5769329836313943,17.541900964932637,20.5,21.5
814.0,22.35893100822952,22.60520880859803,6.304196807660785,21.0,0,-1.6052088085980287,23.45348355759706,20.5,21.5
815.0,22.321665840265073,22.633484633564656,6.305519504925445,21.0,0,-1.633484633564656,23.481759382563475,20.5,21.5
816.0,22.359486808163755,22.489174937762805,6.306841207980211,21.0,1,-1.4891749377628045,18.15988406370726,20.5,21.5
817.0,22.367262254470976,22.5972938589721,6.308161915818548,21.0,0,-1.597293858972101,25.840861495250998,20.5,21.5
818.0,22.351524498270447,22.714236242938316,6.309481627434679,21.0,0,-1.7142362429383162,26.22250776192477,20.5,21.5
819.0,22.302234403723265,22.823204545462495,6.310800341823588,21.0,0,-1.8232045454624952,26.092253621187865,20.5,21.5
820.0,22.389177551689436,22.801983607265587,6.3121180579810146,21.0,0,-1.801983607265587,22.16535546135834,20.5,21.5
821.0,22.416093324845907,22.83297308652395,6.313434774903461,21.0,0,-1.8329730865239497,23.76265746427483,20.5,21.5
822.0,22.414141280014302,22.832037794474864,6.314750491588192,21.0,0,-1.8320377944748643,22.8039790330023,20.5,21.5
823.0,22.486330271088928,22.909540667026533,6.316065207033229,21.0,0,-1.9095406670265334,25.234626843576606,20.5,21.5
824.0,22.487778231360142,22.728894899896765,6.317378920237361,21.0,1,-1.7288948998967655,17.30952188600373,20.5,21.5
825.0,22.564394214070486,22.78987900031525,6.318691630200138,21.0,0,-1.7898790003152492,24.61940201286976,20.5,21.5
826.0,22.60898579064113,22.88184940575623,6.320003335921873,21.0,0,-1.8818494057562312,25.64096156898569,20.5,21.5
827.0,22.646280671993285,22.813435437034876,6.321314036403647,21.0,0,-1.813435437034876,20.76101637539422,20.5,21.5
828.0,22.599777711804972,22.739489032226405,6.322623730647304,21.0,0,-1.7394890322264054,20.521096887972288,20.5,21.5
829.0,22.618978943329363,22.877008898006384,6.323932417655453,21.0,0,-1.877008898006384,27.00260487140574,20.5,21.5
830.0,22.571784715663497,22.808876863063638,6.325240096431475,21.0,0,-1.808876863063638,20.76491581478126,20.5,21.5
831.0,22.533647111546866,22.77402162557838,6.326546765979513,21.0,0,-1.7740216255783814,21.728364501020682,20.5,21.5
832.0,22.552187542479825,22.64910683082247,6.327852425304483,21.0,1,-1.6491068308224683,18.901662988145077,20.5,21.5
833.0,22.469198887995145,22.730459293844923,6.329157073412068,21.0,0,-1.7304592938449233,25.17103318451857,20.5,21.5
834.0,22.470314732631852,22.628453494578704,6.3304607093087215,21.0,1,-1.6284534945787037,19.568279516592117,20.5,21.5
835.0,22.535523617511632,22.697880431690507,6.331763332001668,21.0,0,-1.697880431690507,24.780688545044605,20.5,21.5
836.0,22.56920008788515,22.725056956281524,6.333064940498905,21.0,0,-1.7250569562815237,23.540352694012025,20.5,21.5
837.0,22.483148639254484,22.805792200937727,6.3343655338091995,21.0,0,-1.8057922009377272,25.227849540623833,20.5,21.5
838.0,22.413096758333893,22.72715313162818,6.335665110942093,21.0,1,-1.7271531316281816,20.367981052341815,20.5,21.5
839.0,22.445230232654293,22.780670529304864,6.3369636709079025,21.0,0,-1.7806705293048637,24.386192459605326,20.5,21.5
840.0,22.37006492873172,22.73870155791062,6.3382612127177165,21.0,0,-1.7387015579106198,21.4796324160833,20.5,21.5
841.0,22.321403452663994,22.71415405241304,6.339557735383401,21.0,0,-1.7141540524130399,21.977728887485643,20.5,21.5
842.0,22.276990346103062,22.74195896323519,6.340853237917598,21.0,0,-1.7419589632351915,23.57610628789974,20.5,21.5
843.0,22.298658024131683,22.75103689126578,6.342147719333726,21.0,0,-1.7510368912657803,23.023374732183445,20.5,21.5
844.0,22.335137349437083,22.681171182091255,6.34344117864598,21.0,0,-1.681171182091255,20.585199906855493,20.5,21.5
845.0,22.327102078872862,22.665398015918996,6.344733614869336,21.0,0,-1.6653980159189956,22.192203030751216,20.5,21.5
846.0,22.23966520439325,22.572611705232628,6.346025027019547,21.0,1,-1.572611705232628,19.7890223846416,20.5,21.5
847.0,22.260040320841288,22.426634390315613,6.347315414113146,21.0,1,-1.4266343903156127,18.04731494280515,20.5,21.5
848.0,22.1928206215593,22.37518160375476,6.348604775167447,21.0,1,-1.3751816037547613,20.83159800692922,20.5,21.5
849.0,22.177388425678032,22.233898797791486,6.349893109200545,21.0,1,-1.2338987977914861,17.995414618893232,20.5,21.5
850.0,22.21091883995021,22.26726828795767,6.351180415231321,21.0,0,-1.2672682879576698,23.26835299294318,20.5,21.5
851.0,22.2089494920655,22.23702199638428,6.352466692279431,21.0,0,-1.2370219963842786,21.329633249182542,20.5,21.5
852.0,22.262609511442786,22.259522012419616,6.3537519393653215,21.0,0,-1.259522012419616,22.93452249347974,20.5,21.5
853.0,22.213136726800588,22.28498827153957,6.35503615551022,21.0,0,-1.2849882715395715,23.048976045138236,20.5,21.5
854.0,22.177193052788404,22.434869481157016,6.3563193397361415,21.0,0,-1.4348694811570155,26.931305769680336,20.5,21.5
855.0,22.15108321702319,22.298330787315145,6.357601491065884,21.0,1,-1.2983307873151446,18.202169972059018,20.5,21.5
856.0,22.12240837827466,22.35327689784896,6.358882608523033,21.0,0,-1.3532768978489607,24.001660213863442,20.5,21.5
857.0,22.157367123391126,22.415879339637485,6.360162691131963,21.0,0,-1.4158793396374847,24.293952593293206,20.5,21.5
858.0,22.20475290409558,22.413706438023432,6.361441737917835,21.0,0,-1.413706438023432,22.348519389601854,20.5,21.5
859.0,22.29715320961356,22.5035075840993,6.3627197479066,21.0,0,-1.5035075840992995,25.197541966375322,20.5,21.5
860.0,22.32799981212477,22.671792921857165,6.363996720124997,21.0,0,-1.6717929218571648,27.720353054593122,20.5,21.5
861.0,22.382983924249576,22.68880434670973,6.365272653600556,21.0,0,-1.6888043467097305,23.1991470922867,20.5,21.5
862.0,22.350768511180114,22.766888139210774,6.3665475473615984,21.0,0,-1.7668881392107743,25.10940191424209,20.5,21.5
863.0,22.29405670387298,22.83840710153221,6.367821400437236,21.0,0,-1.8384071015322085,24.983975971175237,20.5,21.5
864.0,22.230941379310153,22.739985573635316,6.3690942118573775,21.0,1,-1.739985573635316,19.78733973672854,20.5,21.5
865.0,22.252718202959134,22.67397529520797,6.370365980652718,21.0,1,-1.6739752952079705,20.693666942387605,20.5,21.5
866.0,22.31507594948508,22.695428147822845,6.371636705854753,21.0,0,-1.6954281478228452,23.339013726269087,20.5,21.5
867.0,22.30570172215637,22.63619615320069,6.372906386495767,21.0,0,-1.6361961532006895,20.859236314536016,20.5,21.5
868.0,22.365569237260974,22.491431132512773,6.3741750216088455,21.0,1,-1.4914311325127727,18.14848051187527,20.5,21.5
869.0,22.405815016953948,22.49367922669405,6.375442610227868,21.0,0,-1.4936792266940486,22.561122052132326,20.5,21.5
870.0,22.424958468728647,22.43336332059995,6.376709151387508,21.0,0,-1.4333633205999483,20.62388613777694,20.5,21.5
871.0,22.358835435983664,22.43451398320181,6.377974644123241,21.0,0,-1.4345139832018106,22.469033861257678,20.5,21.5
872.0,22.338083574698782,22.365475550715715,6.37923908747134,21.0,1,-1.3654755507157148,20.294322576132842,20.5,21.5
873.0,22.281700867144114,22.36061305396297,6.380502480468874,21.0,0,-1.3606130539629717,22.21473815138068,20.5,21.5
874.0,22.2780181549829,22.42801228004522,6.381764822153716,21.0,0,-1.4280122800452197,24.44998906251266,20.5,21.5
875.0,22.231141801466258,22.40129992999858,6.383026111564538,21.0,0,-1.4012999299985793,21.599929428599367,20.5,21.5
876.0,22.15920943226009,22.28453423597501,6.384286347740813,21.0,1,-1.2845342359750092,18.781563415267904,20.5,21.5
877.0,22.08602513362872,22.321191147488722,6.385545529722816,21.0,0,-1.3211911474887224,23.42089849290012,20.5,21.5
878.0,22.0408449365579,22.392410805682424,6.386803656551626,21.0,0,-1.3924108056824238,24.529000551493468,20.5,21.5
879.0,22.103531135163752,22.304266119824938,6.3880607272691226,21.0,1,-1.3042661198249377,19.659925544100354,20.5,21.5
880.0,22.09868174258569,22.393976415384948,6.3893167409179945,21.0,0,-1.393976415384948,25.08528528218526,20.5,21.5
881.0,22.114678878652107,22.49143408186276,6.3905716965417305,21.0,0,-1.49143408186276,25.41516407619712,20.5,21.5
882.0,22.13956361006045,22.499967577914596,6.391825593184628,21.0,0,-1.499967577914596,22.755972459469675,20.5,21.5
883.0,22.248221858553087,22.458080895532003,6.393078429891791,21.0,0,-1.458080895532003,21.201480424054214,20.5,21.5
884.0,22.315792195172385,22.4814713018239,6.394330205709129,21.0,0,-1.4814713018238983,23.183183490580756,20.5,21.5
885.0,22.249739072319606,22.483096461868165,6.39558091968336,21.0,0,-1.4830964618681648,22.53185126319616,20.5,21.5
886.0,22.30136555481643,22.544050728582853,6.3968305708620115,21.0,0,-1.544050728582853,24.3726787300235,20.5,21.5
887.0,22.265448176485624,22.680462075664966,6.39807915829342,21.0,0,-1.6804620756649662,26.77280248812836,20.5,21.5
888.0,22.233569260067682,22.77382364641671,6.39932668102673,21.0,0,-1.7738236464167088,25.574670768968986,20.5,21.5
889.0,22.218117728079125,22.76297585158062,6.400573138111902,21.0,0,-1.7629758515806202,22.437542006497964,20.5,21.5
890.0,22.278542709978534,22.712486552075966,6.401818528599701,21.0,0,-1.7124865520759656,21.197807566936326,20.5,21.5
891.0,22.271027166631967,22.712875097945933,6.403062851541711,21.0,0,-1.7128750979459326,22.724531474044944,20.5,21.5
892.0,22.267432340649094,22.561868654563472,6.404306105990325,21.0,1,-1.5618686545634723,18.031675353089664,20.5,21.5
893.0,22.221570807028627,22.44943113459707,6.40554829099875,21.0,1,-1.44943113459707,19.076305535605,20.5,21.5
894.0,22.334947213178,22.54565005920794,6.406789405621008,21.0,0,-1.54565005920794,25.43221779753404,20.5,21.5
895.0,22.308805187986312,22.456400981887054,6.408029448911937,21.0,1,-1.4564009818870538,19.778928662260466,20.5,21.5
896.0,22.369028048972584,22.431084527715917,6.409268419927189,21.0,0,-1.4310845277159174,21.671590902581826,20.5,21.5
897.0,22.398420563434264,22.57438217114882,6.410506317723235,21.0,0,-1.5743821711488195,26.873311474135882,20.5,21.5
898.0,22.3142178700289,22.72042011662389,6.411743141357362,21.0,0,-1.7204201166238917,27.101558480876058,20.5,21.5
899.0,22.326809709422434,22.51213325635481,6.412978889887674,21.0,1,-1.5121332563548116,16.263527448282407,20.5,21.5
900.0,22.38169987020901,22.615950318586947,-28.585786437626904,21.0,0,-1.6159503185869468,25.730462185551005,20.5,21.5
901.0,22.34797421090598,22.570511179952106,-28.584552842126634,21.0,0,-1.5705111799521063,21.20733702090689,20.5,21.5
902.0,22.23075869516132,22.411725593615383,-28.583320324550943,21.0,1,-1.4117255936153832,17.64815800351369,20.5,21.5
903.0,22.276816637870667,22.31626872346609,-28.582088885838452,21.0,1,-1.3162687234660915,19.45256261898734,20.5,21.5
904.0,22.264555479703425,22.443753281898445,-28.58085852692696,21.0,0,-1.443753281898445,26.268290034869054,20.5,21.5
905.0,22.325406717167027,22.485160717763755,-28.579629248753427,21.0,0,-1.4851607177637547,23.727383793723043,20.5,21.5
906.0,22.285141112869596,22.58688466163415,-28.578401052254016,21.0,0,-1.5868846616341514,25.638602977746054,20.5,21.5
907.0,22.275169447094772,22.545729476785645,-28.57717393836404,21.0,0,-1.5457294767856453,21.311073931330462,20.5,21.5
908.0,22.17514560106363,22.55979383072025,-28.57594790801801,21.0,0,-1.559793830720249,22.98172444875836,20.5,21.5
909.0,22.215093907095547,22.54069949939838,-28.57472296214959,21.0,0,-1.5406994993983787,21.96786955974227,20.5,21.5
910.0,22.15535716503336,22.543481992590724,-28.573499101691638,21.0,0,-1.5434819925907242,22.62695678836109,20.5,21.5
911.0,22.156813132033044,22.45446950133654,-28.572276327576173,21.0,1,-1.4544695013365398,19.78409476371101,20.5,21.5
912.0,22.113752817983215,22.583803841310804,-28.571054640734395,21.0,0,-1.5838038413108038,26.46383404053872,20.5,21.5
913.0,22.124156784470625,22.509121638868244,-28.569834042096666,21.0,1,-1.509121638868244,20.26865556559145,20.5,21.5
914.0,22.07507161950107,22.503387505524337,-28.568614532592527,21.0,0,-1.503387505524337,22.33136350520713,20.5,21.5
915.0,22.050206281838555,22.531983411280002,-28.567396113150693,21.0,0,-1.5319834112800024,23.38986058394996,20.5,21.5
916.0,22.11854184462046,22.565720745759364,-28.566178784699034,21.0,0,-1.5657207457593643,23.57784078014022,20.5,21.5
917.0,22.152048470995446,22.69559775416453,-28.564962548164605,21.0,0,-1.695597754164531,26.591908006319535,20.5,21.5
918.0,22.11130205957077,22.789791498601772,-28.563747404473624,21.0,0,-1.7897914986017724,25.615603831719014,20.5,21.5
919.0,22.159759040341584,22.724182545801227,-28.56253335455147,21.0,0,-1.7241825458012272,20.75591396178487,20.5,21.5
920.0,22.149967583276638,22.552086997846093,-28.561320399322696,21.0,1,-1.552086997846093,17.389220559192065,20.5,21.5
921.0,22.223344278925897,22.577760681417136,-28.560108539711027,21.0,0,-1.5777606814171357,23.347971188548417,20.5,21.5
922.0,22.26876768468265,22.305597842255935,-28.55889777663934,21.0,1,-1.305597842255935,14.140712667419912,20.5,21.5
923.0,22.270479087527114,22.2593606146303,-28.557688111029684,21.0,1,-1.2593606146302996,20.87224378586124,20.5,21.5
924.0,22.218404081866005,22.327581683169488,-28.556479543803277,21.0,0,-1.3275816831694875,24.374213739345127,20.5,21.5
925.0,22.17736069885308,22.410795560914504,-28.555272075880488,21.0,0,-1.4107955609145044,24.90721189326501,20.5,21.5
926.0,22.19325159903086,22.26686581041364,-28.554065708180865,21.0,1,-1.2668658104136412,17.948973295387745,20.5,21.5
927.0,22.17744045084502,22.272075391010652,-28.552860441623103,21.0,0,-1.2720753910106524,22.428362808920987,20.5,21.5
928.0,22.1424375859459,22.29958024817863,-28.551656277125065,21.0,0,-1.2995802481786285,23.124725963217912,20.5,21.5
929.0,22.17961207748536,22.316355280951363,-28.550453215603778,21.0,0,-1.3163552809513632,22.819606264133405,20.5,21.5
930.0,22.191484063028323,22.221576035602943,-28.549251257975424,21.0,1,-1.2215760356029435,19.37819867515035,20.5,21.5
931.0,22.1221008343521,22.277742808706016,-28.548050405155347,21.0,0,-1.2777428087060159,23.962746001798187,20.5,21.5
932.0,22.099755358413653,22.448538395989647,-28.546850658058048,21.0,0,-1.4485383959896474,27.572406014498593,20.5,21.5
933.0,22.087918347574515,22.333622250373075,-28.545652017597185,21.0,1,-1.3336222503730752,18.88613788187591,20.5,21.5
934.0,22.082506390279857,22.31527054686588,-28.54445448468558,21.0,0,-1.3152705468658787,21.764719441649984,20.5,21.5
935.0,22.12410784630313,22.342715886294357,-28.5432580602352,21.0,0,-1.3427158862943571,23.16607606914871,20.5,21.5
936.0,22.12823836713129,22.30579828593752,-28.542062745157175,21.0,0,-1.3057982859375201,21.19827027523241,20.5,21.5
937.0,22.11544084784719,22.215120089289282,-28.540868540361796,21.0,1,-1.2151200892892824,19.49477418984215,20.5,21.5
938.0,21.976620750100764,22.326317919770315,-28.539675446758494,21.0,0,-1.3263179197703145,25.66225283420128,20.5,21.5
939.0,21.936033527776416,22.29351876623243,-28.53848346525587,21.0,0,-1.293518766232431,21.309544160095925,20.5,21.5
940.0,21.911704139405604,22.219442332168384,-28.53729259676166,21.0,1,-1.2194423321683843,19.997149310246982,20.5,21.5
941.0,21.877981715436466,22.300497781882136,-28.536102842182768,21.0,0,-1.300497781882136,24.732161273294686,20.5,21.5
942.0,21.81526311305487,22.212456756478822,-28.53491420242524,21.0,1,-1.2124567564788222,19.57122599437941,20.5,21.5
943.0,21.893310112737822,22.21238372151458,-28.533726678394284,21.0,0,-1.2123837215145805,22.21019267258733,20.5,21.5
944.0,21.861269350950153,22.259743228459882,-28.532540270994247,21.0,0,-1.2597432284598824,23.68052843681894,20.5,21.5
945.0,21.82258206872168,22.414137251116834,-28.53135498112863,21.0,0,-1.4141372511168342,27.045957930825388,20.5,21.5
946.0,21.755625871935727,22.253923896372346,-28.53017080970008,21.0,1,-1.2539238963723456,17.447523254037687,20.5,21.5
947.0,21.759871667925868,22.222823479880812,-28.5289877576104,21.0,1,-1.2228234798808124,21.289810985134817,20.5,21.5
948.0,21.75195546534202,21.99206915669803,-28.52780582576053,21.0,1,-0.9920691566980295,15.069439461214543,20.5,21.5
949.0,21.766990049191467,22.037674699748962,-28.52662501505057,21.0,0,-1.0376746997489619,23.405840991276932,20.5,21.5
950.0,21.820746205852462,21.950478343341192,-28.525445326379753,21.0,1,-0.9504783433411923,19.334587651108105,20.5,21.5
951.0,21.73111259743906,22.027269471139014,-28.524266760646462,21.0,0,-1.0272694711390145,24.33100330507368,20.5,21.5
952.0,21.810095277709827,22.1107248915503,-28.523089318748234,21.0,0,-1.1107248915503014,24.61438750388891,20.5,21.5
953.0,21.747624149220105,22.22677526178091,-28.521913001581733,21.0,0,-1.2267752617809116,25.708286368699216,20.5,21.5
954.0,21.739713543573338,22.101469393223443,-28.52073781004278,21.0,1,-1.101469393223443,18.342293336499385,20.5,21.5
955.0,21.821495722780103,21.99004817988756,-28.519563745026336,21.0,1,-0.9900481798875589,18.647411779811037,20.5,21.5
956.0,21.85505204878361,22.013107779675625,-28.5183908074265,21.0,0,-1.0131077796756252,22.704895773317613,20.5,21.5
957.0,21.870961539462645,22.008271281761928,-28.517218998136514,21.0,0,-1.0082712817619282,21.863176344351018,20.5,21.5
958.0,21.853769402590597,22.01231598424254,-28.516048318048767,21.0,0,-1.0123159842425409,22.133657058660923,20.5,21.5
959.0,21.865217381866877,22.013897751893275,-28.51487876805478,21.0,0,-1.0138977518932748,22.061350781415292,20.5,21.5
960.0,21.844653364426268,22.057345464203173,-28.513710349045212,21.0,0,-1.0573454642031734,23.360776833500132,20.5,21.5
961.0,21.771042287758387,22.002172960715324,-28.51254306190987,21.0,1,-1.002172960715324,20.34699785607984,20.5,21.5
962.0,21.719024451496725,21.993743639206322,-28.51137690753769,21.0,0,-0.9937436392063219,21.74086399393626,20.5,21.5
963.0,21.734486045763767,22.04320521027174,-28.510211886816755,21.0,0,-1.04320521027174,23.52705234223428,20.5,21.5
964.0,21.630590031211273,22.0612220439304,-28.509048000634277,21.0,0,-1.0612220439303996,22.60172705369019,20.5,21.5
965.0,21.56709096120242,22.09181326464836,-28.5078852498766,21.0,0,-1.0918132646483585,23.009549886187123,20.5,21.5
966.0,21.65132314585149,22.123155868179186,-28.506723635429218,21.0,0,-1.123155868179186,23.06343397410401,20.5,21.5
967.0,21.629384137582196,22.102838345976856,-28.505563158176745,21.0,0,-1.1028383459768563,21.493312679906964,20.5,21.5
968.0,21.657887740743146,22.068968339303762,-28.50440381900294,21.0,0,-1.068968339303762,21.05286813911093,20.5,21.5
969.0,21.59350102190602,21.958641241306722,-28.50324561879068,21.0,1,-0.9586412413067222,18.648828301395532,20.5,21.5
970.0,21.675647592134176,21.98079640781634,-28.502088558421995,21.0,0,-0.9807964078163387,22.645451403104833,20.5,21.5
971.0,21.7426091480805,21.91461059792759,-28.500932638778036,21.0,1,-0.9146105979275916,19.929036301265178,20.5,21.5
972.0,21.80183611842859,21.853688855856404,-28.49977786073908,21.0,1,-0.8536888558564044,20.02603659372079,20.5,21.5
973.0,21.848592282528536,21.892576140815304,-28.498624225184546,21.0,0,-0.8925761408153043,23.059194689582302,20.5,21.5
974.0,21.91665830299198,22.157830473794228,-28.497471732992977,21.0,0,-1.1578304737942275,30.115460463161924,20.5,21.5
975.0,21.97249298651912,22.21555849823138,-28.496320385042047,21.0,0,-1.2155584982313812,23.94739923134599,20.5,21.5
976.0,21.93469331752297,22.314217023040516,-28.49517018220855,21.0,0,-1.3142170230405164,25.27397276731457,20.5,21.5
977.0,21.94206212256229,22.381844145406983,-28.494021125368427,21.0,0,-1.3818441454069834,24.410657816400995,20.5,21.5
978.0,21.960978791006912,22.473282442618775,-28.492873215396724,21.0,0,-1.4732824426187747,25.216431358972514,20.5,21.5
979.0,21.887385640025936,22.332288618734616,-28.49172645316763,21.0,1,-1.3322886187346157,18.102473902209844,20.5,21.5
980.0,21.91579468531474,22.229465469422465,-28.490580839554454,21.0,1,-1.2294654694224647,19.144770990057935,20.5,21.5
981.0,21.952284610400827,22.324168271773814,-28.489436375429634,21.0,0,-1.3241682717738144,25.165252342314304,20.5,21.5
982.0,21.976483647957696,22.32376180854422,-28.48829306166472,21.0,0,-1.3237618085442193,22.31156791165637,20.5,21.5
983.0,22.047987160721178,22.21536485404124,-28.487150899130405,21.0,1,-1.2153648540412405,18.963456218951876,20.5,21.5
984.0,22.023198126712458,22.18283530445601,-28.486009888696486,21.0,1,-1.1828353044560096,21.206948816899082,20.5,21.5
985.0,22.03748983166174,22.180630090503236,-28.4848700312319,21.0,0,-1.1806300905032359,22.114473671920024,20.5,21.5
986.0,22.029105459311253,22.03313741380986,-28.483731327604694,21.0,1,-1.033137413809861,17.608357113008616,20.5,21.5
987.0,22.02984936717698,22.052607527964874,-28.482593778682045,21.0,0,-1.0526075279648737,22.636710952615253,20.5,21.5
988.0,21.97000654436537,22.083061273770248,-28.481457385330238,21.0,0,-1.083061273770248,22.99667364793148,20.5,21.5
989.0,21.93816922567247,22.085441948822172,-28.480322148414693,21.0,0,-1.0854419488221723,22.156862200379898,20.5,21.5
990.0,21.983140768654582,22.12677687436727,-28.47918806879994,21.0,0,-1.1267768743672697,23.366824640720193,20.5,21.5
991.0,22.036002944926086,22.298792851818895,-28.478055147349625,21.0,0,-1.2987928518188951,27.45927217536766,20.5,21.5
992.0,22.1025285408259,22.387336728389183,-28.476923384926526,21.0,0,-1.387336728389183,25.04365302549782,20.5,21.5
993.0,22.05870348698928,22.33721230878475,-28.475792782392524,21.0,0,-1.3372123087847498,20.833479720651752,20.5,21.5
994.0,22.139760268343554,22.4990248994316,-28.474663340608622,21.0,0,-1.4990248994315998,27.353402618837098,20.5,21.5
995.0,22.06630437895953,22.549683937561092,-28.47353506043494,21.0,0,-1.5496839375610918,24.069455081445852,20.5,21.5
996.0,22.02502629714468,22.462480705740067,-28.472407942730715,21.0,1,-1.4624807057400666,19.84638375110931,20.5,21.5
997.0,22.041523037301626,22.383871996494737,-28.471281988354292,21.0,1,-1.3838719964947366,20.025610719134836,20.5,21.5
998.0,22.088943384206246,22.48634466301066,-28.470157198163136,21.0,0,-1.4863446630106587,25.560524658488323,20.5,21.5
999.0,22.05457732230904,22.428929793846173,-28.469033573013824,21.0,0,-1.428929793846173,20.7064837189116,20.5,21.5
1000.0,22.03376894108794,22.31125344199167,-28.467911113762042,21.0,1,-1.3112534419916706,18.7809628863566,20.5,21.5
1001.0,22.127526009876043,22.29541437899411,-28.466789821262598,21.0,0,-1.29541437899411,21.82024248906729,20.5,21.5
1002.0,22.13693277828033,22.416206904135816,-28.465669696369403,21.0,0,-1.4162069041358158,26.039982658386993,20.5,21.5
1003.0,22.082741993690373,22.46658943684333,-28.464550739935476,21.0,0,-1.4665894368433285,23.97806541806871,20.5,21.5
1004.0,22.03263490235268,22.479187483952927,-28.46343295281295,21.0,0,-1.479187483952927,22.857128897240884,20.5,21.5
1005.0,22.034043000003685,22.54094844594409,-28.46231633585308,21.0,0,-1.540948445944089,24.393777305678945,20.5,21.5
1006.0,22.020990962484376,22.56341763902788,-28.46120088990621,21.0,0,-1.563417639027879,23.237493431541576,20.5,21.5
1007.0,22.017311359450552,22.483310699453256,-28.4600866158218,21.0,1,-1.4833106994532557,20.08010251221456,20.5,21.5
1008.0,22.01530139536568,22.426997935890185,-28.458973514448424,21.0,1,-1.426997935890185,20.737615028998064,20.5,21.5
1009.0,21.969440118339687,22.36331904933733,-28.457861586633747,21.0,1,-1.3633190493373313,20.45295245275172,20.5,21.5
1010.0,21.969166481448628,22.379342415572093,-28.45675083322456,21.0,0,-1.3793424155720935,22.86004340261496,20.5,21.5
1011.0,22.00489425364409,22.310184864629097,-28.455641255066745,21.0,1,-1.3101848646290968,20.235458336339196,20.5,21.5
1012.0,21.983504314286858,22.298458641065732,-28.454532853005297,21.0,0,-1.2984586410657322,21.946671934164794,20.5,21.5
1013.0,22.079961600305403,22.260869176814296,-28.45342562788431,21.0,0,-1.260869176814296,21.133185249271214,20.5,21.5
1014.0,21.97998313919403,22.29640096823905,-28.452319580546988,21.0,0,-1.2964009682390483,23.362354710981613,20.5,21.5
1015.0,22.025144247892552,22.439711534192277,-28.45121471183563,21.0,0,-1.439711534192277,26.73902851278914,20.5,21.5
1016.0,22.003498584569492,22.615311327685607,-28.450111022591642,21.0,0,-1.6153113276856068,27.8833051324855,20.5,21.5
1017.0,21.955021392225753,22.583802345943205,-28.44900851365553,21.0,0,-1.5838023459432051,21.638532893671155,20.5,21.5
1018.0,21.92587369134957,22.555981709112718,-28.44790718586691,21.0,0,-1.555981709112718,21.721362604198102,20.5,21.5
1019.0,21.90522179605219,22.467020143412917,-28.44680704006448,21.0,1,-1.4670201434129169,19.798173172418885,20.5,21.5
1020.0,21.969837546225946,22.35855386078965,-28.44570807708606,21.0,1,-1.3585538607896517,19.104565382091696,20.5,21.5
1021.0,21.992619375963717,22.174930583003565,-28.44461029776855,21.0,1,-1.1749305830035652,16.666232249420972,20.5,21.5
1022.0,22.037750457448645,22.203888887922687,-28.443513702947957,21.0,0,-1.2038888879226874,23.072638035496354,20.5,21.5
1023.0,22.048626144324682,22.243294017906045,-28.44241829345939,21.0,0,-1.2432940179060452,23.42544791740678,20.5,21.5
1024.0,22.007369438525647,22.390091174519814,-28.44132407013705,21.0,0,-1.3900911745198137,26.794005872932868,20.5,21.5
1025.0,21.9352394742385,22.350356804411568,-28.440231033814236,21.0,0,-1.3503568044115681,21.158325701164202,20.5,21.5
1026.0,21.95155420784087,22.3673972423152,-28.43913918532334,21.0,0,-1.3673972423151994,22.87861037942414,20.5,21.5
1027.0,21.884512170076608,22.474722667998833,-28.438048525495855,21.0,0,-1.474722667998833,25.69448543850784,20.5,21.5
1028.0,21.847107774881678,22.505411505075937,-28.43695905516236,21.0,0,-1.5054115050759371,23.42607661738906,20.5,21.5
1029.0,21.79763272845778,22.39769157636,-28.435870775152544,21.0,1,-1.3976915763599997,19.166093714881878,20.5,21.5
1030.0,21.80875159062714,22.416095557526653,-28.434783686295173,21.0,0,-1.4160955575266527,22.968214992526242,20.5,21.5
1031.0,21.712482574422854,22.365789969085732,-28.43369778941811,21.0,0,-1.365789969085732,20.85662231585811,20.5,21.5
1032.0,21.734466801271896,22.102880616699355,-28.432613085348322,21.0,1,-1.1028806166993554,14.215600045108058,20.5,21.5
1033.0,21.654129160684583,22.020136619921278,-28.43152957491185,21.0,1,-1.0201366199212778,19.53781671657895,20.5,21.5
1034.0,21.757218277874934,21.97547085835662,-28.430447258933835,21.0,1,-0.9754708583566192,20.63549801141686,20.5,21.5
1035.0,21.74761548123739,22.013742667745742,-28.42936613823851,21.0,0,-1.013742667745742,23.161896949419425,20.5,21.5
1036.0,21.726827728366956,22.096794880634725,-28.428286213649194,21.0,0,-1.0967948806347252,24.588361267304222,20.5,21.5
1037.0,21.724272621509567,22.17240072894318,-28.4272074859883,21.0,0,-1.172400728943181,24.440576178196856,20.5,21.5
1038.0,21.68092895346102,22.134030985185635,-28.426129956077325,21.0,0,-1.1340309851856354,20.982938672459266,20.5,21.5
1039.0,21.765851339393965,22.131595292340027,-28.425053624736854,21.0,0,-1.1315952923400268,22.058524506971768,20.5,21.5
1040.0,21.74078041670201,22.00531647191294,-28.423978492786556,21.0,1,-1.0053164719129413,18.216951859100377,20.5,21.5
1041.0,21.72363569988066,21.863601216839704,-28.422904561045197,21.0,1,-0.8636012168397045,17.6121435646426,20.5,21.5
1042.0,21.723988417086694,21.813600992591326,-28.421831830330618,21.0,1,-0.8136009925913257,20.31359426513996,20.5,21.5
1043.0,21.711660785453688,21.814284848285432,-28.420760301459755,21.0,0,-0.8142848482854319,21.83480051910862,20.5,21.5
1044.0,21.77032733673032,21.791028037689035,-28.41968997524862,21.0,0,-0.7910280376890348,21.093323719797123,20.5,21.5
1045.0,21.750707091003708,21.98111182337432,-28.418620852512312,21.0,0,-0.9811118233743201,27.68362539393288,20.5,21.5
1046.0,21.79942633043787,22.075527299754548,-28.41755293406502,21.0,0,-1.0755272997545475,24.90799159116137,20.5,21.5
1047.0,21.856592522694875,22.13122205837252,-28.416486220720007,21.0,0,-1.1312220583725185,23.80206481691165,20.5,21.5
1048.0,21.896435804244508,22.32875217091977,-28.41542071328962,21.0,0,-1.3287521709197705,28.25465554733733,20.5,21.5
1049.0,21.904489709041574,22.521980085031323,-28.414356412585292,21.0,0,-1.5219800850313234,28.31881750837791,20.5,21.5
1050.0,21.7559519919474,22.314416892602566,-28.41329331941753,21.0,1,-1.3144168926025657,16.087521119739833,20.5,21.5
1051.0,21.78444178513154,22.356641799976543,-28.41223143459593,21.0,0,-1.3566417999765434,23.623389021195877,20.5,21.5
1052.0,21.698089314068817,22.394016687951048,-28.411170758929163,21.0,0,-1.3940166879510478,23.51526332718618,20.5,21.5
1053.0,21.718384249463618,22.15559209324729,-28.41011129322498,21.0,1,-1.1555920932472894,15.002854252134536,20.5,21.5
1054.0,21.660449599081993,21.9640762641827,-28.40905303829021,21.0,1,-0.964076264182701,16.21860139224505,20.5,21.5
1055.0,21.72489585537659,22.01054960141054,-28.407995994930758,21.0,0,-1.0105496014105384,23.40474971824566,20.5,21.5
1056.0,21.7566207213477,21.94807739069871,-28.406940163951607,21.0,1,-0.9480773906987103,20.07391106934387,20.5,21.5
1057.0,21.741963591448243,21.8986382992817,-28.405885546156824,21.0,1,-0.8986382992816999,20.415465556771387,20.5,21.5
1058.0,21.778104229539803,21.97777579930774,-28.40483214234954,21.0,0,-0.9777757993077394,24.351900800088924,20.5,21.5
1059.0,21.728400824221936,22.036734060533433,-28.403779953331977,21.0,0,-1.0367340605334334,23.805481897304254,20.5,21.5
1060.0,21.712110819194738,21.996225560564074,-28.402728979905415,21.0,0,-0.9962255605640742,20.780970561483297,20.5,21.5
1061.0,21.68139365573917,22.015880976171722,-28.401679222870214,21.0,0,-1.0158809761717222,22.605543444401164,20.5,21.5
1062.0,21.724057162177,22.11868108994306,-28.400630683025817,21.0,0,-1.1186810899430597,25.202684503083184,20.5,21.5
1063.0,21.72307488233136,21.971254937392523,-28.39958336117073,21.0,1,-0.9712549373925228,17.548470360876415,20.5,21.5
1064.0,21.749477732137365,21.98561224700378,-28.398537258102532,21.0,0,-0.9856122470037789,22.416331535341463,20.5,21.5
1065.0,21.874299225139428,22.200448699888753,-28.39749237461788,21.0,0,-1.200448699888753,28.645542286437973,20.5,21.5
1066.0,21.908497390241394,22.196318304488766,-28.39644871151249,21.0,0,-1.1963183044887664,22.07240644248917,20.5,21.5
1067.0,21.925766401568065,22.162826058801084,-28.395406269581166,21.0,0,-1.162826058801084,21.15805868817061,20.5,21.5
1068.0,21.9093125389267,22.255819244551258,-28.39436504961777,21.0,0,-1.2558192445512582,25.045614817056485,20.5,21.5
1069.0,21.82245714489966,22.22913130393831,-28.393325052415236,21.0,0,-1.2291313039383098,21.42849308554986,20.5,21.5
1070.0,21.741354825341933,21.987784548459054,-28.392286278765567,21.0,1,-0.9877845484590537,14.74738188408137,20.5,21.5
1071.0,21.790321322538542,21.95910574189198,-28.391248729459832,21.0,1,-0.9591057418919817,21.09874154487982,20.5,21.5
1072.0,21.794678776160595,21.903689786586174,-28.39021240528817,21.0,1,-0.9036897865861739,20.24121112741194,20.5,21.5
1073.0,21.83167116715749,22.021894614008005,-28.389177307039795,21.0,0,-1.021894614008005,25.568039436662936,20.5,21.5
1074.0,21.862042215357906,21.918230126693164,-28.38814343550297,21.0,1,-0.9182301266931638,18.80829550724793,20.5,21.5
1075.0,21.88936299601129,22.181682316101615,-28.387110791465034,21.0,0,-1.1816823161016146,30.085247998355136,20.5,21.5
1076.0,21.91605138953725,22.361531681393956,-28.386079375712395,21.0,0,-1.3615316813939558,27.75701264016419,20.5,21.5
1077.0,21.883244765389673,22.377344332515708,-28.38504918903052,21.0,0,-1.3773443325157082,22.85172386616828,20.5,21.5
1078.0,21.794366355687366,22.263060127379525,-28.384020232203937,21.0,1,-1.263060127379525,18.83453397329403,20.5,21.5
1079.0,21.7615352886129,22.313264359913767,-28.382992506016247,21.0,0,-1.3132643599137666,23.819391335941013,20.5,21.5
1080.0,21.763134067368288,22.13820729062775,-28.381966011250107,21.0,1,-1.1382072906277507,16.886495212047276,20.5,21.5
1081.0,21.67422991807141,21.917885495537185,-28.38094074868723,21.0,1,-0.9178854955371847,15.308231642820203,20.5,21.5
1082.0,21.683655832518323,21.839203832903152,-28.379916719108408,21.0,1,-0.8392038329031521,19.478753953882176,20.5,21.5
1083.0,21.650350322902455,21.79544253604687,-28.37889392329348,21.0,1,-0.7954425360468704,20.48260363035842,20.5,21.5
1084.0,21.619238772943003,21.76098070830894,-28.377872362021346,21.0,1,-0.7609807083089386,20.727125876170984,20.5,21.5
1085.0,21.641650047987188,21.654535885871827,-28.376852036069977,21.0,1,-0.6545358858718267,18.461191212758468,20.5,21.5
1086.0,21.60135745297588,21.710630279785466,-28.375832946216388,21.0,0,-0.710630279785466,23.393462097194647,20.5,21.5
1087.0,21.6609779194011,21.705382853237246,-28.374815093236663,21.0,0,-0.7053828532372464,21.547960056790657,20.5,21.5
1088.0,21.690110814207483,21.78600020973271,-28.373798477905943,21.0,0,-0.786000209732709,24.20452090459659,20.5,21.5
1089.0,21.71286753337464,21.87268925577352,-28.372783100998426,21.0,0,-0.8726892557735191,24.47336063699782,20.5,21.5
1090.0,21.783246959809777,22.04027437762076,-28.371768963287362,21.0,0,-1.0402743776207615,27.067828033038033,20.5,21.5
1091.0,21.80407734849422,22.154142740004374,-28.370756065545063,21.0,0,-1.1541427400043744,25.570193611512764,20.5,21.5
1092.0,21.869390180485713,22.236174497937903,-28.369744408542893,21.0,0,-1.2361744979379026,24.697127235943746,20.5,21.5
1093.0,21.826573141103687,22.150282147449122,-28.368733993051272,21.0,1,-1.150282147449122,19.573511632785706,20.5,21.5
1094.0,21.781368892473054,22.003237175629767,-28.36772481983968,21.0,1,-1.003237175629767,17.59188802104912,20.5,21.5
1095.0,21.757785278978243,22.02896808925909,-28.366716889676642,21.0,0,-1.0289680892590916,22.800895498138825,20.5,21.5
1096.0,21.799889430462763,21.986652843216028,-28.365710203329744,21.0,0,-0.986652843216028,20.71719546192412,20.5,21.5
1097.0,21.857601835445788,22.035744220981446,-28.36470476156562,21.0,0,-1.0357442209814458,23.50848555394398,20.5,21.5
1098.0,21.76986057324888,22.11379698248234,-28.363700565149955,21.0,0,-1.1137969824823415,24.455379827509212,20.5,21.5
1099.0,21.80758421751494,22.249712047593974,-28.36269761484749,21.0,0,-1.2497120475939738,26.327164000942943,20.5,21.5
1100.0,21.73589241146203,22.283802676317542,-28.361695911422018,21.0,0,-1.283802676317542,23.30652153802459,20.5,21.5
1101.0,21.70762310181763,22.32238173363093,-28.360695455636375,21.0,0,-1.3223817336309303,23.479753453032576,20.5,21.5
1102.0,21.65287816794035,22.18292154629907,-28.359696248252455,21.0,1,-1.1829215462990703,17.999115926343272,20.5,21.5
1103.0,21.699776671764536,22.033893221018392,-28.3586982900312,21.0,1,-1.033893221018392,17.563043462598042,20.5,21.5
1104.0,21.71645630348326,22.0780189987266,-28.35770158173259,21.0,0,-1.0780189987265985,23.401792329972793,20.5,21.5
1105.0,21.7384960436038,21.973655044380315,-28.356706124115675,21.0,1,-0.9736550443803154,18.842736413991823,20.5,21.5
1106.0,21.74107622079953,22.03320258509976,-28.355711917938525,21.0,0,-1.0332025850997617,23.819628806683152,20.5,21.5
1107.0,21.707634021390277,21.98511113760651,-28.35471896395828,21.0,0,-0.9851111376065091,20.542367712808932,20.5,21.5
1108.0,21.591313818770054,21.999685769705213,-28.353727262931116,21.0,0,-0.9996857697052128,22.436924732666323,20.5,21.5
1109.0,21.536332179057144,22.01886726384451,-28.352736815612257,21.0,0,-1.018867263844509,22.594312088023397,20.5,21.5
1110.0,21.5867656458875,22.008477172506225,-28.35174762275597,21.0,0,-1.0084771725062254,21.696774432357714,20.5,21.5
1111.0,21.61893117263439,21.848256551165548,-28.35075968511557,21.0,1,-0.848256551165548,17.041637910945227,20.5,21.5
1112.0,21.646111113464592,22.009603741197473,-28.34977300344341,21.0,0,-1.0096037411974734,26.850019442155237,20.5,21.5
1113.0,21.598854273245138,22.229896896979533,-28.348787578490896,21.0,0,-1.2298968969795325,28.838691570441306,20.5,21.5
1114.0,21.547696519165797,22.12063396470716,-28.34780341100847,21.0,1,-1.1206339647071601,18.84274599653599,20.5,21.5
1115.0,21.477432486599618,22.13678025940607,-28.346820501745622,21.0,0,-1.1367802594060699,22.62116910037336,20.5,21.5
1116.0,21.49629384816771,22.256481722360498,-28.34583885145088,21.0,0,-1.2564817223604976,25.84752561099333,20.5,21.5
1117.0,21.525969046991783,22.105500226667978,-28.3448584608718,21.0,1,-1.1055002266679779,17.576055355892386,20.5,21.5
1118.0,21.5214009409012,21.992757866834257,-28.343879330755012,21.0,1,-0.9927578668342569,18.61048707182263,20.5,21.5
1119.0,21.553365828045735,21.972483660894945,-28.342901461846154,21.0,1,-0.9724836608949445,21.364257482715573,20.5,21.5
1120.0,21.597824012716615,21.99206261076538,-28.341924854889918,21.0,0,-0.9920626107653803,22.579431106878452,20.5,21.5
1121.0,21.58244512323833,21.773563380046543,-28.340949510630033,21.0,1,-0.7735633800465429,15.218586458481422,20.5,21.5
1122.0,21.548408317877286,21.89041222077615,-28.339975429809265,21.0,0,-0.8904122207761489,25.39587744266433,20.5,21.5
1123.0,21.52474777755881,21.761944557450473,-28.33900261316942,21.0,1,-0.7619445574504731,17.907914657680198,20.5,21.5
1124.0,21.540295354427094,21.69288842195313,-28.338031061451343,21.0,1,-0.6928884219531284,19.621204357032788,20.5,21.5
1125.0,21.573375327245234,21.68105129435965,-28.33706077539491,21.0,1,-0.6810512943596514,21.32593746655534,20.5,21.5
1126.0,21.587610653429625,21.812164538866963,-28.336091755739034,21.0,0,-0.8121645388669627,25.745561874086302,20.5,21.5
1127.0,21.65201478928724,21.85842564360447,-28.335124003221672,21.0,0,-0.8584256436044697,23.24625878572968,20.5,21.5
1128.0,21.627361710401136,21.981284603596386,-28.3341575185798,21.0,0,-0.9812846035963858,25.66705340335387,20.5,21.5
1129.0,21.574073386529264,22.141845497585614,-28.33319230254945,21.0,0,-1.1418454975856136,26.958672317262447,20.5,21.5
1130.0,21.550701385658257,21.91418276753963,-28.332228355865663,21.0,1,-0.9141827675396286,15.084300866160078,20.5,21.5
1131.0,21.64260215379106,21.897847447233524,-28.331265679262536,21.0,1,-0.8978474472335236,21.407787838050375,20.5,21.5
1132.0,21.724786308176775,21.879598470922264,-28.33030427347319,21.0,1,-0.8795984709222644,21.332129181584488,20.5,21.5
1133.0,21.803108366939398,21.914413806238993,-28.329344139229768,21.0,0,-0.9144138062389935,22.958873865740866,20.5,21.5
1134.0,21.795049437660325,21.913167490549654,-28.328385277263457,21.0,0,-0.9131674905496538,21.875778019869465,20.5,21.5
1135.0,21.813541811341253,22.119736884633834,-28.327427688304482,21.0,0,-1.1197368846338343,28.316818707159246,20.5,21.5
1136.0,21.84980778361063,22.123735302677353,-28.32647137308208,21.0,0,-1.1237353026773533,22.243687843982926,20.5,21.5
1137.0,21.825252568836554,22.18787599318993,-28.325516332324522,21.0,0,-1.1878759931899303,24.11209670856724,20.5,21.5
1138.0,21.824980240461,22.265421878012926,-28.324562566759123,21.0,0,-1.2654218780129263,24.591798422702805,20.5,21.5
1139.0,21.841110660748583,22.243721514516558,-28.323610077112214,21.0,0,-1.243721514516558,21.592710609625513,20.5,21.5
1140.0,21.822363408406336,22.192482869353086,-28.32265886410915,21.0,0,-1.1924828693530856,20.65532351444891,20.5,21.5
1141.0,21.841476472018126,22.303546418994685,-28.321708928474333,21.0,0,-1.303546418994685,25.63545290824267,20.5,21.5
1142.0,21.787466663311523,22.169301077979537,-28.320760270931174,21.0,1,-1.1693010779795365,18.14194084752508,20.5,21.5
1143.0,21.79606050719031,22.02546910618179,-28.319812892202116,21.0,1,-1.0254691061817915,17.710509952249442,20.5,21.5
1144.0,21.800272229576567,22.121113673389065,-28.31886679300863,21.0,0,-1.1211136733890648,24.99045068960726,20.5,21.5
1145.0,21.86411855122709,22.189513961823657,-28.317921974071215,21.0,0,-1.189513961823657,24.241522614861424,20.5,21.5
1146.0,21.95558317119906,22.085964015903578,-28.316978436109387,21.0,1,-1.0859640159035777,18.9794656383012,20.5,21.5
1147.0,21.939140594612013,22.240588358626603,-28.316036179841696,21.0,0,-1.2405883586266029,26.879318640317358,20.5,21.5
1148.0,21.937014432909372,22.409863373385754,-28.315095205985706,21.0,0,-1.409863373385754,27.488113816160286,20.5,21.5
1149.0,21.970671242826537,22.2402251243314,-28.31415551525801,21.0,1,-1.240225124331399,17.151077652700753,20.5,21.5
1150.0,21.935875025917255,22.376984271925846,-28.31321710837423,21.0,0,-1.3769842719258456,26.47975869975924,20.5,21.5
1151.0,21.925563468952486,22.456929946114837,-28.312279986048996,21.0,0,-1.4569299461148368,24.855300171784574,20.5,21.5
1152.0,21.8991344566028,22.413812578998176,-28.31134414899597,21.0,0,-1.4138125789981757,21.12029156549834,20.5,21.5
1153.0,21.926064861965195,22.3244710364926,-28.310409597927833,21.0,1,-1.3244710364926,19.64422476132533,20.5,21.5
1154.0,21.973549820762752,22.398942304720766,-28.309476333556287,21.0,0,-1.3989423047207659,24.63308035156574,20.5,21.5
1155.0,21.927405169317833,22.267795807013755,-28.30854435659205,21.0,1,-1.267795807013755,18.333400875803427,20.5,21.5
1156.0,21.931763783323692,22.25708012991094,-28.30761366774487,21.0,0,-1.257080129910939,21.935609816826464,20.5,21.5
1157.0,21.815866833178955,22.164274922319628,-28.306684267723504,21.0,1,-1.1642749223196276,19.380118694580283,20.5,21.5
1158.0,21.85548356929252,22.19357679317206,-28.305756157235727,21.0,0,-1.1935767931720598,23.072632918745025,20.5,21.5
1159.0,21.848662662915185,22.272227140793785,-28.304829336988334,21.0,0,-1.2722271407937846,24.63173756944553,20.5,21.5
1160.0,21.830838729536392,22.182285196012476,-28.30390380768715,21.0,1,-1.1822851960124758,19.484026852573212,20.5,21.5
1161.0,21.83512753624458,22.090512208098126,-28.302979570036992,21.0,1,-1.0905122080981258,19.337322570667624,20.5,21.5
1162.0,21.801386585154468,22.12807139296499,-28.302056624741716,21.0,0,-1.1280713929649906,23.254846938970935,20.5,21.5
1163.0,21.836065582771436,22.181223699995865,-28.301134972504183,21.0,0,-1.181223699995865,23.775792910922096,20.5,21.5
1164.0,21.828425459159224,21.951453729652425,-28.300214614026274,21.0,1,-0.9514537296524246,15.058354619349213,20.5,21.5
1165.0,21.870847115834238,21.935528772157035,-28.299295550008875,21.0,1,-0.9355287721570349,21.457780047295344,20.5,21.5
1166.0,21.833079105448487,21.970063543166038,-28.2983777811519,21.0,0,-0.970063543166038,23.006106673436133,20.5,21.5
1167.0,21.803260060824854,21.934427364130308,-28.29746130815426,21.0,0,-0.9344273641303076,20.865341993058394,20.5,21.5
1168.0,21.827435094248887,21.80731515987573,-28.296546131713903,21.0,1,-0.8073151598757313,17.993949032238444,20.5,21.5
1169.0,21.782695596878245,21.995900846455008,-28.295632252527767,21.0,0,-0.9959008464550081,27.65347144383331,20.5,21.5
1170.0,21.737596937890583,22.060354775778098,-28.294719671291816,21.0,0,-1.060354775778098,23.993972655470795,20.5,21.5
1171.0,21.760003497830006,22.075709352850705,-28.293808388701013,21.0,0,-1.075709352850705,22.536346665028912,20.5,21.5
1172.0,21.671675578681704,22.118341274464974,-28.292898405449346,21.0,0,-1.1183412744649743,23.397298922893057,20.5,21.5
1173.0,21.6759148728039,22.08579726796778,-28.2919897222298,21.0,0,-1.0857972679677808,21.109477073051973,20.5,21.5
1174.0,21.71067224318574,22.123966218689837,-28.291082339734384,21.0,0,-1.1239662186898371,23.26903474035153,20.5,21.5
1175.0,21.70010192045456,22.11361724987095,-28.290176258654107,21.0,0,-1.1136172498709485,21.803148185304288,20.5,21.5
1176.0,21.74624787022683,22.116972129897835,-28.289271479678987,21.0,0,-1.1169721298978352,22.21761853070444,20.5,21.5
1177.0,21.718194377349615,22.110035641737447,-28.288368003498054,21.0,0,-1.110035641737447,21.901940996925802,20.5,21.5
1178.0,21.66448649647195,22.112810392570555,-28.28746583079934,21.0,0,-1.1128103925705553,22.1960529175638,20.5,21.5
1179.0,21.59843738419817,22.088739347965554,-28.2865649622699,21.0,0,-1.0887393479655536,21.366608009815504,20.5,21.5
1180.0,21.599348313288594,22.152383586327613,-28.285665398595775,21.0,0,-1.1523835863276126,24.061710737189383,20.5,21.5
1181.0,21.586614241547643,22.135736537392603,-28.284767140462023,21.0,0,-1.135736537392603,21.636325069342313,20.5,21.5
1182.0,21.61396675460325,22.104233964369786,-28.28387018855271,21.0,0,-1.1042339643697865,21.159156773685293,20.5,21.5
1183.0,21.64820593722461,22.15223959837071,-28.282974543550903,21.0,0,-1.1522395983707092,23.59240861839839,20.5,21.5
1184.0,21.53380816586774,21.981755475579178,-28.282080206138673,21.0,1,-0.9817554755791775,16.867231791833227,20.5,21.5
1185.0,21.545069928174993,21.998155749582946,-28.281187176997094,21.0,0,-0.9981557495829456,22.49016396969599,20.5,21.5
1186.0,21.49643307424002,21.881216868624573,-28.280295456806254,21.0,1,-0.8812168686245734,18.373050439873406,20.5,21.5
1187.0,21.503125199435292,21.932964592594793,-28.27940504624523,21.0,0,-0.9329645925947929,23.48539631170138,20.5,21.5
1188.0,21.47129434968371,21.912645450069036,-28.278515945992112,21.0,0,-0.9126454500690357,21.30307117429632,20.5,21.5
1189.0,21.34535562703188,21.804063841394804,-28.27762815672399,21.0,1,-0.8040638413948038,18.546615581167845,20.5,21.5
1190.0,21.373597552003783,21.569318831084747,-28.27674167911695,21.0,1,-0.5693188310847468,14.526968521783036,20.5,21.5
1191.0,21.385438113822087,21.55061457824863,-28.275856513846083,21.0,1,-0.5506145782486307,20.989486993165148,20.5,21.5
1192.0,21.417879670818447,21.535280117684998,-28.274972661585487,21.0,1,-0.535280117684998,21.075246300776016,20.5,21.5
1193.0,21.443955664871364,21.49279800490082,-28.274090123008246,21.0,1,-0.4927980049008198,20.218334621375476,20.5,21.5
1194.0,21.497795785359642,21.6563105316013,-28.273208898786457,21.0,0,-0.6563105316012994,26.561686332615686,20.5,21.5
1195.0,21.453663991354514,21.892767284679298,-28.27232898959121,21.0,0,-0.892767284679298,28.986469877019257,20.5,21.5
1196.0,21.379614978399324,21.951344065702248,-28.27145039609259,21.0,0,-0.9513440657022478,23.708647496390743,20.5,21.5
1197.0,21.34122475118675,21.91281618224776,-28.27057311895969,21.0,0,-0.9128161822477594,20.756979678613106,20.5,21.5
1198.0,21.346091291006346,21.97730587409955,-28.26969715886059,21.0,0,-0.9773058740995495,23.911996629653252,20.5,21.5
1199.0,21.41925148958234,22.026849167488695,-28.268822516462375,21.0,0,-1.0268491674886953,23.513147969163068,20.5,21.5
1200.0,21.4282184772208,21.988046069886522,-28.267949192431125,21.0,0,-0.9880460698865221,20.823953141821328,20.5,21.5
1201.0,21.478844871273,21.969799154058837,-28.267077187431905,21.0,0,-0.9697991540588369,21.42239167922828,20.5,21.5
1202.0,21.60651427033121,21.971007477327753,-28.266206502128796,21.0,0,-0.9710074773277526,22.007257175395225,20.5,21.5
1203.0,21.537563149585136,21.89436172994932,-28.265337137184854,21.0,1,-0.8943617299493205,19.594989308596357,20.5,21.5
1204.0,21.48586129847868,21.88460753925794,-28.264469093262143,21.0,0,-0.8846075392579387,21.591981818516484,20.5,21.5
1205.0,21.371690739756172,21.833394411139032,-28.263602371021715,21.0,1,-0.8333944111390323,20.297000567571843,20.5,21.5
1206.0,21.385304009852288,21.77365526767423,-28.262736971123616,21.0,1,-0.7736552676742292,19.981480963730135,20.5,21.5
1207.0,21.48043404079215,21.903688513326095,-28.26187289422689,21.0,0,-0.9036885133260952,25.804685882882076,20.5,21.5
1208.0,21.321705319852697,22.047015584800715,-28.261010140989562,21.0,0,-1.0470155848007145,26.346827729039294,20.5,21.5
1209.0,21.34286677644043,21.838938889257516,-28.260148712068663,21.0,1,-0.8389388892575163,15.596638022961567,20.5,21.5
1210.0,21.313829464097708,21.7099308930599,-28.2592886081202,21.0,1,-0.7099308930599015,17.83969100713146,20.5,21.5
1211.0,21.410136039861296,21.6959321201532,-28.25842982979919,21.0,1,-0.6959321201531985,21.275968932952107,20.5,21.5
1212.0,21.363288762121652,21.551679303683454,-28.257572377759622,21.0,1,-0.5516793036834535,17.224094809591104,20.5,21.5
1213.0,21.387751029506898,21.539058843912322,-28.256716252654485,21.0,1,-0.5390588439123221,21.160445050778378,20.5,21.5
1214.0,21.352521019681085,21.67914003997715,-28.255861455135758,21.0,0,-0.679140039977149,25.881575921921957,20.5,21.5
1215.0,21.288681602056798,21.669289867232397,-28.255007985854405,21.0,0,-0.669289867232397,21.373784684889838,20.5,21.5
1216.0,21.23637677426479,21.71048083598215,-28.25415584546038,21.0,0,-0.7104808359821497,22.94620989847473,20.5,21.5
1217.0,21.247176874204612,21.706653083939862,-28.253305034602626,21.0,0,-0.7066530839398624,21.59182052267124,20.5,21.5
1218.0,21.231138916667177,21.663306101505395,-28.252455553929067,21.0,1,-0.6633061015053947,20.362896628471365,20.5,21.5
1219.0,21.2569189879859,21.613844572278794,-28.25160740408663,21.0,1,-0.6138445722787935,20.129998695480758,20.5,21.5
1220.0,21.223532635423673,21.735196164878296,-28.25076058572121,21.0,0,-0.7351961648782961,25.375743942863373,20.5,21.5
1221.0,21.239169757330696,21.674972255907708,-28.249915099477697,21.0,1,-0.6749722559077078,19.86825498679006,20.5,21.5
1222.0,21.34612458554832,21.698427004130103,-28.249070945999964,21.0,0,-0.6984270041301031,22.40206945080196,20.5,21.5
1223.0,21.242418937559204,21.52145910886445,-28.248228125930876,21.0,1,-0.5214591088644482,16.212422250894804,20.5,21.5
1224.0,21.16952290501971,21.54803406524034,-28.24738663991227,21.0,0,-0.5480340652403406,22.34528275651711,20.5,21.5
1225.0,21.1734933518368,21.681518523591194,-28.246546488584983,21.0,0,-0.681518523591194,25.686052274116797,20.5,21.5
1226.0,21.10214590798907,21.779645695988794,-28.24570767258882,21.0,0,-0.7796456959887941,24.723460867916796,20.5,21.5
1227.0,21.06276636201377,21.600027094759362,-28.24487019256258,21.0,1,-0.600027094759362,16.2114690578764,20.5,21.5
1228.0,21.08473723321977,21.641688072592512,-28.24403404914404,21.0,0,-0.6416880725925118,22.891517407587006,20.5,21.5
1229.0,21.092065662807073,21.59705752416996,-28.243199242969954,21.0,1,-0.5970575241699585,20.25814107149336,20.5,21.5
1230.0,21.041280217367493,21.443625178291846,-28.24236577467607,21.0,1,-0.4436251782918461,16.840654801948475,20.5,21.5
1231.0,21.071092069419006,21.351823009996686,-28.241533644897107,21.0,1,-0.3518230099966857,18.597757961141873,20.5,21.5
1232.0,21.09149678073986,21.214069118503367,-28.240702854266768,21.0,1,-0.2140691185033674,17.08145237370382,20.5,21.5
1233.0,21.052997030318497,21.109923122723917,-28.239873403417736,21.0,1,-0.10992312272391658,17.98554324934039,20.5,21.5
1234.0,21.073452868957393,21.07041127596621,-28.239045292981675,21.0,1,-0.07041127596621166,19.885055873235064,20.5,21.5
1235.0,21.18762455078778,21.17684651390838,-28.23821852358923,21.0,0,-0.17684651390838013,24.369903652173434,20.5,21.5
1236.0,21.04910939504643,21.23978184610987,-28.237393095870015,21.0,0,-0.23978184610987086,23.127841812154593,20.5,21.5
1237.0,21.0584171484632,21.376384654192975,-28.236569010452634,21.0,0,-0.3763846541929752,25.474468896686105,20.5,21.5
1238.0,21.118424103533133,21.604650051459846,-28.235746267964664,21.0,0,-0.6046500514598456,28.45261196946596,20.5,21.5
1239.0,21.114234335974096,21.572635938453903,-28.234924869032657,21.0,0,-0.572635938453903,20.612212548275625,20.5,21.5
1240.0,21.109967799813546,21.369467760948137,-28.234104814282148,21.0,1,-0.3694677609481367,15.274422435775147,20.5,21.5
1241.0,21.064277752809108,21.276412862751485,-28.233286104337637,21.0,1,-0.276412862751485,18.484765916851934,20.5,21.5
1242.0,21.16504809687184,21.31312156319194,-28.232468739822615,21.0,0,-0.31312156319194173,22.414382576405643,20.5,21.5
1243.0,21.234584734795884,21.317212669145114,-28.231652721359534,21.0,0,-0.31721266914511403,21.439945847740283,20.5,21.5
1244.0,21.224449070573975,21.541402262022874,-28.230838049569833,21.0,0,-0.5414022620228742,28.26709004835568,20.5,21.5
1245.0,21.246341648539417,21.726810407594083,-28.230024725073918,21.0,0,-0.7268104075940833,27.289054774730356,20.5,21.5
1246.0,21.1765963340692,21.735453111956833,-28.229212748491168,21.0,0,-0.7354531119568328,21.994734242839318,20.5,21.5
1247.0,21.113331456681394,21.731647592264935,-28.228402120439945,21.0,0,-0.7316475922649346,21.617482001507987,20.5,21.5
1248.0,21.047944000097225,21.676325377662884,-28.22759284153757,21.0,1,-0.6763253776628844,20.016658939601378,20.5,21.5
1249.0,21.0553621243392,21.548025010815802,-28.22678491240035,21.0,1,-0.5480250108158025,17.699014005403345,20.5,21.5
1250.0,21.017589999631234,21.44251601623504,-28.225978333643557,21.0,1,-0.44251601623503944,18.27724617881215,20.5,21.5
1251.0,21.052477220600544,21.514594379770802,-28.22517310588143,21.0,0,-0.5145943797708021,23.676945285843683,20.5,21.5
1252.0,20.984169677664838,21.485921156630543,-28.2243692297272,21.0,0,-0.4859211566305426,20.625724462422756,20.5,21.5
1253.0,20.921787488087386,21.407273691141988,-28.223566705793033,21.0,1,-0.4072736911419881,19.047849726485353,20.5,21.5
1254.0,20.86197562893591,21.327351317718456,-28.222765534690105,21.0,1,-0.32735131771845616,18.9296801150125,20.5,21.5
1255.0,20.965343225094845,21.235986536041946,-28.221965717028528,21.0,1,-0.23598653604194553,18.495043085746627,20.5,21.5
1256.0,21.033767011549916,21.16715610837744,-28.221167253417406,21.0,1,-0.16715610837744066,19.102243278442295,20.5,21.5
1257.0,21.067178076447465,21.243988902341673,-28.220370144464802,21.0,0,-0.24398890234167325,23.54897272126865,20.5,21.5
1258.0,21.03470208792583,21.28001561876237,-28.219574390777748,21.0,0,-0.2800156187623699,22.36081711138327,20.5,21.5
1259.0,21.006099610838568,21.353661852434634,-28.218779992962247,21.0,0,-0.35366185243463377,23.56304886260255,20.5,21.5
1260.0,20.998997725655265,21.475493697416386,-28.217986951623264,21.0,0,-0.47549369741638614,25.130449046868957,20.5,21.5
1261.0,20.902908923747965,21.517149517754536,-28.21719526736474,21.0,0,-0.517149517754536,22.76682412789903,20.5,21.5
1262.0,20.978662968121622,21.513893703139967,-28.216404940789573,21.0,0,-0.5138937031399671,21.4162192647029,20.5,21.5
1263.0,20.94948478192767,21.512373649181164,-28.21561597249963,21.0,0,-0.5123736491811641,21.466772030417076,20.5,21.5
1264.0,20.900625982872963,21.480841587015824,-28.214828363095748,21.0,0,-0.48084158701582425,20.534879722055628,20.5,21.5
1265.0,20.876694191597135,21.442411093078498,-28.214042113177726,21.0,1,-0.4424110930784977,20.2894962749587,20.5,21.5
1266.0,20.878876517709212,21.242171538855693,-28.213257223344325,21.0,1,-0.2421715388556933,15.234984912171562,20.5,21.5
1267.0,20.836201363933327,21.25138869011417,-28.212473694193275,21.0,0,-0.25138869011416887,21.527903227868435,20.5,21.5
1268.0,20.79842324170397,21.127400123412656,-28.211691526321264,21.0,1,-0.12740012341265583,17.407743122367265,20.5,21.5
1269.0,20.755859642954963,21.05746358414117,-28.21091072032395,21.0,1,-0.05746358414117125,18.959367405996634,20.5,21.5
1270.0,20.800842110559614,21.047149610117422,-28.21013127679595,21.0,1,-0.04714961011742247,20.73773038940496,20.5,21.5
1271.0,20.881201428934574,21.097463098658544,-28.209353196330845,21.0,0,-0.09746309865854386,22.606867754892185,20.5,21.5
1272.0,20.81502406540565,21.11140119009277,-28.208576479521174,21.0,0,-0.11140119009277072,21.529543933119577,20.5,21.5
1273.0,20.75824238830675,21.1685826277112,-28.207801126958444,21.0,0,-0.16858262771119925,22.884025756264055,20.5,21.5
1274.0,20.72095807706885,21.145767178152276,-28.20702713923312,21.0,1,-0.14576717815227624,20.461303691384586,20.5,21.5
1275.0,20.721613264737364,21.05389808085618,-28.206254516934624,21.0,1,-0.053898080856178865,18.297825161973257,20.5,21.5
1276.0,20.69592723943616,21.15138176864216,-28.20548326065134,21.0,0,-0.15138176864216035,24.075892402221605,20.5,21.5
1277.0,20.671725375439777,20.937248198772473,-28.204713370970623,21.0,1,0.06275180122752744,14.513241102681839,20.5,21.5
1278.0,20.679520055063424,20.940543032205493,-28.20394484847877,21.0,1,0.05945696779450671,21.039388035196115,20.5,21.5
1279.0,20.784793790283718,20.982635339257236,-28.20317769376104,21.0,0,0.017364660742764215,22.24540455080951,20.5,21.5
1280.0,20.71835566637019,21.057226748112406,-28.202411907401668,21.0,0,-0.0572267481124058,23.294969013767506,20.5,21.5
1281.0,20.63939441616164,21.063831029373965,-28.20164748998382,21.0,0,-0.06383102937396501,21.26195946722074,20.5,21.5
1282.0,20.718102239058418,21.24555972018366,-28.200884442089638,21.0,0,-0.24555972018366035,26.69742044447452,20.5,21.5
1283.0,20.745225221387862,21.165399993595646,-28.200122764300218,21.0,1,-0.1653999935956456,18.760608195955204,20.5,21.5
1284.0,20.866976443226868,21.14304825857915,-28.199362457195612,21.0,1,-0.1430482585791495,20.472496208084266,20.5,21.5
1285.0,20.94647310596525,21.189319828478247,-28.198603521354826,21.0,0,-0.18931982847824713,22.577466925451176,20.5,21.5
1286.0,20.981529369132474,21.32316434609907,-28.197845957355817,21.0,0,-0.32316434609906963,25.338499874723745,20.5,21.5
1287.0,20.959150420710152,21.243736311282294,-28.19708976577551,21.0,1,-0.24373631128229434,18.860895266779035,20.5,21.5
1288.0,21.058807698802667,21.417483588984577,-28.196334947189772,21.0,0,-0.4174835889845774,26.62990192005307,20.5,21.5
1289.0,21.109902460484268,21.562762686705405,-28.195581502173436,21.0,0,-0.5627626867054047,25.921135618330226,20.5,21.5
1290.0,21.11207085441507,21.547398113752244,-28.194829431300278,21.0,0,-0.5473981137522443,21.086460925157432,20.5,21.5
1291.0,21.05766626458778,21.475250226487375,-28.194078735143037,21.0,1,-0.47525022648737547,19.31081360854131,20.5,21.5
1292.0,21.024079465470702,21.536272250576083,-28.1933294142734,21.0,0,-0.5362722505760829,23.366932973237304,20.5,21.5
1293.0,21.047800106347612,21.445893613854906,-28.192581469262002,21.0,1,-0.44589361385490633,18.73453451221961,20.5,21.5
1294.0,21.034589663839633,21.440738914127127,-28.191834900678444,21.0,1,-0.4407389141271274,21.28609792229376,20.5,21.5
1295.0,21.087919451124186,21.417613749414482,-28.191089709091266,21.0,1,-0.4176137494144818,20.723858808035114,20.5,21.5
1296.0,21.08600749507384,21.54042626454781,-28.19034589506796,21.0,0,-0.5404262645478113,25.224801718547695,20.5,21.5
1297.0,21.0384649616612,21.553231666644795,-28.189603459174982,21.0,0,-0.5532316666447947,21.937393729554298,20.5,21.5
1298.0,21.079454811606386,21.63425513166486,-28.188862401977723,21.0,0,-0.6342551316648617,24.06495908226687,20.5,21.5
1299.0,21.097784980095735,21.60184080901146,-28.18812272404053,21.0,0,-0.6018408090114598,20.6294111294094,20.5,21.5
1300.0,21.12018424405255,21.57510870840029,-28.1873844259267,21.0,0,-0.5751087084002897,20.77314569006519,20.5,21.5
1301.0,21.099020988338516,21.403337426620887,-28.186647508198483,21.0,1,-0.4033374266208867,16.250198973238795,20.5,21.5
1302.0,21.199687197460655,21.448060023920785,-28.18591197141707,21.0,0,-0.44806002392078526,22.789737942917743,20.5,21.5
1303.0,21.233887140321663,21.325635682522726,-28.185177816142605,21.0,1,-0.32563568252272646,17.652905440580962,20.5,21.5
1304.0,21.22584062418374,21.350087523792638,-28.184445042934183,21.0,0,-0.35008752379263797,22.083642761889983,20.5,21.5
1305.0,21.192943678523726,21.429065799081116,-28.183713652349837,21.0,0,-0.42906579908111553,23.798414057735442,20.5,21.5
1306.0,21.138250663027335,21.518098397507778,-28.182983644946557,21.0,0,-0.518098397507778,24.18907635030765,20.5,21.5
1307.0,21.1273006623342,21.47554046241124,-28.182255021280273,21.0,1,-0.4755404624112387,20.19880240951506,20.5,21.5
1308.0,21.132802644494642,21.55903318776779,-28.181527781905864,21.0,0,-0.5590331877677883,24.063814948464277,20.5,21.5
1309.0,21.105946346112216,21.489733424177736,-28.180801927377154,21.0,1,-0.4897334241777358,19.41074051647616,20.5,21.5
1310.0,21.13886206067759,21.420185618511084,-28.180077458246913,21.0,1,-0.42018561851108416,19.333751448511535,20.5,21.5
1311.0,21.129845919775182,21.478781846919297,-28.179354375066858,21.0,0,-0.47878184691929704,23.236668699165683,20.5,21.5
1312.0,21.084175937507887,21.503606784076354,-28.178632678387647,21.0,0,-0.5036067840763536,22.24835489878805,20.5,21.5
1313.0,21.200738620402426,21.66057712226307,-28.177912368758882,21.0,0,-0.6605771222630707,26.369687267864585,20.5,21.5
1314.0,21.24235844902022,21.590067510274785,-28.17719344672911,21.0,1,-0.5900675102747854,19.474779150626226,20.5,21.5
1315.0,21.21479699555262,21.705548284653528,-28.176475912845824,21.0,0,-0.7055482846535277,25.169971516015796,20.5,21.5
1316.0,21.19042905872473,21.616368998174174,-28.175759767655453,21.0,1,-0.616368998174174,18.940990403793563,20.5,21.5
1317.0,21.176806079590182,21.650289946961966,-28.17504501170338,21.0,0,-0.6502899469619656,22.667918410595714,20.5,21.5
1318.0,21.125677638014455,21.627677263950027,-28.174331645533915,21.0,0,-0.6276772639500265,20.949296773591854,20.5,21.5
1319.0,21.167509099342983,21.744748048667176,-28.17361966969032,21.0,0,-0.7447480486671765,25.256871590181674,20.5,21.5
1320.0,21.132766186405405,21.619841983201077,-28.1729090847148,21.0,1,-0.6198419832010771,17.872660019218095,20.5,21.5
1321.0,21.273543386322586,21.530297534406106,-28.172199891148487,21.0,1,-0.530297534406106,18.843964070556975,20.5,21.5
1322.0,21.195851055557412,21.49392374101801,-28.171492089531473,21.0,1,-0.4939237410180084,20.40270993937508,20.5,21.5
1323.0,21.19591070686201,21.37312826795388,-28.170785680402773,21.0,1,-0.37312826795388077,17.74926407603005,20.5,21.5
1324.0,21.14593124452441,21.369791695189637,-28.17008066430035,21.0,1,-0.3697916951896367,21.269694512262316,20.5,21.5
1325.0,21.223637145481028,21.481952923124187,-28.169377041761106,21.0,0,-0.4819529231241866,24.846789761160682,20.5,21.5
1326.0,21.19849515191953,21.56810156781018,-28.168674813320877,21.0,0,-0.5681015678101815,24.15256090839003,20.5,21.5
1327.0,21.169259617744036,21.580772270217068,-28.167973979514443,21.0,0,-0.5807722702170679,21.96089334242366,20.5,21.5
1328.0,21.176271149851722,21.45667882911039,-28.16727454087552,21.0,1,-0.45667882911039115,17.73387559591009,20.5,21.5
1329.0,21.1857463247078,21.46083807165175,-28.16657649793676,21.0,0,-0.46083807165175017,21.58561534789252,20.5,21.5
1330.0,21.124898513406126,21.418916700386653,-28.165879851229754,21.0,1,-0.41891670038665296,20.161275562433737,20.5,21.5
1331.0,21.14587313240785,21.225064437767166,-28.165184601285024,21.0,1,-0.22506443776716623,15.409496559182564,20.5,21.5
1332.0,21.218244642229113,21.263407442761086,-28.164490748632037,21.0,0,-0.2634074427610855,22.413697592578664,20.5,21.5
1333.0,21.27006763704478,21.381311308871542,-28.163798293799193,21.0,0,-0.38131130887154185,24.918427292185232,20.5,21.5
1334.0,21.244702676481456,21.404594663633084,-28.163107237313824,21.0,0,-0.40459466363308394,22.103095306479347,20.5,21.5
1335.0,21.291034023434634,21.4199211271269,-28.162417579702204,21.0,0,-0.41992112712690144,21.879715031941426,20.5,21.5
1336.0,21.363653118612337,21.653791598349056,-28.16172932148953,21.0,0,-0.6537915983490556,28.669905735013682,20.5,21.5
1337.0,21.406802730827373,21.650220590577113,-28.161042463199948,21.0,0,-0.6502205905771135,21.543090357418848,20.5,21.5
1338.0,21.427500058576776,21.688032341135187,-28.160357005356524,21.0,0,-0.6880323411351874,22.822384857877406,20.5,21.5
1339.0,21.401172155389755,21.708843488515697,-28.15967294848127,21.0,0,-0.7088434885156971,22.33317790993099,20.5,21.5
1340.0,21.342550195645185,21.75649701221989,-28.15899029309512,21.0,0,-0.7564970122198886,23.186102723345634,20.5,21.5
1341.0,21.39618310178698,21.65907394249869,-28.15830903971795,21.0,1,-0.65907394249869,18.73638185086273,20.5,21.5
1342.0,21.44933312166438,21.606768303703934,-28.157629188868558,21.0,1,-0.6067683037039338,20.037599139861246,20.5,21.5
1343.0,21.492482203126187,21.73496244786436,-28.156950741064684,21.0,0,-0.7349624478643584,25.580786772677097,20.5,21.5
1344.0,21.4671138046808,21.779962329289347,-28.156273696823,21.0,0,-0.7799623292893472,23.12995877203901,20.5,21.5
1345.0,21.529834990291658,21.778300909790406,-28.155598056659095,21.0,0,-0.7783009097904063,21.72845832482218,20.5,21.5
1346.0,21.47356585122632,21.862431509412154,-28.154923821087507,21.0,0,-0.8624315094121542,24.38634949806459,20.5,21.5
1347.0,21.382101585185232,21.848087027791138,-28.15425099062169,21.0,0,-0.8480870277911379,21.41775257916065,20.5,21.5
1348.0,21.370240379551046,21.8692682262081,-28.153579565774038,21.0,0,-0.8692682262080993,22.504704178716942,20.5,21.5
1349.0,21.306172420250963,21.690783456346544,-28.152909547055867,21.0,1,-0.6907834563465443,16.336240360499893,20.5,21.5
1350.0,21.30669496369927,21.660907676846573,-28.152240934977428,21.0,1,-0.6609076768465734,20.764634291847447,20.5,21.5
1351.0,21.335489408776866,21.76130466973018,-28.151573730047893,21.0,0,-0.7613046697301797,24.77321445623837,20.5,21.5
1352.0,21.409334181590648,21.85239813110761,-28.150907932775375,21.0,0,-0.8523981311076092,24.585201972430493,20.5,21.5
1353.0,21.47839359906455,21.757698499114987,-28.150243543666903,21.0,1,-0.7576984991149871,18.916709539336324,20.5,21.5
1354.0,21.390645282029904,21.860919557326156,-28.149580563228437,21.0,0,-0.8609195573261559,24.95755130366122,20.5,21.5
1355.0,21.429205315366197,21.907125255884306,-28.14891899196487,21.0,0,-0.9071252558843064,23.29329621262882,20.5,21.5
1356.0,21.445004006513283,21.815749536204095,-28.14825883038001,21.0,1,-0.8157495362040947,19.074477945797746,20.5,21.5
1357.0,21.518619245135916,21.85012628595292,-28.14760007897661,21.0,0,-0.8501262859529213,22.881428778417717,20.5,21.5
1358.0,21.552544796035413,21.82944290931716,-28.146942738256325,21.0,0,-0.8294429093171587,21.20894161024428,20.5,21.5
1359.0,21.512251867969304,21.8327087731763,-28.146286808719758,21.0,0,-0.8327087731763001,21.930684688950542,20.5,21.5
1360.0,21.545652624630467,21.87154003625154,-28.145632290866423,21.0,0,-0.8715400362515417,23.03647792850879,20.5,21.5
1361.0,21.48474868442699,21.946355233684976,-28.14497918519477,21.0,0,-0.9463552336849759,24.190811156688,20.5,21.5
1362.0,21.553563560485536,21.874243647251543,-28.14432749220216,21.0,1,-0.8742436472515429,19.710896054248554,20.5,21.5
1363.0,21.58949838099689,21.89431223638344,-28.143677212384887,21.0,0,-0.8943122363834384,22.496369910340302,20.5,21.5
1364.0,21.651363877181137,21.87370497644966,-28.143028346238175,21.0,0,-0.8737049764496589,21.255487178436276,20.5,21.5
1365.0,21.6334238859467,21.73740120554361,-28.14238089425615,21.0,1,-0.737401205543609,17.64828807836211,20.5,21.5
1366.0,21.66263182503052,21.6526612876581,-28.141734856931887,21.0,1,-0.6526612876580984,19.11046375109278,20.5,21.5
1367.0,21.687456119932634,21.866051882102248,-28.141090234757367,21.0,0,-0.8660518821022478,28.26776971542673,20.5,21.5
1368.0,21.587799302851298,21.761554023380988,-28.140447028223498,21.0,1,-0.7615540233809881,18.626618261743197,20.5,21.5
1369.0,21.572213301246986,21.872882750591593,-28.139805237820106,21.0,0,-0.872882750591593,25.21274456690974,20.5,21.5
1370.0,21.564281229462043,21.971815666772443,-28.13916486403595,21.0,0,-0.9718156667724429,24.93980315219794,20.5,21.5
1371.0,21.45597968678907,21.997888299500744,-28.138525907358698,21.0,0,-0.9978882995007439,22.780067281349773,20.5,21.5
1372.0,21.40551619389743,21.79006338141891,-28.137888368274943,21.0,1,-0.7900633814189106,15.555315838963914,20.5,21.5
1373.0,21.45343283297416,21.924589889983928,-28.1372522472702,21.0,0,-0.9245898899839275,25.960385146934435,20.5,21.5
1374.0,21.435575471994984,21.88493683739504,-28.1366175448289,21.0,0,-0.8849368373950384,20.695345259728363,20.5,21.5
1375.0,21.422192921522658,21.88721437221144,-28.135984261434402,21.0,0,-0.8872143722114387,21.95554041670345,20.5,21.5
1376.0,21.456622122737198,21.85367026868615,-28.135352397568976,21.0,0,-0.8536702686861517,20.84734716292754,20.5,21.5
1377.0,21.421036074577856,22.007508412063626,-28.13472195371381,21.0,0,-1.0075084120636255,26.62265271338784,20.5,21.5
1378.0,21.38004983943898,21.86673635495123,-28.13409293034902,21.0,1,-0.8667363549512288,17.643574641579328,20.5,21.5
1379.0,21.432679206427437,21.85841538021545,-28.133465327953637,21.0,0,-0.858415380215451,21.60878613814212,20.5,21.5
1380.0,21.48752087425654,21.809656728563752,-28.132839147005598,21.0,1,-0.8096567285637519,20.346897179012778,20.5,21.5
1381.0,21.495047582185993,21.83168366105635,-28.132214387981772,21.0,0,-0.8316836610563492,22.492491635834266,20.5,21.5
1382.0,21.520631072118746,21.76175888148594,-28.13159105135794,21.0,1,-0.7617588814859388,19.66401549437363,20.5,21.5
1383.0,21.504591242627516,21.84906723057415,-28.1309691376088,21.0,0,-0.8490672305741498,24.468317703220478,20.5,21.5
1384.0,21.49881209232389,21.79315926689327,-28.13034864720797,21.0,1,-0.7931592668932694,20.11592035646686,20.5,21.5
1385.0,21.56841066363448,21.78103694319724,-28.129729580627977,21.0,1,-0.7810369431972397,21.417367232316348,20.5,21.5
1386.0,21.590505439367554,21.867072045314632,-28.129111938340266,21.0,0,-0.8670720453146323,24.44812510883641,20.5,21.5
1387.0,21.583296364884013,21.90118480217589,-28.1284957208152,21.0,0,-0.9011848021758908,22.924567508013645,20.5,21.5
1388.0,21.595854748243795,21.84601963546217,-28.127880928522053,21.0,1,-0.8460196354621701,20.191064634050548,20.5,21.5
1389.0,21.62793499363518,21.90180739762536,-28.12726756192902,21.0,0,-0.9018073976253618,23.575440262521113,20.5,21.5
1390.0,21.642600262220835,21.879998521117948,-28.126655621503204,21.0,0,-0.8799985211179475,21.22573222589552,20.5,21.5
1391.0,21.72233419022464,21.87524213570027,-28.126045107710624,21.0,0,-0.8752421357002689,21.73255057316991,20.5,21.5
1392.0,21.6385945873247,21.74569654070985,-28.125436021016217,21.0,1,-0.7456965407098508,17.85932869099731,20.5,21.5
1393.0,21.57371331580255,21.81111552425432,-28.12482836188382,21.0,0,-0.8111155242543191,23.773685030588368,20.5,21.5
1394.0,21.54273324693759,21.856937709377238,-28.124222130776204,21.0,0,-0.8569377093772381,23.23160326306481,20.5,21.5
1395.0,21.51108819557773,21.951401457557523,-28.12361732815503,21.0,0,-0.9514014575575231,24.785313902966074,20.5,21.5
1396.0,21.449328584283,21.87910034925556,-28.12301395448089,21.0,1,-0.8791003492555589,19.710067100196632,20.5,21.5
1397.0,21.497633284319278,21.982231652150958,-28.122412010213267,21.0,0,-0.9822316521509578,25.076170739012923,20.5,21.5
1398.0,21.53234944200567,21.975436856471966,-28.121811495810583,21.0,0,-0.9754368564719655,21.7715929861022,20.5,21.5
1399.0,21.562665230514256,22.022126918203035,-28.12121241173014,21.0,0,-1.0221269182030355,23.422828770135133,20.5,21.5
1400.0,21.535996369172086,21.866311834943186,-28.120614758428182,21.0,1,-0.8663118349431862,17.191859337147708,20.5,21.5
1401.0,21.522384459669954,21.74809726515669,-28.12001853635984,21.0,1,-0.7480972651566908,18.20166017156183,20.5,21.5
1402.0,21.599079892417823,21.792871524148325,-28.119423745979162,21.0,0,-0.7928715241483246,23.136099293897338,20.5,21.5
1403.0,21.62174224287783,21.782395977806235,-28.11883038773911,21.0,0,-0.7823959778062353,21.468129587543554,20.5,21.5
1404.0,21.622427402201502,21.82149004109228,-28.118238462091547,21.0,0,-0.8214900410922787,22.994311939673583,20.5,21.5
1405.0,21.561636005726207,21.93653560031707,-28.11764796948726,21.0,0,-0.9365356003170717,25.38790237706086,20.5,21.5
1406.0,21.556543777214056,22.104330108575432,-28.117058910375924,21.0,0,-1.1043301085754322,27.138165356326247,20.5,21.5
1407.0,21.571178112573342,21.88848737073487,-28.11647128520614,21.0,1,-0.8884873707348717,15.413205235518056,20.5,21.5
1408.0,21.61264977801102,21.93525398329043,-28.11588509442541,21.0,0,-0.9352539832904299,23.338252359957174,20.5,21.5
1409.0,21.589593670688554,21.748725389134417,-28.115300338480136,21.0,1,-0.7487253891344174,16.152867564454045,20.5,21.5
1410.0,21.555699498818274,21.579056122333572,-28.114717017815643,21.0,1,-0.5790561223335722,16.488978118308214,20.5,21.5
1411.0,21.614022829622204,21.607309775235738,-28.114135132876154,21.0,0,-0.6073097752357377,22.454919362300704,20.5,21.5
1412.0,21.56762957337425,21.667140769399452,-28.1135546841048,21.0,0,-0.6671407693994524,23.462070594310894,20.5,21.5
1413.0,21.549278943928336,21.69622910484847,-28.112975671943612,21.0,0,-0.6962291048484701,22.568879168319,20.5,21.5
1414.0,21.5770969123297,21.884675632783512,-28.11239809683354,21.0,0,-0.8846756327835124,27.53807147083478,20.5,21.5
1415.0,21.499125744735927,22.07436567909422,-28.11182195921443,21.0,0,-1.074365679094221,27.765067068415483,20.5,21.5
1416.0,21.427362922820844,21.915922622382364,-28.111247259525037,21.0,1,-0.9159226223823644,17.162630921026665,20.5,21.5
1417.0,21.38294897198392,22.001013737982895,-28.11067399820302,21.0,0,-1.0010137379828947,24.553747205998803,20.5,21.5
1418.0,21.32466536357281,21.853110939119087,-28.110102175684936,21.0,1,-0.8531109391190874,17.41602697320487,20.5,21.5
1419.0,21.468628179326057,21.770891060202313,-28.109531792406266,21.0,1,-0.7708910602023131,19.304294692699084,20.5,21.5
1420.0,21.51686873535522,21.681830462070472,-28.10896284880137,21.0,1,-0.6818304620704723,19.010012518115246,20.5,21.5
1421.0,21.56491507894472,21.68884837547042,-28.10839534530352,21.0,0,-0.6888483754704211,21.899385777468886,20.5,21.5
1422.0,21.566076161987777,21.644459339192505,-28.10782928234491,21.0,1,-0.6444593391925046,20.31278825085501,20.5,21.5
1423.0,21.625389194669346,21.836485138745157,-28.10726466035661,21.0,0,-0.8364851387451573,27.597259125324737,20.5,21.5
1424.0,21.63554216130639,21.76013228032155,-28.106701479768606,21.0,1,-0.7601322803215496,19.469546527613318,20.5,21.5
1425.0,21.583605973666206,21.804391649683065,-28.10613974100979,21.0,0,-0.8043916496830654,23.13217273052854,20.5,21.5
1426.0,21.46539942214336,21.84108774629727,-28.105579444507942,21.0,0,-0.8410877462972692,22.941970644723384,20.5,21.5
1427.0,21.453329177705932,21.692982495919914,-28.105020590689758,21.0,1,-0.6929824959199138,17.24982498459925,20.5,21.5
1428.0,21.46527354081895,21.5328402755027,-28.10446317998083,21.0,1,-0.5328402755027,16.728573662986285,20.5,21.5
1429.0,21.526742739543756,21.57898723672249,-28.103907212805645,21.0,0,-0.5789872367224902,22.963396073316197,20.5,21.5
1430.0,21.536117273111163,21.756481789241867,-28.103352689587602,21.0,0,-0.7564817892418674,27.081318364823183,20.5,21.5
1431.0,21.552535444218798,21.956876763368477,-28.102799610748992,21.0,0,-0.9568767633684772,27.96872598716677,20.5,21.5
1432.0,21.575347531456387,22.12798627965487,-28.102247976711006,21.0,0,-1.1279862796548699,27.26127176824665,20.5,21.5
1433.0,21.569248540080096,22.095616460360745,-28.10169778789374,21.0,0,-1.0956164603607448,21.124521881536992,20.5,21.5
1434.0,21.524138113261156,21.988104277244407,-28.101149044716195,21.0,1,-0.9881042772444069,18.76273878375427,20.5,21.5
1435.0,21.41254877768947,21.77600729335254,-28.100601747596244,21.0,1,-0.7760072933525386,15.41309777659649,20.5,21.5
1436.0,21.368592579084012,21.696535332102233,-28.100055896950696,21.0,1,-0.6965353321022327,19.312376494593057,20.5,21.5
1437.0,21.420096351466512,21.639370046472273,-28.09951149319523,21.0,1,-0.6393700464722727,19.92441147757347,20.5,21.5
1438.0,21.48819483542055,21.73280442529306,-28.098968536744433,21.0,0,-0.732804425293061,24.53583578991671,20.5,21.5
1439.0,21.49058875620119,21.746556984683753,-28.09842702801179,21.0,0,-0.7465569846837532,22.15913376640452,20.5,21.5
1440.0,21.512092500877017,21.763369419858073,-28.097886967409693,21.0,0,-0.7633694198580727,22.26774247508766,20.5,21.5
1441.0,21.51420782984884,21.7126658100145,-28.09734835534941,21.0,1,-0.7126658100144994,20.1915575147073,20.5,21.5
1442.0,21.598262011006913,21.65170989523878,-28.096811192241123,21.0,1,-0.6517098952387812,19.823032451967237,20.5,21.5
1443.0,21.572164777079646,21.70264976550007,-28.096275478493904,21.0,0,-0.7026497655000696,23.230845873338723,20.5,21.5
1444.0,21.559684694094784,21.842967317116486,-28.095741214515723,21.0,0,-0.8429673171164858,26.05249386560897,20.5,21.5
1445.0,21.495179637020566,21.905935774153193,-28.095208400713442,21.0,0,-0.9059357741531926,23.794989485254398,20.5,21.5
1446.0,21.398971278030363,21.782929602132448,-28.09467703749283,21.0,1,-0.7829296021324481,18.092744441510114,20.5,21.5
1447.0,21.42824078272275,21.84138730392062,-28.09414712525853,21.0,0,-0.8413873039206194,23.59511835756576,20.5,21.5
1448.0,21.496562750075782,21.7631853447827,-28.093618664414105,21.0,1,-0.7631853447826984,19.417126570645067,20.5,21.5
1449.0,21.50523804285326,21.776510024777213,-28.093091655361995,21.0,0,-0.7765100247772132,22.176250424612657,20.5,21.5
1450.0,21.543709586793852,21.83582739567741,-28.092566098503546,21.0,0,-0.8358273956774092,23.615348522683288,20.5,21.5
1451.0,21.541730163995926,21.99584725014389,-28.092041994238986,21.0,0,-0.9958472501438891,26.796442884138287,20.5,21.5
1452.0,21.553020667571563,22.099197844261095,-28.091519342967445,21.0,0,-1.099197844261095,25.199715667777273,20.5,21.5
1453.0,21.540154823768475,22.143780135728537,-28.09099814508695,21.0,0,-1.1437801357285373,23.481248879751806,20.5,21.5
1454.0,21.573906237550435,22.13037370509579,-28.090478400994407,21.0,0,-1.1303737050957885,21.728180786113324,20.5,21.5
1455.0,21.595134944684297,22.193935714147592,-28.089960111085627,21.0,0,-1.1939357141475924,24.10079598570171,20.5,21.5
1456.0,21.60849245515549,22.17780137308027,-28.089443275755315,21.0,0,-1.1778013730802712,21.693771141060637,20.5,21.5
1457.0,21.646040817233594,22.043251335107648,-28.088927895397056,21.0,1,-1.043251335107648,18.00675019592895,20.5,21.5
1458.0,21.665721944273812,21.96369779750677,-28.08841397040334,21.0,1,-0.9636977975067715,19.577091669480478,20.5,21.5
1459.0,21.697087348831868,21.811117006314646,-28.08790150116554,21.0,1,-0.811117006314646,17.23369327055088,20.5,21.5
1460.0,21.72043496759102,21.59759354803729,-28.08739048807393,21.0,1,-0.5975935480372883,15.191889799716556,20.5,21.5
1461.0,21.82587160687417,21.683526527745453,-28.086880931517662,21.0,0,-0.6835265277454532,24.2615159189904,20.5,21.5
1462.0,21.78481890928094,21.80506804872827,-28.086372831884784,21.0,0,-0.8050680487282698,25.451313678212767,20.5,21.5
1463.0,21.794410041143717,21.88380689857806,-28.085866189562243,21.0,0,-0.8838068985780616,24.245972394071817,20.5,21.5
1464.0,21.736920267282624,22.002035084986847,-28.085361004935866,21.0,0,-1.0020350849868471,25.548880677250413,20.5,21.5
1465.0,21.693070095879204,22.141900077895354,-28.084857278390373,21.0,0,-1.1419000778953539,26.337849865150556,20.5,21.5
1466.0,21.69013073421202,21.9869661303981,-28.08435501030937,21.0,1,-0.9869661303980983,17.338947705480432,20.5,21.5
1467.0,21.69968599831078,21.946974131131626,-28.08385420107536,21.0,1,-0.9469741311316255,20.747214153137442,20.5,21.5
1468.0,21.648878515155754,21.91803536704317,-28.083354851069736,21.0,1,-0.9180353670431707,21.049872444389525,20.5,21.5
1469.0,21.668248870270943,21.903425343765768,-28.082856960672764,21.0,1,-0.9034253437657682,21.465124645443694,20.5,21.5
1470.0,21.663480632962763,21.844194594001824,-28.082360530263614,21.0,1,-0.8441945940018236,20.067272101083486,20.5,21.5
1471.0,21.69160855143957,21.804243526099146,-28.08186556022034,21.0,1,-0.8042435260991461,20.60571148901882,20.5,21.5
1472.0,21.71330860966453,21.82314988969932,-28.081372050919885,21.0,0,-0.8231498896993195,22.39034079770452,20.5,21.5
1473.0,21.746663929959148,21.87034919113824,-28.080880002738077,21.0,0,-0.8703491911382386,23.286328234305813,20.5,21.5
1474.0,21.645026407052846,21.88055422246428,-28.080389416049627,21.0,0,-0.88055422246428,22.18670516224552,20.5,21.5
1475.0,21.634828670896624,21.890002769464246,-28.079900291228142,21.0,0,-0.8900027694642461,22.17345917946323,20.5,21.5
1476.0,21.61606682432654,22.052793045736614,-28.079412628646114,21.0,0,-1.052793045736614,26.93650133390765,20.5,21.5
1477.0,21.563180593948385,22.11413355121173,-28.078926428674915,21.0,0,-1.1141335512117294,23.954348715465194,20.5,21.5
1478.0,21.555957939963008,21.988826556466833,-28.078441691684812,21.0,1,-0.988826556466833,18.229616714119942,20.5,21.5
1479.0,21.589279395336746,22.127649627682132,-28.07795841804495,21.0,0,-1.127649627682132,26.2923417641411,20.5,21.5
1480.0,21.54425940316968,22.026176476027096,-28.077476608123362,21.0,1,-1.0261764760270964,18.98198192637603,20.5,21.5
1481.0,21.524938605830382,21.881733397732802,-28.07699626228697,21.0,1,-0.8817333977328019,17.548441048903967,20.5,21.5
1482.0,21.595929102739245,21.741541214746576,-28.076517380901578,21.0,1,-0.7415412147465759,17.535775725159795,20.5,21.5
1483.0,21.632906357899945,21.776445605443747,-28.076039964331873,21.0,0,-0.7764456054437474,22.823577326358894,20.5,21.5
1484.0,21.709777084615446,21.65168939262267,-28.075564012941427,21.0,1,-0.6516893926226714,17.909003007990393,20.5,21.5
1485.0,21.769734088889038,21.83287296035906,-28.075089527092707,21.0,0,-0.8328729603590617,27.268379992450768,20.5,21.5
1486.0,21.766746787499,22.058835011749245,-28.07461650714704,21.0,0,-1.0588350117492453,28.837696553454755,20.5,21.5
1487.0,21.804772505446753,22.2345729116029,-28.074144953464668,21.0,0,-1.2345729116028998,27.506709907212535,20.5,21.5
1488.0,21.80433718344511,22.229309081218783,-28.073674866404684,21.0,0,-1.2293090812187835,22.071394169695292,20.5,21.5
1489.0,21.775717744017992,22.202261076415645,-28.07320624632509,21.0,0,-1.2022610764156454,21.390820932321503,20.5,21.5
1490.0,21.742528402919973,22.181493307098407,-28.072739093582754,21.0,0,-1.1814933070984068,21.55846022758125,20.5,21.5
1491.0,21.659289347204247,21.956383614995154,-28.072273408533437,21.0,1,-0.9563836149951541,15.203092851897573,20.5,21.5
1492.0,21.608079248130103,21.890795399208564,-28.07180919153178,21.0,1,-0.8907953992085638,19.923148925610853,20.5,21.5
1493.0,21.677400880496332,21.91859902386064,-28.0713464429313,21.0,0,-0.9185990238606401,22.75270776342293,20.5,21.5
1494.0,21.59697955088517,21.918467038516134,-28.070885163084405,21.0,0,-0.918467038516134,21.91450747818095,20.5,21.5
1495.0,21.52749312855231,21.78431332879766,-28.070425352342376,21.0,1,-0.7843133287976585,17.759702037243393,20.5,21.5
1496.0,21.50381114630735,21.913527554412184,-28.069967011055375,21.0,0,-0.9135275544121839,25.789954322847947,20.5,21.5
1497.0,21.498523183462712,21.827616043038113,-28.069510139572458,21.0,1,-0.8276160430381125,19.25027070181597,20.5,21.5
1498.0,21.572073748450993,21.81934583707979,-28.06905473824155,21.0,0,-0.8193458370797906,21.571239658330132,20.5,21.5
1499.0,21.54875356829665,21.757933108144528,-28.068600807409453,21.0,1,-0.7579331081445275,19.915551240086636,20.5,21.5
1500.0,21.590844582718436,21.821459116455483,6.931851652578136,21.0,0,-0.8214591164554825,23.727239365784133,20.5,21.5
1501.0,21.54536490872071,21.721145214780716,6.932302641376657,21.0,1,-0.7211452147807158,18.711728164537714,20.5,21.5
1502.0,21.573269719276023,21.85345610607165,6.932752158642659,21.0,0,-0.8534561060716506,25.822782844799693,20.5,21.5
1503.0,21.592771380182967,21.76522145456512,6.933200204033815,21.0,1,-0.7652214545651184,19.118181909369152,20.5,21.5
1504.0,21.598685827573142,21.869433959678574,6.933646777208919,21.0,0,-0.8694339596785738,24.995809113082238,20.5,21.5
1505.0,21.521949218541504,21.71766618695122,6.934091877827886,21.0,1,-0.7176661869512202,17.16463300513061,20.5,21.5
1506.0,21.537271978190713,21.7287089789311,6.934535505551754,21.0,0,-0.728708978931099,22.059992738327463,20.5,21.5
1507.0,21.53193338765446,21.48816284635929,6.934977660042679,21.0,1,-0.4881628463592911,14.271778869205054,20.5,21.5
1508.0,21.554100572940545,21.54939773337341,6.935418340963942,21.0,0,-0.5493977333734108,23.386444343797002,20.5,21.5
1509.0,21.565643110508624,21.5295323188712,6.935857547979946,21.0,0,-0.5295323188712011,20.93356988380491,20.5,21.5
1510.0,21.58305617155104,21.573792188446422,6.936295280756216,21.0,0,-0.5737921884464221,22.901588275703052,20.5,21.5
1511.0,21.62338971147626,21.68411008310428,6.936731538959397,21.0,0,-0.6841100831042795,24.99364692284,20.5,21.5
1512.0,21.617791426972023,21.795887633553086,6.937166322257262,21.0,0,-0.795887633553086,25.149214147017283,20.5,21.5
1513.0,21.64062430036057,21.852042736875966,6.9375996303187035,21.0,0,-0.8520427368759655,23.53669583656235,20.5,21.5
1514.0,21.59849533579426,21.989423864759853,6.938031462813739,21.0,0,-0.9894238647598534,26.11085770127649,20.5,21.5
1515.0,21.55302271685371,22.086536184818307,6.938461819413509,21.0,0,-1.086536184818307,24.999905786571915,20.5,21.5
1516.0,21.491915009738733,21.934242967866464,6.938890699790278,21.0,1,-0.9342429678664637,17.365446459311162,20.5,21.5
1517.0,21.46215925308534,21.93099393483588,6.939318103617435,21.0,0,-0.9309939348358789,21.833522943918336,20.5,21.5
1518.0,21.48869995822177,21.89321186095254,6.939744030569494,21.0,0,-0.8932118609525403,20.759749644452384,20.5,21.5
1519.0,21.45842887787342,21.80648165852977,6.940168480322091,21.0,1,-0.8064816585297692,19.204575585846634,20.5,21.5
1520.0,21.551945164149437,21.832854318902854,6.940591452551993,21.0,0,-0.8328543189028537,22.62403413009539,20.5,21.5
1521.0,21.579315656595185,21.944629045027188,6.941012946937085,21.0,0,-0.9446290450271881,25.297870828757222,20.5,21.5
1522.0,21.517839317100247,22.033229941889964,6.941432963156382,21.0,0,-1.0332299418899638,24.691256847773232,20.5,21.5
1523.0,21.437102948006945,21.92168725765701,6.941851500890023,21.0,1,-0.921687257657009,18.575406730668366,20.5,21.5
1524.0,21.35103649752638,21.687578196551254,6.942268559819272,21.0,1,-0.6875781965512537,14.664306363378596,20.5,21.5
1525.0,21.409747019595866,21.644663823963093,6.942684139626523,21.0,1,-0.6446638239630929,20.357232646318266,20.5,21.5
1526.0,21.36701011719679,21.499110825952663,6.943098239995292,21.0,1,-0.49911082595266265,17.132520885639757,20.5,21.5
1527.0,21.37981865912522,21.493122162891844,6.943510860610225,21.0,1,-0.49312216289184363,21.313462271067273,20.5,21.5
1528.0,21.46897734718477,21.694089754619853,6.943922001157093,21.0,0,-0.6940897546198528,27.723117506460127,20.5,21.5
1529.0,21.463305077539868,21.820680538325924,6.944331661322793,21.0,0,-0.8206805383259237,25.61840404950805,20.5,21.5
1530.0,21.516432427383094,21.79735773006536,6.944739840795354,21.0,0,-0.7973577300653609,21.097673482248478,20.5,21.5
1531.0,21.496785868370655,21.92572319888378,6.945146539263926,21.0,0,-0.9257231988837802,25.776687263436358,20.5,21.5
1532.0,21.569798653932544,21.91787816196167,6.9455517564187925,21.0,0,-0.9178781619616707,21.682527054298387,20.5,21.5
1533.0,21.49485664480352,21.847992243928385,6.945955491951364,21.0,1,-0.8479922439283847,19.751414702929804,20.5,21.5
1534.0,21.469478454681354,21.83534542598805,6.9463577455541765,21.0,1,-0.8353454259880486,21.455940887777967,20.5,21.5
1535.0,21.50163332739238,21.831863576489933,6.946758516920897,21.0,0,-0.8318635764899334,21.727408091546476,20.5,21.5
1536.0,21.44005860571526,21.783314972169393,6.94715780574632,21.0,1,-0.7833149721693928,20.326856842553177,20.5,21.5
1537.0,21.48445431249263,21.851714182719775,6.947555611726371,21.0,0,-0.8517141827197747,23.90369049923123,20.5,21.5
1538.0,21.44588059191375,21.90085506825755,6.947951934558104,21.0,0,-0.9008550682575489,23.375081634390774,20.5,21.5
1539.0,21.38141000936852,21.93075250761071,6.948346773939699,21.0,0,-0.930752507610709,22.827675688205513,20.5,21.5
1540.0,21.396568703431626,22.029697836622663,6.948740129570471,21.0,0,-1.0296978366226632,24.99805770698129,20.5,21.5
1541.0,21.40489921460289,22.085381099966877,6.949132001150861,21.0,0,-1.0853810999668774,23.7558790002933,20.5,21.5
1542.0,21.370856478572488,21.909923589891605,6.9495223883824435,21.0,1,-0.9099235898916049,16.646198287633432,20.5,21.5
1543.0,21.302769812411718,21.925877112360542,6.94991129096792,21.0,0,-0.925877112360542,22.404482786428655,20.5,21.5
1544.0,21.291172260489848,21.862295038456107,6.950298708611126,21.0,1,-0.8622950384561072,19.954832821323063,20.5,21.5
1545.0,21.31972809798994,21.837654594022915,6.950684641017025,21.0,1,-0.837654594022915,21.098441261027148,20.5,21.5
1546.0,21.341641610500087,21.67739383702519,6.951069087891713,21.0,1,-0.6773938370251891,16.869571127093412,20.5,21.5
1547.0,21.343552222080962,21.712106216615563,6.951452048942417,21.0,0,-0.7121062166155632,22.753477604326786,20.5,21.5
1548.0,21.318290505236654,21.67125307960128,6.951833523877495,21.0,1,-0.6712530796012786,20.44565896917274,20.5,21.5
1549.0,21.321656830206724,21.702584307984072,6.952213512406438,21.0,0,-0.7025843079840719,22.642521159467872,20.5,21.5
1550.0,21.31211014182409,21.60770214225048,6.952592014239867,21.0,1,-0.6077021422504814,18.761237170242765,20.5,21.5
1551.0,21.267625854258636,21.651700535946222,6.952969029089537,21.0,0,-0.6517005359462225,22.971652346818455,20.5,21.5
1552.0,21.279422853275264,21.729359696541927,6.953344556668336,21.0,0,-0.7293596965419269,24.05913451441306,20.5,21.5
1553.0,21.25903327157015,21.514843551847342,6.9537185966902815,21.0,1,-0.514843551847342,15.079359211009795,20.5,21.5
1554.0,21.333397921698015,21.545741071299148,6.954091148870527,21.0,0,-0.5457410712991475,22.472666654853313,20.5,21.5
1555.0,21.356871876366135,21.50604545776833,6.954462212925358,21.0,1,-0.5060454577683302,20.31517705184381,20.5,21.5
1556.0,21.347187271407478,21.614114193951217,6.954831788572192,21.0,0,-0.6141141939512167,24.85617627943781,20.5,21.5
1557.0,21.387019606919473,21.576407643815877,6.955199875529582,21.0,1,-0.5764076438158767,20.445211139755678,20.5,21.5
1558.0,21.417070981341833,21.724283403483035,6.955566473517212,21.0,0,-0.7242834034830352,26.16055619349779,20.5,21.5
1559.0,21.384762007378015,21.809556932113246,6.9559315822559045,21.0,0,-0.8095569321132459,24.367762791019565,20.5,21.5
1560.0,21.380183585171732,21.90925568943468,6.956295201467611,21.0,0,-0.9092556894346799,24.900218409077702,20.5,21.5
1561.0,21.326532766291002,21.88534170581924,6.956657330875421,21.0,0,-0.8853417058192399,21.167922197356038,20.5,21.5
1562.0,21.322722146135096,21.84537839282837,6.957017970203557,21.0,0,-0.8453783928283691,20.646479003102247,20.5,21.5
1563.0,21.31738339742421,21.756011430923458,6.957377119177376,21.0,1,-0.7560114309234578,19.075002573776118,20.5,21.5
1564.0,21.323627808430103,21.671226624974416,6.95773477752337,21.0,1,-0.6712266249744161,19.127682446503165,20.5,21.5
1565.0,21.360921096150488,21.66656766605762,6.958090944969168,21.0,0,-0.6665676660576203,21.526798898553746,20.5,21.5
1566.0,21.464746221230552,21.66244893677449,6.9584456212435315,21.0,0,-0.6624489367744886,21.538887058280537,20.5,21.5
1567.0,21.362986601149764,21.714574758880286,6.95879880607636,21.0,0,-0.7145747588802855,23.278349422054195,20.5,21.5
1568.0,21.298235859096078,21.75750344977763,6.959150499198688,21.0,0,-0.7575034497776301,23.045364176697966,20.5,21.5
1569.0,21.330548891978328,21.750068923966417,6.959500700342685,21.0,0,-0.7500689239664169,21.52703314963002,20.5,21.5
1570.0,21.35172756247944,21.71750674220847,6.959849409241659,21.0,0,-0.7175067422084709,20.74064128947009,20.5,21.5
1571.0,21.461567035968976,21.559930333502997,6.9601966256300525,21.0,1,-0.5599303335029973,16.83263807233879,20.5,21.5
1572.0,21.42307893049692,21.48576358211817,6.960542349243443,21.0,1,-0.48576358211817094,19.26076104057338,20.5,21.5
1573.0,21.454608937443634,21.54435163402498,6.960886579818551,21.0,0,-0.5443516340249808,23.301993191229275,20.5,21.5
1574.0,21.43972004809762,21.52292668543091,6.961229317093226,21.0,0,-0.5229266854309103,20.880178227608795,20.5,21.5
1575.0,21.383622065564058,21.6012369248054,6.961570560806461,21.0,0,-0.6012369248053986,23.95054410604005,20.5,21.5
1576.0,21.44635718009402,21.75459932294286,6.961910310698383,21.0,0,-0.7545993229428589,26.35547126706667,20.5,21.5
1577.0,21.42882614204782,21.738862912927615,6.962248566510258,21.0,0,-0.7388629129276154,21.26677061247031,20.5,21.5
1578.0,21.45498196117141,21.644218290125174,6.96258532798449,21.0,1,-0.6442182901251741,18.804879606051934,20.5,21.5
1579.0,21.43959511185578,21.63290796863016,6.96292059486462,21.0,1,-0.6329079686301604,21.29359832377975,20.5,21.5
1580.0,21.46336151854953,21.656065552343524,6.9632543668953275,21.0,0,-0.6560655523435237,22.350793063744423,20.5,21.5
1581.0,21.48400818775319,21.676948501396197,6.963586643822431,21.0,0,-0.6769485013961969,22.303436972976392,20.5,21.5
1582.0,21.411803803130084,21.779450396342646,6.9639174253928875,21.0,0,-0.7794503963426465,24.854507244736133,20.5,21.5
1583.0,21.484264690385064,22.040683759105683,6.964246711354791,21.0,0,-1.0406837591056828,29.877684641996773,20.5,21.5
1584.0,21.475905064312254,22.01657294644386,6.964574501457378,21.0,0,-1.0165729464438584,21.293248566589128,20.5,21.5
1585.0,21.45921962344323,21.88144539955881,6.964900795451019,21.0,1,-0.8814453995588103,17.827618993007366,20.5,21.5
1586.0,21.455331781646983,21.763275457005726,6.96522559308723,21.0,1,-0.7632754570057259,18.218177180413193,20.5,21.5
1587.0,21.468085455348998,21.645105514452634,6.965548894118663,21.0,1,-0.6451055144526343,18.100007237859888,20.5,21.5
1588.0,21.56333125793229,21.545476502995367,6.965870698299108,21.0,1,-0.545476502995367,18.556606159277347,20.5,21.5
1589.0,21.522822512341058,21.63924154158682,6.9661910053835,21.0,0,-0.63924154158682,24.45219269933041,20.5,21.5
1590.0,21.53189079864262,21.72587457472997,6.966509815127909,21.0,0,-0.7258745747299713,24.32486556902451,20.5,21.5
1591.0,21.44498754640964,21.688688322113123,6.966827127289549,21.0,0,-0.6886883221131228,20.573100743607668,20.5,21.5
1592.0,21.386308269681894,21.687617346343295,6.967142941626772,21.0,0,-0.6876173463432949,21.655488073248456,20.5,21.5
1593.0,21.389449109138162,21.759352116293286,6.967457257899071,21.0,0,-0.7593521162932859,23.911395214793018,20.5,21.5
1594.0,21.455440182362373,21.66766295845461,6.967770075867083,21.0,1,-0.6676629584546099,18.91698822329433,20.5,21.5
1595.0,21.453205999421836,21.671147253609355,6.9680813952925815,21.0,0,-0.6711472536093552,21.775676108251716,20.5,21.5
1596.0,21.44234110020829,21.668260706927775,6.9683912159384835,21.0,0,-0.6682607069277751,21.58166430648037,20.5,21.5
1597.0,21.42168538462276,21.693723287654716,6.968699537568848,21.0,0,-0.6937232876547164,22.457600709462955,20.5,21.5
1598.0,21.420651200379023,21.598896822074686,6.969006359948873,21.0,1,-0.5988968220746855,18.75410285467376,20.5,21.5
1599.0,21.430383161106807,21.631335450445835,6.969311682844902,21.0,0,-0.6313354504458353,22.604494301580328,20.5,21.5
1600.0,21.373844817684127,21.514945174320253,6.969615506024416,21.0,1,-0.5149451743202533,18.023236890552795,20.5,21.5
1601.0,21.46328209107083,21.54278803661972,6.969917829256042,21.0,0,-0.5427880366197186,22.378073905603678,20.5,21.5
1602.0,21.40203421300709,21.60574066573302,6.970218652309548,21.0,0,-0.6057406657330198,23.494319539132054,20.5,21.5
1603.0,21.42878883618788,21.61390943043486,6.970517974955843,21.0,0,-0.6139094304348589,21.858972371490033,20.5,21.5
1604.0,21.488886540998724,21.548565016767565,6.97081579696698,21.0,1,-0.5485650167675651,19.58823260674875,20.5,21.5
1605.0,21.562942113441096,21.68776804901457,6.971112118116156,21.0,0,-0.6877680490145686,25.863859016424673,20.5,21.5
1606.0,21.646321236538313,21.80079950640826,6.971406938177707,21.0,0,-0.8007995064082607,25.191743228219025,20.5,21.5
1607.0,21.603579806244536,21.739608035788933,6.971700256927117,21.0,1,-0.7396080357889332,19.903863917209108,20.5,21.5
1608.0,21.648651691763817,21.646697035017077,6.97199207414101,21.0,1,-0.6466970350170769,18.859367011861387,20.5,21.5
1609.0,21.63255511646748,21.810323956171025,6.972282389597154,21.0,0,-0.8103239561710254,26.71913159078948,20.5,21.5
1610.0,21.660581659508832,21.832479036956563,6.972571203074462,21.0,0,-0.8324790369565633,22.497131460522702,20.5,21.5
1611.0,21.66001068766329,21.769431526174394,6.972858514352991,21.0,1,-0.7694315261743938,19.878006202709308,20.5,21.5
1612.0,21.752717694357596,21.78319992805189,6.973144323213939,21.0,0,-0.7831999280518893,22.196251984376755,20.5,21.5
1613.0,21.78697080361008,21.90671905462697,6.973428629439651,21.0,0,-0.9067190546269686,25.612292851879346,20.5,21.5
1614.0,21.835805589676685,21.888474610816512,6.973711432813614,21.0,0,-0.8884746108165125,21.34114129650283,20.5,21.5
1615.0,21.876568219860708,21.78915110783342,6.973992733120464,21.0,1,-0.789151107833419,18.809446018340616,20.5,21.5
1616.0,21.9004616621519,21.871899469946353,6.974272530145976,21.0,0,-0.8718994699463529,24.35435033333437,20.5,21.5
1617.0,21.967618718240463,22.068085961554665,6.974550823677073,21.0,0,-1.0680859615546652,27.953680709804033,20.5,21.5
1618.0,21.967999154816045,22.16127472780206,6.974827613501823,21.0,0,-1.1612747278020592,24.95693771522388,20.5,21.5
1619.0,21.894991229798727,22.26350495617988,6.975102899409437,21.0,0,-1.2635049561798795,25.330411807514487,20.5,21.5
1620.0,21.896124163547743,22.446467392129108,6.9753766811902755,21.0,0,-1.446467392129108,27.935340470605965,20.5,21.5
1621.0,21.908447269326583,22.346108622916507,6.975648958635839,21.0,1,-1.346108622916507,19.335345546538473,20.5,21.5
1622.0,21.92701211714131,22.201206842552256,6.975919731538778,21.0,1,-1.2012068425522564,17.85415343162474,20.5,21.5
1623.0,22.039911906331042,22.24981199280409,6.976188999692887,21.0,0,-1.2498119928040907,23.70796650035912,20.5,21.5
1624.0,21.974262620577765,22.27960417889458,6.976456762893106,21.0,0,-1.27960417889458,23.17336976160926,20.5,21.5
1625.0,21.860397072684936,22.360162369681767,6.9767230209355215,21.0,0,-1.3601623696817668,24.776908093297372,20.5,21.5
1626.0,21.907295127407636,22.646628069365025,6.976987773617367,21.0,0,-1.6466280693650255,31.240599059862785,20.5,21.5
1627.0,21.872178772147663,22.72451773855333,6.977251020737022,21.0,0,-1.724517738553331,25.061207814202497,20.5,21.5
1628.0,21.78852776980386,22.59235613532562,6.977512762094012,21.0,1,-1.5923561353256197,18.62750803849428,20.5,21.5
1629.0,21.85119276782178,22.60125526945935,6.977772997489009,21.0,0,-1.601255269459351,22.868229293471288,20.5,21.5
1630.0,21.797854917229703,22.31588815790143,6.978031726723834,21.0,1,-1.3158881579014299,13.754874811163798,20.5,21.5
1631.0,21.87534574590156,22.193485435282515,6.978288949601452,21.0,1,-1.1934854352825148,18.521403756715063,20.5,21.5
1632.0,21.85596576518235,22.11721929327792,6.978544665925977,21.0,1,-1.1172192932779197,19.829235033140066,20.5,21.5
1633.0,21.838683062891356,22.156062876852907,6.97879887550267,21.0,0,-1.156062876852907,23.32137038410253,20.5,21.5
1634.0,21.827400628354326,21.94439312021755,6.9790515781379385,21.0,1,-0.9443931202175513,15.594300421156877,20.5,21.5
1635.0,21.863274662461237,22.071778857796062,6.979302773639341,21.0,0,-1.0717788577960619,25.89335098515138,20.5,21.5
1636.0,21.871342723165,21.980841003835998,6.979552461815578,21.0,1,-0.980841003835998,19.252705385034083,20.5,21.5
1637.0,21.880819414666615,22.037376857580604,6.979800642476503,21.0,0,-1.037376857580604,23.73345246991878,20.5,21.5
1638.0,21.935434993185996,22.040599246425813,6.980047315433115,21.0,0,-1.0405992464258134,22.137270911782096,20.5,21.5
1639.0,21.86830788985786,22.123847842839844,6.980292480497562,21.0,0,-1.1238478428398437,24.621305735260755,20.5,21.5
1640.0,21.885825985621246,22.17051282108534,6.98053613748314,21.0,0,-1.1705128210853388,23.57046216845019,20.5,21.5
1641.0,21.808647610382035,22.13264943916885,6.980778286204295,21.0,0,-1.1326494391688513,20.996747981674226,20.5,21.5
1642.0,21.846182343226836,22.162513771098638,6.981018926476618,21.0,0,-1.162513771098638,23.058443728992238,20.5,21.5
1643.0,21.729299583809954,22.08955996960624,6.981258058116851,21.0,1,-1.0895599696062384,19.90094592483425,20.5,21.5
1644.0,21.800322587790976,22.17464846121441,6.981495680942887,21.0,0,-1.1746484612144101,24.727303209459564,20.5,21.5
1645.0,21.769309676972664,22.112381471642998,6.981731794773765,21.0,1,-1.1123814716429976,20.244371784500622,20.5,21.5
1646.0,21.74630276337862,22.249627330996763,6.981966399429672,21.0,0,-1.2496273309967627,26.367003111609716,20.5,21.5
1647.0,21.704619306817584,22.146212515299926,6.982199494731949,21.0,1,-1.1462125152999256,19.043768044394813,20.5,21.5
1648.0,21.775304766033,22.245841640121533,6.982431080503083,21.0,0,-1.245841640121533,25.234715384769757,20.5,21.5
1649.0,21.735608787749644,22.054009763004395,6.982661156566712,21.0,1,-1.0540097630043945,16.299053449490238,20.5,21.5
1650.0,21.73160476905564,21.92376462702037,6.982889722747621,21.0,1,-0.9237646270203683,18.016410547499582,20.5,21.5
1651.0,21.744037175072204,21.91618124277366,6.983116778871748,21.0,0,-0.9161812427736606,21.68867971537243,20.5,21.5
1652.0,21.714521033525994,22.1359733709362,6.9833423247661806,21.0,0,-1.135973370936199,28.72973721581235,20.5,21.5
1653.0,21.635500761992983,22.159064084823267,6.983566360259156,21.0,0,-1.1590640848232674,22.85178550143532,20.5,21.5
1654.0,21.613846931740138,22.193487772405824,6.98378888518006,21.0,0,-1.193487772405824,23.22619839988252,20.5,21.5
1655.0,21.613334093905383,22.30443135922001,6.98400989935943,21.0,0,-1.3044313592200112,25.63273896364563,20.5,21.5
1656.0,21.561712766716518,22.293865109317323,6.984229402628955,21.0,0,-1.2938651093173235,21.97687761223669,20.5,21.5
1657.0,21.485345682898124,22.07246085158056,6.9844473948214745,21.0,1,-1.0724608515805585,15.43033311947761,20.5,21.5
1658.0,21.518188949655563,21.96196554961468,6.984663875770977,21.0,1,-0.9619655496146784,18.647106490638276,20.5,21.5
1659.0,21.511343842240564,21.984269827073803,6.984878845312603,21.0,0,-0.9842698270738026,22.65339815084753,20.5,21.5
1660.0,21.552410591302113,21.98534841221285,6.985092303282644,21.0,0,-0.9853484122128506,22.01770596638429,20.5,21.5
1661.0,21.583784447376928,21.84917234451509,6.985304249518542,21.0,1,-0.8491723445150896,17.76389031358226,20.5,21.5
1662.0,21.635658603364977,21.918461751656828,6.9855146838588915,21.0,0,-0.9184617516568281,23.997143965908982,20.5,21.5
1663.0,21.615032664458035,21.956935401015897,6.985723606143436,21.0,0,-0.9569354010158975,23.11114488178798,20.5,21.5
1664.0,21.623106164069533,22.076483217775728,6.985931016213074,21.0,0,-1.0764832177757278,25.662917720570636,20.5,21.5
1665.0,21.655288740932452,21.94504285107739,6.986136913909853,21.0,1,-0.945042851077389,18.001831850127225,20.5,21.5
1666.0,21.675576565270248,21.89007993603179,6.986341299076972,21.0,1,-0.890079936031789,20.24119248466379,20.5,21.5
1667.0,21.72639177101042,21.794006665533605,6.986544171558784,21.0,1,-0.7940066655336047,18.911808550588074,20.5,21.5
1668.0,21.710517929285302,21.686067225621862,6.986745531200793,21.0,1,-0.6860672256218621,18.447884028269584,20.5,21.5
1669.0,21.6927558867965,21.554286009386317,6.986945377849654,21.0,1,-0.5542860093863169,17.60084952231996,20.5,21.5
1670.0,21.726162412820322,21.72579656686071,6.987143711353175,21.0,0,-0.7257965668607085,26.871113291092456,20.5,21.5
1671.0,21.72844245605049,21.783039947694288,6.987340531560317,21.0,0,-0.783039947694288,23.500341372701673,20.5,21.5
1672.0,21.769038100450686,21.919659669485174,6.987535838321193,21.0,0,-0.9196596694851742,26.01825132321176,20.5,21.5
1673.0,21.73029656601775,21.896999495000422,6.987729631487067,21.0,0,-0.8969994950004221,21.21719426045786,20.5,21.5
1674.0,21.738706892687127,21.870542018322666,6.98792191091036,21.0,0,-0.8705420183226664,21.076817717989996,20.5,21.5
1675.0,21.730786864273288,21.817587156403032,6.988112676444639,21.0,1,-0.8175871564030324,20.22894129881401,20.5,21.5
1676.0,21.712946771924802,21.938635596671844,6.988301927944631,21.0,0,-0.938635596671844,25.570088804736194,20.5,21.5
1677.0,21.726962264960115,21.916251501341833,6.9884896652662105,21.0,0,-0.9162515013418329,21.244728641441498,20.5,21.5
1678.0,21.703559638989976,22.104530662649736,6.9886758882664095,21.0,0,-1.1045306626497364,27.752905501886843,20.5,21.5
1679.0,21.694218581682335,22.064841809492215,6.988860596803409,21.0,0,-1.064841809492215,20.87417621476657,20.5,21.5
1680.0,21.639036631624307,22.183327253559007,6.989043790736547,21.0,0,-1.183327253559007,25.737890575562766,20.5,21.5
1681.0,21.707703425234943,22.146515252104226,6.989225469926312,21.0,0,-1.1465152521042263,21.04215520846081,20.5,21.5
1682.0,21.660325164692694,22.18656843525467,6.989405634234348,21.0,0,-1.1865684352546708,23.388163929768005,20.5,21.5
1683.0,21.65353902848028,22.074567273117168,6.9895842835234525,21.0,1,-1.074567273117168,18.714532408992085,20.5,21.5
1684.0,21.60762020916776,22.232814886875317,6.989761417657577,21.0,0,-1.2328148868753175,26.9802432996198,20.5,21.5
1685.0,21.664136606986588,22.106289532732113,6.989937036501823,21.0,1,-1.106289532732113,18.310528908435977,20.5,21.5
1686.0,21.673748980255972,22.00073569050879,6.990111139922453,21.0,1,-1.0007356905087903,18.83412042380911,20.5,21.5
1687.0,21.706091982594444,21.956817994877547,6.990283727786877,21.0,1,-0.9568179948775466,20.639287125940236,20.5,21.5
1688.0,21.69753069187303,22.004805931669686,6.990454799963662,21.0,0,-1.0048059316696865,23.444444035433882,20.5,21.5
1689.0,21.718243557124875,22.009705682599293,6.990624356322531,21.0,0,-1.009705682599293,22.156698210487487,20.5,21.5
1690.0,21.756284040552295,22.048250450170947,6.990792396734357,21.0,0,-1.048250450170947,23.20459347732057,20.5,21.5
1691.0,21.80281558702626,22.08270702235409,6.990958921071172,21.0,0,-1.0827070223540893,23.116404187848357,20.5,21.5
1692.0,21.78202810513876,22.036662451456877,6.99112392920616,21.0,0,-1.036662451456877,20.655325324540506,20.5,21.5
1693.0,21.778552657670584,21.884875997273703,6.991287421013659,21.0,1,-0.8848759972737028,17.331282371778478,20.5,21.5
1694.0,21.75645890882414,21.96046406014883,6.991449396369164,21.0,0,-0.9604640601488299,24.228105946402643,20.5,21.5
1695.0,21.732745117619125,21.782716813316064,6.991609855149323,21.0,1,-0.782716813316064,16.450299408333088,20.5,21.5
1696.0,21.795439333389076,21.72088589455659,6.9917687972319404,21.0,1,-0.7208858945565915,19.865958331772415,20.5,21.5
1697.0,21.78819430817225,21.728581507208926,6.991926222495975,21.0,0,-0.7285815072089257,21.959449886778952,20.5,21.5
1698.0,21.793095450987668,21.87475321861492,6.992082130821539,21.0,0,-0.8747532186149201,26.25990456079475,20.5,21.5
1699.0,21.718806999049793,21.74431371830355,6.992236522089903,21.0,1,-0.7443137183035518,17.831128708962503,20.5,21.5
1700.0,21.717720613128165,21.93025942240022,6.992389396183491,21.0,0,-0.9302594224002192,27.508630545300242,20.5,21.5
1701.0,21.649658499602047,22.036496636929883,6.9925407529858825,21.0,0,-1.0364966369298827,25.223613072819788,20.5,21.5
1702.0,21.66340179799594,22.013918318394218,6.992690592381813,21.0,0,-1.013918318394218,21.336568762324276,20.5,21.5
1703.0,21.67590243038294,21.960264514982597,6.992838914257173,21.0,1,-0.9602645149825975,20.350650412633982,20.5,21.5
1704.0,21.708938337529677,22.09067368930604,6.992985718499009,21.0,0,-1.0906736893060405,26.00294891900933,20.5,21.5
1705.0,21.778947450368285,22.074570704388904,6.993131004995523,21.0,0,-1.0745707043889041,21.591481156874814,20.5,21.5
1706.0,21.760591527428566,21.973138563186115,6.993274773636073,21.0,1,-0.9731385631861151,18.930174327102446,20.5,21.5
1707.0,21.762237360272525,22.00489148151462,6.9934170243111735,21.0,0,-1.004891481514619,22.957479031369736,20.5,21.5
1708.0,21.76260655505348,22.09219146050718,6.9935577569124945,21.0,0,-1.0921914605071805,24.711190830284025,20.5,21.5
1709.0,21.838741755562385,22.002326984682576,6.993696971332861,21.0,1,-1.0023269846825755,19.306392709944426,20.5,21.5
1710.0,21.865882007925503,21.94717458800928,6.993834667466256,21.0,1,-0.947174588009279,20.292602687810383,20.5,21.5
1711.0,21.84418096740015,22.13894741169738,6.9939708452078175,21.0,0,-1.1389474116973801,27.892132122340414,20.5,21.5
1712.0,21.862907527668852,21.955630577462237,6.994105504453841,21.0,1,-0.9556305774622373,16.456125550407954,20.5,21.5
1713.0,21.901578406057396,22.032628888978863,6.994238645101776,21.0,0,-1.0326288889788628,24.342578234477628,20.5,21.5
1714.0,21.974572807230587,22.044534292215538,6.994370267050232,21.0,0,-1.0445342922155376,22.40169638931578,20.5,21.5
1715.0,21.927487096890477,22.19017314626047,6.994500370198971,21.0,0,-1.19017314626047,26.559338767608445,20.5,21.5
1716.0,21.93110385592326,22.07437598856769,6.994628954448916,21.0,1,-1.0743759885676916,18.600461257784335,20.5,21.5
1717.0,21.942810542774986,22.20317567381722,6.994756019702144,21.0,0,-1.2031756738172206,26.06716623130309,20.5,21.5
1718.0,21.847261676270655,22.03972574181655,6.994881565861888,21.0,1,-1.0397257418165502,17.13622778179644,20.5,21.5
1719.0,21.81499040312384,22.0249119682588,6.99500559283254,21.0,0,-1.0249119682587988,21.580498761526258,20.5,21.5
1720.0,21.814788284255638,22.09240447940757,6.995128100519649,21.0,0,-1.0924044794075698,24.1171798138707,20.5,21.5
1721.0,21.861263699573758,22.062857580237893,6.995249088829918,21.0,0,-1.0628575802378926,21.176450605147576,20.5,21.5
1722.0,21.846080984397336,22.050795074621366,6.995368557671211,21.0,0,-1.050795074621366,21.688919906125566,20.5,21.5
1723.0,21.867111708019948,22.148672611228513,6.995486506952545,21.0,0,-1.1486726112285126,25.084998709442914,20.5,21.5
1724.0,21.971717566460814,22.094767038052364,6.9956029365841,21.0,1,-1.094767038052364,20.477599842767905,20.5,21.5
1725.0,22.00988164408815,21.9122222618602,6.995717846477207,21.0,1,-0.912222261860201,16.43587897609531,20.5,21.5
1726.0,22.067233959784343,22.175491957215435,6.995831236544358,21.0,0,-1.175491957215435,30.073582817872456,20.5,21.5
1727.0,22.119307721363274,22.33706296461801,6.995943106699201,21.0,0,-1.3370629646180099,27.184193186695257,20.5,21.5
1728.0,22.034569300331473,22.282773753769977,6.996053456856544,21.0,0,-1.2827737537699768,20.654097428328985,20.5,21.5
1729.0,21.999661842095193,22.33426126100296,6.996162286932347,21.0,0,-1.3342612610029612,23.87888647799249,20.5,21.5
1730.0,22.01265788602869,22.478573283291144,6.996269596843733,21.0,0,-1.4785732832911442,26.807933951936636,20.5,21.5
1731.0,22.048639362173546,22.45605261963364,6.996375386508983,21.0,0,-1.4560526196336383,21.78043270990846,20.5,21.5
1732.0,22.038698314050563,22.31146833783944,6.996479655847531,21.0,1,-1.3114683378394396,17.97393988401348,20.5,21.5
1733.0,21.978756365400844,22.403185578448994,6.996582404779971,21.0,0,-1.4031855784489942,25.15470279673563,20.5,21.5
1734.0,22.008997604812702,22.490400325126434,6.996683633228057,21.0,0,-1.4904003251264335,25.106842725449614,20.5,21.5
1735.0,21.96183698741968,22.4964706350083,6.996783341114698,21.0,0,-1.4964706350083006,22.678579931464313,20.5,21.5
1736.0,21.912667273633442,22.394667185258168,6.9968815283639625,21.0,1,-1.394667185258168,19.34056369275419,20.5,21.5
1737.0,21.835629132749855,22.497738217030463,6.996978194901076,21.0,0,-1.497738217030463,25.58986917019931,20.5,21.5
1738.0,21.77449386041596,22.444940511131897,6.997073340652424,21.0,0,-1.4449405111318967,20.86100933417491,20.5,21.5
1739.0,21.76821287205178,22.388154175665466,6.9971669655455475,21.0,0,-1.3881541756654663,20.684564111672554,20.5,21.5
1740.0,21.794478329320803,22.23069610902698,6.9972590695091474,21.0,1,-1.2306961090269795,17.506954109872375,20.5,21.5
1741.0,21.806634780309103,22.280566440074693,6.997349652473083,21.0,0,-1.2805664400746934,23.776676371506113,20.5,21.5
1742.0,21.709093311074582,22.13841508938534,6.997438714368372,21.0,1,-1.1384150893853402,17.873874568704743,20.5,21.5
1743.0,21.65247214756417,22.143164411528847,6.997526255127189,21.0,0,-1.143164411528847,22.285644075834053,20.5,21.5
1744.0,21.646251772065995,21.97909772723272,6.997612274682868,21.0,1,-0.9790977272327197,17.0570971983489,20.5,21.5
1745.0,21.668505085340836,21.983302368023228,6.997696772969901,21.0,0,-0.983302368023228,22.109441591738477,20.5,21.5
1746.0,21.663736028225813,21.933936047088793,6.99777974992394,21.0,1,-0.9339360470887925,20.452946419055728,20.5,21.5
1747.0,21.716663260112824,22.07659140789142,6.997861205481794,21.0,0,-1.0765914078914207,26.356252231970267,20.5,21.5
1748.0,21.626532960679288,21.96350822854304,6.997941139581429,21.0,1,-0.9635082285430414,18.571012848091662,20.5,21.5
1749.0,21.601514170404897,21.981432564800787,6.998019552161975,21.0,0,-0.9814325648007873,22.519162652533165,20.5,21.5
1750.0,21.60357237711742,22.06044606492957,6.998096443163716,21.0,0,-1.0604460649295717,24.430851068793103,20.5,21.5
1751.0,21.530548866715286,22.0539436260441,6.998171812528096,21.0,0,-1.0539436260440986,21.858870459479906,20.5,21.5
1752.0,21.396548257216484,22.0387719076704,6.998245660197717,21.0,0,-1.0387719076704016,21.58362035645949,20.5,21.5
1753.0,21.362549439855755,21.994491269134553,6.9983179861163425,21.0,0,-0.9944912691345529,20.66607211305909,20.5,21.5
1754.0,21.405241973289503,22.081990300891146,6.998388790228892,21.0,0,-1.081990300891146,24.70696125358894,20.5,21.5
1755.0,21.317735514010266,22.05979244852619,6.998458072481446,21.0,0,-1.0597924485261885,21.393856877577463,20.5,21.5
1756.0,21.274719038148213,21.834167335776964,6.998525832821242,21.0,1,-0.8341673357769643,15.06541395330024,20.5,21.5
1757.0,21.259375256981834,21.715901424292,6.998592071196679,21.0,1,-0.7159014242919994,18.167924079743052,20.5,21.5
1758.0,21.239581668974164,21.69183263895379,6.998656787557312,21.0,1,-0.691832638953791,20.969769078807538,20.5,21.5
1759.0,21.22503631244356,21.5317746517421,6.998719981853858,21.0,1,-0.5317746517421007,16.730035035391392,20.5,21.5
1760.0,21.219468323742493,21.3410447126067,6.998781654038192,21.0,1,-0.3410447126066991,15.619146538544651,20.5,21.5
1761.0,21.260566364054196,21.486348268505683,6.998841804063346,21.0,0,-0.486348268505683,25.8454549454752,20.5,21.5
1762.0,21.300945826378644,21.410434881674504,6.998900431883515,21.0,1,-0.4104348816745045,19.133033276739148,20.5,21.5
1763.0,21.282214313185385,21.371502858555925,6.99895753745405,21.0,1,-0.3715028585559246,20.203542164998527,20.5,21.5
1764.0,21.367933428674693,21.577481443949,6.999013120731464,21.0,0,-0.5774814439490008,27.756839005741288,20.5,21.5
1765.0,21.379894672203815,21.65635213457828,6.999067181673426,21.0,0,-0.656352134578281,24.022472853456687,20.5,21.5
1766.0,21.379019565265672,21.623714647339412,6.9991197202387685,21.0,0,-0.623714647339412,20.64459003017334,20.5,21.5
1767.0,21.421343196620313,21.640490374542722,6.999170736387479,21.0,0,-0.640490374542722,22.143762190642022,20.5,21.5
1768.0,21.423402405833965,21.813856770858287,6.9992202300807085,21.0,0,-0.8138567708582869,27.014848660325235,20.5,21.5
1769.0,21.403181512135358,21.559567223990246,6.999268201280764,21.0,1,-0.5595672239902463,13.930880817949028,20.5,21.5
1770.0,21.39191435293097,21.506621990598042,6.999314649951114,21.0,1,-0.5066219905980418,19.918264988831908,20.5,21.5
1771.0,21.471625554243385,21.296607360309974,6.999359576056387,21.0,1,-0.2966073603099737,14.99616845166793,20.5,21.5
1772.0,21.52321070696319,21.41150252396278,6.999402979562366,21.0,0,-0.4115025239627812,24.858357433547006,20.5,21.5
1773.0,21.5816665428346,21.377757383620565,6.999444860436001,21.0,1,-0.37775738362056543,20.365403173354093,20.5,21.5
1774.0,21.61881225839483,21.685316100261822,6.999485218645397,21.0,0,-0.6853161002618222,30.912077599499526,20.5,21.5
1775.0,21.735214375554317,21.737142546819516,6.999524054159818,21.0,0,-0.7371425468195163,23.29193594355034,20.5,21.5
1776.0,21.747251683348818,21.931176436130226,6.999561366949691,21.0,0,-0.9311764361302259,27.752193115451515,20.5,21.5
1777.0,21.73026141791876,21.93479713697331,6.999597156986599,21.0,0,-0.9347971369733088,22.043418162265795,20.5,21.5
1778.0,21.750934036457775,22.009858526288404,6.999631424243288,21.0,0,-1.0098585262884043,24.26170020574127,20.5,21.5
1779.0,21.761059886087153,22.049840238055054,6.999664168693662,21.0,0,-1.0498402380550544,23.249291591054558,20.5,21.5
1780.0,21.77836487697306,22.081826216443417,6.999695390312782,21.0,0,-1.0818262164434174,23.041405568094305,20.5,21.5
1781.0,21.721338439201556,22.175988374328227,6.9997250890768745,21.0,0,-1.1759883743282273,25.000853110872526,20.5,21.5
1782.0,21.779523316769918,22.147771863881765,6.999753264963321,21.0,0,-1.1477718638817649,21.30127655048789,20.5,21.5
1783.0,21.817575605506008,22.01393320827867,6.999779917950665,21.0,1,-1.0139332082786687,17.998773540185784,20.5,21.5
1784.0,21.914654541913972,22.003434382661165,6.999805048018608,21.0,0,-1.0034343826611654,21.688469614136064,20.5,21.5
1785.0,21.827676002097068,22.07443581397565,6.999828655148014,21.0,0,-1.0744358139756507,24.20447875341021,20.5,21.5
1786.0,21.808649204105716,21.98717836044606,6.9998507393209035,21.0,1,-0.9871783604460589,19.369454754558305,20.5,21.5
1787.0,21.720662148878457,22.08949708144146,6.99987130052046,21.0,0,-1.0894970814414613,25.159058711303533,20.5,21.5
1788.0,21.718491706501418,22.152343479839082,6.999890338731024,21.0,0,-1.1523434798390824,24.037735431767715,20.5,21.5
1789.0,21.718254746395722,22.14169315912059,6.9999078539380974,21.0,0,-1.1416931591205888,21.82218353756578,20.5,21.5
1790.0,21.701339753519242,22.081996083284885,6.999923846128342,21.0,1,-1.081996083284885,20.29108380821377,20.5,21.5
1791.0,21.77656914067927,22.08772161447319,6.9999383152895795,21.0,0,-1.087721614473189,22.25948755012231,20.5,21.5
1792.0,21.81365686538158,21.99911343746549,6.999951261410789,21.0,1,-0.9991134374654891,19.340868127234494,20.5,21.5
1793.0,21.827986827528402,22.00518937253268,6.999962684482114,21.0,0,-1.00518937253268,22.187467424548405,20.5,21.5
1794.0,21.782628161876243,21.906690657763626,6.999972584494854,21.0,1,-0.906690657763626,18.95172921469201,20.5,21.5
1795.0,21.822123157251653,21.96197002619856,6.999980961441469,21.0,0,-0.9619700261985606,23.6203510792466,20.5,21.5
1796.0,21.781085211777487,22.123934044236478,6.999987815315581,21.0,0,-1.1239340442364778,26.982854585373993,20.5,21.5
1797.0,21.82400980910419,22.212191712280596,6.9999931461119695,21.0,0,-1.212191712280596,24.859921753604144,20.5,21.5
1798.0,21.851885021218912,22.1777526677214,6.999996953826575,21.0,0,-1.1777526677213999,21.144581330945513,20.5,21.5
1799.0,21.89908009515111,22.174797203803344,6.999999238456499,21.0,0,-1.1747972038033438,22.086133286261663,20.5,21.5
1800.0,21.920056147317773,22.243952981624915,7.0,21.0,0,-1.2439529816249149,24.318626316272045,20.5,21.5
1801.0,21.880710832854408,22.277747630345836,6.999999238456499,21.0,0,-1.2777476303458357,23.29158709197346,20.5,21.5
1802.0,21.86569955342771,22.224981348827573,6.999996953826575,21.0,0,-1.2249813488275727,20.641992903279682,20.5,21.5
1803.0,21.85695903813132,22.228770789653815,6.9999931461119695,21.0,0,-1.2287707896538151,22.34245401444109,20.5,21.5
1804.0,21.746968070603362,22.28281356365422,6.999987815315581,21.0,0,-1.2828135636542193,23.904096783666343,20.5,21.5
1805.0,21.75623925341754,22.21449730212145,6.999980961441469,21.0,1,-1.2144973021214511,20.165009456138407,20.5,21.5
1806.0,21.772879585748374,22.154971967413143,6.999972584494854,21.0,1,-1.1549719674131431,20.369211926163903,20.5,21.5
1807.0,21.7699138134197,22.150239011297764,6.999962684482114,21.0,0,-1.1502390112977636,22.00825032783638,20.5,21.5
1808.0,21.88020655331686,22.255599119027934,6.999951261410789,21.0,0,-1.2555991190279343,25.416402350933055,20.5,21.5
1809.0,21.869453171696126,22.26023780597196,6.9999383152895795,21.0,0,-1.2602378059719612,22.39939841429277,20.5,21.5
1810.0,21.842986693624646,22.20753108607542,6.999923846128342,21.0,0,-1.20753108607542,20.626329489179184,20.5,21.5
1811.0,21.83709920912794,22.124381676383244,6.9999078539380974,21.0,1,-1.1243816763832442,19.629899385617968,20.5,21.5
1812.0,21.820315601157162,22.13805162764712,6.999890338731024,21.0,0,-1.138051627647119,22.548150165563367,20.5,21.5
1813.0,21.693502238739804,22.046409282124493,6.999871300520461,21.0,1,-1.0464092821244932,19.297138916445718,20.5,21.5
1814.0,21.71491281442318,21.92463939650353,6.9998507393209035,21.0,1,-0.9246393965035296,18.27154282787462,20.5,21.5
1815.0,21.760553345576223,21.895489289859377,6.999828655148014,21.0,1,-0.8954892898593769,21.020986090534798,20.5,21.5
1816.0,21.829470185396318,22.012345088748823,6.999805048018608,21.0,0,-1.0123450887488232,25.518019055432212,20.5,21.5
1817.0,21.823064491490126,21.99062925735363,6.999779917950665,21.0,0,-0.9906292573536284,21.339154315497783,20.5,21.5
1818.0,21.934159512581736,22.13527664537664,6.999753264963321,21.0,0,-1.1352766453766385,26.474698286066943,20.5,21.5
1819.0,21.869360141732873,22.326577414742804,6.9997250890768745,21.0,0,-1.326577414742804,28.065600495727768,20.5,21.5
1820.0,21.91965060387425,22.424698067146686,6.999695390312782,21.0,0,-1.4246980671466858,25.36831763926314,20.5,21.5
1821.0,21.958575061924275,22.27734965911629,6.999664168693662,21.0,1,-1.2773496591162896,17.856897418204404,20.5,21.5
1822.0,22.036683436551257,22.321231233227603,6.999631424243288,21.0,0,-1.3212312332276035,23.63767845656702,20.5,21.5
1823.0,21.946806172316354,22.186119799661547,6.999597156986599,21.0,1,-1.1861197996615473,18.132776792679863,20.5,21.5
1824.0,21.914374550631344,22.077220564189794,6.999561366949691,21.0,1,-1.077220564189794,18.810243500037195,20.5,21.5
1825.0,21.826278914027707,22.040653777734814,6.999524054159818,21.0,1,-1.0406537777348142,20.943650184085417,20.5,21.5
1826.0,21.8858792720811,22.127090113705435,6.999485218645397,21.0,0,-1.1270901137054352,24.720180192824067,20.5,21.5
1827.0,21.88964824660823,22.186012280017444,6.999444860436001,21.0,0,-1.1860122800174437,23.9536772693777,20.5,21.5
1828.0,21.96833240574239,22.122781702264618,6.999402979562366,21.0,1,-1.1227817022646178,20.22586436967984,20.5,21.5
1829.0,21.963633196482995,21.98844563208835,6.999359576056387,21.0,1,-0.9884456320883501,17.95836352680032,20.5,21.5
1830.0,21.929076292035237,21.97028195306252,6.999314649951114,21.0,1,-0.9702819530625213,21.425371582287656,20.5,21.5
1831.0,21.974679180613013,21.904502754563214,6.999268201280764,21.0,1,-0.9045027545632145,19.93112679958401,20.5,21.5
1832.0,22.02114006354495,21.91085029055455,6.9992202300807085,21.0,0,-0.9108502905545492,22.101276370294592,20.5,21.5
1833.0,21.938059319471876,22.059307530418504,6.999170736387479,21.0,0,-1.0593075304185042,26.513024726337154,20.5,21.5
1834.0,22.056618367872517,22.254488698268432,6.9991197202387685,21.0,0,-1.2544886982684318,28.10992373376626,20.5,21.5
1835.0,22.017467248203964,22.367111428833546,6.999067181673426,21.0,0,-1.367111428833546,25.74579334578697,20.5,21.5
1836.0,22.024248910352718,22.47133063257013,6.999013120731464,21.0,0,-1.4713306325701296,25.59790674466764,20.5,21.5
1837.0,22.042084956741686,22.500800163914867,6.99895753745405,21.0,0,-1.5008001639148674,23.384886104257,20.5,21.5
1838.0,22.13623361972375,22.523858624004422,6.998900431883515,21.0,0,-1.523858624004422,23.215612426691063,20.5,21.5
1839.0,22.120335297684885,22.25317791808278,6.998841804063346,21.0,1,-1.2531779180827805,14.132756740433532,20.5,21.5
1840.0,22.18789958716691,22.286947667454903,6.998781654038192,21.0,0,-1.2869476674549034,23.300040148618592,20.5,21.5
1841.0,22.184718064918226,22.254019408076733,6.998719981853858,21.0,0,-1.2540194080767328,21.266171626731616,20.5,21.5
1842.0,22.198372286468622,22.141695351750506,6.998656787557312,21.0,1,-1.1416953517505064,18.771973661963713,20.5,21.5
1843.0,22.22605017912303,22.123378162714374,6.998592071196679,21.0,0,-1.1233781627143742,21.573862491630408,20.5,21.5
1844.0,22.189939065474874,22.42615237431968,6.998525832821242,21.0,0,-1.4261523743196811,31.50937872247889,20.5,21.5
1845.0,22.1179350698501,22.394371350148397,6.998458072481446,21.0,0,-1.394371350148397,21.440940625009873,20.5,21.5
1846.0,22.06971520685301,22.32120387295704,6.998388790228892,21.0,1,-1.3212038729570388,20.126179557216293,20.5,21.5
1847.0,22.130438532644153,22.32698337126246,6.9983179861163425,21.0,0,-1.326983371262461,22.500368320425128,20.5,21.5
1848.0,22.15223685681455,22.36912752569895,6.998245660197717,21.0,0,-1.36912752569895,23.633452158793617,20.5,21.5
1849.0,22.10563196908549,22.30900304649339,6.998171812528096,21.0,0,-1.309003046493391,20.505268670326625,20.5,21.5
1850.0,22.067625875253515,22.113380569591214,6.998096443163716,21.0,1,-1.1133805695912145,16.244706262525916,20.5,21.5
1851.0,22.05440976422051,22.166523700051567,6.998019552161975,21.0,0,-1.1665237000515667,23.760817613862134,20.5,21.5
1852.0,22.112892592216767,22.28652339271795,6.99794113958143,21.0,0,-1.2865233927179496,25.886514172709436,20.5,21.5
1853.0,22.10166998704583,22.163899990541893,6.997861205481794,21.0,1,-1.1638999905418927,18.485197925260188,20.5,21.5
1854.0,22.117986442136694,22.180364613882325,6.99777974992394,21.0,0,-1.1803646138823254,22.674303314095305,20.5,21.5
1855.0,22.073679117458806,22.326542082001396,6.997696772969901,21.0,0,-1.3265420820013958,26.711866125573508,20.5,21.5
1856.0,22.06686053797137,22.27967333816985,6.997612274682869,21.0,0,-1.2796733381698502,20.873611023223482,20.5,21.5
1857.0,22.04331052491058,22.166537596237234,6.997526255127189,21.0,1,-1.1665375962372337,18.77246533825874,20.5,21.5
1858.0,22.024207973291904,22.271644636975015,6.997438714368372,21.0,0,-1.2716446369750152,25.424855859108458,20.5,21.5
1859.0,22.060814963559164,22.319513343273705,6.997349652473083,21.0,0,-1.3195133432737052,23.755574532234405,20.5,21.5
1860.0,22.111883044060257,22.516833175567722,6.9972590695091474,21.0,0,-1.5168331755677222,28.436428144388234,20.5,21.5
1861.0,22.1519488963638,22.659326266598214,6.9971669655455475,21.0,0,-1.6593262665982138,26.93411899751296,20.5,21.5
1862.0,22.089457037728288,22.69789306786025,6.997073340652424,21.0,0,-1.6978930678602495,23.85489710572132,20.5,21.5
1863.0,22.050358819929986,22.684065360342093,6.996978194901076,21.0,0,-1.6840653603420925,22.269234134797383,20.5,21.5
1864.0,22.076161734623415,22.70433002600505,6.9968815283639625,21.0,0,-1.7043300260050493,23.312269995893754,20.5,21.5
1865.0,22.13252908521293,22.637296446143335,6.996783341114698,21.0,0,-1.6372964461433348,20.6262890502919,20.5,21.5
1866.0,22.119565692238137,22.61970244970424,6.996683633228057,21.0,0,-1.6197024497042385,22.09188255653135,20.5,21.5
1867.0,22.155822893028265,22.61822537359389,6.996582404779971,21.0,0,-1.6182253735938907,22.573913090283458,20.5,21.5
1868.0,22.155201152832998,22.62502135337115,6.996479655847531,21.0,0,-1.6250213533711495,22.828900746688912,20.5,21.5
1869.0,22.170808857112352,22.54406773991572,6.9963753865089835,21.0,1,-1.5440677399157217,20.115459336252886,20.5,21.5
1870.0,22.22999031858376,22.55848625391551,6.996269596843734,21.0,0,-1.558486253915511,22.991041673909194,20.5,21.5
1871.0,22.226482929916422,22.60216729458343,6.996162286932347,21.0,0,-1.602167294583431,23.91259851462103,20.5,21.5
1872.0,22.232725907131712,22.531819658478668,6.996053456856544,21.0,1,-1.5318196584786676,20.421390575335764,20.5,21.5
1873.0,22.291425588447304,22.475842319009725,6.995943106699201,21.0,1,-1.4758423190097254,20.79652213494146,20.5,21.5
1874.0,22.31536398746578,22.54483546463006,6.995831236544358,21.0,0,-1.5448354646300615,24.614629833240144,20.5,21.5
1875.0,22.360820825498394,22.48084591831459,6.995717846477207,21.0,0,-1.4808459183145892,20.56115952885042,20.5,21.5
1876.0,22.333924318529753,22.322062807832992,6.9956029365841,21.0,1,-1.3220628078329923,17.558569493385086,20.5,21.5
1877.0,22.282823675728434,22.517671651769284,6.995486506952545,21.0,0,-1.5176716517692839,28.38593696985803,20.5,21.5
1878.0,22.236814623422756,22.576265207160056,6.995368557671211,21.0,0,-1.5762652071600556,24.334071868883207,20.5,21.5
1879.0,22.215321516691468,22.570718279514864,6.995249088829918,21.0,0,-1.570718279514864,22.404310450159116,20.5,21.5
1880.0,22.133171738509056,22.487167591653236,6.995128100519649,21.0,1,-1.487167591653236,19.9806469558044,20.5,21.5
1881.0,22.199256496326637,22.651718073513393,6.99500559283254,21.0,0,-1.6517180735133934,27.588232529318113,20.5,21.5
1882.0,22.147006928842302,22.5193558282897,6.994881565861888,21.0,1,-1.5193558282897008,18.548488471578924,20.5,21.5
1883.0,22.168393664175387,22.564860212785554,6.994756019702144,21.0,0,-1.564860212785554,23.92999174766115,20.5,21.5
1884.0,22.250060336736126,22.599319061119395,6.994628954448916,21.0,0,-1.5993190611193953,23.633084511134633,20.5,21.5
1885.0,22.242884188659747,22.612914450174742,6.994500370198971,21.0,0,-1.6129144501747419,23.02077612183514,20.5,21.5
1886.0,22.243585470723502,22.55089656180262,6.994370267050232,21.0,0,-1.5508965618026203,20.69035991063897,20.5,21.5
1887.0,22.34128545532842,22.65360828570832,6.994238645101776,21.0,0,-1.6536082857083194,25.734960002879294,20.5,21.5
1888.0,22.31844223475132,22.685998642813594,6.994105504453841,21.0,0,-1.685998642813594,23.657709355971832,20.5,21.5
1889.0,22.25265587304615,22.615698106461117,6.9939708452078175,21.0,0,-1.6156981064611173,20.506682015886817,20.5,21.5
1890.0,22.20464911574367,22.709368098158535,6.993834667466256,21.0,0,-1.709368098158535,25.519467849081067,20.5,21.5
1891.0,22.237606037234706,22.817741787439047,6.993696971332861,21.0,0,-1.8177417874390471,26.06895246585441,20.5,21.5
1892.0,22.293484202879334,22.73836721700325,6.9935577569124945,21.0,1,-1.7383672170032511,20.35713010392937,20.5,21.5
1893.0,22.34051043989832,22.744893867141275,6.9934170243111735,21.0,0,-1.7448938671412755,22.940693371282006,20.5,21.5
1894.0,22.37184167623454,22.80966662744722,6.993274773636073,21.0,0,-1.8096666274472213,24.752849436625596,20.5,21.5
1895.0,22.350248251558206,22.78054405394196,6.993131004995523,21.0,0,-1.7805440539419592,21.906866848784098,20.5,21.5
1896.0,22.28352369801932,22.635349401221426,6.992985718499009,21.0,1,-1.6353494012214256,18.279509819605416,20.5,21.5
1897.0,22.3616517825603,22.587131962876395,6.992838914257173,21.0,1,-1.587131962876395,21.140608812525475,20.5,21.5
1898.0,22.352870147103673,22.568963201349767,6.992690592381813,21.0,0,-1.5689632013497672,22.023900355550936,20.5,21.5
1899.0,22.35169588736319,22.527092454604336,6.9925407529858825,21.0,0,-1.527092454604336,21.270970052241402,20.5,21.5
1900.0,22.374680122515844,22.52931940850198,6.992389396183491,21.0,0,-1.52931940850198,22.596128025431295,20.5,21.5
1901.0,22.437465260550812,22.584083407734102,6.992236522089903,21.0,0,-1.5840834077341022,24.22700338469777,20.5,21.5
1902.0,22.40179211368404,22.652996115036956,6.992082130821539,21.0,0,-1.6529961150369559,24.720377334122567,20.5,21.5
1903.0,22.367051565510625,22.64692763319445,6.991926222495975,21.0,0,-1.6469276331944513,22.464873177919316,20.5,21.5
1904.0,22.415963592507044,22.65762464607529,6.9917687972319404,21.0,0,-1.6576246460752913,22.97853503250049,20.5,21.5
1905.0,22.38416669624793,22.707531079640013,6.991609855149323,21.0,0,-1.7075310796400132,24.20472408658167,20.5,21.5
1906.0,22.426525475014653,22.688481424377603,6.991449396369164,21.0,0,-1.6884814243776027,22.11699176650529,20.5,21.5
1907.0,22.405794001991133,22.717458157418,6.991287421013659,21.0,0,-1.717458157418001,23.58676014862995,20.5,21.5
1908.0,22.384746549319082,22.575235452659562,6.99112392920616,21.0,1,-1.5752354526595624,18.308554309906405,20.5,21.5
1909.0,22.404086535870256,22.47857115557365,6.990958921071172,21.0,1,-1.4785711555736505,19.578642242996292,20.5,21.5
1910.0,22.4760469968112,22.516632658291464,6.990792396734358,21.0,0,-1.5166326582914635,23.658477739825855,20.5,21.5
1911.0,22.538530656514432,22.743113953674236,6.990624356322531,21.0,0,-1.7431139536742357,29.5375528151574,20.5,21.5
1912.0,22.531521949858345,22.92956736139886,6.990454799963662,21.0,0,-1.9295673613988598,28.52316959313758,20.5,21.5
1913.0,22.498287326440842,23.1349711857858,6.990283727786877,21.0,0,-2.134971185785801,29.297085917394043,20.5,21.5
1914.0,22.45963217939723,23.27000127019016,6.990111139922453,21.0,0,-2.2700012701901606,27.320903802320945,20.5,21.5
1915.0,22.375065430175166,23.15297550151591,6.989937036501823,21.0,1,-2.152975501515911,19.642202441288426,20.5,21.5
1916.0,22.333802199776223,23.003708819358856,6.989761417657577,21.0,1,-2.003708819358856,18.5257083546472,20.5,21.5
1917.0,22.389220592465733,22.876711029855027,6.9895842835234525,21.0,1,-1.8767110298550271,19.066777344740164,20.5,21.5
1918.0,22.444895624966307,22.779106991290437,6.989405634234348,21.0,1,-1.779106991290437,19.85098583435273,20.5,21.5
1919.0,22.53143907995512,22.71598594968409,6.989225469926312,21.0,1,-1.7159859496840895,20.822354701493666,20.5,21.5
1920.0,22.51902736678397,22.8594967971204,6.989043790736547,21.0,0,-1.8594967971204,27.164822220209714,20.5,21.5
1921.0,22.539829028523044,22.92750395964616,6.988860596803409,21.0,0,-1.9275039596461596,24.96771883541895,20.5,21.5
1922.0,22.52185808292043,22.94342306791602,6.9886758882664095,21.0,0,-1.9434230679160187,23.42099631601179,20.5,21.5
1923.0,22.564593544566243,22.968004224563177,6.988489665266211,21.0,0,-1.9680042245631775,23.70543892397794,20.5,21.5
1924.0,22.552474532024085,22.892796512731838,6.988301927944631,21.0,0,-1.892796512731838,20.636565157791654,20.5,21.5
1925.0,22.498552576108104,22.82277252688954,6.988112676444639,21.0,0,-1.8227725268895405,20.722052951620615,20.5,21.5
1926.0,22.474425110012202,22.762651857384252,6.98792191091036,21.0,0,-1.7626518573842525,20.95903177222561,20.5,21.5
1927.0,22.46628116722306,22.742064052969617,6.987729631487068,21.0,0,-1.7420640529696172,22.12442992053056,20.5,21.5
1928.0,22.36478919787867,22.674259714756307,6.987535838321193,21.0,0,-1.6742597147563067,20.640129568356993,20.5,21.5
1929.0,22.36617685254317,22.829184720218507,6.987340531560317,21.0,0,-1.8291847202185068,27.476934884084507,20.5,21.5
1930.0,22.396752777877527,22.85192382073216,6.987143711353175,21.0,0,-1.8519238207321607,23.534096836141778,20.5,21.5
1931.0,22.41198795503385,22.84372220874137,6.986945377849654,21.0,0,-1.8437222087413687,22.59767384901761,20.5,21.5
1932.0,22.365500164709285,22.849037207558162,6.986745531200793,21.0,0,-1.8490372075581618,23.008487172061955,20.5,21.5
1933.0,22.3497343756801,22.94519069792394,6.986544171558784,21.0,0,-1.945190697923941,25.82979540889732,20.5,21.5
1934.0,22.32127527060343,22.866618261497514,6.986341299076972,21.0,0,-1.8666182614975142,20.50944516870471,20.5,21.5
1935.0,22.3188205613172,22.7121075112533,6.986136913909853,21.0,1,-1.7121075112533006,18.076785003926894,20.5,21.5
1936.0,22.320480770003332,22.591859508709227,6.985931016213074,21.0,1,-1.591859508709227,18.98441943238702,20.5,21.5
1937.0,22.318700459902267,22.481643024673986,6.985723606143436,21.0,1,-1.4816430246739856,19.17514850361674,20.5,21.5
1938.0,22.385369161805535,22.479559082152065,6.9855146838588915,21.0,0,-1.4795590821520648,22.41704080649444,20.5,21.5
1939.0,22.454938530626144,22.605779089593295,6.985304249518542,21.0,0,-1.6057790895932946,26.39237931283019,20.5,21.5
1940.0,22.406773771357027,22.759394777382802,6.985092303282644,21.0,0,-1.759394777382802,27.367865411068024,20.5,21.5
1941.0,22.439307914393698,22.93897897607366,6.984878845312603,21.0,0,-1.9389789760736598,28.32650493679939,20.5,21.5
1942.0,22.435260271494002,23.021380579032503,6.984663875770977,21.0,0,-2.0213805790325026,25.493428667797787,20.5,21.5
1943.0,22.434765126820345,23.10129287047194,6.9844473948214745,21.0,0,-2.1012928704719407,25.498661613655084,20.5,21.5
1944.0,22.47537280083882,23.014026721715148,6.984229402628956,21.0,1,-2.0140267217151475,20.396042259011352,20.5,21.5
1945.0,22.454478536099575,22.931097175155934,6.98400989935943,21.0,1,-1.9310971751559336,20.443210778379516,20.5,21.5
1946.0,22.518415731958296,22.78623536449198,6.98378888518006,21.0,1,-1.7862353644919793,18.44038104457335,20.5,21.5
1947.0,22.528972668194022,22.754167444850932,6.983566360259156,21.0,0,-1.754167444850932,21.79212985561951,20.5,21.5
1948.0,22.51566348556666,22.780554619739434,6.9833423247661806,21.0,0,-1.7805546197394335,23.572169866394482,20.5,21.5
1949.0,22.47642171905387,22.940449136475397,6.983116778871748,21.0,0,-1.9404491364753973,27.73728463855431,20.5,21.5
1950.0,22.466522082824046,23.02821673737275,6.982889722747621,21.0,0,-2.0282167373727518,25.661244764293386,20.5,21.5
1951.0,22.472427970834683,23.053736137153265,6.982661156566712,21.0,0,-2.0537361371532654,23.819318130568675,20.5,21.5
1952.0,22.416124785989698,23.022705111652364,6.982431080503083,21.0,0,-2.022705111652364,22.09177434662532,20.5,21.5
1953.0,22.435385236573094,22.794816402695414,6.982199494731949,21.0,1,-1.7948164026954139,15.95815513398691,20.5,21.5
1954.0,22.393141167634212,22.67753064263381,6.981966399429672,21.0,1,-1.6775306426338084,19.158957840785643,20.5,21.5
1955.0,22.406031788751484,22.614686307216164,6.981731794773765,21.0,1,-1.6146863072161644,20.729356244686844,20.5,21.5
1956.0,22.371548706216437,22.62904955014305,6.981495680942887,21.0,0,-1.6290495501430513,23.05994683794966,20.5,21.5
1957.0,22.420862493792853,22.712766577585764,6.981258058116851,21.0,0,-1.7127665775857643,25.224277400867155,20.5,21.5
1958.0,22.408650567558414,22.79037633181129,6.981018926476618,21.0,0,-1.7903763318112915,25.118668958577107,20.5,21.5
1959.0,22.48917668439966,22.752607012333876,6.980778286204295,21.0,0,-1.7526070123338755,21.619527428011395,20.5,21.5
1960.0,22.628436281638653,22.72810227907994,6.98053613748314,21.0,0,-1.7281022790799412,21.99296028146191,20.5,21.5
1961.0,22.68015091056373,22.8156644357203,6.980292480497562,21.0,0,-1.8156644357203007,25.442529134931085,20.5,21.5
1962.0,22.609959626955465,22.725038813643515,6.980047315433115,21.0,1,-1.7250388136435149,20.00627015133994,20.5,21.5
1963.0,22.66459282110626,22.73379454094646,6.979800642476503,21.0,0,-1.7337945409464588,22.996466360034777,20.5,21.5
1964.0,22.698760851722596,22.799672812682324,6.979552461815578,21.0,0,-1.7996728126823243,24.77602096475829,20.5,21.5
1965.0,22.66722073249433,22.873017169574847,6.979302773639341,21.0,0,-1.8730171695748474,25.073347876350542,20.5,21.5
1966.0,22.704500094846896,22.92947885722004,6.979051578137939,21.0,0,-1.9294788572200403,24.623329486575827,20.5,21.5
1967.0,22.646692355403236,23.10662281774327,6.97879887550267,21.0,0,-2.1066228177432684,28.420941633440112,20.5,21.5
1968.0,22.635285419810817,23.177264500385125,6.978544665925977,21.0,0,-2.1772645003851245,25.296514979640808,20.5,21.5
1969.0,22.687262390381996,23.19125004931694,6.978288949601452,21.0,0,-2.1912500493169382,23.61081651727135,20.5,21.5
1970.0,22.744001931323503,23.308680984892245,6.978031726723834,21.0,0,-2.308680984892245,26.831609052151446,20.5,21.5
1971.0,22.692609401547685,23.33384564145026,6.9777729974890095,21.0,0,-2.33384564145026,24.088785338190718,20.5,21.5
1972.0,22.705685724402702,23.35483931651768,6.977512762094012,21.0,0,-2.3548393165176797,23.984649568540267,20.5,21.5
1973.0,22.68837020032076,23.23899264986436,6.977251020737022,21.0,1,-2.238992649864361,19.7635926502648,20.5,21.5
1974.0,22.739401903686964,23.189556980612565,6.976987773617367,21.0,0,-2.189556980612565,21.706486903058682,20.5,21.5
1975.0,22.725136555928106,23.035396638537087,6.9767230209355215,21.0,1,-2.0353966385370867,18.41058637627274,20.5,21.5
1976.0,22.77507960043374,23.036996281432998,6.976456762893106,21.0,0,-2.036996281432998,23.084985568310337,20.5,21.5
1977.0,22.718192367861832,22.99140780337683,6.976188999692887,21.0,0,-1.9914078033768305,21.623753461691805,20.5,21.5
1978.0,22.701388532493848,23.18989090550276,6.975919731538778,21.0,0,-2.189890905502761,29.14438396928067,20.5,21.5
1979.0,22.745370269770255,23.26263522210881,6.975648958635839,21.0,0,-2.262635222108809,25.444964720290255,20.5,21.5
1980.0,22.763350934222153,23.425024798139525,6.9753766811902755,21.0,0,-2.4250247981395248,28.296712079060995,20.5,21.5
1981.0,22.858211345891892,23.474130033855758,6.975102899409437,21.0,0,-2.474130033855758,24.947287105342753,20.5,21.5
1982.0,22.773307612103746,23.57042339052407,6.974827613501823,21.0,0,-2.57042339052407,26.45922409057343,20.5,21.5
1983.0,22.749922721481926,23.35763141499133,6.974550823677073,21.0,1,-2.3576314149913316,16.973872149009182,20.5,21.5
1984.0,22.80878876308228,23.258969458279005,6.974272530145976,21.0,1,-2.2589694582790045,20.299110756909194,20.5,21.5
1985.0,22.803544788316138,23.099788469218907,6.973992733120464,21.0,1,-2.0997884692189075,18.324358797415996,20.5,21.5
1986.0,22.811872360002155,22.94722213635734,6.973711432813614,21.0,1,-1.9472221363573397,18.370232150510304,20.5,21.5
1987.0,22.839792625227858,22.800737426317728,6.973428629439651,21.0,1,-1.8007374263177276,18.406196125129366,20.5,21.5
1988.0,22.88607523194071,23.011709175203794,6.973144323213939,21.0,0,-2.0117091752037943,29.340861641785796,20.5,21.5
1989.0,22.87164304223531,23.083276362790883,6.972858514352991,21.0,0,-2.0832763627908832,25.23029199040355,20.5,21.5
1990.0,22.896123234206744,23.064730489196794,6.972571203074462,21.0,0,-2.064730489196794,22.50835428137412,20.5,21.5
1991.0,22.904939904147355,22.99709431474726,6.972282389597154,21.0,0,-1.9970943147472617,20.96800908126129,20.5,21.5
1992.0,22.890801152589344,22.923376517475777,6.97199207414101,21.0,0,-1.923376517475777,20.711842599331238,20.5,21.5
1993.0,22.843652995201335,22.714084395437826,6.971700256927117,21.0,1,-1.7140843954378262,16.4353207342993,20.5,21.5
1994.0,22.858437657903085,22.74796252799849,6.971406938177707,21.0,0,-1.7479625279984887,23.764306504818364,20.5,21.5
1995.0,22.87359474007481,22.768890309848913,6.971112118116156,21.0,0,-1.7688903098489135,23.396723765361656,20.5,21.5
1996.0,22.811448559777183,22.82943642975494,6.97081579696698,21.0,0,-1.8294364297549386,24.64582002693569,20.5,21.5
1997.0,22.798868348172427,22.946200027476657,6.970517974955843,21.0,0,-1.9462000274766567,26.4491079591282,20.5,21.5
1998.0,22.71239023637,23.043748793425284,6.970218652309548,21.0,0,-2.0437487934252836,25.97021177188409,20.5,21.5
1999.0,22.691832713316728,23.12090969713065,6.969917829256042,21.0,0,-2.1209096971306494,25.435736808291622,20.5,21.5
2000.0,22.733375860747252,23.196149581579565,6.969615506024416,21.0,0,-2.196149581579565,25.453346115047037,20.5,21.5
2001.0,22.730217365903606,23.22500738594751,6.969311682844902,21.0,0,-2.22500738594751,24.09074151698586,20.5,21.5
2002.0,22.719933685998658,23.24383600882163,6.969006359948873,21.0,0,-2.2438360088216314,23.80869469504527,20.5,21.5
2003.0,22.778355578898505,23.349750826227634,6.968699537568848,21.0,0,-2.349750826227634,26.527195348407716,20.5,21.5
2004.0,22.57907433969871,23.10017983985543,6.9683912159384835,21.0,1,-2.1001798398554286,15.613050248689262,20.5,21.5
2005.0,22.556010103079952,23.063940904172952,6.9680813952925815,21.0,0,-2.063940904172952,21.97677283369866,20.5,21.5
2006.0,22.612581361818183,23.18246432801848,6.967770075867083,21.0,0,-2.1824643280184794,26.738167043384298,20.5,21.5
2007.0,22.655796934624757,23.048651490974777,6.967457257899071,21.0,1,-2.048651490974777,19.0342663796637,20.5,21.5
2008.0,22.70982633292338,23.142768676508062,6.967142941626772,21.0,0,-2.1427686765080622,25.966284242506624,20.5,21.5
2009.0,22.794625298697888,23.313291246937663,6.966827127289549,21.0,0,-2.3132912469376627,28.428968359825678,20.5,21.5
2010.0,22.716271340305397,23.319628642730347,6.9665098151279095,21.0,0,-2.319628642730347,23.509750516510874,20.5,21.5
2011.0,22.692681158263444,23.22758920578979,6.9661910053835,21.0,1,-2.2275892057897906,20.4664060975731,20.5,21.5
2012.0,22.754187323192923,23.199533651993338,6.965870698299108,21.0,0,-2.199533651993338,22.357867038099766,20.5,21.5
2013.0,22.73708214972783,22.92891910471277,6.965548894118663,21.0,1,-1.9289191047127687,14.810482686295686,20.5,21.5
2014.0,22.775845202063127,22.773145120143614,6.96522559308723,21.0,1,-1.7731451201436137,18.099925583068963,20.5,21.5
2015.0,22.839734123252676,22.652219931715337,6.964900795451019,21.0,1,-1.6522199317153365,19.024464278867022,20.5,21.5
2016.0,22.785797696756177,22.624992642506307,6.964574501457378,21.0,0,-1.6249926425063066,21.808173966235408,20.5,21.5
2017.0,22.858494549511285,22.835833333267107,6.964246711354791,21.0,0,-1.8358333332671073,29.161054056091128,20.5,21.5
2018.0,22.894115092844714,22.926279457619586,6.9639174253928875,21.0,0,-1.9262794576195859,25.639663188193943,20.5,21.5
2019.0,22.890164092065355,23.000658551414098,6.963586643822431,21.0,0,-2.000658551414098,25.232031365249462,20.5,21.5
2020.0,22.83123218262199,23.158724066547723,6.9632543668953275,21.0,0,-2.158724066547723,27.90068952055648,20.5,21.5
2021.0,22.850702345520755,23.107178703228925,6.96292059486462,21.0,0,-2.107178703228925,21.560817803664982,20.5,21.5
2022.0,22.833456166670736,22.987930820447406,6.96258532798449,21.0,1,-1.9879308204474064,19.410494337001847,20.5,21.5
2023.0,22.886162664407895,23.064928648266356,6.962248566510258,21.0,0,-2.0649286482663562,25.37486348283485,20.5,21.5
2024.0,22.882832957803046,23.159832438291197,6.961910310698383,21.0,0,-2.159832438291197,26.006946139036415,20.5,21.5
2025.0,22.829745796003433,23.109250917099775,6.961570560806461,21.0,0,-2.109250917099775,21.59180528135712,20.5,21.5
2026.0,22.829650715622858,23.043349164697474,6.961229317093226,21.0,0,-2.0433491646974744,21.066296592628454,20.5,21.5
2027.0,22.85587724641403,23.21965193716802,6.960886579818551,21.0,0,-2.2196519371680203,28.5087351112844,20.5,21.5
2028.0,22.970383450173486,23.243870733610542,6.960542349243443,21.0,0,-2.2438707336105423,23.970434626886203,20.5,21.5
2029.0,22.9139623800828,23.227814239200473,6.9601966256300525,21.0,0,-2.227814239200473,22.746119406898398,20.5,21.5
2030.0,22.875307784296968,23.29626581884333,6.959849409241659,21.0,0,-2.296265818843331,25.349813208129063,20.5,21.5
2031.0,22.85035732945688,23.59533921103221,6.959500700342685,21.0,0,-2.5953392110322113,32.56754097669862,20.5,21.5
2032.0,22.87763715549802,23.40856966920684,6.959150499198688,21.0,1,-2.408569669206841,17.80548341444573,20.5,21.5
2033.0,22.908283733128215,23.312661930124477,6.95879880607636,21.0,1,-2.3126619301244773,20.435429757653566,20.5,21.5
2034.0,22.932698807068856,23.27164474965339,6.9584456212435315,21.0,0,-2.2716447496533902,22.04112933552078,20.5,21.5
2035.0,22.93943014654499,23.242221054150434,6.958090944969168,21.0,0,-2.242221054150434,22.35951018906175,20.5,21.5
2036.0,22.89279537289273,23.1556108913387,6.95773477752337,21.0,0,-2.1556108913387,20.557306006986675,20.5,21.5
2037.0,22.95561127946662,23.21108203909322,6.957377119177376,21.0,0,-2.2110820390932204,24.875216471728834,20.5,21.5
2038.0,22.928652513600202,23.20845202452683,6.957017970203557,21.0,0,-2.2084520245268315,23.129551587535165,20.5,21.5
2039.0,22.936530790432332,23.20964528948407,6.956657330875421,21.0,0,-2.209645289484069,23.245443238201187,20.5,21.5
2040.0,22.894162261030914,23.22894672941934,6.956295201467611,21.0,0,-2.2289467294193415,23.80798992747752,20.5,21.5
2041.0,22.835148996616752,23.17479782069926,6.9559315822559045,21.0,0,-2.1747978206992613,21.550330559096857,20.5,21.5
2042.0,22.93471996152548,23.220912750179984,6.955566473517212,21.0,0,-2.220912750179984,24.60436063460167,20.5,21.5
2043.0,22.944835163552213,23.329222565963775,6.955199875529582,21.0,0,-2.329222565963775,26.578517039477504,20.5,21.5
2044.0,22.93467617725744,23.38547166009075,6.954831788572192,21.0,0,-2.385471660090751,25.072944483900024,20.5,21.5
2045.0,22.94532905700041,23.288745782479385,6.954462212925358,21.0,1,-2.288745782479385,20.386969454138406,20.5,21.5
2046.0,22.958537209609933,23.24023005685548,6.9540911488705275,21.0,0,-2.2402300568554807,21.784758288138356,20.5,21.5
2047.0,22.999360558337234,23.206058328044243,6.9537185966902815,21.0,0,-2.206058328044243,22.18090646370711,20.5,21.5
2048.0,22.93810354100321,23.134860351258634,6.953344556668336,21.0,0,-2.1348603512586344,20.998921047690377,20.5,21.5
2049.0,22.877376121217875,23.012681074142563,6.952969029089537,21.0,1,-2.012681074142563,19.34730276066042,20.5,21.5
2050.0,22.872210702938418,23.087377644277638,6.952592014239867,21.0,0,-2.0873776442776375,25.328274748329875,20.5,21.5
2051.0,22.895622101467808,23.099977458878854,6.952213512406438,21.0,0,-2.099977458878854,23.47797189691535,20.5,21.5
2052.0,22.83528231945245,23.140550235418726,6.951833523877495,21.0,0,-2.1405502354187256,24.357733531614873,20.5,21.5
2053.0,22.824376294314174,23.15994992638221,6.951452048942417,21.0,0,-2.159949926382211,23.741940655286776,20.5,21.5
2054.0,22.84889275852215,23.07620427823226,6.951069087891713,21.0,0,-2.076204278232261,20.563834833733758,20.5,21.5
2055.0,22.883935742612,23.046736334814323,6.950684641017025,21.0,0,-2.046736334814323,22.162698032276186,20.5,21.5
2056.0,22.884231656496034,23.143818866438465,6.950298708611126,21.0,0,-2.1438188664384654,26.056294815162737,20.5,21.5
2057.0,22.886463782144705,23.03833044846943,6.949911290967921,21.0,1,-2.0383304484694307,19.87367790939839,20.5,21.5
2058.0,22.888129545358748,23.049819591916307,6.9495223883824435,21.0,0,-2.0498195919163074,23.394493895322608,20.5,21.5
2059.0,22.775467442916245,23.31563573352398,6.949132001150861,21.0,0,-2.3156357335239797,31.29011998175415,20.5,21.5
2060.0,22.768351084627785,23.184740011735425,6.948740129570471,21.0,1,-2.1847400117354248,19.257868358078778,20.5,21.5
2061.0,22.767466070083167,23.081168617772395,6.948346773939699,21.0,1,-2.081168617772395,19.9740267988815,20.5,21.5
2062.0,22.7606785505639,23.110943095941714,6.947951934558104,21.0,0,-2.110943095941714,24.004177441021284,20.5,21.5
2063.0,22.681269237392474,23.023713337472703,6.947555611726371,21.0,1,-2.023713337472703,20.406820583402375,20.5,21.5
2064.0,22.723177245370856,22.932462597179345,6.94715780574632,21.0,1,-1.9324625971793452,20.194940388378612,20.5,21.5
2065.0,22.79714918239391,23.051521976233424,6.946758516920897,21.0,0,-2.051521976233424,26.62330334785579,20.5,21.5
2066.0,22.86887191564637,22.971833123322238,6.9463577455541765,21.0,0,-1.971833123322238,20.581167535986655,20.5,21.5
2067.0,22.828150692044368,22.87923185345344,6.945955491951364,21.0,1,-1.8792318534534402,20.10119375738951,20.5,21.5
2068.0,22.787043009710093,22.967111698729124,6.945551756418793,21.0,0,-1.9671116987291235,25.60350705699962,20.5,21.5
2069.0,22.775929400264705,23.061898919231595,6.945146539263926,21.0,0,-2.061898919231595,25.905515534305742,20.5,21.5
2070.0,22.754208404194312,23.12236523257774,6.944739840795354,21.0,0,-2.1223652325777387,24.936354632962047,20.5,21.5
2071.0,22.735588297121964,23.20155952048096,6.944331661322793,21.0,0,-2.2015595204809593,25.577388157577577,20.5,21.5
2072.0,22.709476098611905,23.27094864567956,6.943922001157093,21.0,0,-2.2709486456795602,25.35262240163759,20.5,21.5
2073.0,22.6154538908224,23.20814396274405,6.943510860610225,21.0,0,-2.2081439627440496,21.32400347467873,20.5,21.5
2074.0,22.630022579268203,23.020554631921165,6.943098239995292,21.0,1,-2.020554631921165,17.392874707234625,20.5,21.5
2075.0,22.71789865580511,22.92180978195057,6.942684139626523,21.0,1,-1.9218097819505715,19.95946428283277,20.5,21.5
2076.0,22.73235093563307,22.981827892529985,6.942268559819272,21.0,0,-1.981827892529985,24.78237120991239,20.5,21.5
2077.0,22.789090891172854,22.941001672931577,6.941851500890023,21.0,0,-1.941001672931577,21.71621508497934,20.5,21.5
2078.0,22.647190580490232,22.863546747764364,6.941432963156382,21.0,0,-1.8635467477643637,20.53989899274796,20.5,21.5
2079.0,22.63037581733715,22.811946938152857,6.941012946937085,21.0,0,-1.8119469381528575,21.26395264980767,20.5,21.5
2080.0,22.61027069514468,22.93057034699327,6.940591452551993,21.0,0,-1.930570346993271,26.489272612205674,20.5,21.5
2081.0,22.649461791980414,22.80269025480329,6.940168480322092,21.0,1,-1.8026902548032915,18.96628748910391,20.5,21.5
2082.0,22.656514500875826,22.90146362698286,6.939744030569494,21.0,0,-1.90146362698286,25.864664792369915,20.5,21.5
2083.0,22.704688470378436,23.135053503379297,6.939318103617435,21.0,0,-2.1350535033792966,30.142749795272394,20.5,21.5
2084.0,22.735070255669584,23.159138691359487,6.938890699790278,21.0,0,-2.1591386913594874,23.881694330765214,20.5,21.5
2085.0,22.679062774095758,23.056572532120175,6.938461819413509,21.0,1,-2.0565725321201747,19.97958775494079,20.5,21.5
2086.0,22.656886518523994,23.219896497758118,6.938031462813739,21.0,0,-2.2198964977581177,28.11961546689641,20.5,21.5
2087.0,22.678169246851436,23.13063877568927,6.9375996303187035,21.0,1,-2.1306387756892704,20.45290711362385,20.5,21.5
2088.0,22.67400355569904,23.031081638813927,6.937166322257262,21.0,1,-2.0310816388139266,20.04436753255361,20.5,21.5
2089.0,22.669317375637718,23.148106465017115,6.936731538959397,21.0,0,-2.148106465017115,26.658851251112765,20.5,21.5
2090.0,22.68993856920715,23.272428058066982,6.936295280756216,21.0,0,-2.272428058066982,27.002075849562996,20.5,21.5
2091.0,22.703398482819626,23.058281804650825,6.935857547979946,21.0,1,-2.058281804650825,16.63389420216612,20.5,21.5
2092.0,22.727916939418247,22.993625684411956,6.935418340963943,21.0,1,-1.9936256844119562,21.05394207724589,20.5,21.5
2093.0,22.747054889675404,22.879293696872477,6.934977660042679,21.0,1,-1.8792936968724767,19.449334070688092,20.5,21.5
2094.0,22.68219071096256,22.82404509751887,6.934535505551754,21.0,1,-1.8240450975188693,21.166587116910648,20.5,21.5
2095.0,22.716333370722644,22.691863243667207,6.934091877827886,21.0,1,-1.691863243667207,18.726407628117336,20.5,21.5
2096.0,22.75583396964694,22.710023714246727,6.933646777208919,21.0,0,-1.7100237142467272,23.254837831632333,20.5,21.5
2097.0,22.76950582545707,22.791392056252192,6.933200204033815,21.0,0,-1.7913920562521923,25.232442316416147,20.5,21.5
2098.0,22.71053953305334,22.825613927787597,6.932752158642659,21.0,0,-1.8256139277875967,23.852270073849727,20.5,21.5
2099.0,22.699058261966087,22.77872312943389,6.932302641376657,21.0,0,-1.7787231294338888,21.37199917882265,20.5,21.5
2100.0,22.62724977272603,22.691984441564898,6.931851652578136,21.0,1,-1.6919844415648981,20.08982380549518,20.5,21.5
2101.0,22.61173962555592,22.8341767233016,6.931399192590545,21.0,0,-1.8341767233015993,27.099945175402635,20.5,21.5
2102.0,22.677806942596682,22.80336008497084,6.93094526175845,21.0,0,-1.8033600849708407,21.87886093504808,20.5,21.5
2103.0,22.66222441470253,22.847408154909836,6.9304898604275404,21.0,0,-1.8474081549098358,24.16885025307969,20.5,21.5
2104.0,22.717376930994536,22.942545485179846,6.930032988944623,21.0,0,-1.9425454851798456,25.79666539328014,20.5,21.5
2105.0,22.72885563024057,23.102250701031842,6.929574647657626,21.0,0,-2.102250701031842,27.893407176591737,20.5,21.5
2106.0,22.663631307695294,23.00610509793444,6.929114836915597,21.0,1,-2.006105097934441,20.121737005012402,20.5,21.5
2107.0,22.666870391391356,23.185481364570308,6.928653557068699,21.0,0,-2.1854813645703075,28.56676936364631,20.5,21.5
2108.0,22.688581956922484,23.294405861120254,6.92819080846822,21.0,0,-2.2944058611202536,26.562140757618636,20.5,21.5
2109.0,22.745219434395647,23.197250069252227,6.927726591466562,21.0,1,-2.1972500692522274,20.282576313211443,20.5,21.5
2110.0,22.75725880275457,23.248954402231274,6.927260906417246,21.0,0,-2.2489544022312735,24.800084391602656,20.5,21.5
2111.0,22.829976627895842,23.36597954494212,6.926793753674912,21.0,0,-2.365979544942121,26.876733826267547,20.5,21.5
2112.0,22.878590365820184,23.180911488542584,6.926325133595316,21.0,1,-2.180911488542584,17.62886979655648,20.5,21.5
2113.0,22.931352061602386,23.056386063718598,6.925855046535334,21.0,1,-2.0563860637185982,19.32062331899902,20.5,21.5
2114.0,22.988489777886766,23.215486621447887,6.925383492852958,21.0,0,-2.215486621447887,27.988503353326557,20.5,21.5
2115.0,22.968538369227822,23.171351260353397,6.924910472907294,21.0,0,-2.171351260353397,21.847290427518693,20.5,21.5
2116.0,22.989471072583168,23.127115058012834,6.924435987058571,21.0,0,-2.1271150580128335,21.800028987795926,20.5,21.5
2117.0,23.00693202511111,23.122648799011028,6.923960035668127,21.0,0,-2.122648799011028,22.98866102895686,20.5,21.5
2118.0,22.975231148302935,23.216418134361273,6.923482619098422,21.0,0,-2.216418134361273,26.029498194868633,20.5,21.5
2119.0,22.99191209971231,23.21144188022967,6.92300373771303,21.0,0,-2.211441880229671,23.06215425628161,20.5,21.5
2120.0,23.042715254440434,23.295372619823073,6.922523391876638,21.0,0,-2.2953726198230733,25.813294807625137,20.5,21.5
2121.0,23.052591148378202,23.183096711036377,6.922041581955051,21.0,1,-2.1830967110363773,19.814819447435497,20.5,21.5
2122.0,23.07576991919397,23.306810994493993,6.921558308315188,21.0,0,-2.3068109944939934,27.018239498222478,20.5,21.5
2123.0,23.060877419164385,23.185690016242724,6.921073571325084,21.0,1,-2.1856900162427237,19.552060668704634,20.5,21.5
2124.0,23.10328601850262,23.34647910814332,6.920587371353886,21.0,0,-2.3464791081433205,28.170151865161223,20.5,21.5
2125.0,23.055837382825278,23.49104649355387,6.920099708771858,21.0,0,-2.4910464935538705,27.82806805587037,20.5,21.5
2126.0,23.169891278164613,23.636640696384678,6.919610583950374,21.0,0,-2.636640696384678,28.004466781308896,20.5,21.5
2127.0,23.084640212927898,23.66496486340756,6.919119997261925,21.0,0,-2.6649648634075582,24.51468987409397,20.5,21.5
2128.0,23.109976562538115,23.78738207559679,6.918627949080115,21.0,0,-2.7873820755967884,27.459898441273694,20.5,21.5
2129.0,23.168623790449942,23.72702628153613,6.918134439779659,21.0,0,-2.72702628153613,21.916352459716375,20.5,21.5
2130.0,23.114621374810234,23.514584007143856,6.917639469736386,21.0,1,-2.5145840071438563,17.14131577537565,20.5,21.5
2131.0,23.152321510394394,23.54973684822628,6.917143039327238,21.0,0,-2.5497368482262814,24.604322080699035,20.5,21.5
2132.0,23.048135508186313,23.58609342600484,6.916645148930266,21.0,0,-2.5860934260048403,24.676790759361605,20.5,21.5
2133.0,23.076834601573328,23.49384967292753,6.916145798924639,21.0,0,-2.4938496729275315,20.726537080608267,20.5,21.5
2134.0,23.059177490761492,23.292026818133472,6.91564498969063,21.0,1,-2.292026818133472,17.237341174311688,20.5,21.5
2135.0,23.122707145757975,23.382512117377352,6.915142721609629,21.0,0,-2.3825121173773525,26.097071094693767,20.5,21.5
2136.0,23.147666664417525,23.411055316311597,6.914638995064134,21.0,0,-2.4110553163115966,24.267351284338922,20.5,21.5
2137.0,23.12484034247479,23.27019936423657,6.9141338104377565,21.0,1,-2.2701993642365714,19.044520801985815,20.5,21.5
2138.0,23.131920591902336,23.373577154455486,6.913627168115215,21.0,0,-2.373577154455486,26.474910861022916,20.5,21.5
2139.0,23.081746314093174,23.388249477903013,6.91311906848234,21.0,0,-2.3882494779030132,23.828419181328837,20.5,21.5
2140.0,23.13765908027314,23.359558804789863,6.912609511926071,21.0,0,-2.359558804789863,22.498838611395357,20.5,21.5
2141.0,23.093033765592967,23.387209372281003,6.9120984988344585,21.0,0,-2.387209372281003,24.216726397015197,20.5,21.5
2142.0,23.098351189287605,23.560937632328773,6.91158602959666,21.0,0,-2.5609376323287734,28.77278543376189,20.5,21.5
2143.0,22.97909617302925,23.487086533769453,6.911072104602945,21.0,0,-2.487086533769453,21.27155357698985,20.5,21.5
2144.0,22.972298147576673,23.543282389578685,6.910556724244687,21.0,0,-2.5432823895786854,25.22915806385565,20.5,21.5
2145.0,22.89628621021113,23.52886613460123,6.9100398889143735,21.0,0,-2.5288661346012304,23.096378485277583,20.5,21.5
2146.0,22.860395894785235,23.299734297184795,6.909521599005595,21.0,1,-2.299734297184795,16.42577917469173,20.5,21.5
2147.0,22.778385834645153,23.02870849252248,6.909001854913052,21.0,1,-2.0287084925224796,14.89793435265302,20.5,21.5
2148.0,22.909505634592346,23.011036578490597,6.908480657032554,21.0,0,-2.0110365784905966,22.480879157534105,20.5,21.5
2149.0,22.91803034901203,22.924657277024227,6.907958005761014,21.0,1,-1.9246572770242274,20.333278233033152,20.5,21.5
2150.0,22.948273616267922,22.79792911873769,6.907433901496454,21.0,1,-1.7979291187376916,18.996084370141617,20.5,21.5
2151.0,23.04248172464526,22.845850537349445,6.906908344638002,21.0,0,-1.8458505373494454,24.28349309570206,20.5,21.5
2152.0,22.980037323293192,23.110426596314046,6.906381335585894,21.0,0,-2.1104265963140456,31.047708365252053,20.5,21.5
2153.0,23.041723465933213,23.112755781344973,6.905852874741469,21.0,0,-2.1127557813449727,23.182631332272784,20.5,21.5
2154.0,23.153718231659703,23.166809862487927,6.905322962507173,21.0,0,-2.166809862487927,24.78843229677656,20.5,21.5
2155.0,23.18129615767755,23.134413937926656,6.904791599286557,21.0,0,-2.134413937926656,22.162536201088518,20.5,21.5
2156.0,23.200850734797594,23.16277099130557,6.904258785484277,21.0,0,-2.162770991305571,24.01348259267303,20.5,21.5
2157.0,23.217317745685488,23.117460517772287,6.903724521506096,21.0,0,-2.1174605177722867,21.758146311773757,20.5,21.5
2158.0,23.101297234888175,23.26475238083819,6.903188807758877,21.0,0,-2.264752380838189,27.68350827281526,20.5,21.5
2159.0,23.031597093086873,23.341803031227677,6.9026516446505894,21.0,0,-2.341803031227677,25.653322542912314,20.5,21.5
2160.0,23.094672173025604,23.575366436128746,6.902113032590307,21.0,0,-2.5753664361287463,30.582268583160825,20.5,21.5
2161.0,22.968324521389775,23.64134991155158,6.901572971988207,21.0,0,-2.641349911551579,25.620854174236563,20.5,21.5
2162.0,22.9832146495275,23.515837847589246,6.901031463255567,21.0,1,-2.5158378475892462,19.75047592871926,20.5,21.5
2163.0,22.991271784306786,23.356996399585604,6.900488506804772,21.0,1,-2.3569963995856043,18.591752959476345,20.5,21.5
2164.0,22.911606799400566,23.28434110451041,6.899944103049306,21.0,1,-2.2843411045104105,21.104682252254598,20.5,21.5
2165.0,22.975870908297523,23.14016410181815,6.8993982524037545,21.0,1,-2.1401641018181508,18.81485402105036,20.5,21.5
2166.0,23.079940561078192,23.061665554596182,6.898850955283808,21.0,1,-2.061665554596182,20.706709137937118,20.5,21.5
2167.0,23.097628671739216,23.179468621794662,6.898302212106257,21.0,0,-2.179468621794662,26.71356063774906,20.5,21.5
2168.0,23.0745565661115,23.258369222284834,6.8977520232889935,21.0,0,-2.258369222284834,25.62538723699,20.5,21.5
2169.0,23.12808640699175,23.2995478407818,6.89720038925101,21.0,0,-2.2995478407817984,24.534906395690726,20.5,21.5
2170.0,23.06916410019112,23.37504215686787,6.896647310412399,21.0,0,-2.3750421568678703,25.63987163945003,20.5,21.5
2171.0,23.042061139943623,23.33443402749884,6.896092787194355,21.0,0,-2.3344340274988404,22.116190146427943,20.5,21.5
2172.0,23.01096380192297,23.27944714448817,6.895536820019172,21.0,0,-2.27944714448817,21.62984065416806,20.5,21.5
2173.0,23.000056597666724,23.186669219580544,6.894979409310242,21.0,1,-2.186669219580544,20.403331472351766,20.5,21.5
2174.0,23.06456897711935,23.250532292869387,6.894420555492058,21.0,0,-2.250532292869387,25.166424491534677,20.5,21.5
2175.0,23.094155745734884,23.442465604037775,6.893860258990212,21.0,0,-2.442465604037775,29.200464939089404,20.5,21.5
2176.0,23.124109173699143,23.464222556111256,6.893298520231393,21.0,0,-2.464222556111256,24.116931118315694,20.5,21.5
2177.0,23.162694707803812,23.4665719560686,6.892735339643391,21.0,0,-2.4665719560685986,23.537053954788874,20.5,21.5
2178.0,23.16970086814987,23.517212929450363,6.892170717655091,21.0,0,-2.5172129294503627,25.036442130903286,20.5,21.5
2179.0,23.118698580849976,23.512103792421858,6.8916046546964775,21.0,0,-2.5121037924218577,23.358829681566707,20.5,21.5
2180.0,23.065195888850905,23.272531742952076,6.891037151198634,21.0,1,-2.2725317429520757,16.085370258858617,20.5,21.5
2181.0,23.000573097079954,23.40395671956539,6.890468207593736,21.0,0,-2.4039567195653895,27.346706017964802,20.5,21.5
2182.0,22.956468610809612,23.329685192322636,6.889897824315062,21.0,0,-2.3296851923226356,21.10153937504002,20.5,21.5
2183.0,22.992803942835014,23.3752919460287,6.889326001796981,21.0,0,-2.3752919460286996,24.74349455721062,20.5,21.5
2184.0,22.942210525690427,23.252301343460466,6.888752740474962,21.0,1,-2.2523013434604664,19.56258326641347,20.5,21.5
2185.0,22.946662373988968,23.09743237635577,6.888178040785569,21.0,1,-2.097432376355769,18.451363363214853,20.5,21.5
2186.0,22.97425378079766,22.983808223608502,6.887601903166459,21.0,1,-1.9838082236085022,19.575083641190492,20.5,21.5
2187.0,23.074036787390206,22.975579350466923,6.887024328056388,21.0,0,-1.9755793504669228,22.72871315621954,20.5,21.5
2188.0,23.026142165859984,22.90684624102069,6.886445315895202,21.0,0,-1.9068462410206912,20.844852957633744,20.5,21.5
2189.0,23.0151021300677,22.905819600062557,6.885864867123846,21.0,0,-1.9058196000625571,22.875020371318534,20.5,21.5
2190.0,23.025979475225586,23.074325610403037,6.885282982184357,21.0,0,-2.0743256104030365,28.12950592061742,20.5,21.5
2191.0,23.01198757338593,23.152152035792184,6.884699661519864,21.0,0,-2.1521520357921844,25.48694479746662,20.5,21.5
2192.0,22.98512094239735,23.23198677700412,6.884114905574593,21.0,0,-2.2319867770041206,25.627029013362208,20.5,21.5
2193.0,22.932581266385625,23.248710034648433,6.883528714793861,21.0,0,-2.2487100346484326,23.75040776397779,20.5,21.5
2194.0,22.910432687141405,23.27438227804126,6.882941089624076,21.0,0,-2.2743822780412586,24.04454957982604,20.5,21.5
2195.0,22.90964286988206,23.3002105693973,6.882352030512742,21.0,0,-2.3002105693973007,24.075059310078565,20.5,21.5
2196.0,22.930476979523934,23.26294467279099,6.881761537908451,21.0,0,-2.26294467279099,22.14496777460167,20.5,21.5
2197.0,22.91617818761762,23.197336492956385,6.881169612260891,21.0,0,-2.197336492956385,21.229091097918232,20.5,21.5
2198.0,22.880804501851905,23.142626450074673,6.880576254020838,21.0,0,-2.1426264500746726,21.5013251636233,20.5,21.5
2199.0,22.889077786413925,23.078967421444453,6.87998146364016,21.0,0,-2.078967421444453,21.16919656253787,20.5,21.5
2200.0,22.903485930498086,22.9354737533286,6.879385241571817,21.0,1,-1.9354737533286013,18.630663709853046,20.5,21.5
2201.0,22.995398279475424,22.93849165552582,6.878787588269857,21.0,0,-1.9384916555258194,23.029028721442362,20.5,21.5
2202.0,23.018345169059316,22.93885841372052,6.878188504189419,21.0,0,-1.9388584137205207,22.94986115956156,20.5,21.5
2203.0,22.901023826340403,23.10218983597345,6.877587989786731,21.0,0,-2.1021898359734514,28.002132503561374,20.5,21.5
2204.0,22.961009251458567,23.195964980372842,6.8769860455191125,21.0,0,-2.1959649803728425,26.009219312354574,20.5,21.5
2205.0,22.9755613152854,23.222866785185154,6.8763826718449685,21.0,0,-2.222866785185154,24.0299209295545,20.5,21.5
2206.0,22.939239382838338,23.190565391477968,6.875777869223795,21.0,0,-2.1905653914779677,22.221523580262378,20.5,21.5
2207.0,22.890923384670106,23.193617094188053,6.875171638116177,21.0,0,-2.1936170941880526,23.2851681754906,20.5,21.5
2208.0,22.856843645628253,23.069920911406687,6.874563978983783,21.0,1,-2.0699209114066868,19.35903542796571,20.5,21.5
2209.0,22.838263519893218,22.960285328083856,6.873954892289374,21.0,1,-1.960285328083856,19.67121782839893,20.5,21.5
2210.0,22.84576038825758,23.120612784102143,6.873344378496795,21.0,0,-2.1206127841021427,27.930436464650747,20.5,21.5
2211.0,22.97552359066662,23.069846544172684,6.8727324380709796,21.0,0,-2.069846544172684,21.54685934628892,20.5,21.5
2212.0,22.97349904233743,23.135507922453233,6.872119071477947,21.0,0,-2.1355079224532325,25.10534927086969,20.5,21.5
2213.0,23.00924506420378,23.19422721408263,6.871504279184801,21.0,0,-2.1942272140826304,24.95580596296457,20.5,21.5
2214.0,23.001730128463834,23.213881531701794,6.870888061659734,21.0,0,-2.2138815317017944,23.803511060276712,20.5,21.5
2215.0,22.936812991343764,23.09682468045198,6.870270419372023,21.0,1,-2.096824680451981,19.585119142957574,20.5,21.5
2216.0,22.982755221134177,23.17099385663385,6.869651352792029,21.0,0,-2.1709938566338494,25.396069142089907,20.5,21.5
2217.0,22.99499061514397,23.098509552169986,6.869030862391197,21.0,0,-2.098509552169986,20.92398041825409,20.5,21.5
2218.0,22.941182142596578,22.92078616610249,6.86840894864206,21.0,1,-1.9207861661024914,17.58908458407765,20.5,21.5
2219.0,22.996596165965613,22.99870298400399,6.867785612018229,21.0,0,-1.998702984003991,25.336207521048976,20.5,21.5
2220.0,23.035425650073392,23.114023951664866,6.867160852994403,21.0,0,-2.1140239516648656,26.573652981491104,20.5,21.5
2221.0,23.064851502338772,23.094292127732196,6.866534672046365,21.0,0,-2.0942921277321958,22.5023374097521,20.5,21.5
2222.0,23.07042479452902,23.146361493119596,6.865907069650978,21.0,0,-2.1463614931195956,24.70844245474159,20.5,21.5
2223.0,23.06361218495958,23.451462297955068,6.865278046286188,21.0,0,-2.451462297955068,32.60448644301924,20.5,21.5
2224.0,23.052896276156535,23.50965469758689,6.864647602431024,21.0,0,-2.509654697586889,25.25542668654152,20.5,21.5
2225.0,23.141059799185786,23.379794003026355,6.864015738565597,21.0,1,-2.3797940030263547,19.483973166210326,20.5,21.5
2226.0,23.177166656041575,23.36216557519963,6.863382455171098,21.0,0,-2.3621655751996293,22.83331274039787,20.5,21.5
2227.0,23.19294180169614,23.481763921537933,6.8627477527298,21.0,0,-2.481763921537933,27.069714311687044,20.5,21.5
2228.0,23.267542046218423,23.31998173051136,6.862111631725057,21.0,1,-2.3199817305113584,18.46651599971412,20.5,21.5
2229.0,23.297861276744648,23.385304298899637,6.861474092641302,21.0,0,-2.385304298899637,25.344981350548,20.5,21.5
2230.0,23.298658317309382,23.530732144728315,6.860835135964049,21.0,0,-2.530732144728315,27.893567519588654,20.5,21.5
2231.0,23.336706668051963,23.556635226808215,6.860194762179892,21.0,0,-2.556635226808215,24.333727689205208,20.5,21.5
2232.0,23.367487392166026,23.484897836262114,6.859552971776503,21.0,0,-2.484897836262114,21.332776119879085,20.5,21.5
2233.0,23.2601910311517,23.551936710505192,6.8589097652426325,21.0,0,-2.551936710505192,25.563102937797535,20.5,21.5
2234.0,23.20766901089578,23.443217479193493,6.858265143068112,21.0,1,-2.4432174791934926,20.181640539842512,20.5,21.5
2235.0,23.18509651081457,23.295067165470066,6.857619105743849,21.0,1,-2.2950671654700656,18.850557753767255,20.5,21.5
2236.0,23.18819290013902,23.23795428916089,6.856971653761827,21.0,0,-2.2379542891608892,21.524567999885598,20.5,21.5
2237.0,23.21585205781207,23.121500108197175,6.856322787615111,21.0,1,-2.121500108197175,19.627874679285746,20.5,21.5
2238.0,23.20481236856244,23.09134276049814,6.8556725077978395,21.0,0,-2.09134276049814,22.186622329527093,20.5,21.5
2239.0,23.1818479372103,23.117866458562503,6.85502081480523,21.0,0,-2.117866458562503,23.913577400493388,20.5,21.5
2240.0,23.234879445275457,23.123571985892024,6.854367709133575,21.0,0,-2.123571985892024,23.29473780577766,20.5,21.5
2241.0,23.26147883821936,23.25520341793254,6.853713191280241,21.0,0,-2.2552034179325418,27.20414637914807,20.5,21.5
2242.0,23.224271554782337,23.40123761807818,6.8530572617436745,21.0,0,-2.4012376180781807,27.78226362244735,20.5,21.5
2243.0,23.190207637393712,23.41150005126723,6.852399921023393,21.0,0,-2.411500051267229,23.719373046938674,20.5,21.5
2244.0,23.217338812574166,23.430901916943327,6.85174116961999,21.0,0,-2.430901916943327,24.01295788722627,20.5,21.5
2245.0,23.20598668517011,23.505054079607685,6.851081008035133,21.0,0,-2.5050540796076852,25.72961895953843,20.5,21.5
2246.0,23.14971674497292,23.43373379513719,6.850419436771564,21.0,0,-2.43373379513719,21.294125261022334,20.5,21.5
2247.0,23.140421827493686,23.483679021973806,6.8497564563330995,21.0,0,-2.4836790219738063,24.982035827072295,20.5,21.5
2248.0,23.1029802772548,23.281732568194194,6.8490920672246265,21.0,1,-2.281732568194194,17.22333895480582,20.5,21.5
2249.0,23.052904779021063,23.280244217303824,6.848426269952107,21.0,0,-2.2802442173038244,23.235593690592744,20.5,21.5
2250.0,23.044612732690766,23.23863040901589,6.847759065022574,21.0,0,-2.23863040901589,21.990216160377862,20.5,21.5
2251.0,23.0757871309172,23.341205824795757,6.847090452944133,21.0,0,-2.3412058247957575,26.418468298191776,20.5,21.5
2252.0,23.11377165641747,23.205992474170877,6.846420434225962,21.0,1,-2.205992474170877,19.149591955424462,20.5,21.5
2253.0,23.144443363957677,23.33398683970382,6.845749009378308,21.0,0,-2.333986839703819,27.173817805692075,20.5,21.5
2254.0,23.237905193014868,23.367245023387678,6.8450761789124925,21.0,0,-2.367245023387678,24.364990533903455,20.5,21.5
2255.0,23.25059011972024,23.383588810783657,6.844401943340904,21.0,0,-2.3835888107836567,23.873902432663016,20.5,21.5
2256.0,23.269834860393868,23.20281941533569,6.843726303177001,21.0,1,-2.2028194153356893,17.779737551896666,20.5,21.5
2257.0,23.22470876231762,23.20813550174818,6.843049258935315,21.0,0,-2.208135501748181,23.36761809412294,20.5,21.5
2258.0,23.211063538002982,23.29757407896526,6.842370811131443,21.0,0,-2.2975740789652583,25.980731395477573,20.5,21.5
2259.0,23.29499535711685,23.244083328271955,6.841690960282053,21.0,0,-2.2440833282719552,21.639360807472862,20.5,21.5
2260.0,23.245020817167212,23.417555408832655,6.841009706904881,21.0,0,-2.417555408832655,28.621717825653647,20.5,21.5
2261.0,23.20443141812483,23.5259800012805,6.840327051518731,21.0,0,-2.5259800012805016,26.7787177747159,20.5,21.5
2262.0,23.16444791928124,23.550439598860393,6.839642994643476,21.0,0,-2.550439598860393,24.28422752625714,20.5,21.5
2263.0,23.18471030037893,23.488040332596455,6.838957536800052,21.0,0,-2.488040332596455,21.616062344678312,20.5,21.5
2264.0,23.0771913701761,23.466567004530802,6.838270678510469,21.0,0,-2.466567004530802,22.822367162561207,20.5,21.5
2265.0,23.11087105716179,23.276247370755208,6.837582420297797,21.0,1,-2.2762473707552076,17.566658357487377,20.5,21.5
2266.0,23.1161765302706,23.159940901196858,6.836892762686174,21.0,1,-2.159940901196858,19.670746814446378,20.5,21.5
2267.0,23.078352862353615,23.16742809163754,6.836201706200806,21.0,0,-2.1674280916375395,23.392043804857977,20.5,21.5
2268.0,23.099878808751715,23.264092945415562,6.835509251367963,21.0,0,-2.2640929454155625,26.164038558756253,20.5,21.5
2269.0,23.077865013974996,23.35698854318739,6.8348153987149765,21.0,0,-2.3569885431873914,26.143856476342258,20.5,21.5
2270.0,23.071625663098878,23.286959368250475,6.834120148770248,21.0,0,-2.286959368250475,21.186084120142983,20.5,21.5
2271.0,23.025117939697388,23.402327522957133,6.833423502063241,21.0,0,-2.4023275229571333,26.863372164156882,20.5,21.5
2272.0,23.113285013377176,23.443303778932027,6.832725459124479,21.0,0,-2.4433037789320267,24.67259145817883,20.5,21.5
2273.0,23.124740336983127,23.402895864529686,6.832026020485555,21.0,0,-2.402895864529686,22.19065843245947,20.5,21.5
2274.0,23.209081657598517,23.28079498785424,6.8313251866791225,21.0,1,-2.2807949878542395,19.617768687590843,20.5,21.5
2275.0,23.23276521582466,23.53551991065819,6.830622958238894,21.0,0,-2.5355199106581914,31.177267594776747,20.5,21.5
2276.0,23.298227880720212,23.761500022068066,6.82991933569965,21.0,0,-2.7615000220680663,30.540903364364315,20.5,21.5
2277.0,23.243217653596744,23.79101717249717,6.829214319597227,21.0,0,-2.7910171724971704,24.676531685370293,20.5,21.5
2278.0,23.186740623023926,23.9153145458896,6.828507910468527,21.0,0,-2.9153145458896006,27.644235747662506,20.5,21.5
2279.0,23.193297808741594,23.959854409303755,6.827800108851512,21.0,0,-2.9598544093037553,25.296050311728397,20.5,21.5
2280.0,23.21557482358616,23.810939711988055,6.8270909152852015,21.0,1,-2.8109397119880555,19.34349879251706,20.5,21.5
2281.0,23.233809013499354,23.644665830991556,6.8263803303096795,21.0,1,-2.6446658309915563,18.65644940109658,20.5,21.5
2282.0,23.23880716553388,23.75680463573671,6.825668354466085,21.0,0,-2.75680463573671,27.120968778091328,20.5,21.5
2283.0,23.20581833906989,23.682084341552883,6.824954988296621,21.0,0,-2.6820843415528834,21.44047551603808,20.5,21.5
2284.0,23.269184575760057,23.687976730901447,6.824240232344546,21.0,0,-2.687976730901447,23.86474841135835,20.5,21.5
2285.0,23.201995978904623,23.72107549493476,6.823524087154177,21.0,0,-2.721075494934759,24.71403841593412,20.5,21.5
2286.0,23.168753879092908,23.765685545288115,6.82280655327089,21.0,0,-2.7656855452881146,25.103987055888787,20.5,21.5
2287.0,23.137277001132535,23.569005080050562,6.82208763124112,21.0,1,-2.5690050800505624,17.668591122923996,20.5,21.5
2288.0,23.133637663067187,23.45765941508727,6.821367321612354,21.0,1,-2.457659415087271,20.117289466188524,20.5,21.5
2289.0,23.154519636890882,23.556764132419126,6.820645624933142,21.0,0,-2.5567641324191257,26.529905652374772,20.5,21.5
2290.0,23.082234493324616,23.58809631689323,6.819922541753087,21.0,0,-2.5880963168932283,24.528061851116306,20.5,21.5
2291.0,23.06451390352576,23.5507806148514,6.8191980726228465,21.0,0,-2.5507806148514014,22.431309553596595,20.5,21.5
2292.0,23.047141285314257,23.502077698005582,6.818472218094137,21.0,0,-2.502077698005582,22.040990192631003,20.5,21.5
2293.0,23.085033992816157,23.526864088445137,6.817744978719729,21.0,0,-2.526864088445137,24.27045580163179,20.5,21.5
2294.0,23.084419428374904,23.466213635870467,6.817016355053443,21.0,0,-2.466213635870467,21.646700058630366,20.5,21.5
2295.0,23.053718409080687,23.427917885851134,6.816286347650163,21.0,0,-2.4279178858511337,22.27904538527113,20.5,21.5
2296.0,23.07988498979916,23.417180173916282,6.815554957065817,21.0,0,-2.4171801739162824,23.095048815870744,20.5,21.5
2297.0,22.996719728321995,23.52609890682042,6.814822183857394,21.0,0,-2.526098906820419,26.793660893944516,20.5,21.5
2298.0,22.917282701289984,23.516108685810728,6.81408802858293,21.0,0,-2.516108685810728,23.216402055520007,20.5,21.5
2299.0,22.94271519176903,23.43504855877384,6.813352491801518,21.0,0,-2.4350485587738397,21.003244747667186,20.5,21.5
2300.0,22.95257535558904,23.477372628668224,6.8126155740733,21.0,0,-2.477372628668224,24.747094725499753,20.5,21.5
2301.0,22.95745206274861,23.38044149599932,6.811877275959472,21.0,1,-2.380441495999321,20.47250751593223,20.5,21.5
2302.0,22.95017815648966,23.285180162858182,6.811137598022279,21.0,1,-2.2851801628581825,20.427340168624028,20.5,21.5
2303.0,22.915479810642136,23.291577073494285,6.810396540825019,21.0,0,-2.2915770734942846,23.48348439257735,20.5,21.5
2304.0,22.96757279322721,23.29358058580315,6.809654104932039,21.0,0,-2.2935805858031486,23.353685955069068,20.5,21.5
2305.0,22.993808579338246,23.233128366023056,6.808910290908736,21.0,0,-2.233128366023056,21.41956177262028,20.5,21.5
2306.0,23.023050067627043,23.277573415832563,6.808165099321557,21.0,0,-2.2775734158325633,24.61092491011778,20.5,21.5
2307.0,23.065532503248924,23.396630584180407,6.807418530737998,21.0,0,-2.396630584180407,26.968345634615723,20.5,21.5
2308.0,23.068932394759226,23.392803144507923,6.806670585726602,21.0,0,-2.3928031445079228,23.27797995433339,20.5,21.5
2309.0,22.94811276306877,23.444889677968455,6.805921264856963,21.0,0,-2.4448896779684546,25.00748568178441,20.5,21.5
2310.0,22.89632977404606,23.33637778470344,6.8051705686997215,21.0,1,-2.3363777847034406,20.08102098675302,20.5,21.5
2311.0,22.977013649941526,23.387134881345993,6.804418497826565,21.0,0,-2.387134881345993,24.90984778062257,20.5,21.5
2312.0,22.934299730845673,23.355471401912947,6.803665052810228,21.0,0,-2.355471401912947,22.405567018921563,20.5,21.5
2313.0,22.941189654086777,23.443604122940975,6.802910234224491,21.0,0,-2.4436041229409753,26.087585753781823,20.5,21.5
2314.0,22.94060245116983,23.38765395948294,6.802154042644183,21.0,0,-2.3876539594829396,21.709149055741868,20.5,21.5
2315.0,22.979492213844182,23.50954380224206,6.8013964786451755,21.0,0,-2.50954380224206,27.16623908501568,20.5,21.5
2316.0,23.003033632105712,23.527529992242844,6.800637542804387,21.0,0,-2.527529992242844,24.067115692266352,20.5,21.5
2317.0,22.96707469195386,23.46606238939858,6.79987723569978,21.0,0,-2.46606238939858,21.622034304070667,20.5,21.5
2318.0,22.96229025645329,23.35695057289019,6.799115557910361,21.0,1,-2.3569505728901916,20.08359607763854,20.5,21.5
2319.0,22.883625679539893,23.39324005564032,6.798352510016181,21.0,0,-2.3932400556403195,24.481924538144156,20.5,21.5
2320.0,22.825792002967432,23.369712708904714,6.7975880925983345,21.0,0,-2.3697127089047143,22.66389230683656,20.5,21.5
2321.0,22.895547168256208,23.16030671384568,6.7968223062389574,21.0,1,-2.1603067138456815,16.878126862074698,20.5,21.5
2322.0,22.90411416383799,23.122704592964233,6.796055151521231,21.0,0,-2.122704592964233,21.994640966520777,20.5,21.5
2323.0,22.929907891175038,23.009319049700174,6.795286629029377,21.0,1,-2.0093190497001743,19.607752751778413,20.5,21.5
2324.0,22.916714437591406,22.95209918190066,6.794516739348657,21.0,1,-1.9520991819006603,21.235503147915242,20.5,21.5
2325.0,22.96636172459469,22.91116758246481,6.7937454830653765,21.0,0,-1.9111675824648096,21.683219599389286,20.5,21.5
2326.0,23.01056134597586,22.991089491869456,6.792972860766881,21.0,0,-1.991089491869456,25.388746774008847,20.5,21.5
2327.0,23.004186726968488,23.003936162897705,6.7921988730415555,21.0,0,-2.0039361628977055,23.389336293745192,20.5,21.5
2328.0,23.035274220879423,23.220038750143395,6.791423520478826,21.0,0,-2.220038750143395,29.703116367514085,20.5,21.5
2329.0,23.14276575902997,23.30058873136539,6.790646803669156,21.0,0,-2.3005887313653908,25.71708816802526,20.5,21.5
2330.0,23.212405133472526,23.395906125310997,6.78986872320405,21.0,0,-2.3959061253109972,26.25542794367919,20.5,21.5
2331.0,23.345433133649596,23.547032689212507,6.78908927967605,21.0,0,-2.5470326892125073,28.080829606257808,20.5,21.5
2332.0,23.37358367301272,23.686223879624087,6.788308473678736,21.0,0,-2.6862238796240874,27.86195959197149,20.5,21.5
2333.0,23.36695913941466,23.691829796268124,6.787526305806726,21.0,0,-2.6918297962681237,23.860007295589213,20.5,21.5
2334.0,23.380637582582313,23.719590255565848,6.786742776655675,21.0,0,-2.7195902555658478,24.55240403449757,20.5,21.5
2335.0,23.396541114443945,23.771704003438366,6.785957886822274,21.0,0,-2.7717040034383658,25.335116439613905,20.5,21.5
2336.0,23.386562231728035,23.706084054580458,6.785171636904251,21.0,0,-2.706084054580458,21.737485588843228,20.5,21.5
2337.0,23.38898021877254,23.634933093793595,6.784384027500369,21.0,0,-2.6349330937935953,21.500404270187712,20.5,21.5
2338.0,23.426942451378732,23.60447604255271,6.783595059210429,21.0,0,-2.6044760425527116,22.6907645053262,20.5,21.5
2339.0,23.44823750340304,23.617767686637848,6.782804732635261,21.0,0,-2.6177676866378476,24.01651700919193,20.5,21.5
2340.0,23.34538760611573,23.510101216877576,6.782013048376736,21.0,1,-2.510101216877576,20.280107124069428,20.5,21.5
2341.0,23.340929337050593,23.589104724676535,6.781220007037755,21.0,0,-2.5891047246765346,25.959209958645292,20.5,21.5
2342.0,23.33455160883217,23.697510974819146,6.780425609222253,21.0,0,-2.6975109748191457,26.949698479097478,20.5,21.5
2343.0,23.34528833063429,23.76249815514732,6.7796298555352,21.0,0,-2.76249815514732,25.712113564992542,20.5,21.5
2344.0,23.282542696465633,23.846247581015934,6.778832746582595,21.0,0,-2.846247581015934,26.35873035707436,20.5,21.5
2345.0,23.285536869344543,23.814185619773134,6.778034282971473,21.0,0,-2.8141856197731343,22.852326782489143,20.5,21.5
2346.0,23.320192865981383,23.78094536260113,6.777234465309897,21.0,0,-2.7809453626011305,22.783737647441015,20.5,21.5
2347.0,23.264150698077707,23.651457831594854,6.776433294206965,21.0,1,-2.651457831594854,19.76683190140656,20.5,21.5
2348.0,23.351281313857253,23.65370138279581,6.7756307702728025,21.0,0,-2.653701382795809,23.721007918824462,20.5,21.5
2349.0,23.3041138961113,23.5526224968441,6.774826894118567,21.0,0,-2.5526224968441014,20.520255918292868,20.5,21.5
2350.0,23.38295739178658,23.636433300629534,6.774021666356443,21.0,0,-2.636433300629534,26.150757414192512,20.5,21.5
2351.0,23.356119474410317,23.562326785992614,6.77321508759965,21.0,0,-2.5623267859926138,21.339131346885008,20.5,21.5
2352.0,23.363285183818558,23.560119698319802,6.772407158462429,21.0,0,-2.5601196983198022,23.493907068135456,20.5,21.5
2353.0,23.383985407752903,23.560024051032617,6.771597879560057,21.0,0,-2.5600240510326167,23.55715463241705,20.5,21.5
2354.0,23.45616575760394,23.671139735238125,6.770787251508832,21.0,0,-2.6711397352381248,27.004610261403368,20.5,21.5
2355.0,23.4769130801791,23.657728867875818,6.769975274926084,21.0,0,-2.657728867875818,23.255402847006614,20.5,21.5
2356.0,23.40030631442569,23.606094778297095,6.769161950430168,21.0,0,-2.606094778297095,22.057072090935403,20.5,21.5
2357.0,23.443318218680307,23.828334304286177,6.768347278640467,21.0,0,-2.8283343042861766,30.495520083958628,20.5,21.5
2358.0,23.435128950883225,23.881639917663033,6.767531260177387,21.0,0,-2.8816399176630334,25.480808318968737,20.5,21.5
2359.0,23.469620899145713,23.864545695833392,6.766713895662363,21.0,0,-2.8645456958333924,23.35171904094416,20.5,21.5
2360.0,23.474926196735602,23.955453853241544,6.765895185717854,21.0,0,-2.9554538532415435,26.68269857548608,20.5,21.5
2361.0,23.50192193851035,24.142287914048577,6.765075130967342,21.0,0,-3.142287914048577,29.747309738259577,20.5,21.5
2362.0,23.544920355518258,23.912970159228067,6.7642537320353355,21.0,1,-2.912970159228067,17.033437514612764,20.5,21.5
2363.0,23.64844807886554,23.89954240348437,6.7634309895473645,21.0,0,-2.8995424034843715,23.496709731173514,20.5,21.5
2364.0,23.573559775104908,23.816501984084532,6.762606904129985,21.0,0,-2.816501984084532,21.32528940208934,20.5,21.5
2365.0,23.56206918734331,23.76885703612301,6.761781476410771,21.0,0,-2.768857036123009,22.33950859727733,20.5,21.5
2366.0,23.595307670242907,23.861578360014978,6.760954707018324,21.0,0,-2.8615783600149776,26.64321807677403,20.5,21.5
2367.0,23.62731740189357,24.028826306311334,6.760126596582264,21.0,0,-3.028826306311334,29.04626469520203,20.5,21.5
2368.0,23.674558256971157,23.974015447223913,6.759297145733233,21.0,0,-2.9740154472239126,22.32968967460127,20.5,21.5
2369.0,23.717638557256073,24.06929039946618,6.758466355102895,21.0,0,-3.0692903994661798,26.927538966734193,20.5,21.5
2370.0,23.669371593266725,24.083790209717883,6.7576342253239305,21.0,0,-3.0837902097178826,24.51878451726897,20.5,21.5
2371.0,23.658214170276644,24.066392487870267,6.756800757030046,21.0,0,-3.0663924878702673,23.544460832441807,20.5,21.5
2372.0,23.572993774335405,24.029703071253945,6.755965950855961,21.0,0,-3.0297030712539446,22.929020572764262,20.5,21.5
2373.0,23.573430555831575,24.039471648802408,6.755129807437418,21.0,0,-3.039471648802408,24.332528975256313,20.5,21.5
2374.0,23.59839141989543,23.901733183141396,6.754292327411178,21.0,1,-2.9017331831413955,19.76957921331102,20.5,21.5
2375.0,23.602570528708956,24.023374341248985,6.753453511415016,21.0,0,-3.023374341248985,27.672609084476672,20.5,21.5
2376.0,23.64473696565458,23.91056157490952,6.752613360087727,21.0,0,-2.9105615749095186,20.526178584725525,20.5,21.5
2377.0,23.58643243009001,23.988529221852914,6.751771874069124,21.0,0,-2.9885292218529145,26.32755863015479,20.5,21.5
2378.0,23.51123080360831,23.868300657975873,6.750929054000036,21.0,1,-2.8683006579758725,20.261443741664614,20.5,21.5
2379.0,23.508116959053893,23.864044948888896,6.750084900522305,21.0,0,-2.864044948888896,23.736373676279605,20.5,21.5
2380.0,23.436798339591668,23.688181324381723,6.749239414278792,21.0,1,-2.6881813243817234,18.41227258916654,20.5,21.5
2381.0,23.475486155418615,23.637286025642407,6.748392595913371,21.0,0,-2.637286025642407,22.11042706346291,20.5,21.5
2382.0,23.483686588804414,23.500847267654397,6.747544446070931,21.0,1,-2.5008472676543967,19.40768452801409,20.5,21.5
2383.0,23.446332415807888,23.57074857741599,6.746694965397375,21.0,0,-2.5707485774159906,25.66778787026381,20.5,21.5
2384.0,23.46178924817655,23.579525914903478,6.74584415453962,21.0,0,-2.5795259149034777,23.84284603952809,20.5,21.5
2385.0,23.40605537718988,23.610747642788755,6.744992014145594,21.0,0,-2.6107476427887555,24.54739947934709,20.5,21.5
2386.0,23.346308397757753,23.545512079607263,6.744138544864241,21.0,0,-2.5455120796072634,21.588445184162502,20.5,21.5
2387.0,23.37471011724798,23.51523570273528,6.743283747345514,21.0,0,-2.5152357027352785,22.60694439657573,20.5,21.5
2388.0,23.449718797029274,23.503627612817798,6.742427622240379,21.0,0,-2.503627612817798,23.155384915293386,20.5,21.5
2389.0,23.469746739232757,23.50866859815104,6.741570170200812,21.0,0,-2.50866859815104,23.659898158148295,20.5,21.5
2390.0,23.469859983287257,23.48430410831923,6.740711391879799,21.0,0,-2.484304108319229,22.7533694133649,20.5,21.5
2391.0,23.453096401909438,23.596724334912807,6.739851287931339,21.0,0,-2.596724334912807,26.969331132720143,20.5,21.5
2392.0,23.51507630993162,23.5921561202663,6.738989859010438,21.0,0,-2.5921561202662993,23.45510968087107,20.5,21.5
2393.0,23.5266609153356,23.70169714286481,6.738127105773111,21.0,0,-2.701697142864809,26.987927820820104,20.5,21.5
2394.0,23.520994345920226,23.71017634176924,6.737263028876383,21.0,0,-2.710176341769241,23.9645523089022,20.5,21.5
2395.0,23.541818808525207,23.777112745237883,6.736397628978285,21.0,0,-2.7771127452378828,25.785204849297134,20.5,21.5
2396.0,23.550293731139536,23.78314413158725,6.735530906737857,21.0,0,-2.7831441315872496,23.964085722068255,20.5,21.5
2397.0,23.56949813614537,23.9488023305058,6.734662862815146,21.0,0,-2.9488023305057993,28.91854829806229,20.5,21.5
2398.0,23.5218562280545,23.89753107327606,6.733793497871206,21.0,0,-2.8975310732760597,22.359393356383872,20.5,21.5
2399.0,23.508826528084956,23.935112972082116,6.732922812568095,21.0,0,-2.9351129720821163,25.062569936263813,20.5,21.5
2400.0,23.514989285079924,23.888003596841394,6.732050807568878,21.0,0,-2.8880035968413935,22.47472233961971,20.5,21.5
2401.0,23.495602114444047,23.938413663665735,6.731177483537624,21.0,0,-2.9384136636657345,25.450715668395965,20.5,21.5
2402.0,23.566572229931268,23.809308362086153,6.730302841139409,21.0,1,-2.8093083620861528,19.9361493146987,20.5,21.5
2403.0,23.544033473905156,23.813396931406647,6.72942688104031,21.0,0,-2.813396931406647,23.936054011021472,20.5,21.5
2404.0,23.462494901554454,23.777585491553538,6.7285496039074095,21.0,0,-2.7775854915535376,22.70324229596026,20.5,21.5
2405.0,23.499819147783324,23.735648132124457,6.727671010408791,21.0,0,-2.7356481321244566,22.477527349252025,20.5,21.5
2406.0,23.52661530835993,23.733321098915688,6.726791101213544,21.0,0,-2.733321098915688,23.663510102652637,20.5,21.5
2407.0,23.4684254024773,23.739394420169607,6.7259098769917545,21.0,0,-2.7393944201696065,23.921594057787157,20.5,21.5
2408.0,23.480927693957867,23.734025122157437,6.725027338414515,21.0,0,-2.734025122157437,23.57294618179235,20.5,21.5
2409.0,23.452393954637373,23.677902866118536,6.724143486153917,21.0,0,-2.6779028661185365,21.99423518495152,20.5,21.5
2410.0,23.4063499327316,23.69655192991476,6.723258320883052,21.0,0,-2.6965519299147616,24.256023843801515,20.5,21.5
2411.0,23.414879260029288,23.641083736825223,6.722371843276012,21.0,0,-2.641083736825223,21.97703794413907,20.5,21.5
2412.0,23.436845136861006,23.644889603193793,6.721484054007887,21.0,0,-2.6448896031937927,23.75906559425088,20.5,21.5
2413.0,23.442366450742156,23.7051988851346,6.72059495375477,21.0,0,-2.7051988851345996,25.514477343358806,20.5,21.5
2414.0,23.436295508148657,23.863905739703256,6.719704543193747,21.0,0,-2.863905739703256,28.625111376762945,20.5,21.5
2415.0,23.517861922290596,23.97405359271774,6.718812823002906,21.0,0,-2.974053592717741,27.2784891831523,20.5,21.5
2416.0,23.50667076871039,23.96807620999399,6.717919793861329,21.0,0,-2.9680762099939884,23.788754728281404,20.5,21.5
2417.0,23.457496752372613,24.02369107043725,6.7170254564490985,21.0,0,-3.0236910704372484,25.69213688373505,20.5,21.5
2418.0,23.33273428399684,23.957203110653314,6.7161298114472885,21.0,0,-2.957203110653314,21.96256431713528,20.5,21.5
2419.0,23.297533078592604,23.95311995488842,6.715232859537975,21.0,0,-2.9531199548884217,23.830625281941657,20.5,21.5
2420.0,23.22611028008121,23.94903679912353,6.714334601404225,21.0,0,-2.9490367991235296,23.826542126176765,20.5,21.5
2421.0,23.158531941382247,23.851168516209988,6.7134350377300995,21.0,0,-2.851168516209988,20.91512002880374,20.5,21.5
2422.0,23.168482094310946,23.71325838081992,6.712534169200657,21.0,1,-2.7132583808199193,19.57595431911786,20.5,21.5
2423.0,23.260034405383653,23.603858915850907,6.711631996501946,21.0,1,-2.603858915850907,20.321874966780534,20.5,21.5
2424.0,23.313224938977125,23.55226887162928,6.710728520321013,21.0,0,-2.5522688716292805,22.00456754498049,20.5,21.5
2425.0,23.226281108291257,23.470202661949553,6.709823741345893,21.0,0,-2.4702026619495534,21.00821637155774,20.5,21.5
2426.0,23.226103888701058,23.69523092781774,6.708917660265614,21.0,0,-2.6952309278177395,30.446078903863324,20.5,21.5
2427.0,23.153961136810455,23.767968545087683,6.708010277770199,21.0,0,-2.767968545087683,25.950097063185993,20.5,21.5
2428.0,23.111780689046068,23.840706162357627,6.707101594550655,21.0,0,-2.840706162357627,26.022834680455937,20.5,21.5
2429.0,23.08697173962616,23.66178763426446,6.706191611298986,21.0,1,-2.66178763426446,18.294231791469453,20.5,21.5
2430.0,23.148331947662776,23.642514677202083,6.705280328708184,21.0,0,-2.642514677202083,23.064325965330777,20.5,21.5
2431.0,23.141157636684554,23.44008560136976,6.704367747472231,21.0,1,-2.440085601369759,17.36721332640004,20.5,21.5
2432.0,23.106938205840684,23.324720662869804,6.703453868286095,21.0,1,-2.3247206628698045,19.863772507871165,20.5,21.5
2433.0,23.119875233735637,23.416981599836674,6.702538691845737,21.0,0,-2.4169815998366744,26.18480970884277,20.5,21.5
2434.0,23.084374578320503,23.640684457400226,6.701622218848103,21.0,0,-2.6406844574002264,30.351770184306787,20.5,21.5
2435.0,23.118251879877715,23.67918693335561,6.700704449991126,21.0,0,-2.6791869333556093,24.834261212017097,20.5,21.5
2436.0,23.134734190090175,23.82722657438537,6.699785385973728,21.0,0,-2.827226574385371,28.268415805278217,20.5,21.5
2437.0,23.07389027345642,24.029937155751433,6.698865027495816,21.0,0,-3.0299371557514334,30.11125459673331,20.5,21.5
2438.0,23.1309367148181,24.001562316380873,6.6979433752582835,21.0,0,-3.0015623163808733,23.15031713526407,20.5,21.5
2439.0,23.178192036716165,23.953210806261396,6.697020429963008,21.0,0,-2.9532108062613958,22.50266550267707,20.5,21.5
2440.0,23.1659721061134,23.935473008935162,6.696096192312853,21.0,0,-2.935473008935162,23.403339089148147,20.5,21.5
2441.0,23.1159527491598,23.823387091380766,6.695170663011664,21.0,1,-2.8233870913807664,20.4608095647489,20.5,21.5
2442.0,23.091821479334133,23.612196762276284,6.6942438427642745,21.0,1,-2.612196762276284,17.276486889141808,20.5,21.5
2443.0,23.16574536813936,23.51231329446576,6.6933157322764965,21.0,1,-2.512313294465759,20.515809260150018,20.5,21.5
2444.0,23.178848015300325,23.421388410692582,6.692386332255128,21.0,1,-2.4213884106925825,20.693641897497283,20.5,21.5
2445.0,23.15354909263672,23.32035780169707,6.691455643407947,21.0,1,-2.320357801697071,20.289439531831725,20.5,21.5
2446.0,23.170594549821757,23.32446475862156,6.690523666443712,21.0,0,-2.324464758621559,23.447673466356207,20.5,21.5
2447.0,23.141129322869144,23.349956142010296,6.689590402072167,21.0,0,-2.3499561420102957,24.11469764367239,20.5,21.5
2448.0,23.16559404488638,23.385767554383886,6.688655851004031,21.0,0,-2.385767554383886,24.460109925591592,20.5,21.5
2449.0,23.164875873927215,23.425571094150214,6.687720013951005,21.0,0,-2.4255710941502144,24.61967728714007,20.5,21.5
2450.0,23.110904625543697,23.46177906047775,6.686782891625771,21.0,0,-2.461779060477749,24.548018050303785,20.5,21.5
2451.0,23.084591235250763,23.543876986389506,6.685844484741988,21.0,0,-2.543876986389506,26.00681476374222,20.5,21.5
2452.0,23.130325886549524,23.62939546454752,6.684904794014295,21.0,0,-2.629395464547521,26.19494980928797,20.5,21.5
2453.0,23.14006677934383,23.565114078470458,6.683963820158305,21.0,0,-2.565114078470458,21.636672496158567,20.5,21.5
2454.0,23.102037436771873,23.485489961505962,6.6830215638906125,21.0,0,-2.4854899615059622,21.09676645257109,20.5,21.5
2455.0,23.135994862186024,23.564438911363457,6.682078025928785,21.0,0,-2.5644389113634567,25.93290740708829,20.5,21.5
2456.0,23.160496722374294,23.511244452378,6.681133206991369,21.0,0,-2.5112444523780013,21.91541068281434,20.5,21.5
2457.0,23.14392744961383,23.411179717148336,6.6801871077978845,21.0,1,-2.411179717148336,20.409237660258377,20.5,21.5
2458.0,23.139357651376194,23.42266580879228,6.679239729068827,21.0,0,-2.4226658087922814,23.767248558110644,20.5,21.5
2459.0,23.146942253465713,23.2961617275449,6.678291071525666,21.0,1,-2.2961617275448987,19.501039290123416,20.5,21.5
2460.0,23.287217992616636,23.341002249526884,6.677341135890849,21.0,0,-2.341002249526884,24.686217908986446,20.5,21.5
2461.0,23.31521895885971,23.224852180930704,6.676389922887788,21.0,1,-2.2248521809307036,19.74035012304529,20.5,21.5
2462.0,23.236069676353594,23.29755675921414,6.6754374332408775,21.0,0,-2.297556759214139,25.478694107717196,20.5,21.5
2463.0,23.179270376623418,23.31480465691291,6.674483667675478,21.0,0,-2.3148046569129086,23.832241587876002,20.5,21.5
2464.0,23.159691356278167,23.594293476690407,6.673528626917923,21.0,0,-2.5942934766904067,31.97895807001535,20.5,21.5
2465.0,23.20005158117725,23.543547735787136,6.672572311695519,21.0,0,-2.5435477357871363,22.021175508689026,20.5,21.5
2466.0,23.228126945350013,23.659496870517465,6.671614722736541,21.0,0,-2.659496870517465,27.137970912427328,20.5,21.5
2467.0,23.27409810980071,23.732586974151264,6.670655860770234,21.0,0,-2.732586974151264,25.925290083165233,20.5,21.5
2468.0,23.26230168555049,23.851111109761515,6.669695726526814,21.0,0,-2.851111109761515,27.40683517806904,20.5,21.5
2469.0,23.181524747559763,23.790910655483195,6.668734320737463,21.0,0,-2.790910655483195,21.9848970271336,20.5,21.5
2470.0,23.21818970600119,23.639656183081378,6.667771644134336,21.0,1,-2.639656183081378,19.102022011026868,20.5,21.5
2471.0,23.230540720984308,23.732763972110632,6.666807697450553,21.0,0,-2.7327639721106323,26.52599764298826,20.5,21.5
2472.0,23.136958588089282,23.650975455038356,6.665842481420199,21.0,0,-2.650975455038356,21.197319942870074,20.5,21.5
2473.0,23.139399382514448,23.448540318672098,6.6648759967783295,21.0,1,-2.448540318672098,17.375486227684352,20.5,21.5
2474.0,23.091744087317107,23.322947713213278,6.663908244260965,21.0,1,-2.322947713213278,19.555169549448674,20.5,21.5
2475.0,23.113533129593762,23.369303164716502,6.66293922460509,21.0,0,-2.369303164716502,24.75996670981323,20.5,21.5
2476.0,23.134468046127807,23.111526934977892,6.6619689385486565,21.0,1,-2.111526934977892,15.378240042819588,20.5,21.5
2477.0,23.24261009524638,23.08718627223872,6.660997386830578,21.0,0,-2.0871862722387213,22.3569663900636,20.5,21.5
2478.0,23.277607986996916,23.14188306941727,6.6600245701907355,21.0,0,-2.1418830694172684,24.78278698477368,20.5,21.5
2479.0,23.294028660406585,23.084182394658576,6.659050489369968,21.0,0,-2.0841823946585762,21.353162151897813,20.5,21.5
2480.0,23.342477794091515,23.209818229927237,6.658075145110083,21.0,0,-2.2098182299272366,26.97889328798705,20.5,21.5
2481.0,23.31820606441999,23.245615463391108,6.657098538153847,21.0,0,-2.2456154633911076,24.319532467307237,20.5,21.5
2482.0,23.363571426358014,23.302985135086924,6.656120669244989,21.0,0,-2.3029851350869244,25.024075285961427,20.5,21.5
2483.0,23.37313472505728,23.382964548224283,6.655141539128198,21.0,0,-2.382964548224283,25.782346942345047,20.5,21.5
2484.0,23.386201968850003,23.594968221783514,6.654161148549123,21.0,0,-2.594968221783514,29.955078428560437,20.5,21.5
2485.0,23.530940270755274,23.66442036919201,6.653179498254377,21.0,0,-2.6644203691920083,25.74798479144684,20.5,21.5
2486.0,23.60511792590993,23.86654684060943,6.6521965889915275,21.0,0,-2.8665468406094305,29.930340983132098,20.5,21.5
2487.0,23.578285945850368,23.985900718789445,6.651212421509103,21.0,0,-2.985900718789445,27.566517064189874,20.5,21.5
2488.0,23.615290599977357,24.070235676371745,6.65022699655659,21.0,0,-3.0702356763717447,26.60028440384074,20.5,21.5
2489.0,23.63984509601961,24.05539877178772,6.649240314884433,21.0,0,-3.0553987717877185,23.610291634266932,20.5,21.5
2490.0,23.602549544909095,23.86374961325297,6.648252377244032,21.0,1,-2.8637496132529705,18.114274857210532,20.5,21.5
2491.0,23.642252334720048,23.820664099331896,6.647263184387744,21.0,0,-2.8206640993318963,22.52809868169967,20.5,21.5
2492.0,23.624091230299957,23.59584052324913,6.646272737068884,21.0,1,-2.59584052324913,16.851133240766146,20.5,21.5
2493.0,23.65256931539347,23.672744134132632,6.64528103604172,21.0,0,-2.672744134132632,25.979852460637684,20.5,21.5
2494.0,23.56832085031261,23.63894530905588,6.644288082061475,21.0,0,-2.638945309055881,22.624980556753354,20.5,21.5
2495.0,23.523435715446684,23.628373787943055,6.643293875884328,21.0,0,-2.6283737879430547,23.311228154558265,20.5,21.5
2496.0,23.4416308844015,23.46818557546471,6.6422984182674085,21.0,1,-2.468185575464709,18.662539201114335,20.5,21.5
2497.0,23.429573718195012,23.609536219005086,6.641301709968801,21.0,0,-2.6095362190050864,27.850055525216412,20.5,21.5
2498.0,23.428908606366097,23.50017486498885,6.640303751747544,21.0,1,-2.5001748649888498,20.219334244501752,20.5,21.5
2499.0,23.495017918465887,23.483400331768276,6.639304544363625,21.0,0,-2.4834003317682765,22.980164335151077,20.5,21.5
2500.0,23.49210325116431,23.53228207675341,6.638304088577984,21.0,0,-2.532282076753411,24.99873442630745,20.5,21.5
2501.0,23.483036201938848,23.691021762211413,6.637302385152511,21.0,0,-2.691021762211413,28.453212325951476,20.5,21.5
2502.0,23.45020668640371,23.70779564122065,6.636299434850047,21.0,0,-2.707795641220649,24.211012011497722,20.5,21.5
2503.0,23.417202572997475,23.58524107163025,6.635295238434383,21.0,1,-2.58524107163025,19.908603983918283,20.5,21.5
2504.0,23.42322512854938,23.518906104598337,6.634289796670258,21.0,0,-2.5189061045983365,21.52885709364093,20.5,21.5
2505.0,23.37591386419944,23.560476074725933,6.633283110323358,21.0,0,-2.5604760747259334,24.80757517855384,20.5,21.5
2506.0,23.395223981223204,23.578843841137477,6.63227518016032,21.0,0,-2.578843841137477,24.129876833483785,20.5,21.5
2507.0,23.359748909937913,23.605097613613005,6.631266006948728,21.0,0,-2.6050976136130046,24.392710787878833,20.5,21.5
2508.0,23.384663109007544,23.62882190242336,6.630255591457108,21.0,0,-2.6288219024233612,24.34055056673406,20.5,21.5
2509.0,23.32610759666046,23.615647015666262,6.629243934454938,21.0,0,-2.615647015666262,23.22040041295329,20.5,21.5
2510.0,23.296672099212334,23.624103893462735,6.628231036712639,21.0,0,-2.6241038934627348,23.877810227356914,20.5,21.5
2511.0,23.330944614662936,23.48473265059032,6.627216899001574,21.0,1,-2.4847326505903204,19.30359536441789,20.5,21.5
2512.0,23.348173869045468,23.392909059052013,6.626201522094055,21.0,1,-2.3929090590520126,20.638201312902776,20.5,21.5
2513.0,23.38022199402396,23.40640551520672,6.6251849067633355,21.0,0,-2.406405515206721,23.81129919984798,20.5,21.5
2514.0,23.475205558770018,23.631057328844705,6.624167053783612,21.0,0,-2.6310573288447046,30.370611737984206,20.5,21.5
2515.0,23.420806287494912,23.620551847275628,6.623147963930025,21.0,0,-2.620551847275628,23.305387400203337,20.5,21.5
2516.0,23.41072011985988,23.72923790179191,6.622127637978653,21.0,0,-2.7292379017919117,26.989819537280418,20.5,21.5
2517.0,23.35228276636438,23.776461373515826,6.621106076706521,21.0,0,-2.7764613735158257,25.193165525233244,20.5,21.5
2518.0,23.40366834917292,23.810484550072694,6.620083280891592,21.0,0,-2.810484550072694,24.83117984677874,20.5,21.5
2519.0,23.333090942302682,23.78639150456739,6.619059251312769,21.0,0,-2.7863915045673906,23.063600139408294,20.5,21.5
2520.0,23.30308462114092,23.819343675575716,6.618033988749895,21.0,0,-2.819343675575716,24.807908805825484,20.5,21.5
2521.0,23.31721753744841,23.66533076118489,6.617007493983753,21.0,1,-2.66533076118489,19.04494332946011,20.5,21.5
2522.0,23.304657304134203,23.686006182930225,6.615979767796061,21.0,0,-2.6860061829302246,24.306268835290258,20.5,21.5
2523.0,23.308984673339953,23.669155172037364,6.61495081096948,21.0,0,-2.669155172037364,23.16362484525154,20.5,21.5
2524.0,23.37171837144681,23.6294446833999,6.613920624287604,21.0,0,-2.6294446833998997,22.438130024275974,20.5,21.5
2525.0,23.36689758665148,23.558990978889426,6.612889208534965,21.0,0,-2.558990978889426,21.445379843575218,20.5,21.5
2526.0,23.398577039390965,23.53718104689009,6.611856564497032,21.0,0,-2.5371810468900904,22.88288308691002,20.5,21.5
2527.0,23.386652215905098,23.512011167644452,6.610822692960206,21.0,0,-2.5120111676444523,22.75691479027531,20.5,21.5
2528.0,23.445150053172238,23.372283662878267,6.609787594711828,21.0,1,-2.3722836628782673,19.180458519892717,20.5,21.5
2529.0,23.558511830400448,23.459633281463177,6.60875127054017,21.0,0,-2.4596332814631765,26.080121839010452,20.5,21.5
2530.0,23.51357426997619,23.56015115068132,6.607713721234434,21.0,0,-2.560151150681321,26.575687227225657,20.5,21.5
2531.0,23.40975006244267,23.657085408792803,6.606674947584764,21.0,0,-2.6570854087928026,26.56511315213725,20.5,21.5
2532.0,23.367591031370566,23.719076431930638,6.605634950382229,21.0,0,-2.719076431930638,25.578807126065705,20.5,21.5
2533.0,23.442035678924707,23.933248927632924,6.6045937304188325,21.0,0,-2.933248927632924,30.3584237987015,20.5,21.5
2534.0,23.457239366605112,23.70494057791209,6.603551288487509,21.0,1,-2.7049405779120903,16.855690086287076,20.5,21.5
2535.0,23.412406468228863,23.537160953054165,6.602507625382121,21.0,1,-2.5371609530541654,18.50377220731642,20.5,21.5
2536.0,23.411880007144156,23.621496713566195,6.601462741897468,21.0,0,-2.621496713566195,26.151569528927084,20.5,21.5
2537.0,23.469189936683346,23.50561963940696,6.6004166388292695,21.0,1,-2.5056196394069588,20.02930741462987,20.5,21.5
2538.0,23.470708616674834,23.395122782597525,6.599369316974181,21.0,1,-2.395122782597525,20.08021707831452,20.5,21.5
2539.0,23.479126053612944,23.426267426918393,6.598320777129784,21.0,0,-2.4262674269183933,24.360606756544435,20.5,21.5
2540.0,23.476479822264665,23.480910886019483,6.5972710200945865,21.0,0,-2.4809108860194833,25.120214659052184,20.5,21.5
2541.0,23.372379752541498,23.44202086453829,6.596220046668023,21.0,0,-2.4420208645382893,22.27532022010247,20.5,21.5
2542.0,23.336843550816674,23.527844122697466,6.595167857650457,21.0,0,-2.5278441226974664,26.10254186747278,20.5,21.5
2543.0,23.334155379548175,23.474855086332656,6.594114453843176,21.0,0,-2.4748550863326564,21.885183995388356,20.5,21.5
2544.0,23.37385253105121,23.451187776064934,6.5930598360483925,21.0,0,-2.451187776064934,22.741168468033266,20.5,21.5
2545.0,23.379996411674036,23.440076220281714,6.592004005069244,21.0,0,-2.440076220281714,23.106729546785115,20.5,21.5
2546.0,23.316531963665277,23.405770516415636,6.5909469617097916,21.0,0,-2.405770516415636,22.376599400433292,20.5,21.5
2547.0,23.316108482196004,23.13122951376327,6.589888706775021,21.0,1,-2.1312295137632695,14.894999434192275,20.5,21.5
2548.0,23.290566082628885,23.163386013511303,6.588829241070837,21.0,0,-2.163386013511303,24.128081005952314,20.5,21.5
2549.0,23.27186155762943,23.347111548968204,6.587768565404069,21.0,0,-2.347111548968204,28.858877612675233,20.5,21.5
2550.0,23.232306040546813,23.5060892341163,6.58670668058247,21.0,0,-2.506089234116299,28.275419788559145,20.5,21.5
2551.0,23.347945801417545,23.511310204629815,6.58564358741471,21.0,0,-2.5113102046298152,23.667939320035302,20.5,21.5
2552.0,23.379118175066857,23.849798025055755,6.584579286710381,21.0,0,-2.8497980250557546,34.004432637833936,20.5,21.5
2553.0,23.41691640685003,23.93858775153319,6.583513779279995,21.0,0,-2.9385877515331913,26.60227954585629,20.5,21.5
2554.0,23.361047768884944,23.932771238752352,6.58244706593498,21.0,0,-2.932771238752352,23.75827585532717,20.5,21.5
2555.0,23.37950522471433,23.835582221053837,6.581379147487687,21.0,0,-2.835582221053837,20.91991169009839,20.5,21.5
2556.0,23.469140564456016,23.88992019816896,6.580310024751381,21.0,0,-2.8899201981689586,25.520059511622605,20.5,21.5
2557.0,23.499113625000962,23.78741119254019,6.5792396985402455,21.0,0,-2.7874111925401905,20.712141023677148,20.5,21.5
2558.0,23.393414337681836,23.689738991958233,6.5781681696693814,21.0,0,-2.689738991958233,20.75957297449951,20.5,21.5
2559.0,23.29357612092624,23.514012077412268,6.577095438954804,21.0,1,-2.514012077412268,18.24220464103331,20.5,21.5
2560.0,23.386200349559786,23.640291328543874,6.576021507213444,21.0,0,-2.6402913285438743,27.428668862492067,20.5,21.5
2561.0,23.38310422764722,23.574795903681398,6.574946375263147,21.0,0,-2.574795903681398,21.609933157807113,20.5,21.5
2562.0,23.387480756067394,23.576018630385313,6.573870043922675,21.0,0,-2.576018630385313,23.612700431502766,20.5,21.5
2563.0,23.374001024149358,23.61264021890606,6.572792514011699,21.0,0,-2.6126402189060585,24.711287874528416,20.5,21.5
2564.0,23.40171270754507,23.721493329269123,6.571713786350804,21.0,0,-2.721493329269123,26.987086640161053,20.5,21.5
2565.0,23.36094651932255,23.625023196064934,6.570633861761491,21.0,0,-2.6250231960649337,20.73091919993926,20.5,21.5
2566.0,23.302335128202028,23.587723914637422,6.569552741066166,21.0,0,-2.5877239146374222,22.468745471812078,20.5,21.5
2567.0,23.2912256466993,23.594714281291324,6.568470425088153,21.0,0,-2.594714281291324,23.804425280908383,20.5,21.5
2568.0,23.265303473148126,23.640649905220467,6.56738691465168,21.0,0,-2.6406499052204673,25.01871862309476,20.5,21.5
2569.0,23.350811787218955,23.727500028443494,6.566302210581888,21.0,0,-2.727500028443494,26.33300372513429,20.5,21.5
2570.0,23.356233900497944,23.59455862904653,6.565216313704828,21.0,1,-2.5945586290465315,19.60631664713766,20.5,21.5
2571.0,23.329506683101304,23.66038531171761,6.564129224847456,21.0,0,-2.6603853117176115,25.635185791850013,20.5,21.5
2572.0,23.345411263566483,23.627068547902997,6.5630409448376374,21.0,0,-2.627068547902997,22.627565633464567,20.5,21.5
2573.0,23.381798616130265,23.681392897225674,6.561951474504146,21.0,0,-2.681392897225674,25.31112337690598,20.5,21.5
2574.0,23.301622260358876,23.42370895304842,6.560860814676659,21.0,1,-2.4237089530484184,15.69319062773075,20.5,21.5
2575.0,23.311087125203393,23.503647055813886,6.559768966185763,21.0,0,-2.503647055813886,25.901790138777912,20.5,21.5
2576.0,23.3241923077939,23.53402533445271,6.5586759298629485,21.0,0,-2.5340253344527106,24.44537369361745,20.5,21.5
2577.0,23.319950836065846,23.563723425119868,6.557581706540608,21.0,0,-2.5637234251198677,24.45466614513458,20.5,21.5
2578.0,23.3569321580916,23.410075732012054,6.556486297052042,21.0,1,-2.4100757320120536,18.80064493877763,20.5,21.5
2579.0,23.401864057094826,23.61062308768137,6.555389702231452,21.0,0,-2.6106230876813683,29.62704375776081,20.5,21.5
2580.0,23.404898718716492,23.650007281835553,6.554291922913942,21.0,0,-2.6500072818355527,24.831533106461084,20.5,21.5
2581.0,23.35454081997723,23.547681725583555,6.55319295993552,21.0,1,-2.547681725583555,20.47791503802362,20.5,21.5
2582.0,23.357047195801044,23.543927393389083,6.552092814133092,21.0,0,-2.543927393389083,23.43129742755493,20.5,21.5
2583.0,23.364800673601437,23.714478521151403,6.5509914863444685,21.0,0,-2.7144785211514026,28.831012354020988,20.5,21.5
2584.0,23.308669882269804,23.63816819695023,6.54988897740836,21.0,0,-2.638168196950229,21.348858470915015,20.5,21.5
2585.0,23.32486409685042,23.599880092748794,6.548785288164371,21.0,0,-2.599880092748794,22.451236966705753,20.5,21.5
2586.0,23.419295196011717,23.54707968186414,6.5476804194530125,21.0,0,-2.5470796818641404,21.963067355324526,20.5,21.5
2587.0,23.435045822991427,23.579435308741996,6.546574372115688,21.0,0,-2.5794353087419957,24.550104115077655,20.5,21.5
2588.0,23.407374407988595,23.47532248715634,6.545467146994702,21.0,1,-2.4753224871563404,20.351937839586682,20.5,21.5
2589.0,23.43083690015774,23.511833920296443,6.544358744933254,21.0,0,-2.511833920296443,24.607176914499515,20.5,21.5
2590.0,23.43167745958639,23.644497993608645,6.543249166775441,21.0,0,-2.6444979936086455,27.624420192974725,20.5,21.5
2591.0,23.448913693099882,23.82638318343021,6.542138413366253,21.0,0,-2.8263831834302096,29.282938878077132,20.5,21.5
2592.0,23.431452669880763,23.89163236634358,6.541026485551578,21.0,0,-2.891632366343579,25.849107853744663,20.5,21.5
2593.0,23.472489375032573,23.872730942394696,6.539913384178199,21.0,0,-2.8727309423946963,23.305688223928215,20.5,21.5
2594.0,23.41448607377957,23.827346816576505,6.53879911009379,21.0,0,-2.8273468165765046,22.465823042030753,20.5,21.5
2595.0,23.424532460146455,23.65018285518649,6.537683664146919,21.0,1,-2.6501828551864897,18.335264013486043,20.5,21.5
2596.0,23.323184432954193,23.692639182476967,6.536567047187047,21.0,0,-2.6926391824769667,24.966329001191276,20.5,21.5
2597.0,23.237282247422716,23.624784745998607,6.535449260064525,21.0,0,-2.624784745998607,21.589151651647814,20.5,21.5
2598.0,23.16393997515401,23.772577826879342,6.5343303036305995,21.0,0,-2.772577826879342,28.206370253301394,20.5,21.5
2599.0,23.092812888610883,23.65257623659111,6.533210178737401,21.0,1,-2.652576236591109,20.052528527944126,20.5,21.5
2600.0,23.07277375971141,23.568201841702603,6.532088886237956,21.0,1,-2.568201841702603,21.036969995047414,20.5,21.5
2601.0,23.028220435135314,23.35735681435003,6.5309664269861765,21.0,1,-2.3573568143500303,17.032005993772852,20.5,21.5
2602.0,23.089770960458516,23.278626345837246,6.529842801836864,21.0,1,-2.278626345837246,20.916712290453717,20.5,21.5
2603.0,23.198751178625074,23.08465574493345,6.528718011645708,21.0,1,-2.0846557449334497,17.265537717819562,20.5,21.5
2604.0,23.232348138578846,23.203533855502144,6.527592057269285,21.0,0,-2.203533855502144,26.76987717256297,20.5,21.5
2605.0,23.25106831453732,23.322411966070838,6.526464939565058,21.0,0,-2.322411966070838,26.888755283131665,20.5,21.5
2606.0,23.265383561149378,23.504161453168166,6.525336659391377,21.0,0,-2.504161453168166,28.956646066088,20.5,21.5
2607.0,23.296497186287542,23.581239808671192,6.524207217607476,21.0,0,-2.5812398086711923,25.893590473761982,20.5,21.5
2608.0,23.208471092804047,23.69938872730965,6.5230766150734745,21.0,0,-2.6993887273096497,27.243856286463373,20.5,21.5
2609.0,23.091593746052347,23.748368917156,6.521944852650374,21.0,0,-2.748368917156,25.217774612546513,20.5,21.5
2610.0,23.120634546318186,23.746204850791322,6.520811931200062,21.0,0,-2.7462048507913224,23.681282859850988,20.5,21.5
2611.0,23.157823931903568,23.62961102902342,6.519677851585308,21.0,1,-2.629611029023419,20.131796375986315,20.5,21.5
2612.0,23.22184923790091,23.69249656818833,6.518542614669761,21.0,0,-2.6924965681883286,25.57906274313562,20.5,21.5
2613.0,23.252590488187543,23.76179428721419,6.517406221317957,21.0,0,-2.7617942872141903,25.84072585799004,20.5,21.5
2614.0,23.286711171911303,23.78060181080357,6.516268672395305,21.0,0,-2.780601810803571,24.344827518484987,20.5,21.5
2615.0,23.29018115398891,23.85055359060398,6.515129968768099,21.0,0,-2.8505535906039796,25.949106984616243,20.5,21.5
2616.0,23.281022638375852,23.95666911579132,6.513990111303513,21.0,0,-2.956669115791321,27.14013487141157,20.5,21.5
2617.0,23.284565381918558,23.740195629927353,6.512849100869596,21.0,1,-2.740195629927353,17.245991054008304,20.5,21.5
2618.0,23.237414642960278,23.67369150639525,6.51170693833528,21.0,0,-2.673691506395251,21.67856780043219,20.5,21.5
2619.0,23.249749125026753,23.71953489597712,6.510563624570367,21.0,0,-2.7195348959771195,25.094836583433178,20.5,21.5
2620.0,23.27103519262556,23.658015089870464,6.509419160445544,21.0,0,-2.6580150898704638,21.81242090667079,20.5,21.5
2621.0,23.24224140823204,23.56732829134436,6.508273546832369,21.0,0,-2.56732829134436,20.846724335561248,20.5,21.5
2622.0,23.242103284529453,23.572459712123184,6.507126784603276,21.0,0,-2.572459712123184,23.726402335487897,20.5,21.5
2623.0,23.340329823609785,23.385610550133784,6.505978874631575,21.0,1,-2.3856105501337836,17.78013569045178,20.5,21.5
2624.0,23.36003739422518,23.27900087013207,6.50482981779145,21.0,1,-2.2790008701320694,20.080710470080643,20.5,21.5
2625.0,23.446425840867153,23.403469349953266,6.503679614957955,21.0,0,-2.4034693499532658,27.137523744589156,20.5,21.5
2626.0,23.427203501245135,23.487839366024097,6.502528267007023,21.0,0,-2.4878393660240974,26.018939848149046,20.5,21.5
2627.0,23.464280499551386,23.671057618942164,6.501375774815453,21.0,0,-2.6710576189421644,29.167605206484176,20.5,21.5
2628.0,23.52120917189937,23.773987696924586,6.500222139260918,21.0,0,-2.7739876969245856,26.86189003639722,20.5,21.5
2629.0,23.496797750326632,23.834680279964566,6.499067361221965,21.0,0,-2.834680279964566,25.655457771163974,20.5,21.5
2630.0,23.35186808594213,23.85729589442854,6.497911441578005,21.0,0,-2.857295894428539,24.53576432834773,20.5,21.5
2631.0,23.310561968474843,23.69969662451941,6.49675438120932,21.0,1,-2.6996966245194116,18.971718527245592,20.5,21.5
2632.0,23.42769224782677,23.493271116972085,6.4955961809970635,21.0,1,-2.4932711169720854,17.300505890552298,20.5,21.5
2633.0,23.443508880878465,23.552055358276725,6.494436841823256,21.0,0,-2.552055358276725,25.31558259741591,20.5,21.5
2634.0,23.41382653066001,23.525531967363342,6.493276364570782,21.0,0,-2.5255319673633423,22.729830239961863,20.5,21.5
2635.0,23.410571091266895,23.443391594497378,6.492114750123399,21.0,0,-2.4433915944973776,20.979180408518438,20.5,21.5
2636.0,23.427422985621202,23.520694909570004,6.490951999365724,21.0,0,-2.520694909570004,25.839794361748794,20.5,21.5
2637.0,23.46696463668572,23.715713874762194,6.489788113183245,21.0,0,-2.7157138747621943,29.566282830527904,20.5,21.5
2638.0,23.52123693759192,23.720056138046743,6.4886230924623085,21.0,0,-2.7200561380467434,23.850324036583217,20.5,21.5
2639.0,23.53548856157892,23.727490420284873,6.48745693809013,21.0,0,-2.727490420284873,23.950518887428764,20.5,21.5
2640.0,23.591028049696394,23.71865823667809,6.486289650954789,21.0,0,-2.7186582366780883,23.453692728474543,20.5,21.5
2641.0,23.544337453296837,23.828305081310894,6.4851212319452225,21.0,0,-2.8283050813108943,27.117710420295076,20.5,21.5
2642.0,23.546497182273924,23.737245332932947,6.483951681951233,21.0,0,-2.7372453329329467,21.00545288159452,20.5,21.5
2643.0,23.5701197692469,23.804305487446747,6.482781001863485,21.0,0,-2.8043054874467472,25.816110122860763,20.5,21.5
2644.0,23.564433909785883,23.771288995116162,6.4816091925735,21.0,0,-2.771288995116162,22.78079422519861,20.5,21.5
2645.0,23.63634423507506,23.82907834126653,6.480436254973664,21.0,0,-2.8290783412665306,25.562758725777584,20.5,21.5
2646.0,23.694957706949946,23.858425311781616,6.47926218995722,21.0,0,-2.858425311781616,24.73883442723418,20.5,21.5
2647.0,23.829755408714384,23.93876368090037,6.478086998418268,21.0,0,-2.9387636809003688,26.34891475446295,20.5,21.5
2648.0,23.729288446731974,23.936008391142945,6.476910681251768,21.0,0,-2.936008391142945,23.853349698420228,20.5,21.5
2649.0,23.74388960074904,24.014041877365088,6.475733239353537,21.0,0,-3.014041877365088,26.35504646402938,20.5,21.5
2650.0,23.793721412265555,24.069513166511506,6.474554673620248,21.0,0,-3.0695131665115056,25.733651840904038,20.5,21.5
2651.0,23.86334465594248,24.045981855440232,6.473374984949431,21.0,0,-3.045981855440232,23.340042523302017,20.5,21.5
2652.0,23.7997732011407,24.040505594061617,6.472194174239469,21.0,0,-3.0405055940616172,23.87621775270318,20.5,21.5
2653.0,23.804574076288574,24.02909221134239,6.471012242389601,21.0,0,-3.029092211342391,23.686690729765605,20.5,21.5
2654.0,23.673080282326506,24.044027462426023,6.4698291902999205,21.0,0,-3.0440274624260226,24.49208499493497,20.5,21.5
2655.0,23.660062081475342,23.974445789949733,6.468645018871371,21.0,0,-2.9744457899497334,21.886995615661057,20.5,21.5
2656.0,23.63092876224982,23.950130670045912,6.4674597290057525,21.0,0,-2.950130670045912,23.220677072931263,20.5,21.5
2657.0,23.658370886767603,24.09302019100361,6.4662733216057156,21.0,0,-3.0930201910036104,28.379705819734568,20.5,21.5
2658.0,23.644110985640218,23.959682734683394,6.4650857975747575,21.0,1,-2.959682734683394,19.959559045076904,20.5,21.5
2659.0,23.643564571229692,23.816835651685874,6.463897157817232,21.0,1,-2.8168356516858744,19.531423161760284,20.5,21.5
2660.0,23.677400775160987,23.777304197961485,6.462707403238341,21.0,0,-2.7773041979614845,22.59136058622979,20.5,21.5
2661.0,23.64370855464428,23.77834228407759,6.461516534744132,21.0,0,-2.7783422840775884,23.809484867560705,20.5,21.5
2662.0,23.65300231769761,23.646772519274514,6.460324553241505,21.0,1,-2.6467725192745135,19.699679575182266,20.5,21.5
2663.0,23.67334805281751,23.769124344245434,6.459131459638204,21.0,0,-2.7691243442454336,27.439679093373037,20.5,21.5
2664.0,23.695391150107707,23.804756906501268,6.4579372548428235,21.0,0,-2.804756906501268,24.8737337741763,20.5,21.5
2665.0,23.678407625336874,23.842294807882126,6.4567419397648,21.0,0,-2.8422948078821264,24.968431849307876,20.5,21.5
2666.0,23.59334606435629,23.892528578499828,6.455545515314421,21.0,0,-2.892528578499828,25.399541697030877,20.5,21.5
2667.0,23.59659617423498,23.773394676697187,6.454347982402814,21.0,1,-2.773394676697187,20.199377622617952,20.5,21.5
2668.0,23.531285698802158,23.84128644132813,6.453149341941952,21.0,0,-2.84128644132813,25.878039380256418,20.5,21.5
2669.0,23.557398899563243,23.851389236717885,6.451949594844653,21.0,0,-2.8513892367178855,24.154473098410556,20.5,21.5
2670.0,23.558079318200363,23.722700360546632,6.450748742024576,21.0,1,-2.7227003605466322,19.862034075409035,20.5,21.5
2671.0,23.53721982189067,23.619927831562155,6.4495467843962215,21.0,1,-2.619927831562155,20.536751962027832,20.5,21.5
2672.0,23.516120632647308,23.78362076018177,6.4483437228749345,21.0,0,-2.783620760181769,28.694408618770197,20.5,21.5
2673.0,23.518158447958662,23.814783824981614,6.447139558376899,21.0,0,-2.814783824981614,24.74967576897696,20.5,21.5
2674.0,23.50281799950162,23.789606007755612,6.445934291819137,21.0,0,-2.789606007755612,23.03427149097556,20.5,21.5
2675.0,23.462589767244193,23.95411751496602,6.444727924119511,21.0,0,-2.9541175149660184,28.889462731278204,20.5,21.5
2676.0,23.41514736783739,23.860908094865422,6.443520456196724,21.0,0,-2.8609080948654224,21.064625491847544,20.5,21.5
2677.0,23.483939715438055,23.698771118395797,6.442311888970316,21.0,1,-2.698771118395797,18.834661824307034,20.5,21.5
2678.0,23.53951454642277,23.55635578270087,6.4411022233606605,21.0,1,-2.5563557827008694,19.28389571185304,20.5,21.5
2679.0,23.509665876972843,23.55343019715345,6.439891460288974,21.0,0,-2.5534301971534497,23.465662630730858,20.5,21.5
2680.0,23.40059488789701,23.443952313041752,6.438679600677303,21.0,1,-2.443952313041752,20.15961578969082,20.5,21.5
2681.0,23.505344142628367,23.668851253519403,6.437466645448531,21.0,0,-2.668851253519403,30.41581946784893,20.5,21.5
2682.0,23.49353150058215,23.721608955370908,6.436252595526378,21.0,0,-2.7216089553709075,25.304340010916047,20.5,21.5
2683.0,23.411976571023096,23.760299634683093,6.435037451835394,21.0,0,-2.7602996346830935,24.921020014048672,20.5,21.5
2684.0,23.397507169214528,23.789412115330865,6.4338212153009655,21.0,0,-2.7894121153308653,24.66278653476402,20.5,21.5
2685.0,23.348770123469123,23.86578418481633,6.432603886849309,21.0,0,-2.865784184816331,26.156946269380295,20.5,21.5
2686.0,23.43721948133145,23.71366846920994,6.4313854674074715,21.0,1,-2.7136684692099386,19.150197001018174,20.5,21.5
2687.0,23.48547001743727,23.790557999534876,6.430165957903335,21.0,0,-2.790557999534876,26.097243909282994,20.5,21.5
2688.0,23.564289251042542,23.77779035963676,6.428945359265606,21.0,0,-2.777790359636761,23.394761162693307,20.5,21.5
2689.0,23.54114850826445,23.81079487380388,6.427723672423827,21.0,0,-2.8107948738038786,24.800930298817413,20.5,21.5
2690.0,23.548266614442344,23.69468157202756,6.426500898308364,21.0,1,-2.6946815720275588,20.211282518737963,20.5,21.5
2691.0,23.543376556430193,23.72423231305687,6.425277037850411,21.0,0,-2.72423231305687,24.610754543936206,20.5,21.5
2692.0,23.545070599477445,23.787388515731294,6.424052091981993,21.0,0,-2.787388515731294,25.682074595964018,20.5,21.5
2693.0,23.524120373300008,23.786316874873183,6.422826061635959,21.0,0,-2.786316874873183,23.75416764912985,20.5,21.5
2694.0,23.551742496544588,23.821383374635374,6.421598947745984,21.0,0,-2.8213833746353743,24.87337836750111,20.5,21.5
2695.0,23.59786082322966,23.959989344267946,6.420370751246571,21.0,0,-2.959989344267946,28.118168433245096,20.5,21.5
2696.0,23.698438141544838,23.99432714535173,6.419141473073042,21.0,0,-2.994327145351729,25.024461177865224,20.5,21.5
2697.0,23.63364935419264,23.98638939531653,6.417911114161547,21.0,0,-2.986389395316529,23.74825689426052,20.5,21.5
2698.0,23.65987673379249,23.95169549163798,6.416679675449058,21.0,0,-2.951695491637981,22.910878381281545,20.5,21.5
2699.0,23.64387953836142,23.961219810462318,6.415447157873368,21.0,0,-2.9612198104623175,24.246949375192415,20.5,21.5
2700.0,23.582236046583134,23.869624530051908,6.414213562373095,21.0,0,-2.869624530051908,21.121766117739625,20.5,21.5
2701.0,23.566813115214046,23.799887918336914,6.412978889887674,21.0,0,-2.799887918336914,21.707789566887094,20.5,21.5
2702.0,23.433351987727864,23.61669392969402,6.411743141357363,21.0,1,-2.6166939296940193,18.120874270407175,20.5,21.5
2703.0,23.492775911335034,23.701817051282998,6.410506317723236,21.0,0,-2.7018170512829975,26.255510698952346,20.5,21.5
2704.0,23.544817884291643,23.68868311182721,6.409268419927189,21.0,0,-2.68868311182721,23.29466492815358,20.5,21.5
2705.0,23.519573859213267,23.75166736494699,6.408029448911936,21.0,0,-2.7516673649469894,25.641194958540375,20.5,21.5
2706.0,23.5508432286347,23.884043193922313,6.406789405621009,21.0,0,-2.884043193922313,27.855318063182022,20.5,21.5
2707.0,23.573238698137555,24.001487981385857,6.40554829099875,21.0,0,-3.001487981385857,27.524831605292178,20.5,21.5
2708.0,23.592413638700265,23.94298035436259,6.404306105990325,21.0,0,-2.9429803543625894,22.18775154366456,20.5,21.5
2709.0,23.54796620952885,23.934935777071367,6.403062851541712,21.0,0,-2.9349357770713667,23.693598458334684,20.5,21.5
2710.0,23.492233619611685,23.906208765036464,6.401818528599701,21.0,0,-2.906208765036464,23.04439840398938,20.5,21.5
2711.0,23.50517432690641,23.897612450872526,6.400573138111902,21.0,0,-2.8976124508725256,23.63972302595438,20.5,21.5
2712.0,23.49232306762472,23.8870182553441,6.399326681026731,21.0,0,-2.887018255344099,23.569192389491302,20.5,21.5
2713.0,23.49170019859494,23.943517087463484,6.39807915829342,21.0,0,-2.9435170874634835,25.638482051045017,20.5,21.5
2714.0,23.46584453690424,23.930648711316728,6.3968305708620115,21.0,0,-2.930648711316728,23.54459742691406,20.5,21.5
2715.0,23.497967076887097,24.022039601789828,6.39558091968336,21.0,0,-3.022039601789828,26.763766315982835,20.5,21.5
2716.0,23.469509859070058,23.998301451574882,6.394330205709129,21.0,0,-2.998301451574882,23.2861569451265,20.5,21.5
2717.0,23.44041661736942,23.9891165951527,6.3930784298917915,21.0,0,-2.9891165951527014,23.713570902487284,20.5,21.5
2718.0,23.379035832081577,23.936075513186225,6.391825593184629,21.0,0,-2.936075513186225,22.344843054191927,20.5,21.5
2719.0,23.436332224809505,24.04242813624852,6.390571696541731,21.0,0,-3.042428136248521,27.233006828117407,20.5,21.5
2720.0,23.318308276396458,23.916438822288615,6.3893167409179945,21.0,1,-2.9164388222886153,20.136759403491443,20.5,21.5
2721.0,23.31627304782153,23.860817746972476,6.3880607272691226,21.0,0,-2.860817746972476,22.192185487488292,20.5,21.5
2722.0,23.27837435546091,23.778269629361706,6.386803656551626,21.0,0,-2.7782696293617057,21.301826101038603,20.5,21.5
2723.0,23.28697395874019,23.71932237612492,6.385545529722817,21.0,0,-2.7193223761249214,21.950904779021393,20.5,21.5
2724.0,23.232555423519226,23.492050972142138,6.384286347740813,21.0,1,-2.492050972142138,16.67390885265864,20.5,21.5
2725.0,23.208714375032937,23.466355046786212,6.383026111564539,21.0,0,-2.4663550467862123,22.695477286108435,20.5,21.5
2726.0,23.225491771761313,23.40479834449762,6.381764822153717,21.0,0,-2.404798344497621,21.558097275839884,20.5,21.5
2727.0,23.244446167714788,23.288619972257603,6.3805024804688735,21.0,1,-2.288619972257603,19.803268805057062,20.5,21.5
2728.0,23.250476810682933,23.25674738906932,6.3792390874713405,21.0,0,-2.2567473890693215,22.300569893420874,20.5,21.5
2729.0,23.222572135403663,23.35311075763277,6.377974644123242,21.0,0,-2.35311075763277,26.244011814536222,20.5,21.5
2730.0,23.32780921166013,23.36245266822567,6.376709151387508,21.0,0,-2.3624526682256715,23.64270998601272,20.5,21.5
2731.0,23.363604514817197,23.332764955240393,6.375442610227868,21.0,0,-2.3327649552403926,22.442133565682028,20.5,21.5
2732.0,23.293521909046802,23.56318119090992,6.3741750216088455,21.0,0,-2.563181190909919,30.475668260995715,20.5,21.5
2733.0,23.17065513676762,23.638254898743988,6.372906386495767,21.0,0,-2.6382548987439876,25.89046613376604,20.5,21.5
2734.0,23.139762609005185,23.736095188056325,6.371636705854753,21.0,0,-2.736095188056325,26.671303867426445,20.5,21.5
2735.0,23.096538841799138,23.606381783323428,6.370365980652719,21.0,1,-2.606381783323428,19.714979641336527,20.5,21.5
2736.0,23.16020984211388,23.602846451728006,6.3690942118573775,21.0,0,-2.6028464517280057,23.49678650386533,20.5,21.5
2737.0,23.098668527613523,23.455512380131772,6.367821400437236,21.0,1,-2.455512380131772,19.03549023224476,20.5,21.5
2738.0,23.10279970353524,23.41928554603689,6.3665475473615984,21.0,0,-2.419285546036889,22.332480523190398,20.5,21.5
2739.0,23.165699432728545,23.250928363967923,6.365272653600557,21.0,1,-2.2509283639679225,18.20021290189893,20.5,21.5
2740.0,23.16120234092004,23.380679694093892,6.363996720124997,21.0,0,-2.3806796940938924,27.273219597872988,20.5,21.5
2741.0,23.21038090103726,23.39840245674833,6.362719747906601,21.0,0,-2.398402456748329,23.930085336381424,20.5,21.5
2742.0,23.116200816606042,23.334385074300023,6.361441737917836,21.0,0,-2.334385074300023,21.413863600850853,20.5,21.5
2743.0,23.13895528942963,23.271268129357413,6.360162691131963,21.0,0,-2.271268129357413,21.377759781079103,20.5,21.5
2744.0,23.16409273410063,23.33483998975798,6.358882608523032,21.0,0,-2.334839989757981,25.241995801775026,20.5,21.5
2745.0,23.172355029360773,23.25003719503589,6.357601491065884,21.0,0,-2.2500371950358904,20.70595335337317,20.5,21.5
2746.0,23.19047579052518,23.37821568930162,6.3563193397361415,21.0,0,-2.3782156893016193,27.223570517273487,20.5,21.5
2747.0,23.135345567776447,23.49004985303896,6.35503615551022,21.0,0,-2.490049853038961,26.845074765159218,20.5,21.5
2748.0,23.141252345520385,23.55567356701267,6.3537519393653215,21.0,0,-2.5556735670126685,25.524384986223886,20.5,21.5
2749.0,23.15636916907108,23.503900610914247,6.352466692279431,21.0,0,-2.503900610914247,21.950711927961603,20.5,21.5
2750.0,23.127773899939967,23.652204927710876,6.351180415231321,21.0,0,-2.6522049277108763,28.101334431609757,20.5,21.5
2751.0,23.190400360841437,23.627371601813017,6.349893109200546,21.0,0,-2.6273716018130173,22.882371824877247,20.5,21.5
2752.0,23.230044035144243,23.70091829923634,6.348604775167447,21.0,0,-2.7009182992363385,25.907319221935975,20.5,21.5
2753.0,23.29085588485262,23.77150412653921,6.347315414113146,21.0,0,-2.7715041265392095,25.88907894562534,20.5,21.5
2754.0,23.24026361369827,23.829792079964186,6.346025027019547,21.0,0,-2.829792079964186,25.578430682713474,20.5,21.5
2755.0,23.33775090878992,23.845138393821408,6.344733614869336,21.0,0,-2.845138393821408,24.30552780953807,20.5,21.5
2756.0,23.391149624198203,23.879752120790307,6.343441178645981,21.0,0,-2.8797521207903074,24.918163929857293,20.5,21.5
2757.0,23.40122031166834,23.842943603326336,6.342147719333726,21.0,0,-2.8429436033263364,22.738688079407208,20.5,21.5
2758.0,23.427988142057345,23.714383356305873,6.340853237917599,21.0,1,-2.7143833563058735,19.857575945691984,20.5,21.5
2759.0,23.50580473590715,23.79504711296763,6.339557735383401,21.0,0,-2.79504711296763,26.214959812820332,20.5,21.5
2760.0,23.44900322773206,23.77655600894617,6.3382612127177165,21.0,0,-2.7765560089461694,23.221822888302345,20.5,21.5
2761.0,23.492217843820953,23.784479111533376,6.3369636709079025,21.0,0,-2.7844791115333756,24.02217218914956,20.5,21.5
2762.0,23.483754126102603,23.919246215034295,6.335665110942093,21.0,0,-2.9192462150342955,27.962259320061893,20.5,21.5
2763.0,23.49144331305892,24.034716548345674,6.3343655338091995,21.0,0,-3.034716548345674,27.498826547687035,20.5,21.5
2764.0,23.591341587250508,23.99250706399808,6.333064940498905,21.0,0,-2.9925070639980795,22.72622253357024,20.5,21.5
2765.0,23.554032402064852,24.00534050688932,6.331763332001668,21.0,0,-3.0053405068893184,24.390343793626485,20.5,21.5
2766.0,23.559412531415692,23.97972470145205,6.330460709308721,21.0,0,-2.9797247014520494,23.211250538333978,20.5,21.5
2767.0,23.555649559053254,23.857998511022988,6.329157073412068,21.0,1,-2.8579985110229877,20.20621279815114,20.5,21.5
2768.0,23.619055161578608,23.892303798425115,6.327852425304483,21.0,0,-2.8923037984251145,24.92146242048892,20.5,21.5
2769.0,23.597262249712106,23.80648273701983,6.326546765979514,21.0,0,-2.806482737019831,21.23185089486132,20.5,21.5
2770.0,23.576684957745805,23.882153764585333,6.325240096431475,21.0,0,-2.8821537645853326,26.152284591550384,20.5,21.5
2771.0,23.580481629810677,23.946358758194997,6.323932417655453,21.0,0,-2.9463587581949966,25.872508566484917,20.5,21.5
2772.0,23.612903650478383,24.01129106775157,6.3226237306473045,21.0,0,-3.0112910677515714,25.959260354448816,20.5,21.5
2773.0,23.613210725782658,23.932139185960796,6.321314036403647,21.0,0,-2.9321391859607964,21.557582732237545,20.5,21.5
2774.0,23.582891418217393,23.980272792020536,6.320003335921873,21.0,0,-2.9802727920205356,25.424280973812714,20.5,21.5
2775.0,23.476971950155924,23.939685181663968,6.318691630200138,21.0,0,-2.939685181663968,22.722056870966945,20.5,21.5
2776.0,23.477521897809318,23.76751017195871,6.317378920237361,21.0,1,-2.7675101719587083,18.60225988080091,20.5,21.5
2777.0,23.506412243631928,23.68054177451929,6.316065207033229,21.0,1,-2.680541774519291,21.07148985133678,20.5,21.5
2778.0,23.496511540125116,23.72432134629535,6.3147504915881925,21.0,0,-2.7243213462953513,25.037708499577153,20.5,21.5
2779.0,23.4393225328473,23.7710235340651,6.313434774903462,21.0,0,-2.771023534065101,25.172089167157594,20.5,21.5
2780.0,23.39237556821678,23.620971194854434,6.3121180579810146,21.0,1,-2.620971194854434,19.11940101853442,20.5,21.5
2781.0,23.415647411470427,23.70964607992634,6.310800341823588,21.0,0,-2.7096460799263404,26.369892632083538,20.5,21.5
2782.0,23.34080903075758,23.601582123226347,6.30948162743468,21.0,1,-2.601582123226347,20.359663422226543,20.5,21.5
2783.0,23.33977990277613,23.534474554121726,6.308161915818548,21.0,0,-2.5344745541217257,21.52124748098309,20.5,21.5
2784.0,23.35151069818059,23.577654698210694,6.306841207980211,21.0,0,-2.5776546982106936,24.87305902087973,20.5,21.5
2785.0,23.37833735513585,23.544348371657062,6.305519504925446,21.0,0,-2.544348371657062,22.54515857504811,20.5,21.5
2786.0,23.435338020665938,23.33754523607728,6.304196807660784,21.0,1,-2.337545236077279,17.133451168683795,20.5,21.5
2787.0,23.411184295144995,23.36990791377673,6.302873117193521,21.0,0,-2.3699079137767285,24.340788244760212,20.5,21.5
2788.0,23.40157167519584,23.46385658798946,6.301548434531702,21.0,0,-2.4638565879894614,26.28231681437145,20.5,21.5
2789.0,23.382586495479654,23.382331101417616,6.300222760684132,21.0,0,-2.3823311014176163,20.936566504262263,20.5,21.5
2790.0,23.3805557531864,23.505815989620107,6.298896096660368,21.0,0,-2.505815989620107,27.210362635694825,20.5,21.5
2791.0,23.31304286532537,23.66328750669321,6.297568443470722,21.0,0,-2.6632875066932087,28.387433018886263,20.5,21.5
2792.0,23.310893685779998,23.774490988692413,6.296239802126262,21.0,0,-2.7744909886924134,27.110595448668555,20.5,21.5
2793.0,23.34224059215416,23.715519732574883,6.294910173638804,21.0,0,-2.715519732574883,21.94638204904897,20.5,21.5
2794.0,23.31090221038557,23.603248339057906,6.29357955902092,21.0,1,-2.603248339057906,20.235106533548596,20.5,21.5
2795.0,23.296752620003545,23.62635110136124,6.292247959285929,21.0,0,-2.626351101361241,24.319433970461287,20.5,21.5
2796.0,23.27173777296583,23.709021800865393,6.290915375447901,21.0,0,-2.7090218008653935,26.189142785989972,20.5,21.5
2797.0,23.23501822319027,23.675650273965097,6.28958180852166,21.0,0,-2.675650273965097,22.6745044669562,20.5,21.5
2798.0,23.282705170661,23.62348337813261,6.288247259522773,21.0,0,-2.6234833781326117,22.058476503158055,20.5,21.5
2799.0,23.238870996169517,23.69325931270212,6.286911729467557,21.0,0,-2.6932593127021214,25.786537349787412,20.5,21.5
2800.0,23.249979007904074,23.608453737104163,6.285575219373079,21.0,0,-2.6084537371041634,21.064286469165424,20.5,21.5
2801.0,23.236232605083686,23.59048977429084,6.284237730257146,21.0,0,-2.590489774290841,23.05157088989117,20.5,21.5
2802.0,23.189163592906013,23.492961831385824,6.282899263138316,21.0,0,-2.4929618313858235,20.567123544235297,20.5,21.5
2803.0,23.161237546590687,23.520094357003227,6.2815598190358894,21.0,0,-2.5200943570032273,24.33407012552534,20.5,21.5
2804.0,23.17731569513776,23.501457912289464,6.280219398969911,21.0,0,-2.501457912289464,22.94236457087656,20.5,21.5
2805.0,23.208433636287154,23.458786992948397,6.27887800396117,21.0,0,-2.458786992948397,22.1786594127164,20.5,21.5
2806.0,23.234065552169717,23.48926225123975,6.277535635031196,21.0,0,-2.489262251239751,24.40351999998036,20.5,21.5
2807.0,23.265535824570982,23.578068222555665,6.276192293202261,21.0,0,-2.5780682225556646,26.242247362033076,20.5,21.5
2808.0,23.33603744972889,23.55693228581326,6.2748479794973795,21.0,0,-2.556932285813261,22.922854183541148,20.5,21.5
2809.0,23.335316559406767,23.53839288316298,6.273502694940304,21.0,0,-2.538392883162981,22.982210803654585,20.5,21.5
2810.0,23.30337197538836,23.710786636376632,6.272156440555528,21.0,0,-2.710786636376632,28.882599232786163,20.5,21.5
2811.0,23.282131273845742,23.685972102263467,6.270809217368282,21.0,0,-2.6859721022634666,22.941536078868506,20.5,21.5
2812.0,23.30057425281398,23.75161345155883,6.269461026404536,21.0,0,-2.7516134515588284,25.720853930419683,20.5,21.5
2813.0,23.275930508544562,23.713765144712887,6.268111868690994,21.0,0,-2.7137651447128874,22.578315939334658,20.5,21.5
2814.0,23.29873487331813,23.7567992582181,6.266761745255101,21.0,0,-2.7567992582180985,25.04782266337443,20.5,21.5
2815.0,23.268444804091864,23.595605485952266,6.265410657125033,21.0,1,-2.595605485952266,18.75979231797729,20.5,21.5
2816.0,23.320942561982143,23.605959441603417,6.264058605329702,21.0,0,-2.6059594416034173,23.91657811113796,20.5,21.5
2817.0,23.393391752386922,23.55325696046713,6.262705590898756,21.0,0,-2.553256960467131,21.97218252637854,20.5,21.5
2818.0,23.4244899117141,23.68760512205757,6.261351614862573,21.0,0,-2.687605122057569,27.71804996977071,20.5,21.5
2819.0,23.42682668676801,23.74526040355994,6.259996678252264,21.0,0,-2.7452604035599393,25.47491884863105,20.5,21.5
2820.0,23.464639049630655,23.725983355461956,6.258640782099675,21.0,0,-2.725983355461956,23.147671912522462,20.5,21.5
2821.0,23.495446799296243,23.651752048941695,6.257283927437378,21.0,0,-2.6517520489416953,21.42481285333387,20.5,21.5
2822.0,23.468222935896765,23.7029578100001,6.255926115298676,21.0,0,-2.7029578100001004,25.239130641752254,20.5,21.5
2823.0,23.54775261294166,23.63648133794059,6.254567346717604,21.0,0,-2.636481337940591,21.642187176155307,20.5,21.5
2824.0,23.576794024255676,23.664648636828172,6.2532076227289215,21.0,0,-2.664648636828172,24.509667603455608,20.5,21.5
2825.0,23.566336852731293,23.81229172503708,6.251846944368118,21.0,0,-2.812291725037081,28.241584371304352,20.5,21.5
2826.0,23.58956837564267,23.88492847314395,6.25048531267141,21.0,0,-2.884928473143951,26.06403091635005,20.5,21.5
2827.0,23.64731897586332,23.853283390359994,6.249122728675739,21.0,0,-2.8532833903599943,22.903930906841293,20.5,21.5
2828.0,23.60489942388275,23.896825028574206,6.247759193418773,21.0,0,-2.896825028574206,25.203074175000552,20.5,21.5
2829.0,23.643008745006487,23.858142327947398,6.246394707938901,21.0,0,-2.858142327947398,22.697661309143164,20.5,21.5
2830.0,23.586488007482135,23.752272932343015,6.2450292732752395,21.0,0,-2.752272932343015,20.576191064211518,20.5,21.5
2831.0,23.57780109578832,23.831004799476105,6.2436628904676255,21.0,0,-2.831004799476105,26.192960813468808,20.5,21.5
2832.0,23.572351943185964,23.826246250780613,6.24229556055662,21.0,0,-2.8262462507806134,23.683489789915868,20.5,21.5
2833.0,23.60491924707309,23.946945176444984,6.240927284583505,21.0,0,-2.9469451764449843,27.56791294637611,20.5,21.5
2834.0,23.589349562971282,24.067192456861473,6.23955806359028,21.0,0,-3.0671924568614735,27.674610869356147,20.5,21.5
2835.0,23.593828582862074,24.28508310931206,6.238187898619668,21.0,0,-3.2850831093120583,30.821802682829603,20.5,21.5
2836.0,23.58067216246065,24.157974601033423,6.236816790715109,21.0,1,-3.1579746010334233,20.344719352674375,20.5,21.5
2837.0,23.659034490068954,24.154945491882575,6.23544474092076,21.0,0,-3.1549454918825752,24.064072217357133,20.5,21.5
2838.0,23.640112604977556,24.15135164170939,6.2340717502814975,21.0,0,-3.1513516417093896,24.043536136513822,20.5,21.5
2839.0,23.609225366223004,24.033246155083013,6.2326978198429135,21.0,1,-3.033246155083013,20.49008155629172,20.5,21.5
2840.0,23.60953096353922,23.875098505561816,6.231322950651316,21.0,1,-2.875098505561816,19.130669019925897,20.5,21.5
2841.0,23.665457327240954,23.911924592994197,6.229947143753729,21.0,0,-2.911924592994197,25.016707215965624,20.5,21.5
2842.0,23.67916682386806,24.038519817606556,6.228570400197886,21.0,0,-3.0385198176065558,27.836376555977324,20.5,21.5
2843.0,23.64459201547671,24.039440406791222,6.227192721032241,21.0,0,-3.039440406791222,24.067058082331208,20.5,21.5
2844.0,23.65682307553355,24.151160799367847,6.225814107305954,21.0,0,-3.1511607993678474,27.50277257666661,20.5,21.5
2845.0,23.586926184192713,24.15090819273313,6.224434560068899,21.0,0,-3.15090819273313,24.143329993691612,20.5,21.5
2846.0,23.6207659864516,24.271731045480045,6.2230540803716625,21.0,0,-3.2717310454800455,27.896416627887504,20.5,21.5
2847.0,23.636740181727134,24.239029804471805,6.22167266926554,21.0,0,-3.239029804471805,23.257992574224595,20.5,21.5
2848.0,23.687839851072876,24.17806215751375,6.220290327802536,21.0,0,-3.17806215751375,22.349032748772103,20.5,21.5
2849.0,23.77981335720242,24.09139378333456,6.218907057035362,21.0,0,-3.09139378333456,21.491342557958852,20.5,21.5
2850.0,23.789401815070782,24.14919551959168,6.217522858017442,21.0,0,-3.1491955195916788,25.883247607305243,20.5,21.5
2851.0,23.761151571597104,24.02465238917672,6.216137731802901,21.0,1,-3.024652389176719,20.288358476727925,20.5,21.5
2852.0,23.718536362442467,24.089843850933786,6.214751679446573,21.0,0,-3.0898438509337858,26.04558770364579,20.5,21.5
2853.0,23.64878506807775,24.010701876018196,6.213364702003999,21.0,0,-3.010701876018196,21.636442628550498,20.5,21.5
2854.0,23.62772723725569,24.041078407040413,6.211976800531422,21.0,0,-3.0410784070404127,24.952374337706917,20.5,21.5
2855.0,23.600437368206208,23.97410223573608,6.210587976085789,21.0,0,-2.97410223573608,21.964817096606094,20.5,21.5
2856.0,23.43754964962751,23.98335067183195,6.20919822972475,21.0,0,-2.98335067183195,24.26080375470805,20.5,21.5
2857.0,23.26669044114165,23.84205404786974,6.207807562506657,21.0,1,-2.842054047869741,19.60315532900348,20.5,21.5
2858.0,23.275977797878344,23.830154998979303,6.2064159754905655,21.0,0,-2.830154998979303,23.473183532266162,20.5,21.5
2859.0,23.154749759034075,23.79246176481602,6.2050234697362265,21.0,0,-2.7924617648160215,22.661664739917573,20.5,21.5
2860.0,23.238771950417537,23.783889513549667,6.203630046304096,21.0,0,-2.783889513549667,23.526721975559035,20.5,21.5
2861.0,23.23978238292566,23.657963752248218,6.202235706255328,21.0,1,-2.657963752248218,19.880190913204746,20.5,21.5
2862.0,23.26732731504092,23.60318713367011,6.200840450651768,21.0,0,-2.6031871336701116,21.959888576326918,20.5,21.5
2863.0,23.212095787783912,23.581854126242888,6.199444280555968,21.0,0,-2.581854126242888,22.94186390342618,20.5,21.5
2864.0,23.19922063250139,23.530209094673246,6.198047197031172,21.0,0,-2.5302090946732463,21.980858147583994,20.5,21.5
2865.0,23.204359908468025,23.47325615228252,6.196649201141318,21.0,0,-2.47325615228252,21.764667880560733,20.5,21.5
2866.0,23.228498389255204,23.563158012638585,6.195250293951043,21.0,0,-2.563158012638585,26.26021382332053,20.5,21.5
2867.0,23.240708622202433,23.532898435244313,6.193850476525673,21.0,0,-2.532898435244313,22.625111113416153,20.5,21.5
2868.0,23.23719285062426,23.571964796486185,6.192449749931232,21.0,0,-2.571964796486185,24.743955633742345,20.5,21.5
2869.0,23.273850466961306,23.609542648588203,6.191048115234433,21.0,0,-2.609542648588203,24.736878211648744,20.5,21.5
2870.0,23.19589380913377,23.719779823072255,6.189645573502682,21.0,0,-2.7197798230722547,27.02689505759381,20.5,21.5
2871.0,23.205865125006127,23.762921526986638,6.188242125804077,21.0,0,-2.762921526986638,25.05717264441813,20.5,21.5
2872.0,23.144005958446122,23.782199574407947,6.186837773207403,21.0,0,-2.7821995744079473,24.36054099704723,20.5,21.5
2873.0,23.157140487773027,23.635852899011905,6.185432516782136,21.0,1,-2.635852899011905,19.24545263713063,20.5,21.5
2874.0,23.199406300268333,23.586589812447706,6.184026357598439,21.0,0,-2.5865898124477056,22.10869721552173,20.5,21.5
2875.0,23.175343203109882,23.43934762488676,6.1826192967271645,21.0,1,-2.4393476248867607,19.022081998058415,20.5,21.5
2876.0,23.18255705165206,23.372404027998094,6.18121133523985,21.0,1,-2.372404027998094,21.364096121338093,20.5,21.5
2877.0,23.275106480831248,23.44755921391497,6.179802474208722,21.0,0,-2.447559213914971,25.702214791421284,20.5,21.5
2878.0,23.239897457154544,23.62067322661715,6.178392714706685,21.0,0,-2.62067322661715,28.814093607682516,20.5,21.5
2879.0,23.250562373086964,23.642403248659342,6.176982057807334,21.0,0,-2.642403248659342,24.294303909925098,20.5,21.5
2880.0,23.249551206120767,23.653304192682963,6.175570504584947,21.0,0,-2.6533041926829632,23.980332513391605,20.5,21.5
2881.0,23.33407689595774,23.620885949430168,6.174158056114481,21.0,0,-2.6208859494301677,22.648338651846302,20.5,21.5
2882.0,23.2639724479455,23.592811909883856,6.1727447134715785,21.0,0,-2.5928119098838565,22.75059072349452,20.5,21.5
2883.0,23.272894585897493,23.488907800146134,6.171330477732562,21.0,1,-2.4889078001461336,20.371784508014446,20.5,21.5
2884.0,23.30218793200117,23.474696846471016,6.169915349974431,21.0,0,-2.4746968464710157,23.04836823621748,20.5,21.5
2885.0,23.313207713753552,23.494075791496527,6.168499331274869,21.0,0,-2.4940757914965275,24.07544414226188,20.5,21.5
2886.0,23.25903864613588,23.535586927475023,6.167082422712235,21.0,0,-2.5355869274750233,24.7809210068299,20.5,21.5
2887.0,23.317414636016682,23.582573806741795,6.165664625365567,21.0,0,-2.582573806741795,24.99218018474495,20.5,21.5
2888.0,23.320066186033625,23.671749799826404,6.164245940314579,21.0,0,-2.6717497998264044,26.34702959236468,20.5,21.5
2889.0,23.317050219435693,23.811411513943302,6.162826368639662,21.0,0,-2.811411513943302,28.001262937450225,20.5,21.5
2890.0,23.321910433648792,23.756924388862082,6.1614059114218795,21.0,0,-2.756924388862082,22.122310636425482,20.5,21.5
2891.0,23.379012905236195,23.652401808897114,6.159984569742974,21.0,0,-2.652401808897114,20.51672440994808,20.5,21.5
2892.0,23.375410513336337,23.553762013087994,6.1585623446853575,21.0,0,-2.5537620130879937,20.594568138814385,20.5,21.5
2893.0,23.39172483390399,23.62253814566231,6.157139237332117,21.0,0,-2.622538145662311,25.685822122891835,20.5,21.5
2894.0,23.316222336664207,23.609012041349338,6.155715248767011,21.0,0,-2.609012041349338,23.203228911960146,20.5,21.5
2895.0,23.320907403175223,23.727278383994996,6.1542903800744675,21.0,0,-2.727278383994996,27.27526866336473,20.5,21.5
2896.0,23.266766167314795,23.768389814406675,6.152864632339586,21.0,0,-2.7683898144066745,25.001732726757034,20.5,21.5
2897.0,23.20274071516125,23.76425494812448,6.151438006648138,21.0,0,-2.7642549481244814,23.640208959658686,20.5,21.5
2898.0,23.15168156136768,23.7002929419374,6.1500105040865565,21.0,0,-2.7002929419373984,21.78143275632491,20.5,21.5
2899.0,23.18210924519346,23.64287179030661,6.148582125741951,21.0,0,-2.642871790306611,21.92023724138298,20.5,21.5
2900.0,23.083100411982976,23.601600852619132,6.147152872702093,21.0,0,-2.601600852619132,22.36347272199477,20.5,21.5
2901.0,23.0734252121477,23.6371954806982,6.1457227460554185,21.0,0,-2.6371954806981996,24.705034323070226,20.5,21.5
2902.0,23.095538071846104,23.726651325545937,6.1442917468910325,21.0,0,-2.7266513255459373,26.410326670978066,20.5,21.5
2903.0,23.11479962706297,23.532429545428904,6.1428598762987034,21.0,1,-2.5324295454289043,17.705776141917916,20.5,21.5
2904.0,23.060974163121045,23.420740578671637,6.141427135368863,21.0,1,-2.420740578671637,20.070071575953623,20.5,21.5
2905.0,23.06566191241223,23.472014301207953,6.139993525192606,21.0,0,-2.4720143012079525,25.010225977297413,20.5,21.5
2906.0,23.127556031981612,23.31493796539646,6.138559046861689,21.0,1,-2.31493796539646,18.60264789105169,20.5,21.5
2907.0,23.176069680600957,23.167650817407043,6.1371237014685285,21.0,1,-2.1676508174070435,18.749036377724543,20.5,21.5
2908.0,23.165919891778625,23.38732990311275,6.135687490106202,21.0,0,-2.38732990311275,29.97770247428395,20.5,21.5
2909.0,23.180897309132764,23.51291125497773,6.1342504138684495,21.0,0,-2.5129112549777304,27.280351810927137,20.5,21.5
2910.0,23.218083707408997,23.56142581313536,6.1328124738496665,21.0,0,-2.5614258131353616,25.016862557864297,20.5,21.5
2911.0,23.184751846465353,23.6961542125786,6.131373671144904,21.0,0,-2.6961542125786018,27.73800619587581,20.5,21.5
2912.0,23.173001750388046,23.90313289546685,6.129934006849876,21.0,0,-2.9031328954668503,30.112493382114305,20.5,21.5
2913.0,23.089500552683464,23.945352104749666,6.128493482060948,21.0,0,-2.9453521047496665,25.211928383234152,20.5,21.5
2914.0,23.014966622438703,23.781882883836012,6.1270520978751435,21.0,1,-2.781882883836012,18.877806256426375,20.5,21.5
2915.0,23.050126299176927,23.61147036355421,6.125609855390136,21.0,1,-2.6114703635542114,18.499094755100195,20.5,21.5
2916.0,23.03963974318968,23.6203507517412,6.124166755704262,21.0,0,-2.6203507517411992,23.886762397350836,20.5,21.5
2917.0,23.037453340002262,23.54846385486928,6.122722799916499,21.0,0,-2.5484638548692793,21.39185694871168,20.5,21.5
2918.0,23.032080911740106,23.476576957997363,6.121277989126483,21.0,0,-2.476576957997363,21.31997005183987,20.5,21.5
2919.0,23.03602001041086,23.53286241327556,6.119832324434503,21.0,0,-2.5328624132755593,25.22142607162145,20.5,21.5
2920.0,23.038993926146397,23.53549121503962,6.118385806941494,21.0,0,-2.5354912150396203,23.61435526796145,20.5,21.5
2921.0,23.03153922088837,23.54089766535648,6.116938437749042,21.0,0,-2.5408976653564785,23.703091174862227,20.5,21.5
2922.0,23.13283669962822,23.430431401648214,6.115490217959381,21.0,1,-2.430431401648214,20.116443490400272,20.5,21.5
2923.0,23.182667305816363,23.331005178101222,6.114041148675394,21.0,1,-2.331005178101222,20.348218471691467,20.5,21.5
2924.0,23.22421811279287,23.465047237613184,6.112591231000609,21.0,0,-2.4650472376131844,27.48630902297206,20.5,21.5
2925.0,23.24960494740153,23.532492799426247,6.111140466039204,21.0,0,-2.5324927994262474,25.555859653818136,20.5,21.5
2926.0,23.2471475713025,23.51513825465439,6.109688854895999,21.0,0,-2.5151382546543886,22.994501911498624,20.5,21.5
2927.0,23.240520660561852,23.455454467779,6.108236398676458,21.0,0,-2.455454467778999,21.664940861517316,20.5,21.5
2928.0,23.306230879366325,23.53442104913541,6.106783098486688,21.0,0,-2.5344210491354104,25.90341848982775,20.5,21.5
2929.0,23.330483072260083,23.448599804827182,6.105328955433444,21.0,0,-2.4485998048271824,20.873962475580342,20.5,21.5
2930.0,23.326639142988302,23.542501828251794,6.103873970624116,21.0,0,-2.542501828251794,26.35956253099014,20.5,21.5
2931.0,23.275697939751993,23.632649863593144,6.10241814516674,21.0,0,-2.6326498635931443,26.337090923833657,20.5,21.5
2932.0,23.29487316163044,23.699207646976532,6.100961480169992,21.0,0,-2.6992076469765323,25.69594114847817,20.5,21.5
2933.0,23.304057167318962,23.622063860584756,6.099503976743182,21.0,0,-2.622063860584756,21.307750268831473,20.5,21.5
2934.0,23.237308663559745,23.546799882150584,6.098045635996264,21.0,0,-2.5467998821505837,21.28888052912541,20.5,21.5
2935.0,23.1834265858795,23.40124399979645,6.096586459039828,21.0,1,-2.401243999796449,19.034567529172413,20.5,21.5
2936.0,23.177278570421127,23.41825182898925,6.0951264469851,21.0,0,-2.4182518289892485,23.928486704773228,20.5,21.5
2937.0,23.12113494762092,23.456186232071094,6.093665600943944,21.0,0,-2.4561862320710937,24.594218324526448,20.5,21.5
2938.0,23.179813276983506,23.547006172490104,6.092203922028858,21.0,0,-2.5470061724901036,26.271604385060403,20.5,21.5
2939.0,23.165078252575675,23.51116031153253,6.0907414113529725,21.0,0,-2.5111603115325316,22.43578448280537,20.5,21.5
2940.0,23.111684067689826,23.57323273049053,6.089278070030055,21.0,0,-2.573232730490531,25.435405299230517,20.5,21.5
2941.0,23.11114839695608,23.470559816668036,6.0878138991745,21.0,1,-2.470559816668036,20.390372401993183,20.5,21.5
2942.0,23.102228256559318,23.32825084942012,6.086348899901341,21.0,1,-2.328250849420119,19.058981831982603,20.5,21.5
2943.0,23.11644331657224,23.27043930562404,6.084883073326238,21.0,0,-2.2704393056240413,21.536092991741715,20.5,21.5
2944.0,23.080360722328557,23.335397644065054,6.08341642056548,21.0,0,-2.335397644065054,25.28414779729544,20.5,21.5
2945.0,23.11456028786871,23.312502328847305,6.081948942735988,21.0,0,-2.312502328847305,22.625642872314838,20.5,21.5
2946.0,23.131129563223215,23.268646122431356,6.08048064095531,21.0,0,-2.268646122431356,21.952959929952883,20.5,21.5
2947.0,23.152038320781468,23.34745712612505,6.079011516341621,21.0,0,-2.3474571261250503,25.711787236935876,20.5,21.5
2948.0,23.05082053556767,23.42458196749375,6.077541570013725,21.0,0,-2.4245819674937508,25.738327208554765,20.5,21.5
2949.0,23.002272043557582,23.473754144908867,6.076070803091051,21.0,0,-2.4737541449088667,24.948919467362344,20.5,21.5
2950.0,23.043149089698815,23.478161293514454,6.074599216693648,21.0,0,-2.4781612935144537,23.610375751682064,20.5,21.5
2951.0,23.055423455311704,23.662660324162097,6.0731268119421955,21.0,0,-2.662660324162097,29.197631243591395,20.5,21.5
2952.0,23.02904204585527,23.752162973760058,6.071653589957993,21.0,0,-2.7521629737600577,26.43724246169888,20.5,21.5
2953.0,23.004402327347393,23.736501504806743,6.070179551862965,21.0,0,-2.7365015048067427,23.266657436207293,20.5,21.5
2954.0,22.976932779540125,23.676610616921767,6.068704698779653,21.0,0,-2.676610616921767,21.8798839803725,20.5,21.5
2955.0,22.914249288913734,23.60818493918112,6.067229031831223,21.0,0,-2.6081849391811183,21.55541460696165,20.5,21.5
2956.0,22.8961169873431,23.2842835221038,6.06575255214146,21.0,1,-2.2842835221037987,13.567241009784212,20.5,21.5
2957.0,22.91361949852411,23.231241050264412,6.0642752608347665,21.0,0,-2.231241050264412,21.63996689508281,20.5,21.5
2958.0,22.882118679652798,23.130797320937354,6.062797159036165,21.0,1,-2.1307973209373543,20.117485441125623,20.5,21.5
2959.0,22.92696395993626,23.109291193378137,6.061318247871295,21.0,0,-2.1092911933781373,22.464107366601628,20.5,21.5
2960.0,23.002822058558692,23.02398210931556,6.059838528466411,21.0,1,-2.023982109315561,20.46470958743828,20.5,21.5
2961.0,22.948911011166825,23.13222330435618,6.058358001948381,21.0,0,-2.132223304356181,26.37945915557477,20.5,21.5
2962.0,23.024381705348574,23.110193006551356,6.056876669444694,21.0,0,-2.1101930065513557,22.4492840724066,20.5,21.5
2963.0,22.936884523020765,23.14542673185543,6.055394532083449,21.0,0,-2.14542673185543,24.202438490977663,20.5,21.5
2964.0,22.969244814511455,23.151243561050602,6.053911590993355,21.0,0,-2.1512435610506024,23.325748436905773,20.5,21.5
2965.0,23.05186876911952,23.3402673269401,6.05242784730374,21.0,0,-2.3402673269401006,29.010980303625047,20.5,21.5
2966.0,23.09425255948305,23.328315691074277,6.050943302144536,21.0,0,-2.328315691074277,22.969766615099562,20.5,21.5
2967.0,23.071453150681716,23.21875444075597,6.04945795664629,21.0,1,-2.218754440755969,19.93191693120674,20.5,21.5
2968.0,23.071190134238535,23.227456966316844,6.047971811940158,21.0,0,-2.2274569663168435,23.488532733143074,20.5,21.5
2969.0,23.05936704663854,23.22998791807704,6.046484869157903,21.0,0,-2.2299879180770397,23.305916470882924,20.5,21.5
2970.0,23.010363728133857,23.16059783882104,6.044997129431897,21.0,0,-2.1605978388210403,21.07889546114106,20.5,21.5
2971.0,23.023875014960613,23.13076326425145,6.043508593895119,21.0,0,-2.130763264251449,22.235726027163714,20.5,21.5
2972.0,23.048974217260444,23.29683288025922,6.042019263681153,21.0,0,-2.2968328802592204,28.278921360492358,20.5,21.5
2973.0,23.044593260860143,23.26103924813892,6.040529139924188,21.0,0,-2.261039248138921,22.187230284529946,20.5,21.5
2974.0,23.049357671247954,23.2312756647973,6.039038223759018,21.0,0,-2.2312756647973018,22.33836816454872,20.5,21.5
2975.0,23.071523350199957,23.071831392765322,6.037546516321043,21.0,1,-2.071831392765322,18.28850323180593,20.5,21.5
2976.0,23.051915571154456,23.243921609729014,6.0360540187462615,21.0,0,-2.243921609729014,28.40662811863978,20.5,21.5
2977.0,23.077803376212444,23.289093263950928,6.034560732171273,21.0,0,-2.289093263950928,24.644242890608343,20.5,21.5
2978.0,22.999827424520728,23.226825491675427,6.033066657733284,21.0,0,-2.2268254916754273,21.358792323410405,20.5,21.5
2979.0,23.029002963203624,23.27770445437256,6.031571796570095,21.0,0,-2.277704454372561,24.804073335286567,20.5,21.5
2980.0,22.981860334414336,23.440615493921353,6.030076149820108,21.0,0,-2.440615493921353,28.327946680385114,20.5,21.5
2981.0,23.014898988152616,23.394711240714745,6.028579718622324,21.0,0,-2.394711240714745,22.01758364451651,20.5,21.5
2982.0,23.040498841339218,23.367992476589553,6.027082504116341,21.0,0,-2.367992476589553,22.566429552833785,20.5,21.5
2983.0,23.122903886857532,23.407132342661345,6.025584507442351,21.0,0,-2.4071323426613453,24.58132832481512,20.5,21.5
2984.0,23.19628762991089,23.362683894891394,6.024085729741143,21.0,0,-2.3626838948913935,22.02923046179284,20.5,21.5
2985.0,23.205699153528403,23.410349070628385,6.022586172154105,21.0,0,-2.410349070628385,24.84030434273813,20.5,21.5
2986.0,23.20117725564592,23.354441098389607,6.021085835823212,21.0,0,-2.354441098389607,21.67720193122627,20.5,21.5
2987.0,23.21663292447005,23.328740332897304,6.019584721891037,21.0,0,-2.328740332897304,22.557717368128216,20.5,21.5
2988.0,23.131851486355902,23.387592634935434,6.018082831500743,21.0,0,-2.3875926349354337,25.15316169607932,20.5,21.5
2989.0,23.105785850873847,23.456479142710897,6.016580165796086,21.0,0,-2.456479142710897,25.5230743759748,20.5,21.5
2990.0,23.114886731784313,23.380067040626713,6.015076725921408,21.0,0,-2.380067040626713,21.08770397810119,20.5,21.5
2991.0,23.055944670723797,23.396602285991715,6.013572513021648,21.0,0,-2.3966022859917153,23.892659646941784,20.5,21.5
2992.0,23.142955775971537,23.38234518560969,6.012067528242327,21.0,0,-2.38234518560969,22.954632174148937,20.5,21.5
2993.0,23.18733023873277,23.36233100209467,6.0105617727295595,21.0,0,-2.3623310020946704,22.761905496644076,20.5,21.5
2994.0,23.13655744776441,23.309087087514175,6.009055247630039,21.0,0,-2.3090870875141754,21.711769650099324,20.5,21.5
2995.0,23.099621820098886,23.34328209710577,6.007547954091053,21.0,0,-2.343282097105771,24.369132384853636,20.5,21.5
2996.0,23.097246415179324,23.499247156174498,6.00603989326047,21.0,0,-2.4992471561744978,28.178198928236306,20.5,21.5
2997.0,23.058270055214397,23.59815386515994,6.004531066286745,21.0,0,-2.59815386515994,26.56535513472321,20.5,21.5
2998.0,23.063900643721812,23.529769224387206,6.003021474318915,21.0,0,-2.5297692243872056,21.478230001205173,20.5,21.5
2999.0,23.04460426920939,23.576987519150304,6.0015111185066,21.0,0,-2.576987519150304,24.993536362043255,20.5,21.5
3000.0,23.042399742592615,23.55438153461532,6.0,21.0,0,-2.5543815346153202,22.876201998565808,20.5,21.5
3001.0,23.126624282033774,23.477442106348324,5.9984881199499,21.0,0,-2.477442106348324,21.169259258338432,20.5,21.5
3002.0,23.065557038393518,23.426508461979978,5.996975479507661,21.0,0,-2.426508461979978,21.8984991309296,20.5,21.5
3003.0,23.03923177711274,23.494797429072573,5.995462079825224,21.0,0,-2.494797429072573,25.54346644185043,20.5,21.5
3004.0,23.020591734909072,23.443711041511175,5.993947922055111,21.0,0,-2.4437110415111754,21.91111941466924,20.5,21.5
3005.0,23.1315038038598,23.415559165306313,5.992433007350417,21.0,0,-2.4155591653063127,22.57100287916043,20.5,21.5
3006.0,23.168522724831732,23.405881937149896,5.990917336864816,21.0,0,-2.4058819371498963,23.115565092457405,20.5,21.5
3007.0,23.19936049432079,23.379967965636368,5.989400911752556,21.0,0,-2.379967965636368,22.602548820230517,20.5,21.5
3008.0,23.15245361531585,23.45684742046462,5.987883733168462,21.0,0,-2.4568474204646193,25.763231065312162,20.5,21.5
3009.0,23.130052609840742,23.554947081789457,5.986365802267932,21.0,0,-2.5549470817894573,26.497936921534595,20.5,21.5
3010.0,23.141222519983494,23.541322831054885,5.984847120206934,21.0,0,-2.5413228310548845,23.132595309017702,20.5,21.5
3011.0,23.124557438606406,23.415922880216254,5.983327688142014,21.0,1,-2.415922880216254,19.65392435505733,20.5,21.5
3012.0,23.12121375155702,23.29564756467212,5.981807507230282,21.0,1,-2.2956475646721195,19.68738809834809,20.5,21.5
3013.0,23.189971629823535,23.163736785044478,5.980286578629423,21.0,1,-2.1637367850444775,19.20641339621522,20.5,21.5
3014.0,23.186668666242163,23.086188594470524,5.978764903497693,21.0,1,-2.0861885944705243,20.759742877251927,20.5,21.5
3015.0,23.096181601733136,23.1882423829306,5.97724248299391,21.0,0,-2.1882423829306,26.24985603673287,20.5,21.5
3016.0,23.02598305753031,23.311205351621474,5.975719318277466,21.0,0,-2.3112053516214743,27.000094412347707,20.5,21.5
3017.0,23.069785379605698,23.385571844037486,5.974195410508315,21.0,0,-2.385571844037486,25.61656661651783,20.5,21.5
3018.0,23.00408819890627,23.51312957522743,5.972670760846981,21.0,0,-2.513129575227431,27.339861510925793,20.5,21.5
3019.0,23.01132364201037,23.36392444912723,5.9711453704545505,21.0,1,-2.3639244491272287,18.887770666121153,20.5,21.5
3020.0,22.99861578252152,23.342574091473967,5.9696192404926745,21.0,0,-2.342574091473967,22.702063361876117,20.5,21.5
3021.0,22.97903567468131,23.211619542728762,5.968092372123567,21.0,1,-2.211619542728762,19.282983080372617,20.5,21.5
3022.0,23.05281803916801,23.156332783300403,5.966564766510006,21.0,1,-2.156332783300403,21.497730000449632,20.5,21.5
3023.0,23.10852153858464,23.101859619656334,5.9650364248153265,21.0,1,-2.1018596196563344,21.467664710334272,20.5,21.5
3024.0,23.182879681413013,23.155884665132085,5.96350734820343,21.0,0,-2.155884665132085,24.7766360294046,20.5,21.5
3025.0,23.20782806549018,23.250281264504423,5.961977537838775,21.0,0,-2.250281264504423,26.082179245674567,20.5,21.5
3026.0,23.21760665837859,23.39209542811696,5.960446994886379,21.0,0,-2.39209542811696,27.64652033649307,20.5,21.5
3027.0,23.214835659998823,23.408479499085463,5.958915720511813,21.0,0,-2.4084794990854625,23.90000162814054,20.5,21.5
3028.0,23.169631351705345,23.438871305305227,5.957383715881214,21.0,0,-2.438871305305227,24.350625491898164,20.5,21.5
3029.0,23.279065303046227,23.63982473215563,5.955850982161268,21.0,0,-2.639824732155631,29.668427537667753,20.5,21.5
3030.0,23.25013798850811,23.524290368246255,5.954317520519217,21.0,1,-2.5242903682462554,20.058259450964982,20.5,21.5
3031.0,23.231531361136636,23.514857205393483,5.952783332122862,21.0,0,-2.514857205393483,23.231862319810304,20.5,21.5
3032.0,23.254969740096925,23.6192795116392,5.951248418140551,21.0,0,-2.619279511639199,26.75194869901069,20.5,21.5
3033.0,23.202160386765986,23.458277486377963,5.949712779741189,21.0,1,-2.4582774863779626,18.628216728540867,20.5,21.5
3034.0,23.196430605683336,23.40612760684521,5.948176418094232,21.0,0,-2.40612760684521,21.841631220862638,20.5,21.5
3035.0,23.191502304206082,23.453855480647086,5.946639334369687,21.0,0,-2.4538554806470856,24.885691694703347,20.5,21.5
3036.0,23.250683762459705,23.424409647532308,5.945101529738108,21.0,0,-2.4244096475323076,22.541034654088968,20.5,21.5
3037.0,23.39188362524556,23.512577762856424,5.943563005370602,21.0,0,-2.5125777628564236,26.157621222579905,20.5,21.5
3038.0,23.33844464390417,23.542733319802903,5.94202376243882,21.0,0,-2.5427333198029025,24.44740002819727,20.5,21.5
3039.0,23.288547457714024,23.491006294036577,5.940483802114965,21.0,0,-2.491006294036577,21.93919552104681,20.5,21.5
3040.0,23.247564563274146,23.63887454681582,5.9389431255717815,21.0,0,-2.6388745468158206,28.07492213019313,20.5,21.5
3041.0,23.17477479026414,23.670644739154618,5.937401733982563,21.0,0,-2.6706447391546178,24.623750509318533,20.5,21.5
3042.0,23.248996195178858,23.541139870343105,5.935859628521148,21.0,1,-2.5411398703431054,19.655993805997735,20.5,21.5
3043.0,23.22212388037557,23.793194689237986,5.934316810361912,21.0,0,-2.7931946892379855,31.35483925608439,20.5,21.5
3044.0,23.23253243647666,23.793252466059208,5.932773280679783,21.0,0,-2.793252466059208,23.79498577069588,20.5,21.5
3045.0,23.228800284722862,23.600661991502854,5.931229040650223,21.0,1,-2.6006619915028537,17.822947754812226,20.5,21.5
3046.0,23.327442406774555,23.64872999268191,5.929684091449239,21.0,0,-2.6487299926819112,25.090770028053637,20.5,21.5
3047.0,23.24773197278569,23.71467930195947,5.928138434253378,21.0,0,-2.714679301959471,25.693158580286266,20.5,21.5
3048.0,23.21345501939543,23.54267336256445,5.926592070239725,21.0,1,-2.54267336256445,18.382495180713825,20.5,21.5
3049.0,23.181547383012546,23.57386990256186,5.9250450005859,21.0,0,-2.57386990256186,24.509766102484157,20.5,21.5
3050.0,23.133926674036854,23.61807843444594,5.923497226470068,21.0,0,-2.618078434445941,24.944334390968372,20.5,21.5
3051.0,23.172184055907632,23.504969422112858,5.921948749070925,21.0,1,-2.5049694221128576,20.11169905212035,20.5,21.5
3052.0,23.176570885973913,23.481920483565478,5.920399569567704,21.0,0,-2.481920483565478,22.79045232714409,20.5,21.5
3053.0,23.183222481518634,23.406690655682304,5.918849689140171,21.0,0,-2.4066906556823042,21.14979581918709,20.5,21.5
3054.0,23.119599047867247,23.302900778427947,5.91729910896863,21.0,1,-2.302900778427947,20.189204460797235,20.5,21.5
3055.0,23.1949212178922,23.31739870068518,5.915747830233914,21.0,0,-2.3173987006851817,23.75233636840222,20.5,21.5
3056.0,23.11535935412115,23.176649396695808,5.914195854117388,21.0,1,-2.176649396695808,18.954170277014597,20.5,21.5
3057.0,23.22700775840884,23.169241442097075,5.912643181800951,21.0,0,-2.169241442097075,22.94700280413508,20.5,21.5
3058.0,23.308235036376068,23.204928727324493,5.911089814467031,21.0,0,-2.204928727324493,24.27554728414703,20.5,21.5
3059.0,23.38285946642493,23.265334595245783,5.909535753298584,21.0,0,-2.2653345952457826,25.077510632884476,20.5,21.5
3060.0,23.308268842427285,23.322632578576084,5.9079809994790935,21.0,0,-2.3226325785760835,25.04157207848511,20.5,21.5
3061.0,23.218610812847306,23.48128154947588,5.906425554192575,21.0,0,-2.481281549475881,28.2407506764698,20.5,21.5
3062.0,23.165049069102977,23.471963743688146,5.904869418623566,21.0,0,-2.4719637436881463,23.19242957005611,20.5,21.5
3063.0,23.17202562432167,23.499469446591277,5.903312593957131,21.0,0,-2.4994694465912772,24.324640533685205,20.5,21.5
3064.0,23.139738504649518,23.543264688631023,5.901755081378862,21.0,0,-2.543264688631023,24.857121949823398,20.5,21.5
3065.0,23.17970076294872,23.492264472176842,5.900196882074871,21.0,0,-2.492264472176842,21.962257978551413,20.5,21.5
3066.0,23.169766954370647,23.424376984320485,5.898637997231793,21.0,0,-2.424376984320485,21.38775234862978,20.5,21.5
3067.0,23.089973297040977,23.36746472828511,5.89707842803679,21.0,0,-2.3674647282851105,21.660097047223868,20.5,21.5
3068.0,23.076589652713842,23.382484174582665,5.895518175677539,21.0,0,-2.3824841745826646,23.83306756350929,20.5,21.5
3069.0,23.03699338852707,23.273723314823034,5.893957241342242,21.0,1,-2.273723314823034,20.01089752203411,20.5,21.5
3070.0,23.06111661179233,23.257892005246003,5.892395626219618,21.0,0,-2.2578920052460028,22.78295271793507,20.5,21.5
3071.0,23.020191064445882,23.335976999480334,5.890833331498904,21.0,0,-2.3359769994803337,25.67852682651026,20.5,21.5
3072.0,23.089425477955384,23.297769760611057,5.889270358369855,21.0,0,-2.2977697606110574,22.15155259453277,20.5,21.5
3073.0,23.131559236716296,23.397858332459816,5.887706708022744,21.0,0,-2.3978583324598155,26.400515487922558,20.5,21.5
3074.0,23.15445047625219,23.481143430461298,5.88614238164836,21.0,0,-2.481143430461298,25.979696370505774,20.5,21.5
3075.0,23.18942113293528,23.525088729158654,5.884577380438003,21.0,0,-2.5250887291586537,24.843447690079323,20.5,21.5
3076.0,23.20821098519251,23.375902010555265,5.88301170558349,21.0,1,-2.375902010555265,18.900300452453607,20.5,21.5
3077.0,23.20926656086438,23.405753879222367,5.881445358277153,21.0,0,-2.4057538792223667,24.301309939235416,20.5,21.5
3078.0,23.239978011991443,23.261058512938344,5.879878339711831,21.0,1,-2.2610585129383445,18.920197524417677,20.5,21.5
3079.0,23.29218482808129,23.271835189738255,5.878310651080876,21.0,0,-2.2718351897382547,23.59513549373556,20.5,21.5
3080.0,23.265538081211734,23.2063656099589,5.876742293578155,21.0,0,-2.206365609958901,21.242278216578292,20.5,21.5
3081.0,23.266771273191782,23.273620547669005,5.875173268398038,21.0,0,-2.2736205476690046,25.29126867897211,20.5,21.5
3082.0,23.20563272984356,23.23749905751533,5.873603576735405,21.0,0,-2.237499057515329,22.153854352905064,20.5,21.5
3083.0,23.19590839836482,23.277790638468307,5.872033219785646,21.0,0,-2.277790638468307,24.486538067057648,20.5,21.5
3084.0,23.0968507158147,23.286351733266734,5.870462198744655,21.0,0,-2.2863517332667342,23.54318457721955,20.5,21.5
3085.0,23.10141254856206,23.22725260011525,5.868890514808834,21.0,0,-2.22725260011525,21.45427860557072,20.5,21.5
3086.0,23.106038537530612,23.324603890206113,5.867318169175089,21.0,0,-2.324603890206113,26.245142592932005,20.5,21.5
3087.0,23.133565863834917,23.422924878390067,5.865745163040828,21.0,0,-2.4229248783900665,26.372554523908672,20.5,21.5
3088.0,23.150690318304356,23.42957825081527,5.864171497603965,21.0,0,-2.4295782508152683,23.629179423571323,20.5,21.5
3089.0,23.131491466998007,23.2654652192136,5.8625971740629135,21.0,1,-2.265465219213599,18.342074271163522,20.5,21.5
3090.0,23.17172780601459,23.422840304936614,5.8610221936165905,21.0,0,-2.4228403049366136,28.14409287662705,20.5,21.5
3091.0,23.24410452147889,23.417591295194732,5.859446557464411,21.0,0,-2.4175912951947325,23.2601210029383,20.5,21.5
3092.0,23.283868033079546,23.44246260238599,5.857870266806293,21.0,0,-2.4424626023859908,24.18860181812374,20.5,21.5
3093.0,23.295115744434188,23.48790097402852,5.856293322842646,21.0,0,-2.48790097402852,24.85105212330439,20.5,21.5
3094.0,23.227717811079522,23.638075742094895,5.854715726774385,21.0,0,-2.6380757420948946,28.143318784086137,20.5,21.5
3095.0,23.29215686967315,23.505330890703696,5.853137479802917,21.0,1,-2.5053308907036964,19.52298534896775,20.5,21.5
3096.0,23.356767282762043,23.49233504449206,5.851558583130145,21.0,0,-2.4923350444920587,23.102459658142926,20.5,21.5
3097.0,23.357722035078798,23.453372910316013,5.8499790379584695,21.0,0,-2.4533729103160127,22.284508885034633,20.5,21.5
3098.0,23.365664800819644,23.478342432725555,5.848398845490781,21.0,0,-2.4783424327255545,24.22742810501181,20.5,21.5
3099.0,23.281280100639247,23.494429746890383,5.846818006930464,21.0,0,-2.4944297468903827,23.977049171835226,20.5,21.5
3100.0,23.204628607072646,23.559342052327185,5.8452365234813985,21.0,0,-2.5593420523271853,25.506711215431263,20.5,21.5
3101.0,23.160350114875804,23.58493858727792,5.843654396347952,21.0,0,-2.5849385872779216,24.35283463580001,20.5,21.5
3102.0,23.18058974294801,23.609485815661845,5.842071626734981,21.0,0,-2.609485815661845,24.345902667179548,20.5,21.5
3103.0,23.23753741210007,23.483447169599014,5.840488215847838,21.0,1,-2.483447169599014,19.70228778771408,20.5,21.5
3104.0,23.15598147578734,23.510307121400324,5.838904164892355,21.0,0,-2.5103071214003236,24.316105675439616,20.5,21.5
3105.0,23.128037730846653,23.569057503530615,5.837319475074857,21.0,0,-2.5690575035306153,25.331568967439367,20.5,21.5
3106.0,23.109798991676605,23.5889166487672,5.835734147602153,21.0,0,-2.5889166487671993,24.184691005864718,20.5,21.5
3107.0,23.120179623353085,23.604701373508767,5.834148183681542,21.0,0,-2.6047013735087674,24.07824311575581,20.5,21.5
3108.0,23.180066205776093,23.707312521415624,5.832561584520803,21.0,0,-2.7073125214156235,26.785646958621307,20.5,21.5
3109.0,23.18639752743517,23.72827645388661,5.830974351328199,21.0,0,-2.728276453886611,24.35719442801624,20.5,21.5
3110.0,23.205372650657146,23.580521864439863,5.829386485312479,21.0,1,-2.580521864439863,19.147884181037416,20.5,21.5
3111.0,23.142118655113414,23.538669749997815,5.82779798768287,21.0,0,-2.5386697499978155,22.283106316736394,20.5,21.5
3112.0,23.186524279668852,23.54214132158966,5.826208859649083,21.0,0,-2.5421413215896607,23.646288469345016,20.5,21.5
3113.0,23.230050596633927,23.579252934075512,5.82461910242131,21.0,0,-2.5792529340755124,24.692601308651064,20.5,21.5
3114.0,23.19104743821175,23.42937417497161,5.823028717210218,21.0,1,-2.42937417497161,18.933011401854532,20.5,21.5
3115.0,23.24284190684524,23.598792976501525,5.821437705226955,21.0,0,-2.5987929765015245,28.681357022398966,20.5,21.5
3116.0,23.28772378358782,23.373010066220637,5.819846067683145,21.0,1,-2.373010066220637,16.599522757794006,20.5,21.5
3117.0,23.22044737971978,23.28679235424255,5.818253805790892,21.0,1,-2.28679235424255,20.70026099489995,20.5,21.5
3118.0,23.30065852876388,23.360934249289553,5.81666092076277,21.0,0,-2.360934249289553,25.585191100699635,20.5,21.5
3119.0,23.292493907478242,23.54050680564308,5.815067413811832,21.0,0,-2.54050680564308,28.927683496248893,20.5,21.5
3120.0,23.355521865350706,23.51329882644197,5.813473286151601,21.0,0,-2.5132988264419716,22.69705945040872,20.5,21.5
3121.0,23.330293807917467,23.77401096401288,5.811878538996076,21.0,0,-2.7740109640128807,31.595375091140156,20.5,21.5
3122.0,23.28984004924346,23.95672614312634,5.810283173559725,21.0,0,-2.956726143126339,29.438181516530086,20.5,21.5
3123.0,23.397272574564774,23.862527369474343,5.80868719105749,21.0,0,-2.8625273694743427,21.036564159914455,20.5,21.5
3124.0,23.35668974042064,23.888281450921177,5.80709059270478,21.0,0,-2.888281450921177,24.660903894326204,20.5,21.5
3125.0,23.486219951631107,23.805410717469538,5.805493379717475,21.0,0,-2.805410717469538,21.319288713920375,20.5,21.5
3126.0,23.557770779048134,23.92056088337287,5.8038955533119205,21.0,0,-2.9205608833728682,27.37506586047277,20.5,21.5
3127.0,23.546372947584445,23.940604095174983,5.802297114704932,21.0,0,-2.940604095174983,24.541900449238426,20.5,21.5
3128.0,23.54258324814684,23.935142724694295,5.80069806511379,21.0,0,-2.9351427246942947,23.771301610273646,20.5,21.5
3129.0,23.537989466518287,23.91694814802704,5.79909840575624,21.0,0,-2.916948148027039,23.371110848009373,20.5,21.5
3130.0,23.51006979142857,23.88708453489611,5.797498137850493,21.0,0,-2.887084534896111,22.99117614096827,20.5,21.5
3131.0,23.41369195402305,23.833709330596115,5.795897262615221,21.0,0,-2.8337093305961147,22.232453201596222,20.5,21.5
3132.0,23.39094947155735,23.73818326695075,5.794295781269561,21.0,0,-2.738183266950749,20.872401357589773,20.5,21.5
3133.0,23.31609189633183,23.813157743540224,5.792693695033112,21.0,0,-2.8131577435402235,26.062392041224463,20.5,21.5
3134.0,23.308935146019444,23.732189304375396,5.79109100512593,21.0,0,-2.732189304375396,21.30313612943057,20.5,21.5
3135.0,23.42301200849666,23.72062836319231,5.789487712768534,21.0,0,-2.7206283631923114,23.373800127699774,20.5,21.5
3136.0,23.479814254477844,23.703176138003293,5.787883819181903,21.0,0,-2.7031761380032933,23.17960938233275,20.5,21.5
3137.0,23.55514329875061,23.749853583533685,5.7862793255874685,21.0,0,-2.7498535835336853,25.150176949445445,20.5,21.5
3138.0,23.522149318712025,23.626086549444274,5.784674233207123,21.0,1,-2.626086549444274,19.913075526761936,20.5,21.5
3139.0,23.538843956381303,23.672285131846838,5.783068543263215,21.0,0,-2.672285131846838,25.058242603923755,20.5,21.5
3140.0,23.561524018678174,23.65427991828388,5.781462256978547,21.0,0,-2.65427991828388,23.11412351139514,20.5,21.5
3141.0,23.526647933954386,23.690879647698665,5.7798553755763775,21.0,0,-2.690879647698665,24.788871530142224,20.5,21.5
3142.0,23.438245037285913,23.71671789668113,5.778247900280412,21.0,0,-2.7167178966811285,24.49186536615503,20.5,21.5
3143.0,23.474378964810402,23.761695498624572,5.776639832314818,21.0,0,-2.7616954986245723,25.111023556927886,20.5,21.5
3144.0,23.395284624143933,23.79112688096756,5.775031172904207,21.0,0,-2.7911268809675605,24.674068351257205,20.5,21.5
3145.0,23.436656623229016,23.825885293842553,5.773421923273641,21.0,0,-2.8258852938425534,24.86863768009234,20.5,21.5
3146.0,23.5050744679217,23.650342722526773,5.771812084648637,21.0,1,-2.650342722526773,18.384065583053356,20.5,21.5
3147.0,23.595725677281006,23.64387684509052,5.770201658255157,21.0,0,-2.643876845090521,23.44990052200296,20.5,21.5
3148.0,23.572135158789617,23.62629531209855,5.768590645319607,21.0,0,-2.6262953120985486,23.098849322339383,20.5,21.5
3149.0,23.584930401116942,23.5754969233426,5.766979047068848,21.0,0,-2.5754969233426017,22.051545260664195,20.5,21.5
3150.0,23.511695216433633,23.593667761834677,5.76536686473018,21.0,0,-2.593667761834677,24.138792916596937,20.5,21.5
3151.0,23.551437994304642,23.767284800893172,5.763754099531349,21.0,0,-2.7672848008931723,28.97579597264803,20.5,21.5
3152.0,23.48606411279873,23.81042455777385,5.762140752700549,21.0,0,-2.8104245577738496,25.104617264194168,20.5,21.5
3153.0,23.52256010156315,23.928973791892457,5.76052682546641,21.0,0,-2.9289737918924565,27.485450815450665,20.5,21.5
3154.0,23.50383528866992,23.78752174422211,5.758912319058011,21.0,1,-2.7875217442221114,19.543960314111757,20.5,21.5
3155.0,23.486726879684657,23.975482526006026,5.757297234704866,21.0,0,-2.975482526006026,29.614305979523458,20.5,21.5
3156.0,23.467656748602295,24.01894820534514,5.7556815736369344,21.0,0,-3.01894820534514,25.322918585518565,20.5,21.5
3157.0,23.44171016001493,23.960248792721323,5.7540653370846115,21.0,0,-2.9602487927213232,22.19926641400682,20.5,21.5
3158.0,23.438306292383093,23.855704794873187,5.752448526278731,21.0,0,-2.855704794873187,20.719384859429102,20.5,21.5
3159.0,23.37425823845166,23.75598963781696,5.750831142450567,21.0,0,-2.7559896378169597,20.76453492613014,20.5,21.5
3160.0,23.255966777987545,23.57275585634526,5.749213186831825,21.0,1,-2.5727558563452604,18.07574241219428,20.5,21.5
3161.0,23.27361084533658,23.357272938910675,5.747594660654649,21.0,1,-2.3572729389106755,16.892785415873128,20.5,21.5
3162.0,23.27219130039164,23.394996025157475,5.745975565151618,21.0,0,-2.394996025157475,24.526688612561465,20.5,21.5
3163.0,23.306538696854147,23.34413040252452,5.744355901555744,21.0,0,-2.34413040252452,21.818161723535873,20.5,21.5
3164.0,23.25205706842772,23.5246421617862,5.742735671100471,21.0,0,-2.5246421617862005,28.93999493963661,20.5,21.5
3165.0,23.26252247897855,23.53337108983271,5.741114875019672,21.0,0,-2.533371089832709,23.795238931227967,20.5,21.5
3166.0,23.32142884689475,23.643498336834266,5.739493514547659,21.0,0,-2.6434983368342664,26.947315746880985,20.5,21.5
3167.0,23.322020762938607,23.5407927725731,5.737871590919164,21.0,1,-2.5407927725730985,20.459625844738063,20.5,21.5
3168.0,23.254231400456497,23.496723931262487,5.736249105369356,21.0,0,-2.496723931262487,22.17465869194414,20.5,21.5
3169.0,23.298506996113726,23.52643013038718,5.734626059133826,21.0,0,-2.5264301303871797,24.417616104127962,20.5,21.5
3170.0,23.343531628559713,23.562919015659084,5.733002453448595,21.0,0,-2.5629190156590838,24.657585573816206,20.5,21.5
3171.0,23.35877084679273,23.577428487287897,5.731378289550109,21.0,0,-2.5774284872878965,24.01271263615228,20.5,21.5
3172.0,23.393687503176572,23.593408292881236,5.729753568675239,21.0,0,-2.593408292881236,24.072802460681416,20.5,21.5
3173.0,23.37823285331306,23.679634892324085,5.728128292061283,21.0,0,-2.679634892324085,26.266432875609556,20.5,21.5
3174.0,23.36582342534637,23.840170630554006,5.726502460945958,21.0,0,-2.840170630554006,28.656242777451638,20.5,21.5
3175.0,23.421528404882228,23.865774713710707,5.724876076567403,21.0,0,-2.8657747137107066,24.633897208411724,20.5,21.5
3176.0,23.382829335873392,23.882539820566105,5.723249140164185,21.0,0,-2.8825398205661052,24.385493026228065,20.5,21.5
3177.0,23.505827117523452,23.941746170853346,5.721621652975284,21.0,0,-2.941746170853346,25.717936679470565,20.5,21.5
3178.0,23.57439803328582,24.083364176987615,5.719993616240102,21.0,0,-3.0833641769876152,28.331904361015695,20.5,21.5
3179.0,23.595099222657172,24.08874165903617,5.718365031198462,21.0,0,-3.0887416590361703,24.25006612049282,20.5,21.5
3180.0,23.52416794739046,24.23130084596835,5.716735899090601,21.0,0,-3.2313008459683488,28.508076453933704,20.5,21.5
3181.0,23.53316288561933,24.36004874070347,5.715106221157173,21.0,0,-3.360048740703469,28.22248558275708,20.5,21.5
3182.0,23.60544701720176,24.34393120756557,5.71347599863925,21.0,0,-3.3439312075655714,23.86040521342864,20.5,21.5
3183.0,23.6311649897622,24.189361147000714,5.711845232778318,21.0,1,-3.1893611470007137,19.552259330054984,20.5,21.5
3184.0,23.593960798481373,24.11687436074089,5.710213924816274,21.0,0,-3.1168743607408906,21.9422707729462,20.5,21.5
3185.0,23.654317156142483,24.10570426665339,5.708582075995432,21.0,0,-3.1057042666533903,23.77060144402838,20.5,21.5
3186.0,23.643454849839067,24.094534172565886,5.706949687558515,21.0,0,-3.0945341725658864,23.75943134994077,20.5,21.5
3187.0,23.596568531108794,24.184508114077854,5.705316760748657,21.0,0,-3.184508114077854,26.88372635943688,20.5,21.5
3188.0,23.556759663852915,24.267315519581633,5.703683296809404,21.0,0,-3.267315519581633,26.751537684695,20.5,21.5
3189.0,23.571107543115783,24.24297850825841,5.702049296984709,21.0,0,-3.2429785082584104,23.512868168561738,20.5,21.5
3190.0,23.54353982123134,24.13189573730083,5.700414762518935,21.0,0,-3.1318957373008303,20.799412608573427,20.5,21.5
3191.0,23.49655059496206,24.105284170806407,5.69877969465685,21.0,0,-3.1052841708064065,23.306937175973694,20.5,21.5
3192.0,23.420163344645903,23.88180366784531,5.6971440946436305,21.0,1,-2.881803667845311,17.17738857901245,20.5,21.5
3193.0,23.474877099984855,24.004134356025634,5.6955079637248565,21.0,0,-3.0041343560256344,27.67405500143533,20.5,21.5
3194.0,23.465585696673354,23.984101840008076,5.693871303146511,21.0,0,-2.9841018400080763,23.383126359481334,20.5,21.5
3195.0,23.437904491033866,23.918997482408646,5.692234114154986,21.0,0,-2.9189974824086455,21.965866754425722,20.5,21.5
3196.0,23.430029840868524,23.810955279966368,5.69059639799707,21.0,0,-2.810955279966368,20.569689206698047,20.5,21.5
3197.0,23.36586378680564,23.874904011269656,5.688958155919955,21.0,0,-2.8749040112696562,25.793365950368297,20.5,21.5
3198.0,23.36901859413909,23.655949599979675,5.687319389171233,21.0,1,-2.6559495999796745,17.087317261280223,20.5,21.5
3199.0,23.435930049369574,23.604419535409534,5.685680098998897,21.0,0,-2.6044195354095336,22.058517598305308,20.5,21.5
3200.0,23.408006870161607,23.681352461184893,5.684040286651338,21.0,0,-2.6813524611848933,25.989340234445685,20.5,21.5
3201.0,23.375121723874628,23.74078609499003,5.6823999533773435,21.0,0,-2.7407860949900282,25.523795109144075,20.5,21.5
3202.0,23.446962777949544,23.745179443886922,5.6807591004261,21.0,0,-2.745179443886922,23.87697991079374,20.5,21.5
3203.0,23.412440356713972,23.881503679435575,5.679117729047189,21.0,0,-2.881503679435575,27.971230745895156,20.5,21.5
3204.0,23.41912653024206,23.912304017063338,5.677475840490582,21.0,0,-2.912304017063338,24.836314145896235,20.5,21.5
3205.0,23.43615434333334,23.829368425085153,5.675833436006654,21.0,0,-2.8293684250851534,21.341300665739613,20.5,21.5
3206.0,23.35105422478312,23.72767406260011,5.674190516846164,21.0,0,-2.7276740626001086,20.676843188048764,20.5,21.5
3207.0,23.37504967788797,23.755924478439045,5.672547084260269,21.0,0,-2.755924478439045,24.60343695360714,20.5,21.5
3208.0,23.387110403826927,23.57998579263092,5.67090313950051,21.0,1,-2.5799857926309215,18.301825218387215,20.5,21.5
3209.0,23.443883770970107,23.562814349835527,5.669258683818827,21.0,0,-2.562814349835527,23.047671065973695,20.5,21.5
3210.0,23.43808513284567,23.717843158215437,5.667613718467543,21.0,0,-2.7178431582154374,28.368707409612746,20.5,21.5
3211.0,23.42042455868902,23.8256735756966,5.665968244699369,21.0,0,-2.8256735756966016,27.060586100131527,20.5,21.5
3212.0,23.400586889632315,23.826675078350693,5.664322263767406,21.0,0,-2.826675078350693,23.85672015797343,20.5,21.5
3213.0,23.43577273118321,23.94695648771779,5.662675776925143,21.0,0,-2.9469564877177916,27.555398768730754,20.5,21.5
3214.0,23.446889235990323,23.944113509395915,5.6610287854264465,21.0,0,-2.9441135093959154,23.85882415973963,20.5,21.5
3215.0,23.535032387627993,23.77779576901483,5.659381290525575,21.0,1,-2.77779576901483,18.788263557582262,20.5,21.5
3216.0,23.566826076919764,23.7341849026893,5.6577332934771665,21.0,0,-2.7341849026893,22.42585891292341,20.5,21.5
3217.0,23.472827243059623,23.747376460496223,5.656084795536243,21.0,0,-2.7473764604962234,24.14312319470392,20.5,21.5
3218.0,23.544753130769116,23.741363921064135,5.654435797958208,21.0,0,-2.741363921064135,23.56098773810148,20.5,21.5
3219.0,23.591460710826578,23.778260021320094,5.6527863019988445,21.0,0,-2.7782600213200936,24.885143028998854,20.5,21.5
3220.0,23.593749285900497,23.734678538873016,5.651136308914314,21.0,0,-2.734678538873016,22.42723406546069,20.5,21.5
3221.0,23.52658512065416,23.72671116030887,5.649485819961159,21.0,0,-2.72671116030887,23.487689803384487,20.5,21.5
3222.0,23.455442399492473,23.81519076053811,5.647834836396299,21.0,0,-2.8151907605381083,26.469578767415257,20.5,21.5
3223.0,23.492164306172942,23.841156133268765,5.64618335947703,21.0,0,-2.8411561332687647,24.620117315188455,20.5,21.5
3224.0,23.491122437533583,23.875394767896555,5.644531390461022,21.0,0,-2.8753947678965552,24.90255380673027,20.5,21.5
3225.0,23.52500890106271,23.908604229721668,5.642878930606323,21.0,0,-2.908604229721668,24.904888084475047,20.5,21.5
3226.0,23.56795420802671,23.91473065829084,5.6412259811713525,21.0,0,-2.914730658290839,24.09852351536598,20.5,21.5
3227.0,23.561751737923856,23.824410108066623,5.639572543414903,21.0,0,-2.8244101080666226,21.114793601340125,20.5,21.5
3228.0,23.65727099140267,23.79360260359008,5.63791861859614,21.0,0,-2.793602603590081,22.86937746929383,20.5,21.5
3229.0,23.619086204570298,23.60378887102424,5.636264207974599,21.0,1,-2.603788871024239,17.909376894048986,20.5,21.5
3230.0,23.73092543250369,23.509608182667005,5.634609312810185,21.0,1,-2.509608182667005,20.684187531949984,20.5,21.5
3231.0,23.735299627081815,23.61043592475241,5.632953934363172,21.0,0,-2.6104359247524087,26.635268187314516,20.5,21.5
3232.0,23.707585740139187,23.835634518339525,5.631298073894206,21.0,0,-2.835634518339525,30.59159232595301,20.5,21.5
3233.0,23.667190770041746,23.927220207593336,5.629641732664292,21.0,0,-2.9272202075933365,26.674790885207685,20.5,21.5
3234.0,23.642801671134777,24.023876775576234,5.627984911934809,21.0,0,-3.023876775576234,26.923573815063158,20.5,21.5
3235.0,23.558136019161775,24.10951654320061,5.6263276129675,21.0,0,-3.109516543200609,26.678709571931865,20.5,21.5
3236.0,23.481220755407506,23.950217563227767,5.624669837024466,21.0,1,-2.950217563227767,19.171248164042503,20.5,21.5
3237.0,23.571108175140132,23.798709594152964,5.623011585368176,21.0,1,-2.798709594152964,19.25347052190887,20.5,21.5
3238.0,23.581033364408512,23.65292501828508,5.621352859261464,21.0,1,-2.6529250182850816,19.279387742248616,20.5,21.5
3239.0,23.60825904202261,23.74744400243314,5.619693659967519,21.0,0,-2.7474440024331415,26.583013526874936,20.5,21.5
3240.0,23.57989794445323,23.755979053706596,5.618033988749896,21.0,0,-2.7559790537065965,24.012030591910246,20.5,21.5
3241.0,23.585614583350644,23.72512957120761,5.616373846872504,21.0,0,-2.72512957120761,22.799645096238017,20.5,21.5
3242.0,23.62847993385467,23.68571413498954,5.6147132355996145,21.0,0,-2.6857141349895386,22.503251048447396,20.5,21.5
3243.0,23.642280199651147,23.873623833949626,5.613052156195856,21.0,0,-2.873623833949626,29.51091480275225,20.5,21.5
3244.0,23.63729874658577,23.909292032162625,5.611390609926211,21.0,0,-2.909292032162625,24.9793379785526,20.5,21.5
3245.0,23.669735896362557,24.125637990756147,5.609728598056021,21.0,0,-3.1256379907561467,30.61601674856179,20.5,21.5
3246.0,23.702576835036304,24.132756468993144,5.608066121850982,21.0,0,-3.1327564689931435,24.34631081610305,20.5,21.5
3247.0,23.664555745703037,24.11559965494023,5.606403182577136,21.0,0,-3.1155996549402296,23.600895233352812,20.5,21.5
3248.0,23.67071144154176,23.87308443778442,5.604739781500889,21.0,1,-2.8730844377844207,16.597627923110153,20.5,21.5
3249.0,23.722345091917695,23.91469791281697,5.603075919888992,21.0,0,-2.914697912816969,25.16310216379342,20.5,21.5
3250.0,23.768488264091783,23.964174305265928,5.601411599008546,21.0,0,-2.964174305265928,25.448466078734697,20.5,21.5
3251.0,23.815573548537344,24.152086064005854,5.599746820127007,21.0,0,-3.1520860640058537,29.789438826203625,20.5,21.5
3252.0,23.824680954375456,24.218436186403807,5.598081584512174,21.0,0,-3.2184361864038067,26.208939858342397,20.5,21.5
3253.0,23.73274208222412,24.213895215391833,5.596415893432197,21.0,0,-3.213895215391833,24.07766608503263,20.5,21.5
3254.0,23.736039506599926,24.197695558739067,5.5947497481555715,21.0,0,-3.197695558739067,23.71170585915608,20.5,21.5
3255.0,23.823629271991827,24.121496758470045,5.593083149951142,21.0,0,-3.1214967584700446,21.835532750399373,20.5,21.5
3256.0,23.787046471677915,24.131103565187274,5.591416100088093,21.0,0,-3.1311035651872743,24.419307766704165,20.5,21.5
3257.0,23.736397668677686,23.93284722891608,5.589748599835958,21.0,1,-2.9328472289160814,17.985157140780295,20.5,21.5
3258.0,23.806216246320965,23.937194935288932,5.588080650464608,21.0,0,-2.9371949352889324,24.06762612647446,20.5,21.5
3259.0,23.797196683545767,23.999742650286954,5.586412253244261,21.0,0,-2.9997426502869544,25.876174100227615,20.5,21.5
3260.0,23.839084848351437,23.904259250548712,5.5847434094454735,21.0,0,-2.904259250548712,21.039757258401444,20.5,21.5
3261.0,23.896547094561633,23.846427227805236,5.583074120339143,21.0,0,-2.8464272278052363,22.11146654550096,20.5,21.5
3262.0,23.96429831381103,23.95370480436431,5.581404387196506,21.0,0,-2.9537048043643104,27.172032101136534,20.5,21.5
3263.0,23.9801503364043,24.11884623521923,5.579734211289136,21.0,0,-3.1188462352192303,29.07308916086683,20.5,21.5
3264.0,23.942882035106667,24.014887322134236,5.578063593888944,21.0,0,-3.0148873221342356,20.896119929584394,20.5,21.5
3265.0,24.01038251607328,24.098905136348144,5.5763925362681785,21.0,0,-3.0989051363481437,26.619439562765386,20.5,21.5
3266.0,23.96988837064474,24.152575941491456,5.5747210396994245,21.0,0,-3.152575941491456,25.762700095790827,20.5,21.5
3267.0,23.993707919526265,24.23536745991492,5.573049105455596,21.0,0,-3.2353674599149187,26.7191130126188,20.5,21.5
3268.0,23.916802391745446,24.320614979322897,5.571376734809948,21.0,0,-3.3206149793228974,26.87804056156226,20.5,21.5
3269.0,23.911586968721885,24.28754806713328,5.569703929036059,21.0,0,-3.2875480671332795,23.295540701444743,20.5,21.5
3270.0,23.86802978181785,24.25446491076763,5.568030689407845,21.0,0,-3.2544649107676307,23.261970219798165,20.5,21.5
3271.0,23.879459211168566,24.246889563721616,5.566357017199552,21.0,0,-3.2468895637216164,24.01962915234119,20.5,21.5
3272.0,23.847031070230127,24.259725494495342,5.564682913685753,21.0,0,-3.259725494495342,24.64480341770711,20.5,21.5
3273.0,23.81186302201037,24.21224156998869,5.563008380141352,21.0,0,-3.2122415699886915,22.787723834789176,20.5,21.5
3274.0,23.740880202114955,24.292686418134917,5.561333417841576,21.0,0,-3.2926864181349167,26.706031862521673,20.5,21.5
3275.0,23.736221852824897,24.270805501984967,5.5596580280619845,21.0,0,-3.2708055019849667,23.614378017486466,20.5,21.5
3276.0,23.705322625529956,24.174081890265878,5.557982212078459,21.0,0,-3.174081890265878,21.27237353869322,20.5,21.5
3277.0,23.75637942346433,24.12170570910083,5.556305971167205,21.0,0,-3.12170570910083,22.55042027414939,20.5,21.5
3278.0,23.706056954407465,24.14014557524214,5.554629306604755,21.0,0,-3.1401455752421406,24.693341559481457,20.5,21.5
3279.0,23.795476534469067,24.23535581470327,5.552952219667962,21.0,0,-3.2353558147032686,27.09166299853711,20.5,21.5
3280.0,23.797839858280213,24.320680320163213,5.551274711633998,21.0,0,-3.3206803201632127,26.880415483961535,20.5,21.5
3281.0,23.783833986154352,24.314719975724177,5.549596783780362,21.0,0,-3.314719975724177,24.135909642553113,20.5,21.5
3282.0,23.824638656962126,24.39648323779827,5.547918437384865,21.0,0,-3.3964832377982717,26.849381100021105,20.5,21.5
3283.0,23.801573384241284,24.31645353985275,5.546239673725643,21.0,0,-3.3164535398527484,21.91556260148705,20.5,21.5
3284.0,23.751332421259026,24.244602912105584,5.544560494081149,21.0,0,-3.2446029121055844,22.089084079690664,20.5,21.5
3285.0,23.83926360227322,24.09168335034106,5.542880899730149,21.0,1,-3.091683350341061,19.504096497405353,20.5,21.5
3286.0,23.81684269504111,24.26047340408472,5.541200891951728,21.0,0,-3.2604734040847205,29.324175016394513,20.5,21.5
3287.0,23.756142155531546,24.25570136134365,5.539520472025284,21.0,0,-3.2557013613436503,24.112540079111543,20.5,21.5
3288.0,23.790077402868057,24.35116635520206,5.537839641230532,21.0,0,-3.3511663552020607,27.215116170954374,20.5,21.5
3289.0,23.742928252940914,24.266772338886966,5.536158400847496,21.0,0,-3.266772338886966,21.734951849434125,20.5,21.5
3290.0,23.770328940670872,24.28327080233457,5.534476752156514,21.0,0,-3.2832708023345702,24.778224705762696,20.5,21.5
3291.0,23.781645102066886,24.296514838679432,5.532794696438235,21.0,0,-3.296514838679432,24.69383592902528,20.5,21.5
3292.0,23.794433945184366,24.23938863688508,5.531112234973618,21.0,0,-3.2393886368850815,22.52560258305457,20.5,21.5
3293.0,23.775702379568745,24.070884495545716,5.529429369043929,21.0,1,-3.070884495545716,19.01576025536475,20.5,21.5
3294.0,23.777221996315127,24.12203648337151,5.527746099930746,21.0,0,-3.1220364833715095,25.656596118145316,20.5,21.5
3295.0,23.687469309366417,24.11286937476285,5.52606242891595,21.0,0,-3.1128693747628517,23.83785611650312,20.5,21.5
3296.0,23.750952953850888,24.077344043701896,5.52437835728173,21.0,0,-3.0773440437018955,23.01158411187321,20.5,21.5
3297.0,23.729505761401747,24.122934025015738,5.522693886310579,21.0,0,-3.122934025015738,25.490633464431006,20.5,21.5
3298.0,23.74331685257196,24.109364543199145,5.521009017285297,21.0,0,-3.1093645431991455,23.702280088701375,20.5,21.5
3299.0,23.687720224487624,24.042764095222587,5.519323751488983,21.0,0,-3.042764095222587,22.04475065592584,20.5,21.5
3300.0,23.687085827087067,24.06740052689833,5.5176380902050415,21.0,0,-3.0674005268983286,24.806493477170573,20.5,21.5
3301.0,23.65751701598545,23.91650221665846,5.515952034717177,21.0,1,-2.9165022166584613,19.38955290946244,20.5,21.5
3302.0,23.728891772212616,23.68999423531154,5.514265586309393,21.0,1,-2.6899942353115414,16.894754794903942,20.5,21.5
3303.0,23.735441108612928,23.807093578350838,5.512578746265993,21.0,0,-2.8070935783508375,27.320073869529722,20.5,21.5
3304.0,23.72667300739911,23.834464197459212,5.510891515871581,21.0,0,-2.834464197459212,24.655582770710453,20.5,21.5
3305.0,23.726902532917293,23.814793457771785,5.509203896411055,21.0,0,-2.814793457771785,23.224671267148963,20.5,21.5
3306.0,23.708730181252466,23.889148567951732,5.507515889169611,21.0,0,-2.8891485679517324,26.11980187335016,20.5,21.5
3307.0,23.66838466072617,24.078274680606064,5.50582749543274,21.0,0,-3.0782746806060644,29.752058060236024,20.5,21.5
3308.0,23.596487226160438,24.018357622432855,5.504138716486228,21.0,0,-3.0183576224328554,22.220845877236588,20.5,21.5
3309.0,23.673605346017546,23.929654004588485,5.5024495536161515,21.0,0,-2.9296540045884853,21.268545469257383,20.5,21.5
3310.0,23.59390904774239,23.78233224540459,5.500760008108883,21.0,1,-2.7823322454045893,19.36267946988771,20.5,21.5
3311.0,23.623008900950957,23.727766142335575,5.499070081251085,21.0,0,-2.7277661423355752,22.090783050265152,20.5,21.5
3312.0,23.63417574994655,23.570905078455144,5.49737977432971,21.0,1,-2.5709050784551444,18.86507316204222,20.5,21.5
3313.0,23.614003812394266,23.515301692943236,5.495689088632,21.0,0,-2.515301692943236,21.84720012758599,20.5,21.5
3314.0,23.626667976615952,23.519886413498774,5.493998025445486,21.0,0,-2.5198864134987744,23.657428030164922,20.5,21.5
3315.0,23.67097125660428,23.607519455498586,5.492306586057986,21.0,0,-2.6075194554985863,26.236510715492944,20.5,21.5
3316.0,23.65449630733157,23.747900271116514,5.490614771757604,21.0,0,-2.7479002711165137,27.959324739654335,20.5,21.5
3317.0,23.588733176102608,23.880407150214136,5.488922583832734,21.0,0,-2.880407150214136,27.85561352314281,20.5,21.5
3318.0,23.590249038837925,23.97958023313832,5.487230023572046,21.0,0,-2.9795802331383214,26.95477272086388,20.5,21.5
3319.0,23.617214201584048,24.06138805993446,5.485537092264499,21.0,0,-3.0613880599344583,26.515622863818564,20.5,21.5
3320.0,23.57793008650444,24.22310560905215,5.483843791199336,21.0,0,-3.2231056090521513,29.07463208258294,20.5,21.5
3321.0,23.662967209568624,24.10581595270327,5.482150121666077,21.0,0,-3.1058159527032707,20.587126262236854,20.5,21.5
3322.0,23.69447998300384,23.98092801079021,5.480456084954528,21.0,1,-2.9809280107902083,20.234289753398336,20.5,21.5
3323.0,23.796492763056786,23.895697681954594,5.478761682354769,21.0,1,-2.8956976819545943,21.338787816886175,20.5,21.5
3324.0,23.83897038732732,23.857741457672596,5.477066915157162,21.0,0,-2.8577414576725957,22.719054729212637,20.5,21.5
3325.0,23.852192089839562,23.848442181789004,5.475371784652347,21.0,0,-2.8484421817890038,23.569463905281246,20.5,21.5
3326.0,23.834383573570037,23.74221325457108,5.473676292131238,21.0,0,-2.7422132545710802,20.555345438033374,20.5,21.5
3327.0,23.726364272411853,23.814386491644314,5.471980438885026,21.0,0,-2.8143864916443135,25.979583603841313,20.5,21.5
3328.0,23.725026596903746,23.90388398456137,5.47028422620518,21.0,0,-2.9038839845613715,26.58880877207311,20.5,21.5
3329.0,23.711604151303575,23.929178845788204,5.468587655383438,21.0,0,-2.929178845788204,24.688024682593184,20.5,21.5
3330.0,23.687610996353147,23.829005865151863,5.466890727711811,21.0,0,-2.8290058651518635,20.82381644606164,20.5,21.5
3331.0,23.744719612286243,23.88789604559038,5.465193444482585,21.0,0,-2.887896045590381,25.6546014587459,20.5,21.5
3332.0,23.70691760689193,23.923934204783222,5.463495806988314,21.0,0,-2.9239342047832224,25.00507898056847,20.5,21.5
3333.0,23.654300245920435,23.771480708796194,5.461797816521824,21.0,1,-2.7714807087961937,19.19787582918533,20.5,21.5
3334.0,23.63937578731783,23.785677987336037,5.460099474376209,21.0,0,-2.7856779873360367,24.211596343531326,20.5,21.5
3335.0,23.611924168747596,23.890126967035293,5.458400781844829,21.0,0,-2.890126967035293,27.023596358012988,20.5,21.5
3336.0,23.609520603348972,23.851152673424927,5.456701740221312,21.0,0,-2.8511526734249273,22.68192386511395,20.5,21.5
3337.0,23.594061707000787,23.892977893341335,5.455002350799552,21.0,0,-2.8929778933413353,25.147734490833574,20.5,21.5
3338.0,23.58538797861014,24.026165033558648,5.45330261487371,21.0,0,-3.026165033558648,28.021779240078033,20.5,21.5
3339.0,23.580708927482327,24.005422379312225,5.451602533738207,21.0,0,-3.0054223793122254,23.383142751919546,20.5,21.5
3340.0,23.545434655914782,23.9630635025852,5.449902108687731,21.0,0,-2.9630635025852,22.69229720077444,20.5,21.5
3341.0,23.57552850729875,23.994670686741497,5.448201341017226,21.0,0,-2.9946706867414967,24.942886211430395,20.5,21.5
3342.0,23.523796873033426,23.98392926480895,5.4465002320219025,21.0,0,-2.9839292648089497,23.66168660683254,20.5,21.5
3343.0,23.561034453580195,24.076690434203204,5.44479878299723,21.0,0,-3.076690434203204,26.85952551603084,20.5,21.5
3344.0,23.55652275419686,24.04163310609579,5.4430969952389345,21.0,0,-3.041633106095791,22.98991326287339,20.5,21.5
3345.0,23.52600549696933,24.029753937615865,5.441394870043003,21.0,0,-3.0297539376158653,23.6733788832181,20.5,21.5
3346.0,23.53402680843849,24.02733344394831,5.4396924087056755,21.0,0,-3.0273334439483115,23.954718633921697,20.5,21.5
3347.0,23.50821147172344,23.955726309045097,5.4379896125234515,21.0,0,-2.9557263090450974,21.807512261948673,20.5,21.5
3348.0,23.51436491801651,23.819553691808245,5.4362864827930855,21.0,1,-2.8195536918082453,19.734375174702684,20.5,21.5
3349.0,23.509855692052646,23.80350192227911,5.434583020811583,21.0,0,-2.8035019222791107,23.32194883640507,20.5,21.5
3350.0,23.51101826177538,23.691063031538313,5.432879227876206,21.0,1,-2.691063031538313,20.317896309314385,20.5,21.5
3351.0,23.557455985686122,23.684395922493017,5.431175105284466,21.0,0,-2.6843959224930174,23.484382651134148,20.5,21.5
3352.0,23.623206265342816,23.62532026819246,5.429470654334127,21.0,0,-2.6253202681924606,21.853050639175756,20.5,21.5
3353.0,23.680296224623277,23.713771108530977,5.4277658763232015,21.0,0,-2.7137711085309775,26.367296318686485,20.5,21.5
3354.0,23.678052855825197,23.740106920399086,5.4260607725499534,21.0,0,-2.7401069203990858,24.530181276442335,20.5,21.5
3355.0,23.61326044868896,23.692156587283147,5.424355344312892,21.0,0,-2.692156587283147,22.25364659380499,20.5,21.5
3356.0,23.653087205823255,23.688636703111044,5.422649592910778,21.0,0,-2.688636703111044,23.583040177947943,20.5,21.5
3357.0,23.634948930837428,23.84853393877006,5.420943519642612,21.0,0,-2.8485339387700606,28.64545100854056,20.5,21.5
3358.0,23.62365095807339,23.858200481825286,5.419237125807644,21.0,0,-2.8582004818252855,24.148196773482034,20.5,21.5
3359.0,23.59075009771592,23.81328304052864,5.417530412705367,21.0,0,-2.8132830405286384,22.465759801629225,20.5,21.5
3360.0,23.601172266371112,23.916912545774018,5.415823381635518,21.0,0,-2.916912545774018,27.025797703135403,20.5,21.5
3361.0,23.578602906821878,23.95911862492232,5.414116033898076,21.0,0,-2.9591186249223185,25.225300999371335,20.5,21.5
3362.0,23.523636378330057,23.857069812747042,5.412408370793259,21.0,0,-2.857069812747042,20.795605447488754,20.5,21.5
3363.0,23.505630944087535,23.81858262961928,5.410700393621528,21.0,0,-2.8185826296192786,22.663967135786372,20.5,21.5
3364.0,23.45459928054024,23.828386369517048,5.408992103683581,21.0,0,-2.828386369517048,24.122498566450133,20.5,21.5
3365.0,23.432877261854905,23.794642108574607,5.407283502280355,21.0,0,-2.7946421085746067,22.782314280301364,20.5,21.5
3366.0,23.467592732642142,23.792742711285314,5.405574590713025,21.0,0,-2.792742711285314,23.735760792606527,20.5,21.5
3367.0,23.434317644681975,23.743077284001355,5.403865370283002,21.0,0,-2.7430772840013553,22.2531144654826,20.5,21.5
3368.0,23.463478016104453,23.604991490153814,5.40215584229193,21.0,1,-2.6049914901538145,19.46241767472759,20.5,21.5
3369.0,23.433604670185385,23.671830615447373,5.40044600804169,21.0,0,-2.671830615447373,25.67700437425413,20.5,21.5
3370.0,23.392804381867503,23.624084197471838,5.398735868834395,21.0,0,-2.624084197471838,22.191691658205784,20.5,21.5
3371.0,23.44188785123761,23.601373781902822,5.39702542597239,21.0,0,-2.601373781902822,22.920061314832353,20.5,21.5
3372.0,23.368702142750855,23.61875909643785,5.3953146807582515,21.0,0,-2.6187590964378487,24.140318532488642,20.5,21.5
3373.0,23.3640497647642,23.779400313138346,5.393603634494789,21.0,0,-2.7794003131383462,28.598636814153274,20.5,21.5
3374.0,23.445735431121918,23.686178369597116,5.391892288485036,21.0,0,-2.6861783695971155,20.889520063360195,20.5,21.5
3375.0,23.464887243406178,23.866920946563624,5.390180644032256,21.0,0,-2.8669209465636243,29.289198255558887,20.5,21.5
3376.0,23.485470790882434,23.970051824414714,5.388468702439944,21.0,0,-2.970051824414714,27.063978159947407,20.5,21.5
3377.0,23.571011552706395,24.05759470771961,5.386756465011816,21.0,0,-3.057594707719609,26.68388120686646,20.5,21.5
3378.0,23.58323371342877,23.939703027295646,5.385043933051816,21.0,1,-2.9397030272956464,20.402952614576765,20.5,21.5
3379.0,23.493313157103795,24.040417395959892,5.38333110786411,21.0,0,-3.040417395959892,27.061848455887265,20.5,21.5
3380.0,23.489731583840022,23.900651528722165,5.38161799075309,21.0,1,-2.9006515287221646,19.707675511590338,20.5,21.5
3381.0,23.50011853776838,23.749312594439154,5.37990458302337,21.0,1,-2.7493125944391537,19.209144565948826,20.5,21.5
3382.0,23.552863583831087,23.799140491970583,5.378190885979782,21.0,0,-2.799140491970583,25.29397741791346,20.5,21.5
3383.0,23.52840785966345,23.86933690404204,5.3764769009273845,21.0,0,-2.86933690404204,25.975229266185753,20.5,21.5
3384.0,23.51636231504555,23.801142044691915,5.37476262917145,21.0,0,-2.8011420446919146,21.755296264188154,20.5,21.5
3385.0,23.460488027117222,23.81276586853968,5.373048072017469,21.0,0,-2.8127658685396817,24.161480583972693,20.5,21.5
3386.0,23.472770958165587,23.817585842155705,5.371333230771154,21.0,0,-2.8175858421557045,23.96218505063639,20.5,21.5
3387.0,23.416706537977607,23.724674426773465,5.369618106738431,21.0,0,-2.724674426773465,20.937331965306274,20.5,21.5
3388.0,23.39941418922606,23.6538000724646,5.367902701225439,21.0,0,-2.6538000724645983,21.5275694431986,20.5,21.5
3389.0,23.41420649300411,23.63284996421029,5.366187015538539,21.0,0,-2.6328499642102905,23.004346716581058,20.5,21.5
3390.0,23.49789300593507,23.626555463443253,5.364471050984296,21.0,0,-2.6265554634432533,23.437720440432138,20.5,21.5
3391.0,23.44180596075663,23.725691290158416,5.362754808869492,21.0,0,-2.725691290158416,26.69976609161329,20.5,21.5
3392.0,23.435240878542785,23.895850542542682,5.36103829050112,21.0,0,-2.895850542542682,29.000628114070672,20.5,21.5
3393.0,23.348283543878555,23.978803850276783,5.359321497186385,21.0,0,-2.9788038502767833,26.467403082299818,20.5,21.5
3394.0,23.347675082548577,23.902421023184033,5.3576044302326995,21.0,0,-2.902421023184033,21.61093621040152,20.5,21.5
3395.0,23.39569626502853,23.947756945613346,5.355887090947684,21.0,0,-2.947756945613346,25.307834618492738,20.5,21.5
3396.0,23.44442266892924,23.95551731790648,5.354169480639166,21.0,0,-2.95551731790648,24.18832848670051,20.5,21.5
3397.0,23.413606190516123,23.749616517469605,5.352451600615184,21.0,1,-2.7496165174696046,17.572592504363335,20.5,21.5
3398.0,23.364902163779288,23.696899609198994,5.350733452183974,21.0,0,-2.6968996091989936,22.115392361080666,20.5,21.5
3399.0,23.389152555396997,23.79702672216083,5.3490150366539835,21.0,0,-2.7970267221608296,26.80084011101591,20.5,21.5
3400.0,23.37720655016356,23.82217989033846,5.347296355333861,21.0,0,-2.822179890338461,24.5767749356674,20.5,21.5
3401.0,23.347268017262355,23.659079515365523,5.3455774095324555,21.0,1,-2.659079515365523,18.76606826617738,20.5,21.5
3402.0,23.34633770629013,23.553216226217184,5.343858200558819,21.0,1,-2.5532162262171845,20.37731755176703,20.5,21.5
3403.0,23.276178697837437,23.530598597044154,5.342138729722206,21.0,0,-2.530598597044154,22.85206972185324,20.5,21.5
3404.0,23.290976080352728,23.541728163158155,5.340418998332066,21.0,0,-2.5417281631581545,23.87561514657817,20.5,21.5
3405.0,23.275594634049146,23.44057063203674,5.3386990076980485,21.0,1,-2.4405706320367386,20.40584469839426,20.5,21.5
3406.0,23.365037298991957,23.497885656284694,5.336978759130005,21.0,0,-2.4978856562846943,25.217336383723364,20.5,21.5
3407.0,23.28770203992064,23.593670510137308,5.335258253937978,21.0,0,-2.593670510137308,26.467216125715716,20.5,21.5
3408.0,23.260528732019804,23.59165465493132,5.333537493432204,21.0,0,-2.5916546549313217,23.531178998751738,20.5,21.5
3409.0,23.258234064402515,23.687740506025534,5.3318164789231215,21.0,0,-2.687740506025534,26.570316038851907,20.5,21.5
3410.0,23.183166034793274,23.82646161101022,5.330095211721355,21.0,0,-2.8264616110102203,27.988094760550805,20.5,21.5
3411.0,23.048027238432947,23.836120250820198,5.328373693137727,21.0,0,-2.8361202508201977,24.12587944511952,20.5,21.5
3412.0,23.027562296667877,23.75282029362183,5.326651924483245,21.0,0,-2.7528202936218307,21.25382157767082,20.5,21.5
3413.0,23.071823280813483,23.670905422062752,5.324929907069113,21.0,0,-2.670905422062752,21.213459275290397,20.5,21.5
3414.0,23.15510094045815,23.458379498496846,5.3232076422067225,21.0,1,-2.4583794984968463,17.08260179151967,20.5,21.5
3415.0,23.208940127368578,23.322281155900345,5.321485131207652,21.0,1,-2.3222811559003453,19.239330878005315,20.5,21.5
3416.0,23.209968911693487,23.353449553151613,5.31976237538367,21.0,0,-2.353449553151613,24.28850147068964,20.5,21.5
3417.0,23.18752718540676,23.505137097669433,5.3180393760467295,21.0,0,-2.505137097669433,28.055763433204035,20.5,21.5
3418.0,23.132914756222565,23.53463548856026,5.316316134508967,21.0,0,-2.5346354885602587,24.41958721528503,20.5,21.5
3419.0,23.088294133059815,23.472774315831607,5.314592652082709,21.0,0,-2.4727743158316073,21.616939133972068,20.5,21.5
3420.0,23.07753644304965,23.413502829324624,5.312868930080462,21.0,0,-2.4135028293246243,21.635358234115134,20.5,21.5
3421.0,23.08853647177244,23.265397818382343,5.311144969814913,21.0,1,-2.2653978183823433,18.822247490113913,20.5,21.5
3422.0,23.145979817810325,23.185392891107536,5.309420772598937,21.0,1,-2.1853928911075364,20.78524507286333,20.5,21.5
3423.0,23.190068666828104,23.105445189595997,5.307696339745581,21.0,1,-2.105445189595997,20.70701414424982,20.5,21.5
3424.0,23.27778035983373,23.1385890758896,5.305971672568077,21.0,0,-2.1385890758895982,24.13290566469763,20.5,21.5
3425.0,23.262791905300247,23.11562273359922,5.304246772379833,21.0,0,-2.1156227335992206,22.42663246488789,20.5,21.5
3426.0,23.207942819370633,23.26628619647564,5.302521640494438,21.0,0,-2.2662861964756402,27.78619008276823,20.5,21.5
3427.0,23.240674609561847,23.1578166950491,5.300796278225654,21.0,1,-2.1578166950490996,19.90373165225288,20.5,21.5
3428.0,23.231852881718368,23.268343388820256,5.299070686887419,21.0,0,-2.2683433888202558,26.584144201954942,20.5,21.5
3429.0,23.265819821482996,23.554143910008765,5.297344867793846,21.0,0,-2.554143910008765,32.12815954566405,20.5,21.5
3430.0,23.26638380481431,23.67604751171932,5.295618822259222,21.0,0,-2.6760475117193216,27.33315556303602,20.5,21.5
3431.0,23.2056899915962,23.628593240414567,5.293892551598003,21.0,0,-2.628593240414567,22.204965101271924,20.5,21.5
3432.0,23.215036811213356,23.66703777269288,5.292166057124823,21.0,0,-2.667037772692879,24.820373741042246,20.5,21.5
3433.0,23.222756600295007,23.620661294275678,5.290439340154482,21.0,0,-2.6206612942756777,22.229366941759636,20.5,21.5
3434.0,23.201978184065993,23.541895806840714,5.288712402001948,21.0,0,-2.5418958068407136,21.17893118379179,20.5,21.5
3435.0,23.252463613624506,23.4309614339332,5.286985243982358,21.0,1,-2.4309614339331986,20.10293024670775,20.5,21.5
3436.0,23.268245374340857,23.393770287348463,5.2852578674110235,21.0,0,-2.393770287348463,22.2780358898064,20.5,21.5
3437.0,23.280408300348306,23.506411068251616,5.2835302736034135,21.0,0,-2.506411068251616,26.885634495346196,20.5,21.5
3438.0,23.25184420972461,23.600900468498196,5.281802463875165,21.0,0,-2.600900468498196,26.4355824758956,20.5,21.5
3439.0,23.141658896010586,23.460227977616377,5.2800744395420836,21.0,1,-2.460227977616377,19.240053251161804,20.5,21.5
3440.0,23.133711986684595,23.532135456442347,5.278346201920131,21.0,0,-2.5321354564423473,25.68935982122146,20.5,21.5
3441.0,23.125665277775532,23.57468266015853,5.276617752325437,21.0,0,-2.5746826601585298,24.851098771644004,20.5,21.5
3442.0,23.096345615422674,23.52849694546683,5.274889092074293,21.0,0,-2.5284969454668307,22.14292550471586,20.5,21.5
3443.0,23.088561930723937,23.46663742436443,5.273160222483147,21.0,0,-2.4666374243644285,21.61085179129236,20.5,21.5
3444.0,23.053271688540164,23.457288788565787,5.27143114486861,21.0,0,-2.457288788565787,23.176829714606544,20.5,21.5
3445.0,23.07094554528006,23.414788830510314,5.269701860547446,21.0,0,-2.4147888305103145,22.139790088846137,20.5,21.5
3446.0,23.011573968796377,23.33585963212643,5.267972370836585,21.0,0,-2.3358596321264287,20.967983680609855,20.5,21.5
3447.0,23.024874720454335,23.371333094777423,5.266242677053105,21.0,0,-2.371333094777423,24.435536974307258,20.5,21.5
3448.0,22.99648026386438,23.31851638191191,5.264512780514244,21.0,0,-2.318516381911909,21.734014995946485,20.5,21.5
3449.0,23.029451178028584,23.350107863016337,5.262782682537396,21.0,0,-2.350107863016337,24.297852296149177,20.5,21.5
3450.0,23.004266238877825,23.430970603922663,5.261052384440104,21.0,0,-2.4309706039226633,25.85685283111245,20.5,21.5
3451.0,23.027244320526968,23.367479670343585,5.259321887540064,21.0,0,-2.3674796703435845,21.462751662971222,20.5,21.5
3452.0,23.02137940606935,23.191124539773522,5.257591193155125,21.0,1,-2.191124539773522,17.90047062267165,20.5,21.5
3453.0,23.03384887920268,23.154952394471984,5.255860302603288,21.0,0,-2.1549523944719837,22.06978803542583,20.5,21.5
3454.0,23.043998942404492,23.157871606823072,5.2541292172027,21.0,0,-2.157871606823072,23.245447977355717,20.5,21.5
3455.0,23.01352648727177,23.06911678694667,5.25239793827166,21.0,1,-2.069116786946669,20.40647219065458,20.5,21.5
3456.0,22.92005577576385,23.025943848854794,5.250666467128609,21.0,0,-2.0259438488547943,21.730755706098556,20.5,21.5
3457.0,22.97967883573422,23.077442891633115,5.248934805092139,21.0,0,-2.0774428916331154,24.622414174982747,20.5,21.5
3458.0,22.93206838763921,23.166754174883852,5.247202953480985,21.0,0,-2.1667541748838524,25.846092672405963,20.5,21.5
3459.0,22.89934176997245,23.115832491427387,5.24547091361403,21.0,0,-2.115832491427387,21.588181987733424,20.5,21.5
3460.0,22.921701436576452,23.236312392868403,5.243738686810295,21.0,0,-2.2363123928684026,26.85070943609887,20.5,21.5
3461.0,22.925878295353243,23.298974379852716,5.242006274388948,21.0,0,-2.298974379852716,25.178833989382113,20.5,21.5
3462.0,22.881097867684332,23.266112247035867,5.240273677669294,21.0,0,-2.266112247035867,22.280248262530403,20.5,21.5
3463.0,22.86081521059089,23.291839886836488,5.2385408979707835,21.0,0,-2.291839886836488,24.063669080855124,20.5,21.5
3464.0,22.813900479319184,23.305799380768203,5.236807936613001,21.0,0,-2.305799380768203,23.72458419871965,20.5,21.5
3465.0,22.8988498450094,23.2456608420618,5.2350747949156755,21.0,0,-2.245660842061799,21.441504680869674,20.5,21.5
3466.0,22.936542731340843,23.197324027322068,5.233341474198667,21.0,0,-2.197324027322068,21.747219585130146,20.5,21.5
3467.0,23.012534449992366,23.37789157115602,5.231607975781975,21.0,0,-2.3778915711560202,28.79491788617458,20.5,21.5
3468.0,23.013538665598777,23.35462456772971,5.229874300985733,21.0,0,-2.3546245677297115,22.65661446494045,20.5,21.5
3469.0,22.90445545517119,23.25693594836654,5.228140451130212,21.0,1,-2.2569359483665394,20.326277367471377,20.5,21.5
3470.0,22.747846023982287,23.086335534299394,5.226406427535814,21.0,1,-2.086335534299394,17.968323112285034,20.5,21.5
3471.0,22.815000094186576,23.073990040370525,5.224672231523071,21.0,0,-2.073990040370525,22.70362522250445,20.5,21.5
3472.0,22.859876596434848,23.044597364005188,5.222937864412652,21.0,0,-2.044597364005188,22.162817073045087,20.5,21.5
3473.0,22.889493127998765,23.065402849399696,5.22120332752535,21.0,0,-2.065402849399696,23.689567411234933,20.5,21.5
3474.0,22.828519822425086,23.137457489625284,5.219468622182091,21.0,0,-2.137457489625284,25.299096696392915,20.5,21.5
3475.0,22.837177526534397,23.227015190641843,5.217733749703929,21.0,0,-2.2270151906418434,25.91374622113863,20.5,21.5
3476.0,22.83400661091557,23.40484818405124,5.215998711412046,21.0,0,-2.4048481840512395,28.73983798633312,20.5,21.5
3477.0,22.814686525716798,23.235107720921004,5.214263508627749,21.0,1,-2.235107720921004,18.14289382701394,20.5,21.5
3478.0,22.870429318121513,23.08701878823679,5.212528142672467,21.0,1,-2.08701878823679,18.644350807710374,20.5,21.5
3479.0,22.83695589671614,23.068551203143233,5.21079261486776,21.0,0,-2.068551203143233,22.514523650336525,20.5,21.5
3480.0,22.83015863806223,23.162635046371083,5.2090569265353075,21.0,0,-2.162635046371083,25.985150343206573,20.5,21.5
3481.0,22.83443829297639,22.88776361599502,5.207321078996911,21.0,1,-1.88776361599502,14.641620704713134,20.5,21.5
3482.0,22.870284293792793,22.91198058349274,5.205585073574493,21.0,0,-1.9119805834927384,23.63848960842429,20.5,21.5
3483.0,22.963616925522352,22.869685751539198,5.203848911590101,21.0,0,-1.8696857515391976,21.600840792932974,20.5,21.5
3484.0,22.921715491633783,22.789209781479354,5.202112594365893,21.0,1,-1.7892097814793537,20.374930679684038,20.5,21.5
3485.0,22.945253355375872,22.623482701227015,5.200376123224153,21.0,1,-1.6234827012270152,17.65167029365686,20.5,21.5
3486.0,22.90901049018377,22.803864379178176,5.198639499487278,21.0,0,-1.8038643791781759,28.215314717712996,20.5,21.5
3487.0,22.98690971792808,22.89474608810478,5.196902724477783,21.0,0,-1.8947460881047817,25.621197355902957,20.5,21.5
3488.0,22.985637591950876,22.872361959959896,5.1951657995183,21.0,0,-1.8723619599598962,22.20083811561333,20.5,21.5
3489.0,22.942410674412844,22.885970344922498,5.193428725931569,21.0,0,-1.885970344922498,23.294221893800554,20.5,21.5
3490.0,22.981438536850643,23.059977190377573,5.191691505040449,21.0,0,-2.059977190377573,28.280182554029828,20.5,21.5
3491.0,22.9535795604404,23.175248273073286,5.189954138167908,21.0,0,-2.1752482730732865,26.633380753944685,20.5,21.5
3492.0,22.937921245619556,23.225162226014824,5.188216626637029,21.0,0,-2.225162226014824,24.722580814260944,20.5,21.5
3493.0,22.91247061783168,23.45485381547911,5.186478971771001,21.0,0,-2.4548538154791117,30.34560149940775,20.5,21.5
3494.0,22.968121218655998,23.591833871641704,5.184741174893124,21.0,0,-2.591833871641704,27.70123555651947,20.5,21.5
3495.0,22.933970873256836,23.565626526046238,5.183003237326806,21.0,0,-2.5656265260462376,22.779406158182248,20.5,21.5
3496.0,22.9193390170637,23.57251347057451,5.181265160395561,21.0,0,-2.57251347057451,23.779121806422676,20.5,21.5
3497.0,22.90862186060612,23.471536274101446,5.179526945423011,21.0,1,-2.471536274101446,20.44222037990953,20.5,21.5
3498.0,22.889919003689887,23.444683540292896,5.177788593732883,21.0,0,-2.444683540292896,22.639101526036402,20.5,21.5
3499.0,22.9655461180166,23.379394071700226,5.176050106649008,21.0,0,-2.3793940717002258,21.420710013920115,20.5,21.5
3500.0,22.943241365866196,23.3593912503939,5.174311485495317,21.0,0,-2.3593912503939016,22.759306611204178,20.5,21.5
3501.0,22.92521380239493,23.23028291082885,5.172572731595847,21.0,1,-2.2302829108288513,19.357032723877342,20.5,21.5
3502.0,22.969828883225752,23.487487390837394,5.170833846274736,21.0,0,-2.4874873908373942,31.20362179109368,20.5,21.5
3503.0,22.982110040494632,23.450163724839477,5.169094830856218,21.0,0,-2.450163724839477,22.330453744901966,20.5,21.5
3504.0,23.01686900707265,23.508868525691835,5.167355686664631,21.0,0,-2.5088685256918346,25.270012551262557,20.5,21.5
3505.0,22.97237187587375,23.514362957947117,5.1656164150244095,21.0,0,-2.5143629579471174,23.6791959256056,20.5,21.5
3506.0,22.974966784225906,23.543779535889882,5.1638770172600825,21.0,0,-2.5437795358898825,24.426276874172835,20.5,21.5
3507.0,22.972613258608824,23.18499973594927,5.162137494696277,21.0,1,-2.184999735949269,12.421605737730864,20.5,21.5
3508.0,22.92288000988691,23.152947392956513,5.160397848657718,21.0,0,-2.152947392956513,22.191377103173828,20.5,21.5
3509.0,22.95435069764581,23.12635028039467,5.158658080469219,21.0,0,-2.1263502803946714,22.32843690353943,20.5,21.5
3510.0,22.93361420873062,23.06144603887243,5.156918191455691,21.0,0,-2.061446038872429,21.114318793205154,20.5,21.5
3511.0,22.981951114703453,23.11340629654383,5.155178182942132,21.0,0,-2.113406296543829,24.67221402668583,20.5,21.5
3512.0,23.047824932763945,23.105759927518363,5.153438056253638,21.0,0,-2.1057599275183634,22.876368856754397,20.5,21.5
3513.0,23.1484360732391,23.0951948502667,5.151697812715389,21.0,0,-2.095194850266701,22.778242532716824,20.5,21.5
3514.0,23.18730082434744,23.0896182747721,5.149957453652656,21.0,0,-2.0896182747721,22.922321009934073,20.5,21.5
3515.0,23.236099411285394,23.23240236164994,5.1482169803907984,21.0,0,-2.232402361649939,27.515924967985107,20.5,21.5
3516.0,23.320437664055714,23.294089619769263,5.146476394255265,21.0,0,-2.294089619769263,25.14470736334899,20.5,21.5
3517.0,23.30184593383026,23.490087659670348,5.1447356965715825,21.0,0,-2.4900876596703476,29.370028856702884,20.5,21.5
3518.0,23.37988683338033,23.488518938231426,5.142994888665372,21.0,0,-2.488518938231426,23.441457295063774,20.5,21.5
3519.0,23.38346842152653,23.576718474438636,5.141253971862334,21.0,0,-2.5767184744386356,26.222704560654925,20.5,21.5
3520.0,23.3567841854129,23.58108986855159,5.13951294748825,21.0,0,-2.58108986855159,23.71223169194023,20.5,21.5
3521.0,23.34249569895153,23.579461562005953,5.13777181686899,21.0,0,-2.579461562005953,23.53061236563684,20.5,21.5
3522.0,23.350844893853317,23.620149973595208,5.136030581330497,21.0,0,-2.6201499735952076,24.840802321272843,20.5,21.5
3523.0,23.337665411522977,23.74999709916755,5.134289242198799,21.0,0,-2.749997099167551,27.645410866337855,20.5,21.5
3524.0,23.326847842461625,23.78250918034826,5.1325478008,21.0,0,-2.78250918034826,24.757871615769528,20.5,21.5
3525.0,23.314868516054403,23.749654255706652,5.130806258460286,21.0,0,-2.749654255706652,22.76400651645841,20.5,21.5
3526.0,23.3326981617031,23.780641289955728,5.129064616505916,21.0,0,-2.780641289955728,24.71025231742801,20.5,21.5
3527.0,23.193371441443908,23.636926382608554,5.127322876263226,21.0,1,-2.6369263826085536,19.32547916219332,20.5,21.5
3528.0,23.20512687723197,23.405694649611018,5.125581039058627,21.0,1,-2.405694649611018,16.468742659684946,20.5,21.5
3529.0,23.207696958722327,23.359920748183406,5.123839106218604,21.0,0,-2.3599207481834057,21.98670370535504,20.5,21.5
3530.0,23.251190098548133,23.44689348984399,5.122097079069714,21.0,0,-2.4468934898439905,26.056075739661534,20.5,21.5
3531.0,23.319880889691607,23.36589980106264,5.120354958938587,21.0,0,-2.365899801062639,20.936089137622098,20.5,21.5
3532.0,23.222218324483688,23.463811514472457,5.118612747151924,21.0,0,-2.4638115144724573,26.401162916767003,20.5,21.5
3533.0,23.20366729113938,23.65424303550984,5.116870445036493,21.0,0,-2.6542430355098396,29.36718866663131,20.5,21.5
3534.0,23.22995563524488,23.64249513898672,5.115128053919134,21.0,0,-2.642495138986721,23.290058243293164,20.5,21.5
3535.0,23.175247816790016,23.519119243422843,5.113385575126755,21.0,1,-2.5191192434228427,19.81784237650649,20.5,21.5
3536.0,23.205402736800746,23.5064118745063,5.111643009986328,21.0,0,-2.5064118745062984,23.12519080700997,20.5,21.5
3537.0,23.22125320718659,23.5602704184764,5.109900359824891,21.0,0,-2.5602704184763994,25.176026737579427,20.5,21.5
3538.0,23.182871184689667,23.525341550633687,5.108157625969551,21.0,0,-2.525341550633687,22.47747551535232,20.5,21.5
3539.0,23.284582173801983,23.520546640460772,5.1064148097474735,21.0,0,-2.520546640460772,23.376699335273315,20.5,21.5
3540.0,23.32992650833167,23.56341343255328,5.1046719124858875,21.0,0,-2.563413432553279,24.849417195328495,20.5,21.5
3541.0,23.27475494908816,23.670993672425787,5.102928935512089,21.0,0,-2.6709936724257872,26.89840086860103,20.5,21.5
3542.0,23.12559623396814,23.622245829403184,5.101185880153427,21.0,0,-2.622245829403184,22.159810538725083,20.5,21.5
3543.0,23.187350351073587,23.67291481223874,5.099442747737316,21.0,0,-2.6729148122387407,25.192984297305447,20.5,21.5
3544.0,23.317085123920304,23.574238224760734,5.097699539591227,21.0,0,-2.574238224760734,20.613940600420527,20.5,21.5
3545.0,23.360725449133053,23.566961233432316,5.095956257042689,21.0,0,-2.566961233432316,23.348651493579787,20.5,21.5
3546.0,23.422547575122472,23.563070814050587,5.094212901419285,21.0,0,-2.5630708140505867,23.4463582325987,20.5,21.5
3547.0,23.364363303057576,23.573637368286253,5.092469474048659,21.0,0,-2.573637368286253,23.890633995356236,20.5,21.5
3548.0,23.339012942882324,23.573574508476565,5.090725976258508,21.0,0,-2.5735745084765647,23.57168871418592,20.5,21.5
3549.0,23.357149353487117,23.70569518998679,5.0889824093765785,21.0,0,-2.705695189986791,27.669315635293586,20.5,21.5
3550.0,23.444414110198476,23.723316089376556,5.087238774730672,21.0,0,-2.7233160893765564,24.251943071069515,20.5,21.5
3551.0,23.411443987903656,23.634405685266763,5.085495073648644,21.0,0,-2.6344056852667634,20.967093561972973,20.5,21.5
3552.0,23.44488754939675,23.554079482547742,5.0837513074583995,21.0,0,-2.554079482547742,21.144293400977098,20.5,21.5
3553.0,23.487959172598682,23.69145937542215,5.08200747748789,21.0,0,-2.6914593754221485,27.812856161654345,20.5,21.5
3554.0,23.42098786766939,23.787483114583928,5.08026358506512,21.0,0,-2.787483114583928,26.668195289437314,20.5,21.5
3555.0,23.37353801055568,23.791556901107853,5.078519631518138,21.0,0,-2.791556901107853,23.913770496825606,20.5,21.5
3556.0,23.39631016636245,23.800248593694622,5.07677561817504,21.0,0,-2.800248593694622,24.060999371297694,20.5,21.5
3557.0,23.296069093655852,23.82644593053003,5.075031546363969,21.0,0,-2.8264459305300313,24.612366035592306,20.5,21.5
3558.0,23.33522024142019,23.56867581378349,5.073287417413113,21.0,1,-2.5686758137834893,15.835572311387228,20.5,21.5
3559.0,23.31985432866465,23.4512354823606,5.071543232650699,21.0,1,-2.4512354823606017,19.928025539673975,20.5,21.5
3560.0,23.30555412758335,23.41976401376432,5.069798993405002,21.0,0,-2.4197640137643184,22.475619955875818,20.5,21.5
3561.0,23.230376594308414,23.283510043284295,5.0680547010043355,21.0,1,-2.283510043284295,19.195890928883593,20.5,21.5
3562.0,23.266202963591642,23.39413158360771,5.066310356777053,21.0,0,-2.3941315836077095,26.712777793310146,20.5,21.5
3563.0,23.25634261409441,23.443853152571467,5.064565962051549,21.0,0,-2.4438531525714673,24.9355002214842,20.5,21.5
3564.0,23.24321378026946,23.338288742578907,5.062821518156256,21.0,1,-2.338288742578907,20.171356442802104,20.5,21.5
3565.0,23.175273042271165,23.315046641673565,5.061077026419646,21.0,0,-2.3150466416735647,22.61778361451329,20.5,21.5
3566.0,23.128224189054368,23.39080656150917,5.059332488170222,21.0,0,-2.3908065615091694,25.66360415657731,20.5,21.5
3567.0,23.109382606478434,23.2304683854415,5.057587904736527,21.0,1,-2.230468385441501,18.42032310341145,20.5,21.5
3568.0,23.089243401608382,23.327028543317063,5.0558432774471385,21.0,0,-2.3270285433170628,26.223833279583914,20.5,21.5
3569.0,23.11571325395492,23.373453411741174,5.054098607630663,21.0,0,-2.373453411741174,24.766199464464513,20.5,21.5
3570.0,23.023781863255582,23.47984490410842,5.052353896615746,21.0,0,-2.4798449041084183,26.671589675125745,20.5,21.5
3571.0,23.002898638178674,23.541610363213877,5.05060914573106,21.0,0,-2.541610363213877,25.394574136377642,20.5,21.5
3572.0,23.011880042439795,23.56798116991372,5.048864356305307,21.0,0,-2.5679811699137183,24.359105370908953,20.5,21.5
3573.0,23.01938156362727,23.464614972018516,5.047119529667221,21.0,1,-2.4646149720185164,20.36362903516246,20.5,21.5
3574.0,23.032718888432527,23.48959273126804,5.045374667145563,21.0,0,-2.48959273126804,24.238925508753745,20.5,21.5
3575.0,23.033590272022515,23.372281557487213,5.043629770069122,21.0,1,-2.372281557487213,19.852946344062403,20.5,21.5
3576.0,23.017207055128573,23.27296071735772,5.041884839766714,21.0,1,-2.2729607173577193,20.29333551347291,20.5,21.5
3577.0,23.01414650439775,23.198718776095596,5.040139877567179,21.0,1,-2.198718776095596,20.971460538231902,20.5,21.5
3578.0,23.062125407200313,23.228653762912586,5.03839488479938,21.0,0,-2.228653762912586,24.12670336742228,20.5,21.5
3579.0,23.080593137012567,23.205493574196428,5.036649862792205,21.0,0,-2.205493574196428,22.510687912711685,20.5,21.5
3580.0,23.06520188550279,23.306076541029192,5.034904812874567,21.0,0,-2.306076541029192,26.32356554601212,20.5,21.5
3581.0,23.076852722069393,23.303864082276764,5.033159736375395,21.0,0,-2.303864082276764,23.23749031970392,20.5,21.5
3582.0,23.069215083768352,23.460434621549958,5.031414634623642,21.0,0,-2.4604346215499575,28.157550799745763,20.5,21.5
3583.0,22.99860054627149,23.42613737928178,5.029669508948277,21.0,0,-2.42613737928178,22.397220111236454,20.5,21.5
3584.0,23.052019104623948,23.480850340163112,5.02792436067829,21.0,0,-2.480850340163112,25.122239166603077,20.5,21.5
3585.0,23.0109248890385,23.34223710146106,5.026179191142689,21.0,1,-2.342237101461059,19.183839940399466,20.5,21.5
3586.0,22.947595446114864,23.35352820193031,5.024434001670494,21.0,0,-2.3535282019303096,23.69226121600783,20.5,21.5
3587.0,22.915007876775345,23.362040837869518,5.022688793590746,21.0,0,-2.362040837869518,23.617419916045773,20.5,21.5
3588.0,22.95714355178659,23.255982640747426,5.020943568232492,21.0,1,-2.255982640747426,20.074236727084667,20.5,21.5
3589.0,22.944627122683436,23.306606219238667,5.0191983269248,21.0,0,-2.3066062192386667,24.825313573975883,20.5,21.5
3590.0,22.961999524286348,23.379099912823232,5.017453070996748,21.0,0,-2.379099912823232,25.553910720360197,20.5,21.5
3591.0,23.015750559500024,23.422530462987005,5.015707801777423,21.0,0,-2.4225304629870053,24.725446967900197,20.5,21.5
3592.0,23.07021988971238,23.47391134399068,5.013962520595922,21.0,0,-2.473911343990679,25.015337774100885,20.5,21.5
3593.0,23.148002476664747,23.70687149503443,5.012217228781357,21.0,0,-2.706871495034431,30.69567602634699,20.5,21.5
3594.0,23.164701798623316,23.61504875681357,5.01047192766284,21.0,0,-2.6150487568135716,20.860366610187796,20.5,21.5
3595.0,23.128907552815516,23.743058219579076,5.008726618569494,21.0,0,-2.7430582195790763,27.583342102544215,20.5,21.5
3596.0,23.121049741887305,23.90460994499456,5.0069813028304475,21.0,0,-2.9046099449945615,28.75116170745912,20.5,21.5
3597.0,23.113451636628817,23.849935155393336,5.0052359817748355,21.0,0,-2.849935155393336,22.209691467356567,20.5,21.5
3598.0,23.171656664370676,23.70292254827661,5.003490656731797,21.0,1,-2.702922548276611,19.29254433477486,20.5,21.5
3599.0,23.120062183293363,23.767654905786486,5.00174532903047,21.0,0,-2.767654905786486,25.709625631082744,20.5,21.5
