t,T_true,T_meas,T_out,setpoint,heater,error,T_pred,lower,upper
0.0,18.0,18.226442669706422,5.0,21.0,1,2.7735573302935776,18.226442669706422,20.5,21.5
1.0,18.0174,18.291318776766474,5.00174532903047,21.0,1,2.7086812232335262,18.940079847366988,20.5,21.5
2.0,18.034796869065804,18.3442850602834,5.003490656731796,21.0,1,2.6557149397165993,18.87394789545267,20.5,21.5
3.0,18.052190607823338,18.3733590581889,5.005235981774836,21.0,1,2.6266409418111003,18.66409903724389,20.5,21.5
4.0,18.06958121689813,18.35970792528439,5.0069813028304475,21.0,1,2.6402920747156102,18.22319659623929,20.5,21.5
5.0,18.086968696915317,18.33077591446541,5.008726618569493,21.0,1,2.669224085534591,18.041455806275604,20.5,21.5
6.0,18.104353048499647,18.31356396039307,5.010471927662839,21.0,1,2.6864360396069316,18.14144441966966,20.5,21.5
7.0,18.12173427227548,18.313320134338838,5.012217228781357,21.0,1,2.686679865661162,18.310881873796532,20.5,21.5
8.0,18.13911236886678,18.282627621179444,5.013962520595923,21.0,1,2.7173723788205564,17.9757024895855,20.5,21.5
9.0,18.156487338897126,18.326415175287956,5.015707801777423,21.0,1,2.6735848247120444,18.764290716373075,20.5,21.5
10.0,18.173859182989702,18.437947346425936,5.017453070996748,21.0,1,2.5620526535740638,19.553269057805743,20.5,21.5
11.0,18.191227901767302,18.527238175817036,5.0191983269248,21.0,1,2.472761824182964,19.420146469728035,20.5,21.5
12.0,18.208593495852334,18.533318059853674,5.020943568232491,21.0,1,2.4666819401463265,18.594116900220047,20.5,21.5
13.0,18.22595596586681,18.62004678068423,5.022688793590745,21.0,1,2.3799532193157695,19.4873339889898,20.5,21.5
14.0,18.243315312432355,18.624106182842084,5.024434001670494,21.0,1,2.375893817157916,18.66470020442062,20.5,21.5
15.0,18.260671536170204,18.55914250799622,5.026179191142689,21.0,1,2.4408574920037793,17.909505759537588,20.5,21.5
16.0,18.278024637701197,18.44454782798499,5.02792436067829,21.0,1,2.555452172015009,17.298601027872692,20.5,21.5
17.0,18.29537461764579,18.47431837085528,5.029669508948277,21.0,1,2.525681629144721,18.772023799558163,20.5,21.5
18.0,18.312721476624052,18.51917669758832,5.0314146346236415,21.0,1,2.480823302411679,18.96775996491874,20.5,21.5
19.0,18.33006521525565,18.524661248595883,5.033159736375395,21.0,1,2.4753387514041165,18.579506758671506,20.5,21.5
20.0,18.347405834159876,18.540753383336646,5.034904812874567,21.0,1,2.4592466166633535,18.701674730744276,20.5,21.5
21.0,18.36474333395562,18.638719865061763,5.036649862792205,21.0,1,2.3612801349382373,19.618384682312925,20.5,21.5
22.0,18.382077715261385,18.623922877780608,5.038394884799379,21.0,1,2.3760771222193924,18.475953004969057,20.5,21.5
23.0,18.39940897869529,18.54176527203031,5.040139877567178,21.0,1,2.458234727969689,17.720189214527345,20.5,21.5
24.0,18.416737124875066,18.662356908890718,5.0418848397667135,21.0,1,2.337643091109282,19.86827327749479,20.5,21.5
25.0,18.434062154418044,18.73145649534542,5.043629770069122,21.0,1,2.2685435046545805,19.422452359892432,20.5,21.5
26.0,18.451384067941174,18.756174540045297,5.045374667145563,21.0,1,2.243825459954703,19.003354987044073,20.5,21.5
27.0,18.468702866061015,18.77979945989491,5.047119529667221,21.0,1,2.2202005401050897,19.016048658391043,20.5,21.5
28.0,18.486018549393737,18.791663610655817,5.048864356305306,21.0,1,2.2083363893441827,18.910305118264887,20.5,21.5
29.0,18.50333111855512,18.726038284823613,5.050609145731059,21.0,1,2.2739617151763873,18.069785026501567,20.5,21.5
30.0,18.520640574160556,18.720326293405332,5.052353896615746,21.0,1,2.279673706594668,18.663206379222526,20.5,21.5
31.0,18.537946916825046,18.72384866509961,5.054098607630664,21.0,1,2.2761513349003906,18.759072382042383,20.5,21.5
32.0,18.555250147163207,18.702969845686646,5.055843277447138,21.0,1,2.2970301543133544,18.494181651557007,20.5,21.5
33.0,18.572550265789264,18.7723226045509,5.057587904736527,21.0,1,2.227677395449099,19.465850193193454,20.5,21.5
34.0,18.589847273317055,18.792860432640516,5.059332488170221,21.0,1,2.2071395673594836,18.998238713536672,20.5,21.5
35.0,18.607141170360027,18.823418420185927,5.061077026419645,21.0,1,2.176581579814073,19.128998295640034,20.5,21.5
36.0,18.62443195753124,18.891493321179055,5.062821518156257,21.0,1,2.1085066788209446,19.57224233111034,20.5,21.5
37.0,18.641719635443366,19.034394386754048,5.064565962051549,21.0,1,1.9656056132459518,20.463405042503975,20.5,21.5
38.0,18.659004204708687,19.01413523539029,5.066310356777053,21.0,1,1.9858647646097083,18.811543721752727,20.5,21.5
39.0,18.6762856659391,18.99608980756168,5.068054701004335,21.0,1,2.003910192438319,18.815635529275575,20.5,21.5
40.0,18.693564019746113,18.99247099907609,5.069798993405002,21.0,1,2.0075290009239097,18.956282914220182,20.5,21.5
41.0,18.710839266740845,19.004164830055863,5.071543232650699,21.0,1,1.9958351699441366,19.121103139853595,20.5,21.5
42.0,18.728111407534026,18.944226772580866,5.073287417413113,21.0,1,2.0557732274191345,18.344846197830886,20.5,21.5
43.0,18.745380442736003,18.9701571155667,5.075031546363969,21.0,1,2.0298428844333003,19.22946054542504,20.5,21.5
44.0,18.76264637295673,18.99996062207008,5.07677561817504,21.0,1,2.0000393779299195,19.29799568710389,20.5,21.5
45.0,18.779909198805775,19.043344815116235,5.078519631518137,21.0,1,1.9566551848837648,19.477186745577782,20.5,21.5
46.0,18.797168920892318,19.034115318418515,5.080263585065119,21.0,1,1.9658846815814854,18.941820351441308,20.5,21.5
47.0,18.81442553982515,19.054487877515527,5.08200747748789,21.0,1,1.9455121224844731,19.25821346848565,20.5,21.5
48.0,18.831679056212685,19.03418862438757,5.0837513074583995,21.0,1,1.9658113756124287,18.831196093108016,20.5,21.5
49.0,18.848929470662934,19.015412567693176,5.085495073648644,21.0,1,1.9845874323068244,18.827652000749218,20.5,21.5
50.0,18.86617678378353,19.069932694737222,5.087238774730672,21.0,1,1.930067305262778,19.615133965177687,20.5,21.5
51.0,18.88342099618172,19.147472121238422,5.088982409376578,21.0,1,1.8525278787615775,19.922866386250426,20.5,21.5
52.0,18.90066210846436,19.115334651464707,5.090725976258508,21.0,1,1.884665348535293,18.79395995372755,20.5,21.5
53.0,18.917900121237917,19.195873508955657,5.09246947404866,21.0,1,1.804126491044343,20.001262083865157,20.5,21.5
54.0,18.93513503510848,19.350682992866663,5.094212901419286,21.0,1,1.6493170071333374,20.89877783197672,20.5,21.5
55.0,18.95236685068174,19.403159292210297,5.095956257042688,21.0,1,1.5968407077897027,19.927922285646645,20.5,21.5
56.0,18.969595568563015,19.286638286819667,5.097699539591226,21.0,1,1.7133617131803334,18.12142823291336,20.5,21.5
57.0,18.986821189357222,19.25006576032126,5.099442747737315,21.0,1,1.7499342396787405,18.884340495337188,20.5,21.5
58.0,19.0040437136689,19.297497828641163,5.101185880153427,21.0,1,1.7025021713588373,19.771818511840195,20.5,21.5
59.0,19.021263142102196,19.198635088526565,5.102928935512088,21.0,1,1.801364911473435,18.21000768738059,20.5,21.5
60.0,19.03847947526088,19.178099095941093,5.1046719124858875,21.0,1,1.8219009040589071,18.97273917008637,20.5,21.5
61.0,19.055692713748325,19.2525174250953,5.106414809747473,21.0,1,1.7474825749047014,19.996700716637356,20.5,21.5
62.0,19.072902858167524,19.38903553372684,5.10815762596955,21.0,1,1.6109644662731597,20.754216620042257,20.5,21.5
63.0,19.090109909121082,19.374224742276123,5.109900359824891,21.0,1,1.6257752577238769,19.22611682776895,20.5,21.5
64.0,19.10731386721122,19.427087741756537,5.111643009986327,21.0,1,1.5729122582434627,19.95571773656068,20.5,21.5
65.0,19.124514733039778,19.400593816317688,5.113385575126755,21.0,1,1.5994061836823121,19.135654561929194,20.5,21.5
66.0,19.141712507208194,19.48457549379166,5.115128053919134,21.0,1,1.5154245062083405,20.324392268531376,20.5,21.5
67.0,19.158907190317535,19.56040959185419,5.116870445036493,21.0,1,1.4395904081458113,20.31875057247948,20.5,21.5
68.0,19.176098782968477,19.63038448743037,5.118612747151923,21.0,1,1.3696155125696308,20.330133443192175,20.5,21.5
69.0,19.193287285761315,19.666738985446063,5.120354958938587,21.0,1,1.333261014553937,20.030283965603,20.5,21.5
70.0,19.210472699295952,19.736018841711026,5.122097079069714,21.0,1,1.2639811582889742,20.428817404360654,20.5,21.5
71.0,19.227655024171906,19.682004959919464,5.123839106218604,21.0,1,1.317995040080536,19.141866142003845,20.5,21.5
72.0,19.244834260988316,19.635783557915786,5.125581039058627,21.0,1,1.3642164420842136,19.17356953787901,20.5,21.5
73.0,19.26201041034393,19.604037745887595,5.127322876263226,21.0,1,1.3959622541124048,19.286579625605683,20.5,21.5
74.0,19.279183472837115,19.598532120256074,5.129064616505916,21.0,1,1.401467879743926,19.543475863940863,20.5,21.5
75.0,19.296353449065847,19.592240409314314,5.130806258460286,21.0,1,1.4077595906856857,19.529323299896717,20.5,21.5
76.0,19.313520339627726,19.62807922142265,5.1325478008,21.0,1,1.3719207785773513,19.986467342505993,20.5,21.5
77.0,19.33068414511996,19.598608516634645,5.134289242198798,21.0,1,1.4013914833653551,19.303901468754606,20.5,21.5
78.0,19.347844866139376,19.56521627209768,5.1360305813304965,21.0,1,1.434783727902321,19.23129382672802,20.5,21.5
79.0,19.365002503282415,19.572151807839585,5.137771816868989,21.0,1,1.4278481921604147,19.64150716525865,20.5,21.5
80.0,19.382157057145132,19.5913469237489,5.13951294748825,21.0,1,1.408653076251099,19.78329808284206,20.5,21.5
81.0,19.3993085283232,19.527243659728818,5.141253971862334,21.0,1,1.4727563402711823,18.886211019527984,20.5,21.5
82.0,19.416456917411907,19.554628556516,5.142994888665372,21.0,1,1.4453714434839995,19.82847752438783,20.5,21.5
83.0,19.433602225006158,19.64556308749862,5.1447356965715825,21.0,1,1.3544369125013809,20.554908397324805,20.5,21.5
84.0,19.450744451700473,19.675092690052644,5.146476394255263,21.0,1,1.3249073099473563,19.97038871559289,20.5,21.5
85.0,19.467883598088985,19.61425519074759,5.1482169803907984,21.0,1,1.3857448092524116,19.005880197697035,20.5,21.5
86.0,19.485019664765446,19.733630155355918,5.149957453652656,21.0,1,1.2663698446440819,20.927379801439216,20.5,21.5
87.0,19.502152652323222,19.79799038281083,5.151697812715388,21.0,1,1.2020096171891694,20.441592657359955,20.5,21.5
88.0,19.5192825613553,19.815493673628104,5.153438056253638,21.0,1,1.1845063263718956,19.990526581800843,20.5,21.5
89.0,19.53640939245428,19.802422127310372,5.155178182942132,21.0,1,1.197577872689628,19.671706664133048,20.5,21.5
90.0,19.55353314621238,19.87148515309382,5.15691819145569,21.0,1,1.1285148469061816,20.562115410928282,20.5,21.5
91.0,19.57065382322143,19.843969385032487,5.158658080469219,21.0,1,1.1560306149675128,19.568811704419176,20.5,21.5
92.0,19.58777142407288,19.853421212036082,5.160397848657718,21.0,1,1.146578787963918,19.94793948207203,20.5,21.5
93.0,19.604885949357797,19.76150643845147,5.162137494696277,21.0,1,1.2384935615485304,18.842358702605345,20.5,21.5
94.0,19.621997399666864,19.843199590417836,5.163877017260082,21.0,1,1.1568004095821642,20.660131110081497,20.5,21.5
95.0,19.639105775590384,19.854849063885432,5.165616415024409,21.0,1,1.1451509361145682,19.971343798561392,20.5,21.5
96.0,19.65621107771827,19.91136419506707,5.167355686664631,21.0,1,1.088635804932931,20.47651550688344,20.5,21.5
97.0,19.67331330664006,19.953922941225947,5.169094830856218,21.0,1,1.0460770587740527,20.37951040281473,20.5,21.5
98.0,19.690412462944906,20.04503247272183,5.170833846274735,21.0,1,0.9549675272781712,20.956127787680643,20.5,21.5
99.0,19.707508547221572,20.012595810932787,5.172572731595847,21.0,1,0.9874041890672132,19.688229193042368,20.5,21.5
100.0,19.724601560058446,20.061314422313266,5.174311485495316,21.0,1,0.9386855776867336,20.548500536118063,20.5,21.5
101.0,19.741691502043533,20.021186324883352,5.176050106649007,21.0,1,0.9788136751166476,19.61990535058421,20.5,21.5
102.0,19.758778373764454,19.987816124425027,5.177788593732883,21.0,1,1.0121838755749728,19.654114119841775,20.5,21.5
103.0,19.77586217580845,20.0661842366203,5.179526945423011,21.0,1,0.9338157633797017,20.84986535857301,20.5,21.5
104.0,19.79294290876237,20.121876148589536,5.181265160395561,21.0,1,0.8781238514104643,20.67879526828191,20.5,21.5
105.0,19.810020573212697,20.02694680633915,5.183003237326805,21.0,1,0.9730531936608493,19.0776533838353,20.5,21.5
106.0,19.82709516974552,20.18666807316182,5.184741174893123,21.0,0,0.8133319268381811,21.7838807413885,20.5,21.5
107.0,19.82416669894655,20.22559257829649,5.186478971771001,21.0,0,0.7744074217035113,20.614837629643187,20.5,21.5
108.0,19.821239161401113,20.19754590156375,5.188216626637028,21.0,1,0.8024540984362503,19.91707913423636,20.5,21.5
109.0,19.83831255689416,20.15941682140957,5.189954138167908,21.0,1,0.8405831785904283,19.77812601986779,20.5,21.5
110.0,19.855382885210414,20.207079670100292,5.191691505040448,21.0,1,0.7929203298997081,20.683708157007494,20.5,21.5
111.0,19.87245014693438,20.165430348491917,5.193428725931568,21.0,1,0.8345696515080832,19.748937132408166,20.5,21.5
112.0,19.88951434265018,20.197776523699762,5.195165799518299,21.0,1,0.802223476300238,20.521238275778213,20.5,21.5
113.0,19.906575472941554,20.234509856573254,5.196902724477783,21.0,1,0.7654901434267458,20.601843185308176,20.5,21.5
114.0,19.92363353839186,20.279516848695096,5.198639499487278,21.0,1,0.7204831513049044,20.72958676991351,20.5,21.5
115.0,19.94068853958408,20.34726662389495,5.200376123224153,21.0,1,0.6527333761050507,21.024764375893486,20.5,21.5
116.0,19.95774047710081,20.31116819391388,5.202112594365893,21.0,1,0.6888318060861209,19.950183894103176,20.5,21.5
117.0,19.97478935152426,20.209534440349323,5.2038489115901,21.0,1,0.7904655596506771,19.19319690470376,20.5,21.5
118.0,19.991835163436274,20.23110483083591,5.205585073574493,21.0,1,0.7688951691640895,20.446808735701786,20.5,21.5
119.0,20.008877913418303,20.240814469621263,5.207321078996911,21.0,1,0.7591855303787369,20.33791085747479,20.5,21.5
120.0,20.02591760205142,20.267900472230156,5.209056926535307,21.0,1,0.7320995277698437,20.53876049831909,20.5,21.5
121.0,20.042954229916315,20.297335460510226,5.21079261486776,21.0,1,0.7026645394897741,20.59168534331092,20.5,21.5
122.0,20.059987797593305,20.37172219292578,5.212528142672467,21.0,1,0.6282778070742197,21.115589517081325,20.5,21.5
123.0,20.07701830566232,20.306633339730848,5.214263508627747,21.0,1,0.6933666602691524,19.65574480778152,20.5,21.5
124.0,20.094045754702915,20.312578536897153,5.215998711412046,21.0,1,0.6874214631028472,20.372030508560204,20.5,21.5
125.0,20.111070145294256,20.384829928892355,5.217733749703929,21.0,1,0.6151700711076451,21.107343848844376,20.5,21.5
126.0,20.12809147801514,20.361075233294812,5.219468622182091,21.0,1,0.6389247667051876,20.123528277319387,20.5,21.5
127.0,20.145109753443972,20.44659525265414,5.221203327525349,21.0,1,0.5534047473458585,21.301795446247432,20.5,21.5
128.0,20.16212497215879,20.499032862330203,5.222937864412651,21.0,1,0.5009671376697966,21.023408959090823,20.5,21.5
129.0,20.17913713473724,20.585424898040138,5.224672231523071,21.0,1,0.414575101959862,21.449345255139484,20.5,21.5
130.0,20.196146241756598,20.509986834248604,5.226406427535814,21.0,1,0.490013165751396,19.755606196333265,20.5,21.5
131.0,20.213152293793755,20.568960139022888,5.228140451130212,21.0,1,0.431039860977112,21.158693186765728,20.5,21.5
132.0,20.230155291425223,20.63462472669823,5.229874300985733,21.0,1,0.365375273301769,21.29127060345166,20.5,21.5
133.0,20.247155235227137,20.635458038019618,5.231607975781974,21.0,1,0.36454196198038247,20.643791151233483,20.5,21.5
134.0,20.264152125775247,20.55923685021551,5.233341474198666,21.0,1,0.44076314978449105,19.797024972174423,20.5,21.5
135.0,20.28114596364493,20.62901216720838,5.2350747949156755,21.0,1,0.37098783279162006,21.32676533713709,20.5,21.5
136.0,20.298136749411185,20.670195756369434,5.236807936613002,21.0,1,0.3298042436305657,21.082031647979978,20.5,21.5
137.0,20.315124483648624,20.607398820826614,5.2385408979707835,21.0,1,0.3926011791733863,19.979429465398407,20.5,21.5
138.0,20.332109166931488,20.630489474688957,5.240273677669294,21.0,1,0.36951052531104267,20.861396013312394,20.5,21.5
139.0,20.349090799833636,20.66087604258889,5.242006274388947,21.0,1,0.3391239574111111,20.964741721588204,20.5,21.5
140.0,20.366069382928547,20.659572491354286,5.243738686810295,21.0,1,0.340427508645714,20.646536979008257,20.5,21.5
141.0,20.383044916789324,20.582438319460152,5.24547091361403,21.0,1,0.41756168053984766,19.811096600518816,20.5,21.5
142.0,20.400017401988688,20.579550224691182,5.247202953480985,21.0,1,0.42044977530881766,20.550669277001482,20.5,21.5
143.0,20.416986839098985,20.596987552750456,5.248934805092138,21.0,1,0.40301244724954444,20.771360833343188,20.5,21.5
144.0,20.433953228692186,20.56178718860545,5.2506664671286085,21.0,1,0.4382128113945498,20.209783547155396,20.5,21.5
145.0,20.450916571339874,20.53362225880977,5.25239793827166,21.0,1,0.4663777411902288,20.25197296085298,20.5,21.5
146.0,20.46787686761326,20.5697658949384,5.254129217202701,21.0,1,0.43023410506160076,20.93120225622468,20.5,21.5
147.0,20.484834118083178,20.618956015125747,5.255860302603288,21.0,1,0.3810439848742533,21.11085721699922,20.5,21.5
148.0,20.50178832332008,20.608673515550873,5.257591193155125,21.0,1,0.3913264844491273,20.505848519802132,20.5,21.5
149.0,20.51873948389405,20.71383487688403,5.259321887540064,21.0,0,0.2861651231159712,21.76544849021559,20.5,21.5
150.0,20.51568760037478,20.792036938343593,5.261052384440103,21.0,0,0.20796306165640743,21.57405755293923,20.5,21.5
151.0,20.512636673331592,20.78569784295714,5.262782682537396,21.0,0,0.2143021570428587,20.72230688909263,20.5,21.5
152.0,20.509586702533433,20.776476091139987,5.264512780514245,21.0,0,0.22352390886001317,20.684258572968442,20.5,21.5
153.0,20.506537687749027,20.810261252321077,5.266242677053104,21.0,0,0.1897387476789234,21.148112864131974,20.5,21.5
154.0,20.503489628746888,20.735448914223234,5.267972370836584,21.0,1,0.2645510857767661,19.987325533244807,20.5,21.5
155.0,20.520442525295305,20.72220012864607,5.269701860547446,21.0,1,0.27779987135393114,20.58971227287442,20.5,21.5
156.0,20.537392377162355,20.783338540775713,5.271431144868608,21.0,1,0.21666145922428726,21.39472266207215,20.5,21.5
157.0,20.554339184915897,20.859895724318896,5.273160222483147,21.0,0,0.14010427568110373,21.62546755975073,20.5,21.5
158.0,20.55128294912341,20.89058513297727,5.274889092074293,21.0,0,0.1094148670227284,21.197479219561025,20.5,21.5
159.0,20.548227670352002,20.956710887476195,5.276617752325438,21.0,0,0.04328911252380507,21.617968432465428,20.5,21.5
160.0,20.545173348368397,20.91888231484875,5.278346201920131,21.0,0,0.08111768515124851,20.540596588574317,20.5,21.5
161.0,20.54211998293911,20.843664455072428,5.280074439542083,21.0,1,0.15633554492757185,20.091485857309195,20.5,21.5
162.0,20.55906757383043,20.774872146198806,5.281802463875166,21.0,1,0.22512785380119382,20.086949057462586,20.5,21.5
163.0,20.57601212080844,20.687623845224902,5.283530273603413,21.0,1,0.31237615477509806,19.81514083548586,20.5,21.5
164.0,20.592953624438998,20.73539351959489,5.2852578674110235,21.0,1,0.26460648040511003,21.21309026329477,20.5,21.5
165.0,20.60989208528759,20.79849276587901,5.286985243982358,21.0,1,0.2015072341209887,21.429485228720225,20.5,21.5
166.0,20.62682750391933,20.89355453571661,5.288712402001947,21.0,0,0.10644546428338941,21.844172234092603,20.5,21.5
167.0,20.623759880898945,20.89329609124048,5.290439340154481,21.0,0,0.10670390875952052,20.89071164647917,20.5,21.5
168.0,20.620693216790794,20.953067783882183,5.292166057124823,21.0,0,0.04693221611781695,21.55078471029922,20.5,21.5
169.0,20.61762751135886,20.8895577790152,5.293892551598003,21.0,1,0.11044222098480105,20.254457730345358,20.5,21.5
170.0,20.63456276436691,20.927817521139353,5.295618822259221,21.0,1,0.07218247886064688,21.310414942380895,20.5,21.5
171.0,20.651494975578487,21.001968967849145,5.297344867793846,21.0,0,-0.001968967849144576,21.74348343494706,20.5,21.5
172.0,20.64842414555693,21.10049091761125,5.299070686887419,21.0,0,-0.10049091761124984,22.085710415232302,20.5,21.5
173.0,20.645354274865195,21.166504233445938,5.300796278225654,21.0,0,-0.1665042334459379,21.82663739179282,20.5,21.5
174.0,20.642285363265866,21.1892692621312,5.302521640494438,21.0,0,-0.18926926213120154,21.416919548983838,20.5,21.5
175.0,20.63921741052131,21.110881847988765,5.304246772379833,21.0,1,-0.11088184798876455,20.327007706564395,20.5,21.5
176.0,20.656150416393682,21.047940030482103,5.305971672568076,21.0,1,-0.04794003048210271,20.418521855415484,20.5,21.5
177.0,20.67308038064492,21.02643200259531,5.30769633974558,21.0,1,-0.026432002595310422,20.811351723727388,20.5,21.5
178.0,20.69000730383674,21.00345274342193,5.309420772598936,21.0,1,-0.003452743421931359,20.77366015168814,20.5,21.5
179.0,20.706931186530493,20.99986699349246,5.311144969814913,21.0,1,0.00013300650753933496,20.964009494197754,20.5,21.5
180.0,20.72385202928715,20.993533373626587,5.3128689300804615,21.0,1,0.00646662637341322,20.930197174967848,20.5,21.5
181.0,20.74076983266731,21.00441478393119,5.314592652082709,21.0,1,-0.0044147839311889925,21.11322888697721,20.5,21.5
182.0,20.757684597231194,20.989602224656903,5.316316134508967,21.0,1,0.010397775343097493,20.841476631914038,20.5,21.5
183.0,20.77459632353865,21.063669387434807,5.318039376046729,21.0,0,-0.06366938743480688,21.80434101521385,20.5,21.5
184.0,20.771505012149152,21.143056054507234,5.31976237538367,21.0,0,-0.1430560545072339,21.936922725231504,20.5,21.5
185.0,20.768414663621797,21.169754785724983,5.321485131207652,21.0,0,-0.16975478572498304,21.436742097902474,20.5,21.5
186.0,20.765325277715316,21.03647852444882,5.3232076422067225,21.0,1,-0.03647852444882105,19.7037159116872,20.5,21.5
187.0,20.782236854188216,21.015683848564684,5.324929907069113,21.0,1,-0.01568384856468441,20.807737089723318,20.5,21.5
188.0,20.799145392798792,20.881051087078177,5.326651924483245,21.0,1,0.11894891292182308,19.534723472213102,20.5,21.5
189.0,20.81605089410513,20.834015814142294,5.328373693137726,21.0,1,0.16598418585770602,20.363663084783465,20.5,21.5
190.0,20.832953358664934,20.82325776280046,5.330095211721355,21.0,1,0.17674223719954085,20.71567724938211,20.5,21.5
191.0,20.849852787035545,21.011450027698228,5.3318164789231215,21.0,0,-0.011450027698227672,22.893372676675913,20.5,21.5
192.0,20.846749179773923,20.96952689477063,5.333537493432204,21.0,0,0.03047310522936897,20.550295565494665,20.5,21.5
193.0,20.843646537436655,21.067601058460202,5.335258253937977,21.0,0,-0.06760105846020181,22.04834269535591,20.5,21.5
194.0,20.840544859779953,21.023977060859465,5.336978759130005,21.0,0,-0.023977060859465382,20.5877370848521,20.5,21.5
195.0,20.83744414655982,21.026172178120227,5.338699007698049,21.0,0,-0.026172178120226874,21.048123350727842,20.5,21.5
196.0,20.83434439753205,21.087527223376632,5.340418998332065,21.0,0,-0.08752722337663243,21.701077675940688,20.5,21.5
197.0,20.83124561245221,21.153255146505188,5.342138729722205,21.0,0,-0.15325514650518812,21.810534377790745,20.5,21.5
198.0,20.828147791075665,21.16396238920947,5.343858200558819,21.0,0,-0.1639623892094697,21.271034816252286,20.5,21.5
199.0,20.825050933157563,21.28074958654349,5.3455774095324555,21.0,0,-0.28074958654348947,22.448621559883687,20.5,21.5
200.0,20.82195503845284,21.35627379567323,5.347296355333861,21.0,0,-0.3562737956732285,22.11151588697062,20.5,21.5
201.0,20.818860106716215,21.27818693946764,5.349015036653984,21.0,1,-0.2781869394676413,20.49731837741177,20.5,21.5
202.0,20.8357661377022,21.237717145805924,5.350733452183974,21.0,1,-0.23771714580592374,20.83301920918875,20.5,21.5
203.0,20.852669131165097,21.196212118040485,5.352451600615184,21.0,1,-0.196212118040485,20.781161840386098,20.5,21.5
204.0,20.869569087658988,21.153638084541143,5.354169480639166,21.0,1,-0.15363808454114292,20.727897749547722,20.5,21.5
205.0,20.886466007737585,21.09308486955279,5.355887090947683,21.0,1,-0.09308486955278994,20.48755271966926,20.5,21.5
206.0,20.903359891954228,21.073282148032924,5.3576044302326995,21.0,1,-0.07328214803292354,20.87525493283426,20.5,21.5
207.0,20.920250740861885,21.104373793085934,5.359321497186385,21.0,1,-0.10437379308593364,21.415290243616035,20.5,21.5
208.0,20.93713855501315,21.15686286172662,5.36103829050112,21.0,0,-0.15686286172661923,21.681753548133475,20.5,21.5
209.0,20.934023334960248,21.161829863259534,5.362754808869491,21.0,0,-0.16182986325953408,21.211499878588683,20.5,21.5
210.0,20.93090908125503,21.261091966008703,5.364471050984295,21.0,0,-0.26109196600870277,22.25371299350039,20.5,21.5
211.0,20.927795793648976,21.226321697058456,5.3661870155385385,21.0,0,-0.22632169705845584,20.878619007555987,20.5,21.5
212.0,20.924683471893353,21.22161244757401,5.36790270122544,21.0,0,-0.22161244757401022,21.174519952729554,20.5,21.5
213.0,20.92157211573922,21.17865261765559,5.3696181067384305,21.0,0,-0.17865261765559026,20.74905431847139,20.5,21.5
214.0,20.91846172493742,21.205459872966898,5.371333230771154,21.0,0,-0.20545987296689816,21.473532426079977,20.5,21.5
215.0,20.915352299238585,21.18555193103098,5.373048072017469,21.0,0,-0.18555193103097878,20.986472511671785,20.5,21.5
216.0,20.91224383839314,21.20328913787767,5.37476262917145,21.0,0,-0.20328913787766822,21.380661206344563,20.5,21.5
217.0,20.909136342151296,21.215856091292665,5.3764769009273845,21.0,0,-0.2158560912926646,21.341525625442628,20.5,21.5
218.0,20.90602981026305,21.219457054897024,5.378190885979783,21.0,0,-0.21945705489702405,21.25546669094062,20.5,21.5
219.0,20.902924242478193,21.153193619768082,5.379904583023369,21.0,1,-0.1531936197680821,20.490559268478663,20.5,21.5
220.0,20.9198196385463,21.095466555464863,5.38161799075309,21.0,1,-0.09546655546486349,20.518195912432677,20.5,21.5
221.0,20.936711998216744,21.115383703718102,5.383331107864109,21.0,1,-0.11538370371810203,21.314555186250487,20.5,21.5
222.0,20.953601322038672,21.134002124218146,5.385043933051815,21.0,1,-0.13400212421814572,21.320186329218583,20.5,21.5
223.0,20.970487610560873,21.095039888059766,5.386756465011816,21.0,1,-0.09503988805976604,20.70541752647597,20.5,21.5
224.0,20.987370864331762,21.145325367546015,5.388468702439944,21.0,0,-0.14532536754601466,21.6481801624085,20.5,21.5
225.0,20.984251083899384,21.21110452387666,5.390180644032257,21.0,0,-0.21110452387666,21.868896087183114,20.5,21.5
226.0,20.98113226981141,21.27377731853435,5.391892288485035,21.0,0,-0.27377731853434994,21.90050526511125,20.5,21.5
227.0,20.978014421815146,21.212926096711477,5.393603634494789,21.0,0,-0.21292609671147744,20.604413878482752,20.5,21.5
228.0,20.974897539657682,21.26570164725627,5.395314680758252,21.0,0,-0.26570164725627166,21.793457152704214,20.5,21.5
229.0,20.971781623085903,21.271711803299013,5.39702542597239,21.0,0,-0.2717118032990129,21.331813363726425,20.5,21.5
230.0,20.96866667184648,21.24995767364643,5.398735868834394,21.0,0,-0.2499576736464313,21.032416377120615,20.5,21.5
231.0,20.96555268568588,21.290032865742184,5.40044600804169,21.0,0,-0.2900328657421838,21.69078478669971,20.5,21.5
232.0,20.96243966435035,21.280936759353843,5.402155842291929,21.0,0,-0.28093675935384255,21.18997569547043,20.5,21.5
233.0,20.959327607585937,21.298643284035656,5.403865370283001,21.0,0,-0.29864328403565565,21.475708530853787,20.5,21.5
234.0,20.956216515138475,21.255776829077217,5.405574590713025,21.0,0,-0.25577682907721666,20.827112279492827,20.5,21.5
235.0,20.95310638675359,21.293955695730162,5.407283502280355,21.0,0,-0.2939556957301619,21.675744362259614,20.5,21.5
236.0,20.949997222176695,21.188782154385432,5.40899210368358,21.0,1,-0.18878215438543222,20.137046740938136,20.5,21.5
237.0,20.966889021152998,21.173797747604368,5.410700393621528,21.0,1,-0.17379774760436817,21.023953679793728,20.5,21.5
238.0,20.98377778342749,21.146766380691044,5.412408370793259,21.0,1,-0.14676638069104442,20.876452711557807,20.5,21.5
239.0,21.000663509544964,21.199881124959607,5.414116033898076,21.0,0,-0.19988112495960664,21.73102856764523,20.5,21.5
240.0,20.997546200049836,21.169862647747745,5.415823381635518,21.0,0,-0.1698626477477454,20.869677875629133,20.5,21.5
241.0,20.994429855486153,21.176049848481803,5.417530412705367,21.0,0,-0.17604984848180294,21.23792185582238,20.5,21.5
242.0,20.991314475597598,21.258965006842374,5.419237125807643,21.0,0,-0.25896500684237367,22.08811659044808,20.5,21.5
243.0,20.98820006012764,21.238581942981,5.420943519642611,21.0,0,-0.23858194298099988,21.034751304367262,20.5,21.5
244.0,20.985086608819543,21.180066166778726,5.422649592910777,21.0,0,-0.180066166778726,20.594908404755987,20.5,21.5
245.0,20.98197412141636,21.232994554839202,5.424355344312892,21.0,0,-0.23299455483920184,21.76227843544396,20.5,21.5
246.0,20.97886259766094,21.21280487556391,5.4260607725499534,21.0,0,-0.21280487556391137,21.010908082811007,20.5,21.5
247.0,20.975752037295916,21.164305332033273,5.4277658763232015,21.0,0,-0.16430533203327258,20.679309896726885,20.5,21.5
248.0,20.972642440063723,21.18536206795779,5.429470654334127,21.0,0,-0.1853620679577901,21.395929427202965,20.5,21.5
249.0,20.969533805706575,21.20510950794813,5.431175105284466,21.0,0,-0.20510950794813,21.40258390785153,20.5,21.5
250.0,20.96642613396649,21.104678680587483,5.432879227876206,21.0,1,-0.10467868058748309,20.100370406981014,20.5,21.5
251.0,20.98331942458527,21.10561051546731,5.434583020811583,21.0,1,-0.10561051546730837,21.11492886426556,20.5,21.5
252.0,21.000209677304518,21.17176931911283,5.4362864827930855,21.0,0,-0.17176931911282978,21.833357355568044,20.5,21.5
253.0,20.997096892665617,21.23482836488768,5.4379896125234515,21.0,0,-0.23482836488767944,21.865418822636176,20.5,21.5
254.0,20.99398507120959,21.296745329156657,5.439692408705675,21.0,0,-0.2967453291566571,21.915914971846433,20.5,21.5
255.0,20.990874212677088,21.365298645455262,5.441394870043002,21.0,0,-0.3652986454552618,22.05083180844131,20.5,21.5
256.0,20.987764316808562,21.4343784107764,5.4430969952389345,21.0,0,-0.43437841077640016,22.125176063987784,20.5,21.5
257.0,20.984655383344247,21.32808635730085,5.44479878299723,21.0,1,-0.328086357300851,20.26516582254536,20.5,21.5
258.0,21.001547412024177,21.292625768144546,5.4465002320219025,21.0,1,-0.2926257681445463,20.9380198765815,20.5,21.5
259.0,21.018436402588176,21.278493508891785,5.448201341017225,21.0,1,-0.2784935088917848,21.13717091636417,20.5,21.5
260.0,21.03532235557586,21.219420183827847,5.44990210868773,21.0,1,-0.21942018382784667,20.628686933188465,20.5,21.5
261.0,21.052205271526482,21.235297443561613,5.451602533738208,21.0,1,-0.2352974435616133,21.39407004089928,20.5,21.5
262.0,21.069085150978925,21.3274622022294,5.45330261487371,21.0,0,-0.32746220222939826,22.249109788907248,20.5,21.5
263.0,21.065961994471703,21.314748147193104,5.455002350799552,21.0,0,-0.31474814719310373,21.18760759683016,20.5,21.5
264.0,21.062839802542968,21.351310689893754,5.456701740221312,21.0,0,-0.35131068989375436,21.71693611690026,20.5,21.5
265.0,21.059718574930503,21.34024702244528,5.458400781844828,21.0,0,-0.34024702244527916,21.229610347960527,20.5,21.5
266.0,21.056598311371886,21.279652002139205,5.460099474376209,21.0,0,-0.2796520021392048,20.67370179907846,20.5,21.5
267.0,21.053479011604487,21.301677596557134,5.461797816521825,21.0,0,-0.3016775965571341,21.521933540736427,20.5,21.5
268.0,21.05036067536547,21.25822818436535,5.463495806988314,21.0,0,-0.25822818436535044,20.823734062447514,20.5,21.5
269.0,21.047243302391795,21.199996538439407,5.465193444482585,21.0,0,-0.19999653843940735,20.617680079179976,20.5,21.5
270.0,21.044126892420213,21.238241786136133,5.466890727711811,21.0,0,-0.23824178613613256,21.620694263103385,20.5,21.5
271.0,21.04101144518727,21.28568564076077,5.468587655383438,21.0,0,-0.2856856407607715,21.76012418700716,20.5,21.5
272.0,21.037896960429308,21.321183184710232,5.47028422620518,21.0,0,-0.32118318471023244,21.67615862420484,20.5,21.5
273.0,21.034783437882464,21.387092858234773,5.471980438885026,21.0,0,-0.387092858234773,22.04618959348018,20.5,21.5
274.0,21.031670877282664,21.381625632886898,5.473676292131238,21.0,0,-0.3816256328868981,21.32695337940815,20.5,21.5
275.0,21.028559278365634,21.46983312747604,5.475371784652346,21.0,0,-0.4698331274760399,22.351908073367458,20.5,21.5
276.0,21.02544864086689,21.390959769781666,5.477066915157161,21.0,0,-0.39095976978166647,20.602226192837932,20.5,21.5
277.0,21.022338964521747,21.29918522669012,5.478761682354769,21.0,1,-0.2991852266901205,20.38143979577466,20.5,21.5
278.0,21.039230249065312,21.309010310767427,5.480456084954527,21.0,1,-0.3090103107674267,21.40726115154049,20.5,21.5
279.0,21.05611849423249,21.340201673404657,5.482150121666077,21.0,0,-0.3402016734046569,21.65211529977696,20.5,21.5
280.0,21.053003700557976,21.257861651812007,5.483843791199336,21.0,1,-0.25786165181200715,20.43446143588551,20.5,21.5
281.0,21.069889868576105,21.28166335073278,5.485537092264499,21.0,0,-0.2816633507327815,21.519680339940525,20.5,21.5
282.0,21.06677299802084,21.37613929465484,5.487230023572045,21.0,0,-0.3761392946548412,22.32089873387544,20.5,21.5
283.0,21.063657089425952,21.407354898205917,5.488922583832733,21.0,0,-0.4073548982059165,21.71951093371667,20.5,21.5
284.0,21.060542142524834,21.429260003291184,5.490614771757605,21.0,0,-0.4292600032911835,21.648311054143853,20.5,21.5
285.0,21.05742815705068,21.469418541859998,5.492306586057986,21.0,0,-0.4694185418599979,21.87100392754814,20.5,21.5
286.0,21.05431513273648,21.514661180957347,5.493998025445486,21.0,0,-0.5146611809573471,21.96708757193084,20.5,21.5
287.0,21.051203069315022,21.441701009233743,5.495689088632,21.0,0,-0.4417010092337428,20.7120992919977,20.5,21.5
288.0,21.048091966518886,21.36528067344539,5.497379774329709,21.0,0,-0.3652806734453904,20.601077315561866,20.5,21.5
289.0,21.04498182408045,21.330982758919593,5.499070081251085,21.0,0,-0.3309827589195926,20.988003613661615,20.5,21.5
290.0,21.04187264173188,21.233449981555474,5.500760008108883,21.0,1,-0.23344998155547358,20.258122207914283,20.5,21.5
291.0,21.058764419205158,21.287053180101157,5.502449553616151,21.0,0,-0.2870531801011573,21.823085165557995,20.5,21.5
292.0,21.05565315623204,21.29326115306975,5.504138716486227,21.0,0,-0.29326115306975,21.355340882755677,20.5,21.5
293.0,21.05254285334409,21.37040322024354,5.50582749543274,21.0,0,-0.37040322024353856,22.141823891981424,20.5,21.5
294.0,21.049433510272507,21.374537306968566,5.507515889169611,21.0,0,-0.37453730696856624,21.415878174218843,20.5,21.5
295.0,21.046325126748286,21.483912658392317,5.509203896411055,21.0,0,-0.4839126583923168,22.577666172629822,20.5,21.5
296.0,21.04321770250222,21.308717952405313,5.510891515871581,21.0,1,-0.3087179524053134,19.55677089253528,20.5,21.5
297.0,21.06011123726489,21.373838598976942,5.512578746265993,21.0,0,-0.37383859897694194,22.025045064693227,20.5,21.5
298.0,21.057001730766693,21.315202134703732,5.514265586309392,21.0,0,-0.31520213470373193,20.728837491971632,20.5,21.5
299.0,21.053893183537802,21.244992412495773,5.515952034717176,21.0,0,-0.24499241249577253,20.54289519041618,20.5,21.5
300.0,21.05078559530804,21.206359670575193,5.5176380902050415,21.0,0,-0.20635967057519267,20.820032251369394,20.5,21.5
301.0,21.04767896580702,21.301943988810116,5.519323751488983,21.0,0,-0.3019439888101161,22.25778717115935,20.5,21.5
302.0,21.044573294764156,21.288511742011842,5.521009017285297,21.0,0,-0.28851174201184193,21.1541892740291,20.5,21.5
303.0,21.04146858190866,21.37629207626996,5.522693886310579,21.0,0,-0.37629207626995864,22.254095418851126,20.5,21.5
304.0,21.03836482696954,21.41738499295306,5.524378357281729,21.0,0,-0.4173849929530604,21.828314159784078,20.5,21.5
305.0,21.035262029675604,21.39948076888562,5.5260624289159495,21.0,0,-0.39948076888562056,21.220438528211222,20.5,21.5
306.0,21.03216018975545,21.375444883374065,5.527746099930746,21.0,0,-0.37544488337406534,21.135086028258513,20.5,21.5
307.0,21.029059306937487,21.331258344011495,5.529429369043929,21.0,0,-0.3312583440114949,20.88939295038579,20.5,21.5
308.0,21.02595938094991,21.269193440293684,5.531112234973618,21.0,0,-0.26919344029368375,20.648544403115572,20.5,21.5
309.0,21.022860411520714,21.38127213688273,5.532794696438235,21.0,0,-0.3812721368827283,22.502059102773174,20.5,21.5
310.0,21.019762398377697,21.458417877678613,5.534476752156514,21.0,0,-0.4584178776786132,22.229875285637462,20.5,21.5
311.0,21.01666534124845,21.52898751849814,5.536158400847495,21.0,0,-0.5289875184981412,22.23468392669342,20.5,21.5
312.0,21.01356923986037,21.52913394853644,5.537839641230532,21.0,0,-0.5291339485364404,21.530598248919432,20.5,21.5
313.0,21.010474093940644,21.486085927139587,5.539520472025284,21.0,0,-0.4860859271395874,21.055605713171058,20.5,21.5
314.0,21.00737990321626,21.425314311504287,5.5412008919517275,21.0,0,-0.42531431150428745,20.817598155151288,20.5,21.5
315.0,21.004286667414007,21.309257524702247,5.542880899730148,21.0,1,-0.30925752470224666,20.14868965668184,20.5,21.5
316.0,21.021194386260472,21.296952929735813,5.544560494081149,21.0,1,-0.2969529297358129,21.173906980071475,20.5,21.5
317.0,21.038099059482036,21.290849118884683,5.546239673725643,21.0,1,-0.2908491188846831,21.229811010373385,20.5,21.5
318.0,21.055000687604885,21.30833130477796,5.547918437384865,21.0,1,-0.30833130477795834,21.48315316371071,20.5,21.5
319.0,21.07189927115484,21.31391950042148,5.549596783780361,21.0,1,-0.31391950042148054,21.369801456856703,20.5,21.5
320.0,21.088794810657365,21.422782809143705,5.551274711633998,21.0,0,-0.4227828091437047,22.511415896365946,20.5,21.5
321.0,21.08568730663756,21.40863073620192,5.5529522196679615,21.0,0,-0.40863073620192125,21.267110006784087,20.5,21.5
322.0,21.082580759620164,21.464108830205856,5.554629306604756,21.0,0,-0.4641088302058556,22.0188897702452,20.5,21.5
323.0,21.079475169329562,21.453673610428858,5.556305971167205,21.0,0,-0.4536736104288579,21.34932141265888,20.5,21.5
324.0,21.07637053548993,21.449074455262974,5.557982212078459,21.0,0,-0.4490744552629735,21.40308290360413,20.5,21.5
325.0,21.073266857825246,21.40626059181424,5.5596580280619845,21.0,0,-0.4062605918142417,20.978121957326923,20.5,21.5
326.0,21.070164136059294,21.33370414157645,5.561333417841576,21.0,0,-0.333704141576451,20.608139639198544,20.5,21.5
327.0,21.06706236991565,21.28800697531431,5.563008380141351,21.0,0,-0.2880069753143104,20.831035312692904,20.5,21.5
328.0,21.063961559117697,21.315147033500097,5.564682913685753,21.0,0,-0.31514703350009654,21.586547615357958,20.5,21.5
329.0,21.06086170338861,21.31323465947835,5.566357017199552,21.0,0,-0.3132346594783506,21.29411091926089,20.5,21.5
330.0,21.05776280245137,21.358087969336154,5.568030689407845,21.0,0,-0.35808796933615383,21.806621067914186,20.5,21.5
331.0,21.05466485602876,21.408519847907797,5.569703929036058,21.0,0,-0.4085198479077974,21.912838633624233,20.5,21.5
332.0,21.051567863843363,21.39629272007892,5.571376734809947,21.0,0,-0.3962927200789217,21.274021441790165,20.5,21.5
333.0,21.048471825617558,21.31788696593902,5.573049105455596,21.0,0,-0.3178869659390209,20.533829424540013,20.5,21.5
334.0,21.045376741073525,21.215793567963196,5.5747210396994245,21.0,1,-0.21579356796319615,20.19485958820495,20.5,21.5
335.0,21.062282609933252,21.081743296554947,5.5763925362681785,21.0,1,-0.08174329655494716,19.741240582472457,20.5,21.5
336.0,21.079185431918518,21.028705470308672,5.578063593888944,21.0,1,-0.02870547030867243,20.498327207845925,20.5,21.5
337.0,21.09608520755091,21.031713035030574,5.579734211289135,21.0,1,-0.03171303503057388,21.06178868224959,20.5,21.5
338.0,21.11298193735166,21.135294303777517,5.581404387196505,21.0,0,-0.13529430377751694,22.171106991246948,20.5,21.5
339.0,21.109875621841628,21.21459014702119,5.583074120339143,21.0,0,-0.21459014702119106,22.007548579457932,20.5,21.5
340.0,21.106770261541328,21.27649619379053,5.5847434094454735,21.0,0,-0.27649619379052837,21.8955566614839,20.5,21.5
341.0,21.10366585617091,21.32653635124262,5.58641225324426,21.0,0,-0.3265363512426198,21.826937925763534,20.5,21.5
342.0,21.100562405450326,21.477307128926014,5.588080650464608,21.0,0,-0.47730712892601446,22.98501490575996,20.5,21.5
343.0,21.097459909099328,21.495668569416253,5.589748599835957,21.0,0,-0.49566856941625304,21.67928297431864,20.5,21.5
344.0,21.094358366837476,21.469763958765213,5.591416100088093,21.0,0,-0.4697639587652134,21.210717852254817,20.5,21.5
345.0,21.091257778384126,21.548869627806436,5.593083149951142,21.0,0,-0.548869627806436,22.339926318218662,20.5,21.5
346.0,21.08815814345844,21.57189936317048,5.5947497481555715,21.0,0,-0.5718993631704805,21.802196716810926,20.5,21.5
347.0,21.08505946177938,21.46454679607601,5.596415893432196,21.0,1,-0.4645467960760108,20.391021125131314,20.5,21.5
348.0,21.10196173306571,21.428251274258628,5.598081584512173,21.0,1,-0.42825127425862775,21.065296056084797,20.5,21.5
349.0,21.118860957036,21.481496016497,5.599746820127006,21.0,0,-0.481496016497001,22.013943438880734,20.5,21.5
350.0,21.115757134208618,21.401929916863352,5.6014115990085465,21.0,0,-0.40192991686335233,20.606268920526865,20.5,21.5
351.0,21.11265426510158,21.508325852296576,5.603075919888991,21.0,0,-0.5083258522965757,22.57228520662881,20.5,21.5
352.0,21.109552349432537,21.544485096373457,5.604739781500889,21.0,0,-0.5444850963734567,21.906077537142266,20.5,21.5
353.0,21.106451386918952,21.57520156910606,5.606403182577136,21.0,0,-0.5752015691060599,21.882366296432092,20.5,21.5
354.0,21.103351377278084,21.56810382977472,5.608066121850981,21.0,0,-0.5681038297747207,21.49712643646133,20.5,21.5
355.0,21.100252320227,21.65140894074296,5.609728598056021,21.0,0,-0.6514089407429609,22.484460050425362,20.5,21.5
356.0,21.097154215482565,21.543715666094702,5.611390609926211,21.0,1,-0.5437156660947018,20.46678291961211,20.5,21.5
357.0,21.114057062761454,21.46702682064725,5.613052156195855,21.0,1,-0.46702682064724854,20.700138366172716,20.5,21.5
358.0,21.13095686178014,21.382779778789896,5.6147132355996145,21.0,1,-0.3827797787898959,20.54030936021637,20.5,21.5
359.0,21.147853613054906,21.44404562583599,5.616373846872503,21.0,0,-0.44404562583599017,22.056704096296933,20.5,21.5
360.0,21.144747317101668,21.347258856737035,5.618033988749895,21.0,1,-0.34725885673703516,20.379391165747485,20.5,21.5
361.0,21.161641974435998,21.339644218170687,5.619693659967519,21.0,1,-0.3396442181706867,21.263497832507202,20.5,21.5
362.0,21.178533584773103,21.35030581739802,5.621352859261464,21.0,1,-0.35030581739802,21.456921809671353,20.5,21.5
363.0,21.195422148628,21.437703235727966,5.623011585368176,21.0,0,-0.437703235727966,22.311677419027426,20.5,21.5
364.0,21.19230766651535,21.33015968898925,5.624669837024465,21.0,1,-0.3301596889892515,20.254724221602107,20.5,21.5
365.0,21.209194138949453,21.316208108156804,5.626327612967499,21.0,1,-0.316208108156804,21.17669229983233,20.5,21.5
366.0,21.226077565644257,21.32198591734575,5.62798491193481,21.0,1,-0.32198591734574933,21.379764009235203,20.5,21.5
367.0,21.242957947113513,21.398983626049336,5.629641732664292,21.0,0,-0.39898362604933624,22.168960713085205,20.5,21.5
368.0,21.239835283870622,21.37731589799836,5.631298073894205,21.0,0,-0.3773158979983613,21.160638617488612,20.5,21.5
369.0,21.236713576428627,21.487006710280436,5.632953934363172,21.0,0,-0.4870067102804363,22.583914833101186,20.5,21.5
370.0,21.233592824500214,21.57557342672617,5.634609312810184,21.0,0,-0.5755734267261694,22.4612405911835,20.5,21.5
371.0,21.230473027797874,21.61770691574057,5.636264207974598,21.0,0,-0.6177069157405697,22.039041805884573,20.5,21.5
372.0,21.22735418603391,21.62514259261983,5.63791861859614,21.0,0,-0.6251425926198309,21.699499361412443,20.5,21.5
373.0,21.224236298920424,21.602771104216114,5.6395725434149035,21.0,0,-0.6027711042161137,21.379056220178942,20.5,21.5
374.0,21.221119366169322,21.547952466131598,5.6412259811713525,21.0,0,-0.5479524661315978,20.99976608528644,20.5,21.5
375.0,21.218003387492324,21.51254756149577,5.642878930606323,21.0,0,-0.5125475614957686,21.158498515137477,20.5,21.5
376.0,21.214888362600945,21.540470729067625,5.644531390461022,21.0,0,-0.5404707290676249,21.819702404786188,20.5,21.5
377.0,21.211774291206517,21.471745740964746,5.646183359477029,21.0,0,-0.47174574096474586,20.784495859935955,20.5,21.5
378.0,21.20866117302017,21.56190623170921,5.6478348363962985,21.0,0,-0.5619062317092087,22.463511139153837,20.5,21.5
379.0,21.205549007752847,21.55024452851036,5.649485819961159,21.0,0,-0.5502445285103583,21.433627496521854,20.5,21.5
380.0,21.202437795115287,21.60931699334889,5.651136308914314,21.0,0,-0.6093169933488909,22.200041641734217,20.5,21.5
381.0,21.199327534818046,21.57924721767889,5.652786301998844,21.0,0,-0.5792472176788905,21.278549460978887,20.5,21.5
382.0,21.19621822657148,21.542683661985784,5.654435797958207,21.0,0,-0.5426836619857838,21.177048105054716,20.5,21.5
383.0,21.19310987008576,21.436803230022747,5.656084795536243,21.0,1,-0.4368032300227469,20.377998910392378,20.5,21.5
384.0,21.21000246507085,21.380104741183036,5.6577332934771665,21.0,1,-0.38010474118303605,20.813119852785928,20.5,21.5
385.0,21.226892011236533,21.354160705566386,5.659381290525575,21.0,1,-0.354160705566386,21.094720349399886,20.5,21.5
386.0,21.24377850909239,21.354213207962395,5.661028785426446,21.0,1,-0.3542132079623954,21.35473823192249,20.5,21.5
387.0,21.260661959147658,21.48178248832841,5.662675776925142,21.0,0,-0.48178248832840964,22.757475291988552,20.5,21.5
388.0,21.257542361911213,21.540458918531804,5.664322263767406,21.0,0,-0.5404589185318045,22.127223220565753,20.5,21.5
389.0,21.254423717891584,21.617315973072053,5.665968244699369,21.0,0,-0.6173159730720528,22.385886518474535,20.5,21.5
390.0,21.251306026796946,21.62162959272817,5.667613718467542,21.0,0,-0.6216295927281692,21.664765789289333,20.5,21.5
391.0,21.24818928833528,21.62595299197326,5.669258683818827,21.0,0,-0.6259529919732607,21.669186984424176,20.5,21.5
392.0,21.245073502214375,21.559112212173044,5.67090313950051,21.0,0,-0.5591122121730443,20.89070441417088,20.5,21.5
393.0,21.24195866814183,21.573245817732737,5.672547084260268,21.0,0,-0.5732458177327366,21.71458187332966,20.5,21.5
394.0,21.238844785825055,21.55502971180304,5.674190516846164,21.0,0,-0.5550297118030407,21.37286865250608,20.5,21.5
395.0,21.23573185497126,21.526382092108218,5.675833436006654,21.0,0,-0.5263820921082178,21.23990589515999,20.5,21.5
396.0,21.232619875287465,21.481795704174335,5.677475840490583,21.0,0,-0.4817957041743348,21.035931824835505,20.5,21.5
397.0,21.229508846480506,21.44742564627146,5.679117729047188,21.0,0,-0.44742564627145853,21.103725067242696,20.5,21.5
398.0,21.22639876825702,21.456764709572695,5.6807591004261,21.0,0,-0.45676470957269544,21.550155342585064,20.5,21.5
399.0,21.223289640323454,21.456814102661504,5.6823999533773435,21.0,0,-0.4568141026615038,21.457308033549587,20.5,21.5
400.0,21.220181462386066,21.406757497177562,5.684040286651338,21.0,0,-0.40675749717756204,20.906191442338145,20.5,21.5
401.0,21.217074234150918,21.434182515469985,5.685680098998897,21.0,0,-0.43418251546998476,21.708432698394212,20.5,21.5
402.0,21.213967955323888,21.503269046731564,5.687319389171233,21.0,0,-0.5032690467315639,22.194134359347355,20.5,21.5
403.0,21.21086262561066,21.460840840275004,5.688958155919954,21.0,0,-0.4608408402750044,21.03655877570941,20.5,21.5
404.0,21.20775824471672,21.46095020872508,5.690596397997069,21.0,0,-0.4609502087250803,21.46204389322584,20.5,21.5
405.0,21.20465481234738,21.45889990238112,5.692234114154986,21.0,0,-0.4588999023811198,21.438396838941514,20.5,21.5
406.0,21.20155232820774,21.511385355807185,5.693871303146512,21.0,0,-0.5113853558071852,22.03623989006784,20.5,21.5
407.0,21.198450792002728,21.533173214390484,5.695507963724856,21.0,0,-0.5331732143904837,21.75105180022347,20.5,21.5
408.0,21.195350203437073,21.54481074640479,5.6971440946436305,21.0,0,-0.5448107464047887,21.661186066547838,20.5,21.5
409.0,21.192250562215314,21.49115400813967,5.69877969465685,21.0,0,-0.49115400813967014,20.954586625488485,20.5,21.5
410.0,21.1891518680418,21.533209191701808,5.7004147625189345,21.0,0,-0.5332091917018076,21.953761027323182,20.5,21.5
411.0,21.186054120620696,21.468052946004683,5.702049296984709,21.0,0,-0.4680529460046827,20.816490489033434,20.5,21.5
412.0,21.18295731965597,21.36958786492969,5.703683296809404,21.0,1,-0.36958786492969153,20.38493705417978,20.5,21.5
413.0,21.1998614648514,21.408522457992483,5.705316760748657,21.0,0,-0.40852245799248266,21.797868388620394,20.5,21.5
414.0,21.196762555910578,21.46617471773492,5.706949687558514,21.0,0,-0.46617471773491914,22.042697315159284,20.5,21.5
415.0,21.19366459333691,21.528181348334783,5.708582075995432,21.0,0,-0.5281813483347833,22.148247654333424,20.5,21.5
416.0,21.19056757683344,21.528064522505932,5.710213924816274,21.0,0,-0.5280645225059324,21.526896264217424,20.5,21.5
417.0,21.187471506103037,21.56476488868413,5.711845232778318,21.0,0,-0.564764888684131,21.931768550466117,20.5,21.5
418.0,21.184376380848374,21.464744074097517,5.71347599863925,21.0,1,-0.46474407409751706,20.464535928231378,20.5,21.5
419.0,21.20128220077193,21.481545137337886,5.715106221157173,21.0,0,-0.4815451373378856,21.64955576974157,20.5,21.5
420.0,21.198184965576008,21.45147903924983,5.716735899090601,21.0,0,-0.45147903924982913,21.150818058369264,20.5,21.5
421.0,21.19508867576271,21.472903072849313,5.718365031198462,21.0,0,-0.4729030728493129,21.68714340884415,20.5,21.5
422.0,21.1919933310338,21.431263782136362,5.719993616240102,21.0,0,-0.4312637821363623,21.014870875006856,20.5,21.5
423.0,21.18889893109084,21.445353354230242,5.7216216529752835,21.0,0,-0.44535335423024236,21.586249075169043,20.5,21.5
424.0,21.185805475635217,21.44211351545024,5.723249140164184,21.0,0,-0.4421135154502416,21.409715127650234,20.5,21.5
425.0,21.182712964368122,21.450733978767445,5.724876076567403,21.0,0,-0.45073397876744536,21.536938611939483,20.5,21.5
426.0,21.179621396990562,21.464748003369778,5.726502460945957,21.0,0,-0.4647480033697775,21.6048882493931,20.5,21.5
427.0,21.176530773203353,21.55457196869694,5.728128292061283,21.0,0,-0.5545719686969406,22.45281162196857,20.5,21.5
428.0,21.173441092707126,21.605391726862198,5.729753568675239,21.0,0,-0.605391726862198,22.113589308514772,20.5,21.5
429.0,21.17035235520232,21.595407815850187,5.731378289550109,21.0,0,-0.5954078158501872,21.49556870573008,20.5,21.5
430.0,21.16726456038919,21.60154268592412,5.733002453448594,21.0,0,-0.6015426859241195,21.662891386663443,20.5,21.5
431.0,21.164177707967802,21.619319369132107,5.734626059133825,21.0,0,-0.6193193691321071,21.797086201211982,20.5,21.5
432.0,21.161091797638036,21.533526333318214,5.736249105369356,21.0,0,-0.5335263333182141,20.675595975179284,20.5,21.5
433.0,21.158006829099584,21.558521056027054,5.737871590919164,21.0,0,-0.5585210560270539,21.808468283115452,20.5,21.5
434.0,21.15492280205195,21.52445420757137,5.739493514547658,21.0,0,-0.5244542075713703,21.183785723014534,20.5,21.5
435.0,21.15183971619445,21.59747860514122,5.741114875019672,21.0,0,-0.5974786051412195,22.327722580839712,20.5,21.5
436.0,21.148757571226213,21.523985662208126,5.742735671100469,21.0,0,-0.5239856622081263,20.789056232877194,20.5,21.5
437.0,21.14567636684619,21.59819755721391,5.7443559015557435,21.0,0,-0.5981975572139113,22.340316507271762,20.5,21.5
438.0,21.14259610275313,21.51011748769455,5.745975565151618,21.0,0,-0.5101174876945507,20.629316792500944,20.5,21.5
439.0,21.13951677864561,21.59406642066719,5.747594660654649,21.0,0,-0.5940664206671897,22.43355575039358,20.5,21.5
440.0,21.13643839422201,21.54178142091005,5.749213186831824,21.0,0,-0.5417814209100484,21.018931423338636,20.5,21.5
441.0,21.133360949180535,21.50599250751068,5.750831142450566,21.0,0,-0.5059925075106797,21.148103373516992,20.5,21.5
442.0,21.13028444321919,21.43925842085743,5.752448526278731,21.0,0,-0.4392584208574313,20.771917554324947,20.5,21.5
443.0,21.1272088760358,21.515763673529353,5.7540653370846115,21.0,0,-0.5157636735293529,22.28081620024857,20.5,21.5
444.0,21.124134247328012,21.416261447210132,5.7556815736369344,21.0,1,-0.4162614472101325,20.421239184017928,20.5,21.5
445.0,21.141060556793274,21.39319953119899,5.757297234704866,21.0,1,-0.39319953119899154,21.162580371087582,20.5,21.5
446.0,21.157983804128857,21.491442266955456,5.75891231905801,21.0,0,-0.4914422669554561,22.473869624520102,20.5,21.5
447.0,21.154903989831844,21.493653267254338,5.7605268254664095,21.0,0,-0.4936532672543379,21.515763270243156,20.5,21.5
448.0,21.15182511439897,21.477817479624683,5.762140752700548,21.0,0,-0.477817479624683,21.319459603328134,20.5,21.5
449.0,21.14874717752663,21.552045357585477,5.763754099531349,21.0,0,-0.5520453575854773,22.29432413719342,20.5,21.5
450.0,21.145670178911033,21.499176461155997,5.765366864730179,21.0,0,-0.49917646115599723,20.970487496861196,20.5,21.5
451.0,21.142594118248198,21.47282641465484,5.766979047068848,21.0,0,-0.47282641465483977,21.209325949643265,20.5,21.5
452.0,21.139518995233963,21.518496896987678,5.768590645319607,21.0,0,-0.5184968969876778,21.975201720316058,20.5,21.5
453.0,21.13644480956398,21.506639117747447,5.770201658255156,21.0,0,-0.5066391177474472,21.38806132534514,20.5,21.5
454.0,21.133371560933718,21.45725515416439,5.771812084648637,21.0,0,-0.45725515416438967,20.963415518333814,20.5,21.5
455.0,21.130299249038462,21.522706777015934,5.7734219232736415,21.0,0,-0.5227067770159337,22.177223005531374,20.5,21.5
456.0,21.127227873573307,21.568048871839352,5.775031172904206,21.0,0,-0.5680488718393519,22.021469820073534,20.5,21.5
457.0,21.124157434233172,21.510738787580568,5.776639832314817,21.0,0,-0.5107387875805678,20.937637944992726,20.5,21.5
458.0,21.12108793071279,21.54023222295219,5.778247900280412,21.0,0,-0.5402322229521914,21.835166576668428,20.5,21.5
459.0,21.118019362706704,21.60489776339105,5.779855375576377,21.0,0,-0.6048977633910511,22.251553167779647,20.5,21.5
460.0,21.11495172990928,21.55914047729684,5.781462256978547,21.0,0,-0.5591404772968396,21.101567616354725,20.5,21.5
461.0,21.111885032014694,21.528637557409958,5.783068543263215,21.0,0,-0.528637557409958,21.223608358541142,20.5,21.5
462.0,21.108819268716942,21.480945042030463,5.784674233207123,21.0,0,-0.48094504203046284,21.00401988823551,20.5,21.5
463.0,21.10575443970984,21.420476896899693,5.786279325587468,21.0,0,-0.42047689689969303,20.815795445591995,20.5,21.5
464.0,21.102690544687018,21.4054838175789,5.787883819181902,21.0,0,-0.40548381757890084,21.25555302437098,20.5,21.5
465.0,21.099627583341917,21.422459436412176,5.789487712768534,21.0,0,-0.42245943641217565,21.592215624744924,20.5,21.5
466.0,21.096565555367803,21.366238542272914,5.79109100512593,21.0,0,-0.36623854227291375,20.804029600880295,20.5,21.5
467.0,21.093504460457755,21.442616672318223,5.792693695033112,21.0,0,-0.44261667231822344,22.20639797277132,20.5,21.5
468.0,21.09044429830467,21.41473295715632,5.794295781269561,21.0,0,-0.4147329571563212,21.1358958055373,20.5,21.5
469.0,21.087385068601264,21.320842094760394,5.79589726261522,21.0,1,-0.32084209476039405,20.381933470801123,20.5,21.5
470.0,21.104326771040068,21.350146774065227,5.797498137850493,21.0,0,-0.35014677406522665,21.643193567113553,20.5,21.5
471.0,21.10126540531343,21.39165342577048,5.79909840575624,21.0,0,-0.39165342577047824,21.806719942822994,20.5,21.5
472.0,21.098204971913518,21.359424495225753,5.80069806511379,21.0,0,-0.3594244952257526,21.037135189778496,20.5,21.5
473.0,21.095145470532156,21.375313512031944,5.802297114704932,21.0,0,-0.3753135120319442,21.53420368009386,20.5,21.5
474.0,21.09208690086099,21.44568628005384,5.8038955533119205,21.0,0,-0.4456862800538417,22.149413960272817,20.5,21.5
475.0,21.08902926259148,21.442249063487385,5.805493379717475,21.0,0,-0.4422490634873846,21.407876897822813,20.5,21.5
476.0,21.085972555414905,21.39339775462185,5.80709059270478,21.0,0,-0.39339775462185145,20.90488466596652,20.5,21.5
477.0,21.082916779022362,21.43380250911362,5.80868719105749,21.0,0,-0.43380250911361884,21.837850054031293,20.5,21.5
478.0,21.07986193310477,21.448783003117953,5.810283173559725,21.0,0,-0.4487830031179527,21.59858794316129,20.5,21.5
479.0,21.07680801735286,21.497709749223702,5.811878538996075,21.0,0,-0.49770974922370215,21.986977210281196,20.5,21.5
480.0,21.07375503145719,21.446950272478915,5.8134732861516,21.0,0,-0.44695027247891517,20.939355505031045,20.5,21.5
481.0,21.070702975108127,21.471560196407175,5.815067413811831,21.0,0,-0.47156019640717517,21.717659435689775,20.5,21.5
482.0,21.06765184799587,21.52958089162497,5.81666092076277,21.0,0,-0.5295808916249705,22.109787843802923,20.5,21.5
483.0,21.064601649810424,21.49331277394907,5.818253805790892,21.0,0,-0.49331277394907147,21.13063159719008,20.5,21.5
484.0,21.06155238024162,21.349914866520443,5.819846067683145,21.0,1,-0.349914866520443,19.91593579223416,20.5,21.5
485.0,21.07850403897911,21.421897189342992,5.821437705226955,21.0,0,-0.42189718934299236,22.141720417568486,20.5,21.5
486.0,21.07545262571236,21.44911851014575,5.823028717210217,21.0,0,-0.44911851014575177,21.721331718173346,20.5,21.5
487.0,21.07240214093066,21.363961898028528,5.82461910242131,21.0,0,-0.36396189802852774,20.512395776856287,20.5,21.5
488.0,21.069352584322957,21.34840703861524,5.826208859649084,21.0,0,-0.3484070386152389,21.19285844448235,20.5,21.5
489.0,21.06630395557802,21.384629019166056,5.827797987682869,21.0,0,-0.38462901916605574,21.746848824674224,20.5,21.5
490.0,21.06325625438444,21.297288456411337,5.829386485312478,21.0,1,-0.29728845641133717,20.42388282886415,20.5,21.5
491.0,21.08020948043063,21.261764743854112,5.830974351328199,21.0,1,-0.26176474385411197,20.90652761828186,20.5,21.5
492.0,21.097159633404807,21.293771240152733,5.8325615845208025,21.0,0,-0.2937712401527328,21.61383620313894,20.5,21.5
493.0,21.094106713795032,21.31720664958725,5.834148183681542,21.0,0,-0.31720664958724853,21.551560743932406,20.5,21.5
494.0,21.09105472208901,21.34248046179382,5.835734147602153,21.0,0,-0.3424804617938193,21.595218583859527,20.5,21.5
495.0,21.088003657974113,21.368122141993698,5.837319475074856,21.0,0,-0.3681221419936982,21.624538943992487,20.5,21.5
496.0,21.084953521137532,21.388354458367864,5.838904164892354,21.0,0,-0.3883544583678642,21.590677622109524,20.5,21.5
497.0,21.081904311266282,21.352626960444727,5.840488215847837,21.0,0,-0.3526269604447272,20.995351981213357,20.5,21.5
498.0,21.0788560280472,21.344860898098,5.842071626734982,21.0,0,-0.34486089809799836,21.26720027463071,20.5,21.5
499.0,21.075808671166936,21.395638764487625,5.843654396347952,21.0,0,-0.39563876448762514,21.903417428383893,20.5,21.5
500.0,21.07276224031197,21.364196010857846,5.8452365234813985,21.0,0,-0.3641960108578459,21.049768474560054,20.5,21.5
501.0,21.069716735168605,21.3451220957805,5.846818006930464,21.0,0,-0.3451220957804999,21.15438294500704,20.5,21.5
502.0,21.066672155422957,21.355793636572184,5.84839884549078,21.0,0,-0.35579363657218366,21.46250904448902,20.5,21.5
503.0,21.06362850076097,21.355389735971052,5.8499790379584695,21.0,0,-0.35538973597105183,21.351350729959734,20.5,21.5
504.0,21.06058577086841,21.349879177003924,5.851558583130146,21.0,0,-0.349879177003924,21.294773587332646,20.5,21.5
505.0,21.057543965430863,21.37380440863469,5.853137479802917,21.0,0,-0.37380440863469033,21.613056724942354,20.5,21.5
506.0,21.05450308413374,21.41600587133768,5.854715726774385,21.0,0,-0.4160058713376813,21.83802049836759,20.5,21.5
507.0,21.051463126662266,21.39389118622927,5.856293322842646,21.0,0,-0.39389118622926844,21.17274433514514,20.5,21.5
508.0,21.048424092701502,21.47583177115194,5.857870266806292,21.0,0,-0.47583177115194175,22.295237620378675,20.5,21.5
509.0,21.045385981936324,21.43665731337832,5.859446557464411,21.0,0,-0.43665731337831915,21.044912735642093,20.5,21.5
510.0,21.042348794051428,21.418957055262638,5.8610221936165905,21.0,0,-0.4189570552626378,21.241954474105825,20.5,21.5
511.0,21.03931252873134,21.418108196686365,5.8625971740629135,21.0,0,-0.4181081966863651,21.409619610923638,20.5,21.5
512.0,21.036277185660406,21.505947452444676,5.864171497603965,21.0,0,-0.5059474524446763,22.38434001002779,20.5,21.5
513.0,21.033242764522797,21.42041686977083,5.8657451630408275,21.0,0,-0.42041686977082904,20.565111043032356,20.5,21.5
514.0,21.0302092650025,21.323336184733712,5.867318169175088,21.0,1,-0.3233361847337122,20.352529334362544,20.5,21.5
515.0,21.047176686783335,21.30650029241574,5.868890514808834,21.0,1,-0.30650029241574117,21.13814136923603,20.5,21.5
516.0,21.06414102954894,21.273611842218955,5.870462198744655,21.0,1,-0.27361184221895485,20.94472734025109,20.5,21.5
517.0,21.081102293782777,21.214421752754895,5.872033219785646,21.0,1,-0.2144217527548946,20.622520858114292,20.5,21.5
518.0,21.098060479967977,21.29091332323575,5.8736035767354045,21.0,0,-0.29091332323574903,22.055829028044293,20.5,21.5
519.0,21.09501558858733,21.347085942915072,5.875173268398037,21.0,0,-0.3470859429150721,21.908812139708303,20.5,21.5
520.0,21.091971620123292,21.37301626196038,5.876742293578155,21.0,0,-0.3730162619603803,21.632319452413462,20.5,21.5
521.0,21.088928574257984,21.376830919087276,5.878310651080877,21.0,0,-0.3768309190872756,21.41497749035623,20.5,21.5
522.0,21.08588645067335,21.35972501282086,5.87987833971183,21.0,0,-0.35972501282086,21.188665950156704,20.5,21.5
523.0,21.082845249051157,21.32111378405253,5.881445358277152,21.0,0,-0.32111378405253177,20.93500149636925,20.5,21.5
524.0,21.079804969073002,21.31371164731916,5.88301170558349,21.0,0,-0.3137116473191597,21.23969027998544,20.5,21.5
525.0,21.076765610420306,21.332649622943784,5.884577380438002,21.0,0,-0.33264962294378364,21.522029379190023,20.5,21.5
526.0,21.07372717277431,21.274605462584915,5.88614238164836,21.0,0,-0.27460546258491547,20.694163858996234,20.5,21.5
527.0,21.070689655816082,21.336937620807287,5.887706708022744,21.0,0,-0.3369376208072872,21.960259203031004,20.5,21.5
528.0,21.067653059226522,21.329684444952083,5.889270358369855,21.0,0,-0.3296844449520826,21.257152686400037,20.5,21.5
529.0,21.06461738268635,21.451331732387768,5.890833331498904,21.0,0,-0.4513317323877679,22.66780460674462,20.5,21.5
530.0,21.061582625876113,21.48893524320004,5.892395626219617,21.0,0,-0.48893524320003934,21.864970351322754,20.5,21.5
531.0,21.05854878847618,21.544083033467867,5.8939572413422425,21.0,0,-0.5440830334678672,22.095560936146146,20.5,21.5
532.0,21.055515870166754,21.474099580986376,5.895518175677539,21.0,0,-0.47409958098637617,20.774265056171465,20.5,21.5
533.0,21.052483870627857,21.514896913077127,5.89707842803679,21.0,0,-0.514896913077127,21.922870233984636,20.5,21.5
534.0,21.049452789539338,21.40278665637536,5.898637997231793,21.0,1,-0.4027866563753584,20.28168408935767,20.5,21.5
535.0,21.066422626580877,21.350554065519113,5.90019688207487,21.0,1,-0.3505540655191126,20.828228156956655,20.5,21.5
536.0,21.083389381431974,21.31244286099684,5.9017550813788615,21.0,1,-0.31244286099683904,20.931330815774103,20.5,21.5
537.0,21.100353054571965,21.35973583873206,5.903312593957131,21.0,0,-0.3597358387320604,21.832665616084274,20.5,21.5
538.0,21.097313646479844,21.292570858296063,5.904869418623566,21.0,0,-0.2925708582960631,20.62092105393609,20.5,21.5
539.0,21.09427515763427,21.325072699668446,5.906425554192575,21.0,0,-0.3250726996684463,21.65009111339228,20.5,21.5
540.0,21.091237587713582,21.32854159985903,5.9079809994790935,21.0,0,-0.32854159985902953,21.36323060176486,20.5,21.5
541.0,21.088200936395936,21.362313389352835,5.9095357532985835,21.0,0,-0.36231338935283475,21.700031284290887,20.5,21.5
542.0,21.085165203359317,21.364910670230127,5.911089814467031,21.0,0,-0.36491067023012747,21.390883479003055,20.5,21.5
543.0,21.082130388281538,21.398248659659718,5.912643181800951,21.0,0,-0.3982486596597177,21.73162855395562,20.5,21.5
544.0,21.079096490840243,21.41282371572771,5.914195854117389,21.0,0,-0.41282371572771126,21.558574276407647,20.5,21.5
545.0,21.0760635107129,21.412967916900374,5.915747830233913,21.0,0,-0.4129679169003744,21.414409928627006,20.5,21.5
546.0,21.073031447576803,21.42743925107238,5.9172991089686295,21.0,0,-0.42743925107237857,21.57215259279242,20.5,21.5
547.0,21.07000030110908,21.325011151249022,5.918849689140171,21.0,1,-0.32501115124902213,20.300730153015458,20.5,21.5
548.0,21.086970070986684,21.3010066898254,5.920399569567703,21.0,1,-0.3010066898253996,21.060962075589174,20.5,21.5
549.0,21.1039367568864,21.233151589953973,5.921948749070925,21.0,1,-0.23315158995397312,20.55460059123971,20.5,21.5
550.0,21.12090035928484,21.204005152580372,5.923497226470068,21.0,1,-0.20400515258037188,20.91254077884436,20.5,21.5
551.0,21.137860878658277,21.17885173989406,5.9250450005859,21.0,1,-0.17885173989406056,20.927317613030947,20.5,21.5
552.0,21.15481831548266,21.33327060322589,5.926592070239724,21.0,0,-0.3332706032258912,22.877459236544198,20.5,21.5
553.0,21.151772670233612,21.347810415780646,5.928138434253378,21.0,0,-0.3478104157806463,21.493208541328197,20.5,21.5
554.0,21.148727943386415,21.37851274495698,5.929684091449239,21.0,0,-0.3785127449569785,21.6855360367203,20.5,21.5
555.0,21.14568413461603,21.44609236063014,5.931229040650223,21.0,0,-0.44609236063013924,22.121888517361747,20.5,21.5
556.0,21.142641243597236,21.427849858597945,5.932773280679783,21.0,0,-0.4278498585979449,21.245424838276,20.5,21.5
557.0,21.139599270004652,21.34086187973343,5.934316810361912,21.0,1,-0.3408618797334313,20.470982091088295,20.5,21.5
558.0,21.156558213512724,21.338253879992713,5.935859628521147,21.0,1,-0.3382538799927133,21.312173882585533,20.5,21.5
559.0,21.173514073795726,21.368371543627138,5.937401733982563,21.0,0,-0.36837154362713775,21.669548179971382,20.5,21.5
560.0,21.170466851327763,21.261786308896905,5.9389431255717815,21.0,1,-0.26178630889690524,20.19593396159458,20.5,21.5
561.0,21.18742054658261,21.34909449094159,5.940483802114964,21.0,0,-0.34909449094158873,22.222176311388424,20.5,21.5
562.0,21.184371159233716,21.365890770655565,5.94202376243882,21.0,0,-0.3658907706555645,21.533853567795322,20.5,21.5
563.0,21.181322689754357,21.404179058381043,5.943563005370601,21.0,0,-0.4041790583810432,21.78706193563583,20.5,21.5
564.0,21.17827513781748,21.492985472510828,5.945101529738108,21.0,0,-0.4929854725108278,22.381049613808674,20.5,21.5
565.0,21.175228503095862,21.550011286308028,5.946639334369687,21.0,0,-0.5500112863080275,22.120269424280025,20.5,21.5
566.0,21.172182785262116,21.512643819312203,5.948176418094232,21.0,0,-0.5126438193122027,21.138969149353954,20.5,21.5
567.0,21.169137983988684,21.4542493410367,5.949712779741189,21.0,0,-0.4542493410367001,20.870304558281674,20.5,21.5
568.0,21.166094098947834,21.44560552559791,5.95124841814055,21.0,0,-0.4456055255979088,21.359167371209995,20.5,21.5
569.0,21.163051129811674,21.344312157626867,5.952783332122861,21.0,1,-0.3443121576268666,20.331378477916445,20.5,21.5
570.0,21.180009076252137,21.31762858011363,5.954317520519217,21.0,1,-0.31762858011363093,21.050792804981274,20.5,21.5
571.0,21.19696393794099,21.335703699652065,5.955850982161267,21.0,0,-0.3357036996520648,21.516454895036404,20.5,21.5
572.0,21.19391571534983,21.42125980383968,5.957383715881214,21.0,0,-0.4212598038396784,22.276820845715815,20.5,21.5
573.0,21.19086840894994,21.44596685119749,5.958915720511813,21.0,0,-0.4459668511974897,21.693037324775602,20.5,21.5
574.0,21.187822018412252,21.49542556795472,5.960446994886378,21.0,0,-0.4954255679547188,21.99001273552701,20.5,21.5
575.0,21.184776543407548,21.655003575600404,5.961977537838775,21.0,0,-0.6550035756004036,23.25078365205725,20.5,21.5
576.0,21.181731983606433,21.68663174303463,5.96350734820343,21.0,0,-0.6866317430346314,22.00291341737691,20.5,21.5
577.0,21.17868833867935,21.618244009066434,5.9650364248153265,21.0,0,-0.6182440090664336,20.934366669384456,20.5,21.5
578.0,21.175645608296577,21.661413495364748,5.966564766510005,21.0,0,-0.6614134953647479,22.09310835834789,20.5,21.5
579.0,21.17260379212822,21.65709088846781,5.968092372123566,21.0,0,-0.6570908884678097,21.613864819498428,20.5,21.5
580.0,21.16956288984422,21.564807236935593,5.969619240492674,21.0,0,-0.564807236935593,20.641970721613426,20.5,21.5
581.0,21.166522901114348,21.516044667914638,5.9711453704545505,21.0,0,-0.5160446679146382,21.02841897770509,20.5,21.5
582.0,21.163483825608218,21.537976500473633,5.972670760846981,21.0,0,-0.5379765004736328,21.75729482606358,20.5,21.5
583.0,21.160445662995265,21.47782570882335,5.974195410508315,21.0,0,-0.4778257088233495,20.876317792320517,20.5,21.5
584.0,21.15740841294477,21.45858417672454,5.9757193182774655,21.0,0,-0.4585841767245391,21.266168855736435,20.5,21.5
585.0,21.154372075125835,21.477274222550697,5.97724248299391,21.0,0,-0.4772742225506974,21.66417468081228,20.5,21.5
586.0,21.15133664920741,21.41418718506406,5.978764903497693,21.0,0,-0.4141871850640584,20.783316810197668,20.5,21.5
587.0,21.148302134858266,21.399434394993346,5.980286578629424,21.0,0,-0.3994343949933459,21.25190649428622,20.5,21.5
588.0,21.14526853174702,21.44501862270729,5.981807507230282,21.0,0,-0.4450186227072912,21.900860899846744,20.5,21.5
589.0,21.142235839542117,21.522990838078584,5.983327688142013,21.0,0,-0.5229908380785844,22.302712991791516,20.5,21.5
590.0,21.139204057911837,21.368554434701846,5.984847120206934,21.0,1,-0.3685544347018457,19.82419040093446,20.5,21.5
591.0,21.156173186524295,21.368475373897866,5.986365802267931,21.0,1,-0.36847537389786567,21.367684765858066,20.5,21.5
592.0,21.173139225047443,21.37302734690156,5.987883733168462,21.0,1,-0.3730273469015586,21.418547076938488,20.5,21.5
593.0,21.190102173949068,21.34753384574443,5.989400911752556,21.0,1,-0.34753384574442947,21.09259883417314,20.5,21.5
594.0,21.20706203369663,21.267889140337196,5.990917336864815,21.0,1,-0.26788914033719635,20.471442086264865,20.5,21.5
595.0,21.224018804757264,21.391880921450188,5.992433007350416,21.0,0,-0.3918809214501877,22.6317987325801,20.5,21.5
596.0,21.220972487597784,21.509440176372173,5.993947922055111,21.0,0,-0.5094401763721734,22.68503272559203,20.5,21.5
597.0,21.217927082684675,21.563103622221366,5.9954620798252245,21.0,0,-0.5631036222213659,22.09973808071329,20.5,21.5
598.0,21.214882589684102,21.485422349438384,5.99697547950766,21.0,0,-0.4854223494383838,20.708609621608563,20.5,21.5
599.0,21.211839008262068,21.54188197408514,5.9984881199499,21.0,0,-0.5418819740851397,22.1064782205527,20.5,21.5
600.0,21.208796338084404,21.574333108303758,6.0,21.0,0,-0.5743331083037582,21.898844450489943,20.5,21.5
601.0,21.205754578816787,21.530564209193603,6.001511118506599,21.0,0,-0.5305642091936029,21.09287521809205,20.5,21.5
602.0,21.202713730124724,21.509857122941895,6.003021474318914,21.0,0,-0.5098571229418951,21.302786260424817,20.5,21.5
603.0,21.199673791673565,21.515800973608197,6.004531066286745,21.0,0,-0.5158009736081972,21.575239480271218,20.5,21.5
604.0,21.196634763128486,21.4059262758636,6.0060398932604695,21.0,1,-0.40592627586359953,20.307179298417623,20.5,21.5
605.0,21.213596644154514,21.36327394715809,6.007547954091052,21.0,1,-0.36327394715808836,20.936750660102977,20.5,21.5
606.0,21.2305554344165,21.37834707216077,6.009055247630038,21.0,0,-0.37834707216077135,21.5290783221876,20.5,21.5
607.0,21.227511134379146,21.46435208400114,6.010561772729559,21.0,0,-0.46435208400113837,22.32440220240481,20.5,21.5
608.0,21.224467744506814,21.488967263698395,6.012067528242327,21.0,0,-0.48896726369839527,21.735119060670964,20.5,21.5
609.0,21.221425264463562,21.554388620709524,6.013572513021648,21.0,0,-0.5543886207095241,22.208602190820812,20.5,21.5
610.0,21.218383693913275,21.602770301743067,6.015076725921408,21.0,0,-0.6027703017430674,22.0865871120785,20.5,21.5
611.0,21.215343032519677,21.613934919672147,6.016580165796085,21.0,0,-0.6139349196721469,21.72558109896294,20.5,21.5
612.0,21.212303279946333,21.48678486645527,6.018082831500743,21.0,1,-0.4867848664552703,20.215284334286505,20.5,21.5
613.0,21.229264435856646,21.493775057751574,6.019584721891037,21.0,0,-0.4937750577515736,21.563676970714607,20.5,21.5
614.0,21.226222499913852,21.483746769030432,6.021085835823211,21.0,0,-0.48374676903043223,21.38346388181902,20.5,21.5
615.0,21.223181472581036,21.432868710655633,6.022586172154104,21.0,0,-0.43286871065563304,20.92408812690764,20.5,21.5
616.0,21.22014135352095,21.430458988163902,6.024085729741143,21.0,0,-0.4304589881639025,21.406361763246597,20.5,21.5
617.0,21.217102142396197,21.506677926830715,6.02558450744235,21.0,0,-0.5066779268307151,22.26886731349884,20.5,21.5
618.0,21.214063838869205,21.48051360727129,6.02708250411634,21.0,0,-0.4805136072712912,21.218870411677052,20.5,21.5
619.0,21.211026442602254,21.483982673931358,6.028579718622325,21.0,0,-0.48398267393135797,21.518673340532025,20.5,21.5
620.0,21.207989953257457,21.47899483897569,6.0300761498201085,21.0,0,-0.47899483897569084,21.42911648941902,20.5,21.5
621.0,21.20495437049677,21.456965109115096,6.031571796570095,21.0,0,-0.4569651091150959,21.236667810509147,20.5,21.5
622.0,21.20191969398198,21.408281629306334,6.033066657733284,21.0,0,-0.4082816293063338,20.921446831218713,20.5,21.5
623.0,21.198885923374732,21.44574959411997,6.034560732171273,21.0,0,-0.4457495941199703,21.820429242256335,20.5,21.5
624.0,21.195853058336493,21.413295480166916,6.036054018746261,21.0,0,-0.41329548016691575,21.08875434063637,20.5,21.5
625.0,21.192821098528576,21.49896058004204,6.037546516321043,21.0,0,-0.49896058004204136,22.355611578793297,20.5,21.5
626.0,21.189790043612135,21.502134184485417,6.039038223759019,21.0,0,-0.502134184485417,21.533870228919174,20.5,21.5
627.0,21.186759893248166,21.53595192124585,6.040529139924188,21.0,0,-0.5359519212458501,21.87412928885018,20.5,21.5
628.0,21.1837306470975,21.52002416810316,6.042019263681153,21.0,0,-0.5200241681031592,21.36074663667625,20.5,21.5
629.0,21.18070230482082,21.49235643521812,6.043508593895119,21.0,0,-0.4923564352181202,21.21567910636773,20.5,21.5
630.0,21.177674866078632,21.45235373470871,6.044997129431898,21.0,0,-0.45235373470870854,21.05232672961459,20.5,21.5
631.0,21.1746483305313,21.421647011904724,6.046484869157903,21.0,0,-0.4216470119047244,21.114579783864883,20.5,21.5
632.0,21.171622697839027,21.44004512343053,6.047971811940158,21.0,0,-0.4400451234305294,21.62402623868858,20.5,21.5
633.0,21.168597967661846,21.477250984720644,6.04945795664629,21.0,0,-0.4772509847206443,21.849309597621794,20.5,21.5
634.0,21.165574139659643,21.555252629044645,6.050943302144535,21.0,0,-0.5552526290446451,22.335269072284653,20.5,21.5
635.0,21.16255121349214,21.54421190620747,6.052427847303739,21.0,0,-0.5442119062074688,21.433804677835706,20.5,21.5
636.0,21.1595291888189,21.549044292844847,6.053911590993355,21.0,0,-0.5490442928448473,21.597368159218632,20.5,21.5
637.0,21.156508065299334,21.433341357573713,6.055394532083448,21.0,1,-0.4333413575737133,20.276312004862373,20.5,21.5
638.0,21.173487842592692,21.416727153462,6.056876669444694,21.0,1,-0.4167271534619985,21.25058511234485,20.5,21.5
639.0,21.190464520358063,21.40615649638847,6.058358001948381,21.0,1,-0.4061564963884692,21.300449925653176,20.5,21.5
640.0,21.207438099054382,21.36138932815732,6.059838528466409,21.0,1,-0.36138932815731906,20.913717645845818,20.5,21.5
641.0,21.224408579140263,21.40021071883509,6.061318247871295,21.0,0,-0.4002107188350905,21.788424625612805,20.5,21.5
642.0,21.22137596107401,21.45468950154234,6.062797159036165,21.0,0,-0.4546895015423402,21.999477328614837,20.5,21.5
643.0,21.218344245313602,21.45248980030545,6.064275260834767,21.0,0,-0.4524898003054503,21.43049278793655,20.5,21.5
644.0,21.215313431516705,21.472809078578223,6.0657525521414595,21.0,0,-0.47280907857822285,21.67600186130595,20.5,21.5
645.0,21.21228351934083,21.46437967622399,6.067229031831223,21.0,0,-0.46437967622399157,21.38008565268168,20.5,21.5
646.0,21.209254508443326,21.492092809833995,6.068704698779653,21.0,0,-0.49209280983399495,21.76922414593403,20.5,21.5
647.0,21.206226398481395,21.49351797290178,6.070179551862964,21.0,0,-0.4935179729017811,21.507769603579643,20.5,21.5
648.0,21.20319918911207,21.533975776280037,6.071653589957993,21.0,0,-0.5339757762800375,21.9385538100626,20.5,21.5
649.0,21.200172879992238,21.53331624506969,6.0731268119421955,21.0,0,-0.5333162450696918,21.526720932966235,20.5,21.5
650.0,21.197147470778628,21.526407013875108,6.074599216693647,21.0,0,-0.526407013875108,21.45731470192927,20.5,21.5
651.0,21.19412296112781,21.520105610480808,6.07607080309105,21.0,0,-0.5201056104808082,21.45709157653781,20.5,21.5
652.0,21.191099350696202,21.50477290749121,6.077541570013726,21.0,0,-0.5047729074912084,21.35144587759521,20.5,21.5
653.0,21.188076639140064,21.434710336933215,6.079011516341622,21.0,0,-0.4347103369332146,20.734084631353277,20.5,21.5
654.0,21.185054826115504,21.358096134787107,6.08048064095531,21.0,0,-0.35809613478710745,20.591954113326036,20.5,21.5
655.0,21.182033911278474,21.435213720404036,6.081948942735988,21.0,0,-0.43521372040403605,22.206389576573322,20.5,21.5
656.0,21.179013894284765,21.3078409910883,6.083416420565479,21.0,1,-0.30784099108830176,20.03411369793096,20.5,21.5
657.0,21.19599477479002,21.330581734842045,6.084883073326237,21.0,0,-0.33058173484204545,21.557989172379482,20.5,21.5
658.0,21.192972552449728,21.38047393727887,6.086348899901341,21.0,0,-0.3804739372788717,21.879395961647134,20.5,21.5
659.0,21.189951227719217,21.436917771303815,6.087813899174501,21.0,0,-0.4369177713038148,22.001356111553246,20.5,21.5
660.0,21.186930800253506,21.368788848593493,6.089278070030054,21.0,0,-0.3687888485934927,20.68749962149027,20.5,21.5
661.0,21.183911269707462,21.46240366192744,6.0907414113529725,21.0,0,-0.4624036619274392,22.398551795266904,20.5,21.5
662.0,21.18089263573579,21.43178042764894,6.092203922028858,21.0,0,-0.4317804276489383,21.12554808486393,20.5,21.5
663.0,21.17787489799305,21.512689356866552,6.093665600943945,21.0,0,-0.5126893568665523,22.32177864904269,20.5,21.5
664.0,21.17485805613364,21.408605742436357,6.0951264469851,21.0,1,-0.4086057424363574,20.36776959813441,20.5,21.5
665.0,21.191842109811812,21.43780704041442,6.096586459039828,21.0,0,-0.43780704041441965,21.729820020195042,20.5,21.5
666.0,21.18882305868166,21.418973850783953,6.098045635996264,21.0,0,-0.4189738507839529,21.230641954479285,20.5,21.5
667.0,21.185804903197123,21.457232532095393,6.099503976743181,21.0,0,-0.45723253209539294,21.839819345209794,20.5,21.5
668.0,21.18278764301183,21.303343179923864,6.100961480169991,21.0,1,-0.30334317992386417,19.764449658208576,20.5,21.5
669.0,21.199771277779263,21.402242989952803,6.102418145166741,21.0,0,-0.4022429899528035,22.391241090242197,20.5,21.5
670.0,21.19675180715274,21.50333959494372,6.103873970624116,21.0,0,-0.5033395949437214,22.5143056448529,20.5,21.5
671.0,21.193733231585433,21.545879337796645,6.105328955433444,21.0,0,-0.5458793377966451,21.971276766325882,20.5,21.5
672.0,21.190715550730204,21.540416772587868,6.106783098486688,21.0,0,-0.5404167725878679,21.485791120500096,20.5,21.5
673.0,21.187698764239755,21.600855403613522,6.108236398676457,21.0,0,-0.6008554036135223,22.205241713870066,20.5,21.5
674.0,21.184682871766643,21.5695347688293,6.109688854895999,21.0,0,-0.5695347688292998,21.256328420987074,20.5,21.5
675.0,21.18166787296327,21.429546697148577,6.111140466039204,21.0,1,-0.4295466971485773,20.029665980341353,20.5,21.5
676.0,21.198653767481886,21.399864310581354,6.11259123100061,21.0,1,-0.3998643105813535,21.103040444909116,20.5,21.5
677.0,21.21563655497459,21.360318622508267,6.114041148675393,21.0,1,-0.36031862250826663,20.964861741777398,20.5,21.5
678.0,21.23261623589333,21.367350573074905,6.11549021795938,21.0,1,-0.36735057307490493,21.437670078741288,20.5,21.5
679.0,21.249592810689744,21.402749311664316,6.116938437749042,21.0,0,-0.4027493116643157,21.756736697558424,20.5,21.5
680.0,21.246566279815156,21.422337147664983,6.118385806941494,21.0,0,-0.4223371476649831,21.618215507671657,20.5,21.5
681.0,21.243540643720582,21.466046281675208,6.119832324434503,21.0,0,-0.466046281675208,21.903137621777457,20.5,21.5
682.0,21.240515902056725,21.42684759664714,6.121277989126483,21.0,0,-0.4268475966471392,21.03486074636645,20.5,21.5
683.0,21.23749205447414,21.43734971670322,6.122722799916498,21.0,0,-0.43734971670322054,21.542370917264034,20.5,21.5
684.0,21.234469100623226,21.460698456567734,6.124166755704261,21.0,0,-0.46069845656773367,21.694185855212865,20.5,21.5
685.0,21.231447040154244,21.48638687661209,6.125609855390137,21.0,0,-0.4863868766120909,21.743271077055663,20.5,21.5
686.0,21.228425872717292,21.513244215621786,6.1270520978751435,21.0,0,-0.5132442156217856,21.781817605718732,20.5,21.5
687.0,21.22540559796232,21.63749209308402,6.128493482060948,21.0,0,-0.6374920930840204,22.87997086770637,20.5,21.5
688.0,21.222386215539142,21.66698376906083,6.129934006849876,21.0,0,-0.6669837690608311,21.961900528828938,20.5,21.5
689.0,21.219367725097406,21.596073391311727,6.131373671144904,21.0,0,-0.5960733913117267,20.886969613820682,20.5,21.5
690.0,21.216350126286617,21.707294780081284,6.132812473849666,21.0,0,-0.7072947800812841,22.81950866777686,20.5,21.5
691.0,21.21333341875613,21.631535292125882,6.1342504138684495,21.0,0,-0.6315352921258821,20.873940412571862,20.5,21.5
692.0,21.21031760215515,21.589240831952395,6.135687490106203,21.0,0,-0.5892408319523952,21.166296230217526,20.5,21.5
693.0,21.20730267613274,21.54120437453127,6.137123701468528,21.0,0,-0.5412043745312687,21.060839800320004,20.5,21.5
694.0,21.204288640337808,21.566637151031383,6.138559046861689,21.0,0,-0.566637151031383,21.820964916032526,20.5,21.5
695.0,21.20127549441911,21.414328747083204,6.139993525192606,21.0,1,-0.41432874708320355,19.89124470760141,20.5,21.5
696.0,21.218263238025266,21.383572466830564,6.141427135368863,21.0,1,-0.38357246683056445,21.076009664304173,20.5,21.5
697.0,21.235247870804734,21.473912333193994,6.1428598762987034,21.0,0,-0.4739123331939936,22.377310996828285,20.5,21.5
698.0,21.232229393205834,21.504094840947694,6.1442917468910325,21.0,0,-0.504094840947694,21.805919918484697,20.5,21.5
699.0,21.22921180567657,21.55746866143271,6.145722746055418,21.0,0,-0.5574686614327113,22.091206866282885,20.5,21.5
700.0,21.226195107864648,21.65871874167988,6.147152872702092,21.0,0,-0.6587187416798805,22.671219544151572,20.5,21.5
701.0,21.223179299417616,21.686279637501137,6.148582125741951,21.0,0,-0.6862796375011371,21.961888595713702,20.5,21.5
702.0,21.22016437998288,21.63080805659525,6.150010504086557,21.0,0,-0.6308080565952494,21.076092247536373,20.5,21.5
703.0,21.2171503492077,21.624968187802036,6.151438006648137,21.0,0,-0.6249681878020361,21.566569499869903,20.5,21.5
704.0,21.21413720673919,21.61914307070579,6.152864632339586,21.0,0,-0.619143070705789,21.560891899743318,20.5,21.5
705.0,21.21112495222431,21.555425010951264,6.1542903800744675,21.0,0,-0.5554250109512644,20.91824441340602,20.5,21.5
706.0,21.20811358530988,21.577436826166302,6.15571524876701,21.0,0,-0.5774368261663021,21.79755497831668,20.5,21.5
707.0,21.20510310564257,21.597824328776404,6.157139237332117,21.0,0,-0.5978243287764045,21.801699354877428,20.5,21.5
708.0,21.20209351286891,21.562715480959174,6.1585623446853575,21.0,0,-0.5627154809591737,21.211627002786866,20.5,21.5
709.0,21.199084806635273,21.53855773928003,6.159984569742974,21.0,0,-0.53855773928003,21.296980322488594,20.5,21.5
710.0,21.196076986587894,21.514960388820498,6.1614059114218795,21.0,0,-0.5149603888204979,21.278986884225176,20.5,21.5
711.0,21.19307005237286,21.504231045635677,6.162826368639661,21.0,0,-0.5042310456356773,21.396937613787472,20.5,21.5
712.0,21.190064003636113,21.41027717055069,6.164245940314579,21.0,1,-0.4102771705506889,20.470738419700805,20.5,21.5
713.0,21.20705884002345,21.42468075182127,6.165664625365567,21.0,0,-0.4246807518212705,21.568716564527087,20.5,21.5
714.0,21.20405056118052,21.4581516630799,6.167082422712235,21.0,0,-0.4581516630798994,21.79286077566619,20.5,21.5
715.0,21.201043167552825,21.458441339786184,6.168499331274869,21.0,0,-0.45844133978618373,21.461338106849027,20.5,21.5
716.0,21.19803665878557,21.423158064371925,6.169915349974431,21.0,0,-0.4231580643719255,21.070325310229343,20.5,21.5
717.0,21.195031034523804,21.441669323287122,6.171330477732561,21.0,0,-0.4416693232871225,21.626781912439093,20.5,21.5
718.0,21.192026294412447,21.44452467248501,6.1727447134715785,21.0,0,-0.4445246724850094,21.473078164463878,20.5,21.5
719.0,21.18902243809626,21.47567730386565,6.17415805611448,21.0,0,-0.4756773038656483,21.787203617672038,20.5,21.5
720.0,21.186019465219864,21.55524712582802,6.175570504584947,21.0,0,-0.5552471258280214,22.350945345451752,20.5,21.5
721.0,21.183017375427738,21.630835650151873,6.176982057807334,21.0,0,-0.630835650151873,22.38672089339039,20.5,21.5
722.0,21.180016168364215,21.75585929878722,6.178392714706684,21.0,0,-0.7558592987872217,23.006095785140708,20.5,21.5
723.0,21.177015843673484,21.735787712215377,6.179802474208721,21.0,0,-0.7357877122153766,21.535071846496926,20.5,21.5
724.0,21.17401640099959,21.713105331910356,6.181211335239851,21.0,0,-0.7131053319103557,21.486281528860147,20.5,21.5
725.0,21.17101783998644,21.677988535691313,6.1826192967271645,21.0,0,-0.6779885356913127,21.326820573500882,20.5,21.5
726.0,21.168020160277788,21.689620590633556,6.184026357598439,21.0,0,-0.689620590633556,21.80594114005599,20.5,21.5
727.0,21.165023361517253,21.601625106726765,6.185432516782136,21.0,0,-0.6016251067267646,20.72167026765885,20.5,21.5
728.0,21.162027443348308,21.63439361353183,6.186837773207403,21.0,0,-0.6343936135318309,21.962078681582494,20.5,21.5
729.0,21.15903240541428,21.655493496803434,6.188242125804077,21.0,0,-0.6554934968034338,21.866492329519463,20.5,21.5
730.0,21.156038247358357,21.624343909789197,6.189645573502682,21.0,0,-0.6243439097891965,21.312848039646823,20.5,21.5
731.0,21.153044968823586,21.546445471613673,6.191048115234433,21.0,0,-0.5464454716136729,20.767461089858436,20.5,21.5
732.0,21.150052569452868,21.523272687734426,6.192449749931232,21.0,0,-0.5232726877344263,21.29154484894196,20.5,21.5
733.0,21.147061048888965,21.56198048173506,6.1938504765256726,21.0,0,-0.5619804817350591,21.949058421741388,20.5,21.5
734.0,21.144070406774492,21.518477458492463,6.195250293951043,21.0,0,-0.5184774584924625,21.083447226066497,20.5,21.5
735.0,21.141080642751927,21.554489842038862,6.196649201141318,21.0,0,-0.554489842038862,21.914613677502857,20.5,21.5
736.0,21.138091756463606,21.53080450643011,6.198047197031172,21.0,0,-0.5308045064301083,21.293951150342572,20.5,21.5
737.0,21.13510374755172,21.560491314375835,6.199444280555968,21.0,0,-0.5604913143758345,21.857359393833097,20.5,21.5
738.0,21.132116615658322,21.40414844848207,6.200840450651768,21.0,1,-0.40414844848206855,19.84071978954441,20.5,21.5
739.0,21.14913036042532,21.293552862527356,6.202235706255326,21.0,1,-0.29355286252735624,20.187597002980233,20.5,21.5
740.0,21.166140981494486,21.20567847557995,6.203630046304096,21.0,1,-0.20567847557995123,20.3269346061059,20.5,21.5
741.0,21.183148479307448,21.27632517492573,6.2050234697362265,21.0,0,-0.2763251749257307,21.982792168383526,20.5,21.5
742.0,21.180152854305533,21.213158357123252,6.206415975490565,21.0,0,-0.21315835712325182,20.581490179098463,20.5,21.5
743.0,21.17715810692977,21.229684585012702,6.207807562506657,21.0,0,-0.22968458501270206,21.394946863907204,20.5,21.5
744.0,21.174164236820886,21.285787122029493,6.209198229724749,21.0,0,-0.2857871220294932,21.846812492197405,20.5,21.5
745.0,21.171171243619465,21.266959228066046,6.2105879760857885,21.0,0,-0.266959228066046,21.078680288431574,20.5,21.5
746.0,21.16817912696596,21.26921818812621,6.211976800531422,21.0,0,-0.2692181881262101,21.29180778872785,20.5,21.5
747.0,21.16518788650067,21.331779331883062,6.213364702003999,21.0,0,-0.3317793318830624,21.957390769451585,20.5,21.5
748.0,21.16219752186377,21.479914236576967,6.214751679446573,21.0,0,-0.47991423657696686,22.96126328351601,20.5,21.5
749.0,21.159208032695286,21.500185374391904,6.216137731802901,21.0,0,-0.5001853743919042,21.702896752541278,20.5,21.5
750.0,21.156219418635107,21.524299332942356,6.217522858017441,21.0,0,-0.5242993329423555,21.76543891844687,20.5,21.5
751.0,21.153231679322985,21.448154885681372,6.218907057035362,21.0,0,-0.4481548856813724,20.68671041307154,20.5,21.5
752.0,21.150244814398526,21.4756231792172,6.220290327802536,21.0,0,-0.47562317921720165,21.750306114575494,20.5,21.5
753.0,21.147258823501208,21.449749516343115,6.22167266926554,21.0,0,-0.44974951634311466,21.191012887602245,20.5,21.5
754.0,21.14427370627036,21.444697618380538,6.2230540803716625,21.0,0,-0.44469761838053756,21.394178638754767,20.5,21.5
755.0,21.14128946234518,21.44784273093719,6.224434560068898,21.0,0,-0.4478427309371895,21.47929385650371,20.5,21.5
756.0,21.138306091364726,21.534724977518604,6.225814107305953,21.0,0,-0.5347249775186036,22.403547443332744,20.5,21.5
757.0,21.135323592967914,21.51614451757846,6.227192721032241,21.0,0,-0.5161445175784607,21.33033991817703,20.5,21.5
758.0,21.132341966793526,21.459358536610342,6.228570400197887,21.0,0,-0.45935853661034187,20.891498726929154,20.5,21.5
759.0,21.129361212480205,21.470477006194095,6.229947143753728,21.0,0,-0.4704770061940948,21.581661702031624,20.5,21.5
760.0,21.12638132966646,21.51428825080463,6.231322950651316,21.0,0,-0.5142882508046291,21.952400696909972,20.5,21.5
761.0,21.12340231799066,21.4751284511141,6.2326978198429135,21.0,0,-0.47512845111409874,21.083530454208795,20.5,21.5
762.0,21.12042417709103,21.426473930494048,6.2340717502814975,21.0,0,-0.4264739304940477,20.939928724293537,20.5,21.5
763.0,21.117446906605668,21.40598613877365,6.23544474092076,21.0,0,-0.405986138773649,21.201108221569662,20.5,21.5
764.0,21.11447050617253,21.407087329738665,6.236816790715109,21.0,0,-0.40708732973866546,21.41809923938883,20.5,21.5
765.0,21.111494975429437,21.437852423119885,6.2381878986196675,21.0,0,-0.43785242311988526,21.745503356932083,20.5,21.5
766.0,21.108520314014076,21.428419301651214,6.23955806359028,21.0,0,-0.4284193016512141,21.334088086964503,20.5,21.5
767.0,21.10554652156399,21.38087088932874,6.240927284583504,21.0,0,-0.38087088932874025,20.905386766104,20.5,21.5
768.0,21.102573597716596,21.381361496343107,6.24229556055662,21.0,0,-0.3813614963431071,21.386267566486776,20.5,21.5
769.0,21.099601542109163,21.376666434955375,6.2436628904676255,21.0,0,-0.376666434955375,21.329715821078054,20.5,21.5
770.0,21.096630354378835,21.273215881208607,6.2450292732752395,21.0,1,-0.27321588120860696,20.238710343740927,20.5,21.5
771.0,21.113660034162613,21.264578993727376,6.246394707938901,21.0,1,-0.26457899372737614,21.178210118915068,20.5,21.5
772.0,21.13068658109737,21.324076410391243,6.247759193418772,21.0,0,-0.3240764103912426,21.919050577029907,20.5,21.5
773.0,21.12770999561983,21.37408504416381,6.249122728675739,21.0,0,-0.3740850441638095,21.87417138188948,20.5,21.5
774.0,21.124734278166443,21.33048239042369,6.25048531267141,21.0,0,-0.33048239042368976,20.894455853022492,20.5,21.5
775.0,21.121759428373345,21.41060752981933,6.251846944368118,21.0,0,-0.41060752981933035,22.211858923775736,20.5,21.5
776.0,21.118785445876544,21.36055367125567,6.253207622728921,21.0,0,-0.3605536712556692,20.860015085619057,20.5,21.5
777.0,21.115812330311915,21.317662484051077,6.254567346717603,21.0,0,-0.3176624840510769,20.888750612005154,20.5,21.5
778.0,21.112840081315195,21.333710790846844,6.255926115298676,21.0,0,-0.33371079084684396,21.494193858804515,20.5,21.5
779.0,21.109868698521993,21.411504626050974,6.257283927437378,21.0,0,-0.4115046260509736,22.18944297809227,20.5,21.5
780.0,21.106898181567775,21.393791466944702,6.258640782099675,21.0,0,-0.3937914669447018,21.216659875881984,20.5,21.5
781.0,21.10392853008788,21.431223949308183,6.259996678252264,21.0,0,-0.4312239493081833,21.805548772943,20.5,21.5
782.0,21.100959743717514,21.456204580274118,6.261351614862573,21.0,0,-0.45620458027411814,21.706010889933467,20.5,21.5
783.0,21.097991822091743,21.386889518708784,6.262705590898755,21.0,0,-0.3868895187087844,20.693738903055447,20.5,21.5
784.0,21.095024764845505,21.325788475609908,6.264058605329701,21.0,0,-0.3257884756099081,20.714778044621145,20.5,21.5
785.0,21.092058571613602,21.409475908732567,6.265410657125032,21.0,0,-0.409475908732567,22.246350239959156,20.5,21.5
786.0,21.089093242030703,21.49898807106586,6.2667617452551,21.0,0,-0.49898807106585963,22.394109694398786,20.5,21.5
787.0,21.086128775731346,21.45323430338776,6.268111868690994,21.0,0,-0.4532343033877595,20.995696626606758,20.5,21.5
788.0,21.08316517234994,21.42963845028639,6.269461026404535,21.0,0,-0.42963845028639014,21.193679919272697,20.5,21.5
789.0,21.08020243152075,21.47858247774159,6.2708092173682815,21.0,0,-0.4785824777415897,21.968022752293585,20.5,21.5
790.0,21.077240552877917,21.34273816543909,6.272156440555528,21.0,1,-0.34273816543909064,19.9842950424141,20.5,21.5
791.0,21.094279536055453,21.27579322614406,6.273502694940304,21.0,1,-0.2757932261440601,20.606343833193755,20.5,21.5
792.0,21.11131538068723,21.30487024531077,6.2748479794973795,21.0,0,-0.3048702453107701,21.59564043697787,20.5,21.5
793.0,21.10834808720699,21.366395861822546,6.276192293202261,21.0,0,-0.36639586182254646,21.98165202694031,20.5,21.5
794.0,21.10538165604819,21.337532804493645,6.277535635031195,21.0,0,-0.33753280449364453,21.048902231204625,20.5,21.5
795.0,21.102416086843988,21.359164419102193,6.27887800396117,21.0,0,-0.35916441910219277,21.575480565187675,20.5,21.5
796.0,21.09945137922741,21.330137388054293,6.280219398969911,21.0,0,-0.33013738805429327,21.0398670775753,20.5,21.5
797.0,21.096487532831357,21.308536486563163,6.2815598190358894,21.0,0,-0.30853648656316324,21.092527471651863,20.5,21.5
798.0,21.0935245472886,21.27005424668922,6.282899263138315,21.0,0,-0.2700542466892202,20.88523184794979,20.5,21.5
799.0,21.09056242223177,21.29175310207151,6.2842377302571455,21.0,0,-0.2917531020715103,21.50874165589441,20.5,21.5
800.0,21.087601157293374,21.346715420380384,6.2855752193730785,21.0,0,-0.3467154203803844,21.896338603469125,20.5,21.5
801.0,21.08464075210579,21.26897876473784,6.286911729467558,21.0,1,-0.26897876473784166,20.491612208312414,20.5,21.5
802.0,21.101681206301265,21.35284889598198,6.288247259522773,21.0,0,-0.35284889598198177,22.191550208423383,20.5,21.5
803.0,21.09871851951191,21.42048305709086,6.28958180852166,21.0,0,-0.4204830570908591,22.096824668179632,20.5,21.5
804.0,21.09575669216971,21.361160875164135,6.290915375447901,21.0,0,-0.36116087516413486,20.767939055896893,20.5,21.5
805.0,21.092795723906367,21.363656419032928,6.292247959285928,21.0,0,-0.3636564190329281,21.38861185772086,20.5,21.5
806.0,21.089835614353444,21.449088412845917,6.293579559020919,21.0,0,-0.44908841284591716,22.303408350975808,20.5,21.5
807.0,21.086876363142377,21.40671409774459,6.2949101736388045,21.0,0,-0.4067140977445902,20.98297094673132,20.5,21.5
808.0,21.083917969904476,21.39243226863102,6.296239802126262,21.0,0,-0.3924322686310191,21.249613977495308,20.5,21.5
809.0,21.08096043427092,21.48227126233306,6.297568443470722,21.0,0,-0.48227126233306095,22.38066119935348,20.5,21.5
810.0,21.07800375587276,21.525476513522513,6.298896096660367,21.0,0,-0.5254765135225128,21.95752902541703,20.5,21.5
811.0,21.07504793434092,21.501672987655688,6.3002227606841315,21.0,0,-0.501672987655688,21.26363772898744,20.5,21.5
812.0,21.072092969306187,21.50612917366134,6.301548434531702,21.0,0,-0.5061291736613391,21.55069103371785,20.5,21.5
813.0,21.06913886039923,21.473239492531103,6.302873117193521,21.0,0,-0.4732394925311034,21.144342681228746,20.5,21.5
814.0,21.066185607250592,21.40073637553867,6.304196807660785,21.0,0,-0.4007363755386706,20.675705205614342,20.5,21.5
815.0,21.063233209490672,21.358564442008795,6.305519504925445,21.0,0,-0.3585644420087952,20.93684510671004,20.5,21.5
816.0,21.06028166674976,21.41054774112896,6.306841207980211,21.0,0,-0.4105477411289584,21.93038073233059,20.5,21.5
817.0,21.057330978658005,21.497013075878293,6.308161915818548,21.0,0,-0.4970130758782929,22.361666423371638,20.5,21.5
818.0,21.054381144845436,21.503255786505505,6.309481627434679,21.0,0,-0.5032557865055054,21.56568289277763,20.5,21.5
819.0,21.051432164941954,21.535197955284172,6.310800341823588,21.0,0,-0.5351979552841719,21.854619643070837,20.5,21.5
820.0,21.048484038577328,21.47534823751709,6.3121180579810146,21.0,0,-0.475348237517089,20.87685105984626,20.5,21.5
821.0,21.045536765381208,21.436559043226985,6.313434774903461,21.0,0,-0.43655904322698547,21.04866710032595,20.5,21.5
822.0,21.04259034498311,21.43224057870689,6.314750491588192,21.0,0,-0.4322405787068888,21.389055933505922,20.5,21.5
823.0,21.03964477701243,21.360426368966223,6.316065207033229,21.0,0,-0.36042636896622327,20.642284271559568,20.5,21.5
824.0,21.036700061098436,21.258283926188746,6.317378920237361,21.0,1,-0.25828392618874574,20.23685949841397,20.5,21.5
825.0,21.053756196870264,21.27946652001375,6.318691630200138,21.0,1,-0.2794665200137487,21.49129245826378,20.5,21.5
826.0,21.07080918395693,21.34298584312067,6.320003335921873,21.0,0,-0.34298584312066893,21.97817907418987,20.5,21.5
827.0,21.06785902278732,21.279657937896626,6.321314036403647,21.0,0,-0.2796579378966264,20.6463788856562,20.5,21.5
828.0,21.064909713790044,21.39692131375606,6.322623730647304,21.0,0,-0.3969213137560601,22.569555072350397,20.5,21.5
829.0,21.061961256593417,21.445006250145294,6.323932417655453,21.0,0,-0.44500625014529405,21.925855614037634,20.5,21.5
830.0,21.05901365082563,21.475853788549816,6.325240096431475,21.0,0,-0.4758537885498164,21.78432917259504,20.5,21.5
831.0,21.05606689611475,21.487212087204615,6.326546765979513,21.0,0,-0.4872120872046146,21.600795073752597,20.5,21.5
832.0,21.053120992088722,21.519036502318706,6.327852425304483,21.0,0,-0.5190365023187056,21.837280653459615,20.5,21.5
833.0,21.050175938375364,21.40718421212964,6.329157073412068,21.0,1,-0.4071842121296392,20.288661310238975,20.5,21.5
834.0,21.067231734602373,21.426836430480655,6.3304607093087215,21.0,0,-0.42683643048065534,21.623358613990817,20.5,21.5
835.0,21.064284380397314,21.449517672158816,6.331763332001668,21.0,0,-0.4495176721588159,21.67633008894042,20.5,21.5
836.0,21.061337876187636,21.380001861897536,6.333064940498905,21.0,0,-0.3800018618975365,20.684843759284743,20.5,21.5
837.0,21.0583922216005,21.272071824752448,6.3343655338091995,21.0,1,-0.27207182475244807,20.192771453301564,20.5,21.5
838.0,21.07544741626294,21.366605026909816,6.335665110942093,21.0,0,-0.36660502690981644,22.3119370484835,20.5,21.5
839.0,21.072499459801875,21.277715252634234,6.3369636709079025,21.0,1,-0.27771525263423413,20.38881750987841,20.5,21.5
840.0,21.089552352644098,21.225830539935977,6.3382612127177165,21.0,1,-0.22583053993597701,20.706983412953406,20.5,21.5
841.0,21.106602094416115,21.23449080333295,6.339557735383401,21.0,1,-0.23449080333294958,21.321093437302675,20.5,21.5
842.0,21.123648685544307,21.284393456456492,6.340853237917598,21.0,0,-0.28439345645649183,21.783419987691914,20.5,21.5
843.0,21.12069212645478,21.27893077042399,6.342147719333726,21.0,0,-0.2789307704239903,21.224303910098975,20.5,21.5
844.0,21.117736417573358,21.4348460192894,6.34344117864598,21.0,0,-0.4348460192893988,22.993998507943484,20.5,21.5
845.0,21.11478155852557,21.43001750304836,6.344733614869336,21.0,0,-0.4300175030483615,21.38173234063799,20.5,21.5
846.0,21.11182754893684,21.444784601445793,6.346025027019547,21.0,0,-0.444784601445793,21.592455585420108,20.5,21.5
847.0,21.108874388432458,21.440573629722987,6.347315414113146,21.0,0,-0.4405736297229872,21.39846391249493,20.5,21.5
848.0,21.105922076637594,21.475511616464594,6.348604775167447,21.0,0,-0.47551161646459406,21.824891483880663,20.5,21.5
849.0,21.1029706131773,21.38927740197327,6.349893109200545,21.0,0,-0.38927740197327054,20.526935257060035,20.5,21.5
850.0,21.100019997676505,21.390193424832944,6.351180415231321,21.0,0,-0.39019342483294395,21.399353653429678,20.5,21.5
851.0,21.097070229760014,21.37593085068105,6.352466692279431,21.0,0,-0.37593085068105125,21.233305109162124,20.5,21.5
852.0,21.094121309052518,21.334677638672815,6.3537519393653215,21.0,0,-0.3346776386728152,20.922145518590455,20.5,21.5
853.0,21.09117323517858,21.27606758211087,6.35503615551022,21.0,0,-0.2760675821108691,20.68996701649141,20.5,21.5
854.0,21.088226007762646,21.31757256847238,6.3563193397361415,21.0,0,-0.3175725684723787,21.732622432087474,20.5,21.5
855.0,21.085279626429042,21.325948605764676,6.357601491065884,21.0,0,-0.3259486057646761,21.40970897868765,20.5,21.5
856.0,21.082334090801968,21.340853298301163,6.358882608523033,21.0,0,-0.3408532983011625,21.489900223666027,20.5,21.5
857.0,21.079389400505512,21.348182325996774,6.360162691131963,21.0,0,-0.348182325996774,21.42147260295289,20.5,21.5
858.0,21.076445555163637,21.399552896209066,6.361441737917835,21.0,0,-0.399552896209066,21.913258598331986,20.5,21.5
859.0,21.07350255440019,21.36437907049991,6.3627197479066,21.0,0,-0.36437907049991125,21.012640813408364,20.5,21.5
860.0,21.07056039783889,21.343735516545696,6.363996720124997,21.0,0,-0.3437355165456957,21.13729997700354,20.5,21.5
861.0,21.067619085103345,21.386657959575704,6.365272653600556,21.0,0,-0.3866579595757038,21.815882389875785,20.5,21.5
862.0,21.064678615817044,21.44763435300016,6.3665475473615984,21.0,0,-0.4476343530001614,22.057398287244737,20.5,21.5
863.0,21.061738989603352,21.368772461925374,6.367821400437236,21.0,0,-0.3687724619253743,20.580153551177503,20.5,21.5
864.0,21.058800206085518,21.37243739629612,6.3690942118573775,21.0,0,-0.37243739629612094,21.409086740003588,20.5,21.5
865.0,21.055862264886674,21.357673658772363,6.370365980652718,21.0,0,-0.357673658772363,21.210036283534784,20.5,21.5
866.0,21.052925165629826,21.231622865217084,6.371636705854753,21.0,1,-0.23162286521708353,19.97111492966429,20.5,21.5
867.0,21.069988907937873,21.234775194013217,6.372906386495767,21.0,1,-0.234775194013217,21.26629848197455,20.5,21.5
868.0,21.087049491433586,21.28795964644007,6.3741750216088455,21.0,0,-0.28795964644006844,21.819804170708583,20.5,21.5
869.0,21.08410691653962,21.3048894856354,6.375442610227868,21.0,0,-0.30488948563539964,21.47418787758871,20.5,21.5
870.0,21.08116518367836,21.343884590386008,6.376709151387508,21.0,0,-0.3438845903860077,21.73383563789209,20.5,21.5
871.0,21.0782242924719,21.361558455608215,6.377974644123241,21.0,0,-0.36155845560821476,21.538297107830285,20.5,21.5
872.0,21.07528424254223,21.3591801739348,6.37923908747134,21.0,0,-0.3591801739347993,21.335397357200645,20.5,21.5
873.0,21.07234503351122,21.282503970283702,6.380502480468874,21.0,0,-0.28250397028370244,20.515741933772734,20.5,21.5
874.0,21.06940666500061,21.301253710665286,6.381764822153716,21.0,0,-0.3012537106652857,21.48875111448112,20.5,21.5
875.0,21.06646913663204,21.247960985645697,6.383026111564538,21.0,0,-0.24796098564569746,20.715033735449815,20.5,21.5
876.0,21.063532448027026,21.28856595396669,6.384286347740813,21.0,0,-0.28856595396668894,21.694615637176604,20.5,21.5
877.0,21.060596598806967,21.268849834475123,6.385545529722816,21.0,0,-0.2688498344751231,21.071688639559465,20.5,21.5
878.0,21.05766158859315,21.248463338171177,6.386803656551626,21.0,0,-0.24846333817117738,21.04459837513172,20.5,21.5
879.0,21.05472741700674,21.211886068506793,6.3880607272691226,21.0,0,-0.21188606850679292,20.84611337186295,20.5,21.5
880.0,21.051794083668796,21.238380047354134,6.3893167409179945,21.0,0,-0.2383800473541342,21.503319835827547,20.5,21.5
881.0,21.048861588200246,21.21613857339478,6.3905716965417305,21.0,0,-0.2161385733947796,20.993723833801234,20.5,21.5
882.0,21.045929930221913,21.21634002196192,6.391825593184628,21.0,0,-0.21634002196191915,21.218354507633315,20.5,21.5
883.0,21.042999109354504,21.241573971613324,6.393078429891791,21.0,0,-0.24157397161332383,21.49391346812737,20.5,21.5
884.0,21.04006912521861,21.16631078920691,6.394330205709129,21.0,1,-0.16631078920691067,20.41367896514278,20.5,21.5
885.0,21.05713997743471,21.228734533469304,6.39558091968336,21.0,0,-0.2287345334693036,21.852971976093233,20.5,21.5
886.0,21.05420766562316,21.18499787635788,6.3968305708620115,21.0,0,-0.18499787635787968,20.74763130524364,20.5,21.5
887.0,21.05127619020421,21.181990707863072,6.39807915829342,21.0,0,-0.18199070786307203,21.151919022914996,20.5,21.5
888.0,21.048345550797826,21.236037706689025,6.39932668102673,21.0,0,-0.23603770668902513,21.776507694948556,20.5,21.5
889.0,21.04541574702387,21.37176487602078,6.400573138111902,21.0,0,-0.3717648760207801,22.72903656933833,20.5,21.5
890.0,21.042486778502088,21.30508863218147,6.401818528599701,21.0,0,-0.3050886321814694,20.638326193788362,20.5,21.5
891.0,21.039558644852107,21.440425054977727,6.403062851541711,21.0,0,-0.44042505497772666,22.7937892829403,20.5,21.5
892.0,21.036631345693444,21.455374466973915,6.404306105990325,21.0,0,-0.4553744669739146,21.604868586935794,20.5,21.5
893.0,21.0337048806455,21.45088390721224,6.40554829099875,21.0,0,-0.4508839072122406,21.4059783095955,20.5,21.5
894.0,21.030779249327573,21.363113270050007,6.406789405621008,21.0,1,-0.3631132700500075,20.485406898427676,20.5,21.5
895.0,21.04785445135883,21.34362983695607,6.408029448911937,21.0,1,-0.34362983695606886,21.148795506016683,20.5,21.5
896.0,21.064926486358342,21.302413913776512,6.409268419927189,21.0,1,-0.30241391377651183,20.89025468198094,20.5,21.5
897.0,21.081995354745057,21.32996149505616,6.410506317723235,21.0,0,-0.32996149505616046,21.605437307852647,20.5,21.5
898.0,21.079061056937654,21.402972977966364,6.411743141357362,21.0,0,-0.402972977966364,22.1330878070684,20.5,21.5
899.0,21.07612759335454,21.4596948817696,6.412978889887674,21.0,0,-0.45969488176960027,22.026913919801963,20.5,21.5
900.0,21.073194963613844,21.588659486524676,6.414213562373095,21.0,0,-0.5886594865246764,22.878305534075437,20.5,21.5
901.0,21.070263167333596,21.56993074387706,6.415447157873368,21.0,0,-0.5699307438770589,21.382643317400884,20.5,21.5
902.0,21.067332204131706,21.55419472471322,6.416679675449058,21.0,0,-0.55419472471322,21.39683453307483,20.5,21.5
903.0,21.06440207362597,21.47206359816235,6.417911114161547,21.0,0,-0.4720635981623502,20.650752332653653,20.5,21.5
904.0,21.061472775434076,21.50913219777738,6.419141473073042,21.0,0,-0.5091321977773795,21.879818193927672,20.5,21.5
905.0,21.058544309173605,21.526890092133904,6.420370751246571,21.0,0,-0.5268900921339039,21.704469035699148,20.5,21.5
906.0,21.05561667446202,21.510646180075547,6.421598947745985,21.0,0,-0.5106461800755469,21.348207059491976,20.5,21.5
907.0,21.052689870916677,21.436303086834364,6.422826061635959,21.0,0,-0.43630308683436425,20.69287215442254,20.5,21.5
908.0,21.049763898154822,21.419643144138796,6.424052091981993,21.0,0,-0.4196431441387958,21.25304371718311,20.5,21.5
909.0,21.046838755793587,21.386762357019773,6.425277037850411,21.0,0,-0.3867623570197729,21.057954485829544,20.5,21.5
910.0,21.04391444345,21.24676294202782,6.426500898308364,21.0,1,-0.24676294202782145,19.846768792108307,20.5,21.5
911.0,21.06099096074097,21.210876893154126,6.427723672423827,21.0,1,-0.2108768931541256,20.852016404417167,20.5,21.5
912.0,21.078064307283306,21.221308018890788,6.428945359265606,21.0,1,-0.2213080188907881,21.325619276257413,20.5,21.5
913.0,21.095134483493702,21.270619956353265,6.430165957903335,21.0,0,-0.27061995635326497,21.763739330978034,20.5,21.5
914.0,21.092201489788582,21.251913862733055,6.4313854674074715,21.0,0,-0.2519138627330548,21.064852926530953,20.5,21.5
915.0,21.089269326584105,21.32794974948603,6.432603886849308,21.0,0,-0.32794974948603084,22.08830861701579,20.5,21.5
916.0,21.08633799349616,21.32050258043967,6.4338212153009655,21.0,0,-0.32050258043966906,21.24603088997605,20.5,21.5
917.0,21.08340749014052,21.367426294606165,6.435037451835394,21.0,0,-0.36742629460616527,21.836663436271127,20.5,21.5
918.0,21.08047781613286,21.353273521741816,6.436252595526378,21.0,0,-0.3532735217418157,21.21174579309832,20.5,21.5
919.0,21.07754897108874,21.37884907986982,6.437466645448531,21.0,0,-0.37884907986981986,21.63460466114986,20.5,21.5
920.0,21.07462095462361,21.266237999293416,6.438679600677302,21.0,1,-0.2662379992934163,20.14012719352938,20.5,21.5
921.0,21.091693766352822,21.3326562084303,6.439891460288973,21.0,0,-0.33265620843030064,21.996838299799144,20.5,21.5
922.0,21.08876340589161,21.308599210090883,6.4411022233606605,21.0,0,-0.30859921009088254,21.0680292266967,20.5,21.5
923.0,21.0858338736551,21.30555732505728,6.442311888970315,21.0,0,-0.30555732505727917,21.275138474721246,20.5,21.5
924.0,21.082905169258165,21.34397327660063,6.443520456196724,21.0,0,-0.3439732766006287,21.728132792034124,20.5,21.5
925.0,21.079977292315554,21.379376435017257,6.444727924119511,21.0,0,-0.3793764350172566,21.733408019183535,20.5,21.5
926.0,21.077050242441913,21.400301759353972,6.445934291819136,21.0,0,-0.4003017593539724,21.60955500272113,20.5,21.5
927.0,21.07412401925179,21.4304357773663,6.4471395583768984,21.0,0,-0.43043577736629857,21.73177595748956,20.5,21.5
928.0,21.071198622359617,21.439373408583535,6.4483437228749345,21.0,0,-0.4393734085835348,21.528749720755897,20.5,21.5
929.0,21.06827405137972,21.338119402354145,6.4495467843962215,21.0,1,-0.3381194023541454,20.32557934006025,20.5,21.5
930.0,21.085350305926323,21.33997093049905,6.450748742024575,21.0,1,-0.3399709304990495,21.35848621194809,20.5,21.5
931.0,21.10242338561354,21.359311388329953,6.451949594844653,21.0,0,-0.359311388329953,21.55271596663899,20.5,21.5
932.0,21.09949329085539,21.405547476748705,6.453149341941952,21.0,0,-0.40554747674870484,21.867908360936223,20.5,21.5
933.0,21.096564022065607,21.43263325899303,6.454347982402814,21.0,0,-0.43263325899302885,21.70349108143627,20.5,21.5
934.0,21.093635578857675,21.478496390078742,6.455545515314421,21.0,0,-0.47849639007874245,21.93712770093588,20.5,21.5
935.0,21.090707960844966,21.47980664602657,6.4567419397648,21.0,0,-0.47980664602657086,21.492909205504855,20.5,21.5
936.0,21.08778116764075,21.493979644591686,6.4579372548428235,21.0,0,-0.4939796445916862,21.63570963024284,20.5,21.5
937.0,21.08485519885819,21.416073199930825,6.459131459638204,21.0,0,-0.4160731999308247,20.63700875332221,20.5,21.5
938.0,21.081930054110344,21.331288589643385,6.460324553241504,21.0,1,-0.3312885896433855,20.483442486768993,20.5,21.5
939.0,21.09900573301017,21.331313844509204,6.461516534744132,21.0,1,-0.33131384450920365,21.331566393167385,20.5,21.5
940.0,21.116078235170516,21.384828725275327,6.4627074032383405,21.0,0,-0.38482872527532663,21.919977532936556,20.5,21.5
941.0,21.11314756100413,21.262490591708257,6.463897157817232,21.0,1,-0.26249059170825717,20.039109256037563,20.5,21.5
942.0,21.130217710923493,21.232231901367165,6.4650857975747575,21.0,1,-0.23223190136716454,20.92964499795624,20.5,21.5
943.0,21.14728468454082,21.257467662910216,6.466273321605715,21.0,0,-0.2574676629102157,21.509825278340728,20.5,21.5
944.0,21.144348482268235,21.218156185487512,6.4674597290057525,21.0,0,-0.21815618548751203,20.825041411260475,20.5,21.5
945.0,21.141413104517582,21.214688661192522,6.468645018871371,21.0,0,-0.21468866119252183,21.18001341824262,20.5,21.5
946.0,21.13847855090045,21.262953158414103,6.46982919029992,21.0,0,-0.2629531584141027,21.74559813062991,20.5,21.5
947.0,21.135544821028333,21.344845737388248,6.471012242389601,21.0,0,-0.34484573738824764,22.163771527129697,20.5,21.5
948.0,21.132611914512605,21.364152963536988,6.472194174239469,21.0,0,-0.3641529635369878,21.55722522502439,20.5,21.5
949.0,21.12967983096455,21.40007400708352,6.47337498494943,21.0,0,-0.40007400708352137,21.759284442548857,20.5,21.5
950.0,21.12674856999535,21.397733914657863,6.474554673620248,21.0,0,-0.3977339146578629,21.374332990401278,20.5,21.5
951.0,21.123818131216076,21.43413750230418,6.475733239353537,21.0,0,-0.43413750230417847,21.798173378767334,20.5,21.5
952.0,21.120888514237702,21.424380892036194,6.476910681251767,21.0,0,-0.42438089203619356,21.326814789356344,20.5,21.5
953.0,21.117959718671106,21.463626772511397,6.478086998418267,21.0,0,-0.4636267725113967,21.85608557726343,20.5,21.5
954.0,21.115031744127055,21.456993976657326,6.479262189957219,21.0,0,-0.45699397665732633,21.390666018116622,20.5,21.5
955.0,21.112104590216223,21.505363904664605,6.4804362549736645,21.0,0,-0.5053639046646055,21.989063184737397,20.5,21.5
956.0,21.109178256549175,21.44827778174018,6.4816091925735,21.0,0,-0.44827778174018107,20.877416552495937,20.5,21.5
957.0,21.10625274273638,21.50892395890386,6.482781001863485,21.0,0,-0.5089239589038606,22.115385730540655,20.5,21.5
958.0,21.103328048388207,21.498153868101966,6.483951681951233,21.0,0,-0.4981538681019657,21.390452960083017,20.5,21.5
959.0,21.10040417311492,21.530896837576396,6.485121231945222,21.0,0,-0.530896837576396,21.8583265323207,20.5,21.5
960.0,21.097481116526687,21.460049675349815,6.486289650954788,21.0,0,-0.4600496753498149,20.751578053084003,20.5,21.5
961.0,21.094558878233574,21.432698416798964,6.487456938090131,21.0,0,-0.4326984167989636,21.15918583129045,20.5,21.5
962.0,21.091637457845547,21.352991562556195,6.4886230924623085,21.0,0,-0.3529915625561948,20.555923020128507,20.5,21.5
963.0,21.08871685497247,21.30994565191776,6.489788113183244,21.0,0,-0.30994565191776147,20.879486545533428,20.5,21.5
964.0,21.085797069224114,21.286625951504394,6.490951999365724,21.0,0,-0.2866259515043943,21.053428947370723,20.5,21.5
965.0,21.08287810021014,21.3424307519074,6.492114750123399,21.0,0,-0.3424307519074006,21.900478755937463,20.5,21.5
966.0,21.079959947540125,21.42983968649678,6.493276364570782,21.0,0,-0.4298396864967806,22.30392903239058,20.5,21.5
967.0,21.077042610823533,21.45890165508025,6.494436841823255,21.0,0,-0.4589016550802505,21.74952134091495,20.5,21.5
968.0,21.074126089669733,21.46351212877656,6.4955961809970635,21.0,0,-0.4635121287765607,21.509616865739662,20.5,21.5
969.0,21.071210383687998,21.376746082925088,6.49675438120932,21.0,0,-0.37674608292508793,20.50908562441036,20.5,21.5
970.0,21.0682954924875,21.29845048951588,6.497911441578005,21.0,0,-0.29845048951587927,20.515494555423793,20.5,21.5
971.0,21.06538141567732,21.34588444514279,6.499067361221965,21.0,0,-0.34588444514279004,21.820224001411898,20.5,21.5
972.0,21.062468152866426,21.309583490541723,6.500222139260919,21.0,0,-0.30958349054172274,20.94657394453105,20.5,21.5
973.0,21.059555703663705,21.373771360851457,6.501375774815453,21.0,0,-0.3737713608514568,22.015650063948797,20.5,21.5
974.0,21.056644067677937,21.505845230738135,6.502528267007023,21.0,0,-0.5058452307381351,22.82658392960492,20.5,21.5
975.0,21.0537332445178,21.56165106825509,6.503679614957955,21.0,0,-0.5616510682550917,22.119709443424657,20.5,21.5
976.0,21.05082323379189,21.469210712168127,6.504829817791449,21.0,0,-0.4692107121681275,20.544807151298485,20.5,21.5
977.0,21.04791403510869,21.463353123000847,6.505978874631575,21.0,0,-0.4633531230008465,21.404777231328037,20.5,21.5
978.0,21.045005648076593,21.42714960425637,6.507126784603276,21.0,0,-0.42714960425637116,21.065114416811618,20.5,21.5
979.0,21.042098072303897,21.34687963993501,6.508273546832369,21.0,0,-0.34687963993501114,20.54417999672141,20.5,21.5
980.0,21.039191307398802,21.310656409272475,6.509419160445544,21.0,0,-0.3106564092724753,20.948424102647117,20.5,21.5
981.0,21.03628535296941,21.36559342536948,6.510563624570367,21.0,0,-0.3655934253694788,21.914963586339514,20.5,21.5
982.0,21.033380208623733,21.430985255979316,6.511706938335279,21.0,0,-0.4309852559793157,22.084903562077685,20.5,21.5
983.0,21.030475873969674,21.282446235671152,6.512849100869596,21.0,1,-0.2824462356711521,19.797056032589516,20.5,21.5
984.0,21.047572348615056,21.31696253193453,6.513990111303513,21.0,0,-0.3169625319345286,21.662125494568294,20.5,21.5
985.0,21.044665632167593,21.292651960745424,6.515129968768099,21.0,0,-0.2926519607454239,21.049546248854377,20.5,21.5
986.0,21.041759725034915,21.202416017146184,6.516268672395304,21.0,1,-0.2024160171461844,20.30005658115379,20.5,21.5
987.0,21.058854626824388,21.190037105084695,6.517406221317956,21.0,1,-0.19003710508469496,21.0662479844698,20.5,21.5
988.0,21.075946337143286,21.283718596866404,6.518542614669761,21.0,0,-0.28371859686640377,22.220533514683492,20.5,21.5
989.0,21.07303485639879,21.342251160106045,6.519677851585308,21.0,0,-0.34225116010604495,21.927576792502457,20.5,21.5
990.0,21.07012418499783,21.363548978738912,6.520811931200062,21.0,0,-0.3635489787389119,21.57652716506758,20.5,21.5
991.0,21.06721432254707,21.41314528436435,6.521944852650374,21.0,0,-0.41314528436435083,21.90910834061874,20.5,21.5
992.0,21.06430526865309,21.385455517493,6.523076615073474,21.0,0,-0.3854555174929999,21.10855784877949,20.5,21.5
993.0,21.061397022922375,21.379227935862225,6.524207217607476,21.0,0,-0.37922793586222525,21.31695211955448,20.5,21.5
994.0,21.05848958496131,21.31410774004432,6.525336659391376,21.0,0,-0.31410774004432085,20.662905781865277,20.5,21.5
995.0,21.0555829543762,21.303159614376746,6.526464939565058,21.0,0,-0.3031596143767459,21.193678357700996,20.5,21.5
996.0,21.052677130773237,21.315179041475183,6.527592057269285,21.0,0,-0.31517904147518294,21.435373312459554,20.5,21.5
997.0,21.049772113758536,21.32162612970892,6.528718011645708,21.0,0,-0.3216261297089211,21.386097012046303,20.5,21.5
998.0,21.046867902938114,21.305213047725847,6.529842801836864,21.0,0,-0.30521304772584656,21.1410822278951,20.5,21.5
999.0,21.043964497917894,21.294967962110455,6.5309664269861765,21.0,0,-0.29496796211045506,21.19251710595654,20.5,21.5
1000.0,21.04106189830371,21.397854961372428,6.532088886237956,21.0,0,-0.3978549613724276,22.426724953992153,20.5,21.5
1001.0,21.038160103701298,21.39182728119291,6.533210178737401,21.0,0,-0.39182728119291,21.331550479397734,20.5,21.5
1002.0,21.035259113716304,21.40261296581003,6.534330303630599,21.0,0,-0.4026129658100288,21.510469811981217,20.5,21.5
1003.0,21.032358927954288,21.42528343989445,6.535449260064525,21.0,0,-0.42528343989445005,21.651988180738662,20.5,21.5
1004.0,21.02945954602071,21.50575379017992,6.536567047187047,21.0,0,-0.5057537901799201,22.31045729303462,20.5,21.5
1005.0,21.026560967520943,21.48534973362109,6.537683664146919,21.0,0,-0.4853497336210886,21.281309168032774,20.5,21.5
1006.0,21.02366319206027,21.42723102269728,6.53879911009379,21.0,0,-0.4272310226972813,20.84604391345921,20.5,21.5
1007.0,21.020766219243875,21.35778243323232,6.539913384178199,21.0,0,-0.3577824332323196,20.663296538582703,20.5,21.5
1008.0,21.017870048676862,21.37121192561202,6.541026485551578,21.0,0,-0.37121192561201966,21.50550684940902,20.5,21.5
1009.0,21.014974679964237,21.25822288816295,6.542138413366253,21.0,1,-0.25822288816295114,20.128332513672266,20.5,21.5
1010.0,21.03208011271092,21.222233464736803,6.54324916677544,21.0,1,-0.22223346473680294,20.86233923047532,20.5,21.5
1011.0,21.049182346521732,21.23307186391033,6.544358744933254,21.0,1,-0.23307186391032886,21.341455855645588,20.5,21.5
1012.0,21.066281381801414,21.222324663584413,6.545467146994702,21.0,1,-0.22232466358441272,21.11485266032525,20.5,21.5
1013.0,21.083377218954453,21.290178017406696,6.546574372115688,21.0,0,-0.2901780174066957,21.968711555629525,20.5,21.5
1014.0,21.080469858385086,21.40159215650972,6.5476804194530125,21.0,0,-0.4015921565097216,22.51573354753998,20.5,21.5
1015.0,21.0775633004973,21.36317622618002,6.548785288164371,21.0,0,-0.36317622618001977,20.979016922883,20.5,21.5
1016.0,21.074657544894833,21.40310986177596,6.54988897740836,21.0,0,-0.40310986177595964,21.80244621773536,20.5,21.5
1017.0,21.071752591181337,21.443262652167117,6.5509914863444685,21.0,0,-0.44326265216711747,21.844790556078696,20.5,21.5
1018.0,21.06884843896037,21.410832197044066,6.552092814133092,21.0,0,-0.4108321970440656,21.086527645813547,20.5,21.5
1019.0,21.065945087835402,21.320040496391876,6.553192959935519,21.0,1,-0.3200404963918757,20.412123489869977,20.5,21.5
1020.0,21.08304253740982,21.34823341926508,6.554291922913942,21.0,0,-0.3482334192650782,21.630162647997103,20.5,21.5
1021.0,21.08013678728692,21.3761202661766,6.555389702231452,21.0,0,-0.3761202661765992,21.65498873529181,20.5,21.5
1022.0,21.07723183786991,21.41107397976426,6.556486297052042,21.0,0,-0.41107397976426086,21.760611115640877,20.5,21.5
1023.0,21.074327688761745,21.421260108705077,6.557581706540608,21.0,0,-0.42126010870507713,21.52312139811324,20.5,21.5
1024.0,21.0714243395653,21.446801644621917,6.5586759298629485,21.0,0,-0.4468016446219174,21.70221700379032,20.5,21.5
1025.0,21.06852178988336,21.46805511883136,6.559768966185763,21.0,0,-0.46805511883135864,21.68058986092577,20.5,21.5
1026.0,21.06562003931862,21.392297845660956,6.560860814676659,21.0,0,-0.3922978456609556,20.634725113956925,20.5,21.5
1027.0,21.062719087473692,21.34786393423798,6.561951474504146,21.0,0,-0.34786393423798145,20.90352482000824,20.5,21.5
1028.0,21.0598189339511,21.30852824583441,6.5630409448376374,21.0,0,-0.30852824583440963,20.91517136179869,20.5,21.5
1029.0,21.056919578353277,21.329309699138815,6.564129224847456,21.0,0,-0.3293096991388147,21.537124232182865,20.5,21.5
1030.0,21.054021020282576,21.25139607755417,6.565216313704828,21.0,1,-0.25139607755416904,20.472259861707713,20.5,21.5
1031.0,21.07112325934126,21.308644365551913,6.566302210581888,21.0,0,-0.3086443655519133,21.881127245529356,20.5,21.5
1032.0,21.06822229513151,21.37471468444385,6.56738691465168,21.0,0,-0.37471468444384826,22.035417873363198,20.5,21.5
1033.0,21.065322128055413,21.36511587518727,6.568470425088152,21.0,0,-0.3651158751872714,21.269127782621503,20.5,21.5
1034.0,21.06242275771482,21.33739110573644,6.569552741066166,21.0,0,-0.33739110573644027,21.06014341122813,20.5,21.5
1035.0,21.059524183711492,21.482897981021825,6.57063386176149,21.0,0,-0.482897981021825,22.937966733875673,20.5,21.5
1036.0,21.0566264056471,21.413080236141205,6.571713786350804,21.0,0,-0.41308023614120515,20.714902787335006,20.5,21.5
1037.0,21.053729423123244,21.414504352411615,6.572792514011698,21.0,0,-0.41450435241161543,21.42874551511572,20.5,21.5
1038.0,21.050833235741422,21.411433208763604,6.573870043922675,21.0,0,-0.41143320876360434,21.380721772283493,20.5,21.5
1039.0,21.047937843103057,21.470959315711745,6.574946375263147,21.0,0,-0.4709593157117453,22.066220385193155,20.5,21.5
1040.0,21.045043244809488,21.339441345289984,6.576021507213444,21.0,1,-0.33944134528998404,20.02426164107237,20.5,21.5
1041.0,21.06214944046197,21.429996853850845,6.577095438954804,21.0,0,-0.4299968538508452,22.335551939459457,20.5,21.5
1042.0,21.05925242966167,21.344117120427534,6.5781681696693814,21.0,1,-0.3441171204275335,20.485319786194417,20.5,21.5
1043.0,21.07635621280967,21.344671796904066,6.5792396985402455,21.0,1,-0.34467179690406624,21.350218561669394,20.5,21.5
1044.0,21.093456789506817,21.347345666188538,6.58031002475138,21.0,1,-0.3473456661885379,21.374084359033255,20.5,21.5
1045.0,21.110554160153868,21.347678956536953,6.581379147487686,21.0,1,-0.3476789565369529,21.351011860021103,20.5,21.5
1046.0,21.127648325151334,21.34478026000208,6.58244706593498,21.0,1,-0.3447802600020786,21.315793294653336,20.5,21.5
1047.0,21.14473928489949,21.37539100153428,6.583513779279994,21.0,0,-0.37539100153427896,21.681498416856282,20.5,21.5
1048.0,21.141827039798365,21.346828325708497,6.584579286710381,21.0,0,-0.346828325708497,21.061201567450677,20.5,21.5
1049.0,21.13891559024775,21.311803873446827,6.58564358741471,21.0,0,-0.31180387344682714,20.96155935083013,20.5,21.5
1050.0,21.136004935847183,21.387837561498124,6.58670668058247,21.0,0,-0.38783756149812376,22.14817444201109,20.5,21.5
1051.0,21.13309507619613,21.398253272233102,6.587768565404069,21.0,0,-0.39825327223310225,21.502410379582887,20.5,21.5
1052.0,21.130186010893972,21.426509521344038,6.588829241070837,21.0,0,-0.4265095213440375,21.70907201245339,20.5,21.5
1053.0,21.12727773954001,21.470249357944443,6.58988870677502,21.0,0,-0.4702493579444429,21.907647723948497,20.5,21.5
1054.0,21.124370261733457,21.460745035542608,6.5909469617097916,21.0,0,-0.46074503554260815,21.36570181152426,20.5,21.5
1055.0,21.121463577073452,21.466746411027444,6.592004005069244,21.0,0,-0.46674641102744374,21.5267601658758,20.5,21.5
1056.0,21.11855768515905,21.50481413563906,6.5930598360483925,21.0,0,-0.5048141356390587,21.88549138175521,20.5,21.5
1057.0,21.115652585589228,21.466499461723476,6.594114453843176,21.0,0,-0.4664994617234761,21.08335272256765,20.5,21.5
1058.0,21.11274827796288,21.51369907939447,6.595167857650457,21.0,0,-0.5136990793944705,21.985695256104414,20.5,21.5
1059.0,21.109844761878815,21.494984706493142,6.596220046668023,21.0,0,-0.49498470649314186,21.307840977479856,20.5,21.5
1060.0,21.106942036935774,21.451787530470984,6.597271020094586,21.0,0,-0.45178753047098397,21.019815770249405,20.5,21.5
1061.0,21.104040102732405,21.36624109381364,6.598320777129784,21.0,0,-0.36624109381363823,20.51077672724018,20.5,21.5
1062.0,21.101138958867285,21.43393538713277,6.599369316974181,21.0,0,-0.43393538713277024,22.11087832032409,20.5,21.5
1063.0,21.098238604938906,21.389100266470898,6.6004166388292695,21.0,0,-0.3891002664708978,20.940749059852173,20.5,21.5
1064.0,21.095339040545685,21.418379989572333,6.601462741897467,21.0,0,-0.41837998957233324,21.711177220586688,20.5,21.5
1065.0,21.092440265285955,21.388915087531075,6.602507625382121,21.0,0,-0.38891508753107473,21.09426606711849,20.5,21.5
1066.0,21.089542278757975,21.379791876902356,6.603551288487508,21.0,0,-0.37979187690235605,21.28855977061517,20.5,21.5
1067.0,21.086645080559922,21.308136197905288,6.6045937304188325,21.0,0,-0.3081361979052879,20.591579407934606,20.5,21.5
1068.0,21.083748670289893,21.395627434827894,6.605634950382229,21.0,0,-0.39562743482789386,22.270539804053954,20.5,21.5
1069.0,21.08085304754591,21.31130173459499,6.606674947584764,21.0,1,-0.31130173459499133,20.468044732265966,20.5,21.5
1070.0,21.09795821192592,21.351286720737868,6.607713721234434,21.0,0,-0.3512867207378676,21.75113658216663,20.5,21.5
1071.0,21.09506016302778,21.4453376764861,6.608751270540169,21.0,0,-0.44533767648610123,22.385847233968438,20.5,21.5
1072.0,21.092162901249285,21.406077131878128,6.609787594711828,21.0,0,-0.4060771318781278,21.013471685798393,20.5,21.5
1073.0,21.089266426187976,21.400963365419216,6.610822692960206,21.0,0,-0.40096336541921573,21.349825700830095,20.5,21.5
1074.0,21.08637073744133,21.491512254477513,6.611856564497032,21.0,0,-0.491512254477513,22.397001145060486,20.5,21.5
1075.0,21.08347583460674,21.57085618528206,6.612889208534965,21.0,0,-0.5708561852820608,22.36429549332754,20.5,21.5
1076.0,21.080581717281525,21.45524781013101,6.613920624287604,21.0,1,-0.45524781013100935,20.299164058620494,20.5,21.5
1077.0,21.097688385062927,21.513631034942083,6.6149508109694795,21.0,0,-0.5136310349420832,22.09746328305282,20.5,21.5
1078.0,21.094791837548108,21.50506120443722,6.615979767796061,21.0,0,-0.5050612044372187,21.419362899388574,20.5,21.5
1079.0,21.09189607513416,21.461376775797614,6.617007493983752,21.0,0,-0.46137677579761416,21.02453248940157,20.5,21.5
1080.0,21.089001097417928,21.39962426605645,6.618033988749895,21.0,0,-0.3996242660564491,20.7820991686448,20.5,21.5
1081.0,21.086106903996193,21.458181572823833,6.619059251312769,21.0,0,-0.45818157282383254,22.043754640497667,20.5,21.5
1082.0,21.083213494465657,21.486649818616264,6.620083280891592,21.0,0,-0.48664981861626444,21.771332276540583,20.5,21.5
1083.0,21.08032086842294,21.43080141152053,6.621106076706521,21.0,0,-0.4308014115205303,20.87231734056319,20.5,21.5
1084.0,21.077429025464596,21.484081568075688,6.622127637978653,21.0,0,-0.4840815680756876,22.01688313362726,20.5,21.5
1085.0,21.074537965187098,21.483646811537287,6.623147963930025,21.0,0,-0.4836468115372874,21.479299246153285,20.5,21.5
1086.0,21.071647687186847,21.46590034500171,6.624167053783612,21.0,0,-0.4659003450017103,21.28843567964594,20.5,21.5
1087.0,21.068758191060166,21.317083605876363,6.6251849067633355,21.0,1,-0.31708360587636264,19.828916214622886,20.5,21.5
1088.0,21.085869476403307,21.188622970423836,6.626201522094055,21.0,1,-0.18862297042383602,19.90401661589857,20.5,21.5
1089.0,21.102977542812447,21.190046966432476,6.627216899001574,21.0,1,-0.19004696643247598,21.204286926518876,20.5,21.5
1090.0,21.120082390683685,21.16648165764494,6.628231036712639,21.0,1,-0.16648165764494038,20.930828569769584,20.5,21.5
1091.0,21.13718402041289,21.23504142266257,6.629243934454938,21.0,0,-0.23504142266256878,21.920639072838853,20.5,21.5
1092.0,21.134282432395697,21.36999478546798,6.630255591457108,21.0,0,-0.3699947854679806,22.7195284135221,20.5,21.5
1093.0,21.13138162702751,21.505648692264273,6.631266006948728,21.0,0,-0.5056486922642733,22.8621877602272,20.5,21.5
1094.0,21.12848160390349,21.472058613370656,6.63227518016032,21.0,0,-0.47205861337065613,21.136157824434484,20.5,21.5
1095.0,21.125582362618744,21.44604932077367,6.633283110323358,21.0,0,-0.4460493207736711,21.18595639480382,20.5,21.5
1096.0,21.122683902768284,21.369775525846443,6.634289796670257,21.0,0,-0.3697755258464426,20.607037576574157,20.5,21.5
1097.0,21.119786223947063,21.29442718520471,6.635295238434383,21.0,0,-0.2944271852047109,20.540943778787394,20.5,21.5
1098.0,21.11688932574996,21.25014957590746,6.636299434850047,21.0,0,-0.2501495759074608,20.80737348293496,20.5,21.5
1099.0,21.113993207771777,21.254173737675796,6.637302385152511,21.0,0,-0.25417373767579576,21.294415355359146,20.5,21.5
1100.0,21.111097869607253,21.353409092272837,6.638304088577984,21.0,0,-0.35340909227283746,22.345762638243254,20.5,21.5
1101.0,21.108203310851046,21.34570072014641,6.639304544363625,21.0,0,-0.34570072014641084,21.268616998882145,20.5,21.5
1102.0,21.10530953109775,21.452954544222823,6.640303751747544,21.0,0,-0.45295454422282333,22.525492784986948,20.5,21.5
1103.0,21.10241652994188,21.532510388911795,6.641301709968801,21.0,0,-0.5325103889117955,22.328068835801517,20.5,21.5
1104.0,21.099524306977887,21.513202266973206,6.6422984182674085,21.0,0,-0.5132022669732059,21.32012104758731,20.5,21.5
1105.0,21.096632861800146,21.46455174102154,6.643293875884327,21.0,0,-0.4645517410215412,20.978046481504894,20.5,21.5
1106.0,21.093742194002964,21.494928097526966,6.6442880820614745,21.0,0,-0.49492809752696587,21.798691662581213,20.5,21.5
1107.0,21.090852303180576,21.462031778371966,6.64528103604172,21.0,0,-0.46203177837196563,21.133068586821963,20.5,21.5
1108.0,21.087963188927148,21.404695998909226,6.646272737068884,21.0,0,-0.4046959989092258,20.831338204281828,20.5,21.5
1109.0,21.085074850836776,21.523369623545005,6.647263184387744,21.0,0,-0.5233696235450047,22.710105869902794,20.5,21.5
1110.0,21.082187288503487,21.422748843107694,6.648252377244031,21.0,1,-0.4227488431076942,20.41654103873459,20.5,21.5
1111.0,21.099300501521235,21.43289499807222,6.649240314884432,21.0,0,-0.4328949980722214,21.534356547717493,20.5,21.5
1112.0,21.096410489483908,21.38097086074722,6.65022699655659,21.0,0,-0.38097086074721886,20.861729487497193,20.5,21.5
1113.0,21.093521252785322,21.42232743285023,6.651212421509103,21.0,0,-0.42232743285023133,21.835893153880356,20.5,21.5
1114.0,21.09063279101907,21.395403319188244,6.6521965889915275,21.0,0,-0.3954033191882438,21.12616218256837,20.5,21.5
1115.0,21.087745103778662,21.504630732928163,6.653179498254377,21.0,0,-0.5046307329281632,22.596904870327357,20.5,21.5
1116.0,21.084858190657556,21.42581018027851,6.654161148549123,21.0,0,-0.4258101802785106,20.637604653781985,20.5,21.5
1117.0,21.081972051249135,21.49110861350985,6.655141539128198,21.0,0,-0.49110861350985147,22.14409294582326,20.5,21.5
1118.0,21.07908668514671,21.47251076621713,6.656120669244989,21.0,0,-0.4725107662171304,21.28653229328992,20.5,21.5
1119.0,21.07620209194353,21.440390605302298,6.657098538153847,21.0,0,-0.4403906053022979,21.119188996153973,20.5,21.5
1120.0,21.073318271232772,21.46713603381002,6.658075145110083,21.0,0,-0.46713603381002144,21.734590318887257,20.5,21.5
1121.0,21.070435222607546,21.498458118674254,6.659050489369968,21.0,0,-0.4984581186742538,21.811678967316578,20.5,21.5
1122.0,21.0675529456609,21.434523641058142,6.6600245701907355,21.0,0,-0.4345236410581421,20.795178864897025,20.5,21.5
1123.0,21.064671439985805,21.370589163442027,6.660997386830578,21.0,0,-0.37058916344202686,20.731244387280874,20.5,21.5
1124.0,21.061790705175174,21.352822874548966,6.6619689385486565,21.0,0,-0.3528228745489663,21.17515998561836,20.5,21.5
1125.0,21.058910740821847,21.281601246266735,6.662939224605091,21.0,0,-0.2816012462667352,20.569384963444424,20.5,21.5
1126.0,21.056031546518604,21.345405052441926,6.663908244260965,21.0,0,-0.3454050524419259,21.983443114193832,20.5,21.5
1127.0,21.053153121858152,21.40071756186095,6.6648759967783295,21.0,0,-0.40071756186095087,21.9538426560512,20.5,21.5
1128.0,21.050275466433135,21.462169782491422,6.665842481420199,21.0,0,-0.46216978249142215,22.076691988796135,20.5,21.5
1129.0,21.04739857983613,21.390960469124728,6.666807697450553,21.0,0,-0.39096046912472815,20.678867335457788,20.5,21.5
1130.0,21.044522461659653,21.452437682232276,6.667771644134336,21.0,0,-0.45243768223227576,22.067209813307752,20.5,21.5
1131.0,21.041647111496147,21.362466001057083,6.668734320737463,21.0,1,-0.3624660010570828,20.462749189305153,20.5,21.5
1132.0,21.058772528937997,21.297189751001635,6.669695726526813,21.0,1,-0.29718975100163547,20.644427250447162,20.5,21.5
1133.0,21.075894713577515,21.323662153763138,6.670655860770234,21.0,0,-0.3236621537631379,21.588386181378162,20.5,21.5
1134.0,21.073013665806954,21.398867747209387,6.671614722736541,21.0,0,-0.3988677472093869,22.150923681671877,20.5,21.5
1135.0,21.07013338601834,21.34328749636466,6.672572311695519,21.0,0,-0.3432874963646597,20.787484987917388,20.5,21.5
1136.0,21.067253873803477,21.392113399525737,6.673528626917923,21.0,0,-0.3921133995257371,21.88037243113651,20.5,21.5
1137.0,21.0643751287541,21.454923099287733,6.674483667675478,21.0,0,-0.45492309928773267,22.08302009690769,20.5,21.5
1138.0,21.061497150461886,21.382880052715112,6.6754374332408775,21.0,0,-0.3828800527151124,20.66244958698891,20.5,21.5
1139.0,21.05861993851844,21.307222895875082,6.676389922887788,21.0,0,-0.307222895875082,20.550651327474778,20.5,21.5
1140.0,21.055743492515315,21.32914587900264,6.677341135890848,21.0,0,-0.32914587900263825,21.5483757102782,20.5,21.5
1141.0,21.052867812043992,21.32097483681476,6.678291071525667,21.0,0,-0.32097483681475936,21.23926441493597,20.5,21.5
1142.0,21.049992896695887,21.313035785060315,6.679239729068827,21.0,0,-0.3130357850603147,21.23364526751587,20.5,21.5
1143.0,21.047118746062363,21.298592911900258,6.680187107797884,21.0,0,-0.2985929119002577,21.154164180299688,20.5,21.5
1144.0,21.04424535973471,21.332769320903857,6.681133206991369,21.0,0,-0.33276932090385714,21.67453341093985,20.5,21.5
1145.0,21.04137273730416,21.284576576183166,6.682078025928785,21.0,0,-0.28457657618316645,20.80264912897626,20.5,21.5
1146.0,21.038500878361887,21.29079109107705,6.6830215638906125,21.0,0,-0.29079109107705037,21.35293624001589,20.5,21.5
1147.0,21.035629782498994,21.328743417249765,6.683963820158306,21.0,0,-0.32874341724976475,21.70826667897691,20.5,21.5
1148.0,21.032759449306525,21.38040608835582,6.684904794014296,21.0,0,-0.38040608835581935,21.897032799416365,20.5,21.5
1149.0,21.029889878375467,21.313414780697105,6.685844484741989,21.0,0,-0.31341478069710504,20.643501704109962,20.5,21.5
1150.0,21.02702106929674,21.321801329082223,6.686782891625771,21.0,0,-0.3218013290822235,21.405666812933408,20.5,21.5
1151.0,21.024153021661206,21.303210067285885,6.687720013951005,21.0,0,-0.3032100672858853,21.117297449322503,20.5,21.5
1152.0,21.021285735059664,21.243581800980696,6.688655851004031,21.0,0,-0.24358180098069582,20.6472991379288,20.5,21.5
1153.0,21.018419209082854,21.26335640766098,6.689590402072167,21.0,0,-0.2633564076609787,21.461102474463807,20.5,21.5
1154.0,21.01555344332145,21.351956947992484,6.690523666443712,21.0,0,-0.351956947992484,22.237962351307537,20.5,21.5
1155.0,21.012688437366076,21.35704267635638,6.691455643407947,21.0,0,-0.35704267635637876,21.407899959995326,20.5,21.5
1156.0,21.009824190807286,21.360014539662604,6.692386332255128,21.0,0,-0.360014539662604,21.389733172724856,20.5,21.5
1157.0,21.006960703235578,21.393915241218576,6.693315732276497,21.0,0,-0.3939152412185756,21.73292225677829,20.5,21.5
1158.0,21.004097974241386,21.297261300450604,6.6942438427642745,21.0,1,-0.2972613004506037,20.330721892770885,20.5,21.5
1159.0,21.02123600341509,21.217731551861664,6.695170663011664,21.0,1,-0.21773155186166449,20.422434065972272,20.5,21.5
1160.0,21.03837079034701,21.25519131890986,6.696096192312852,21.0,0,-0.25519131890985847,21.6297889893918,20.5,21.5
1161.0,21.035502335427402,21.331487796997948,6.697020429963008,21.0,0,-0.3314877969979477,22.09445257787884,20.5,21.5
1162.0,21.03263463904631,21.33120069532265,6.697943375258283,21.0,0,-0.33120069532265006,21.328329678569673,20.5,21.5
1163.0,21.029767700793553,21.41286191644131,6.698865027495816,21.0,0,-0.41286191644131165,22.229474127627928,20.5,21.5
1164.0,21.026901520258892,21.49401902698316,6.699785385973728,21.0,0,-0.49401902698316036,22.305590132401647,20.5,21.5
1165.0,21.024036097032035,21.433168928616304,6.700704449991125,21.0,0,-0.43316892861630407,20.82466794494774,20.5,21.5
1166.0,21.021171430702626,21.265033892641828,6.701622218848103,21.0,1,-0.26503389264182786,19.583683532897066,20.5,21.5
1167.0,21.038307520860254,21.248880137398025,6.702538691845737,21.0,1,-0.24888013739802517,21.08734258496,20.5,21.5
1168.0,21.05544036709445,21.24154198645546,6.703453868286095,21.0,1,-0.24154198645545932,21.1681604770298,20.5,21.5
1169.0,21.07256996979469,21.283869070551493,6.704367747472231,21.0,0,-0.2838690705514928,21.707139911511828,20.5,21.5
1170.0,21.069696329350226,21.29053604793456,6.705280328708184,21.0,0,-0.2905360479345589,21.35720582176522,20.5,21.5
1171.0,21.066823446150096,21.41479471071405,6.706191611298986,21.0,0,-0.4147947107140517,22.65738133850898,20.5,21.5
1172.0,21.063951319783126,21.36674080175946,6.707101594550655,21.0,0,-0.3667408017594589,20.88620171221353,20.5,21.5
1173.0,21.061079949838078,21.31069393099669,6.708010277770198,21.0,0,-0.3106939309966883,20.750225223368982,20.5,21.5
1174.0,21.058209335903666,21.241872919327584,6.708917660265615,21.0,0,-0.2418729193275837,20.553662802636538,20.5,21.5
1175.0,21.055339477568538,21.295619904736007,6.709823741345893,21.0,0,-0.2956199047360073,21.833089758820243,20.5,21.5
1176.0,21.052470374421294,21.203099186288036,6.710728520321013,21.0,1,-0.20309918628803558,20.27789200180832,20.5,21.5
1177.0,21.06960202605047,21.25581373382032,6.711631996501946,21.0,0,-0.2558137338203217,21.782959209143183,20.5,21.5
1178.0,21.06673043204456,21.248018278905146,6.712534169200657,21.0,0,-0.24801827890514616,21.17006372975339,20.5,21.5
1179.0,21.063859592791992,21.33162205759072,6.713435037730099,21.0,0,-0.33162205759072094,22.16765984444647,20.5,21.5
1180.0,21.06098950788098,21.35661811442666,6.714334601404225,21.0,0,-0.35661811442665936,21.606578682786044,20.5,21.5
1181.0,21.058120176899685,21.38599652950493,6.715232859537975,21.0,0,-0.38599652950492924,21.679780680287628,20.5,21.5
1182.0,21.05525159943621,21.382994077753686,6.716129811447289,21.0,0,-0.3829940777536862,21.352969560241256,20.5,21.5
1183.0,21.052383775078614,21.43059983698914,6.717025456449098,21.0,0,-0.4305998369891384,21.90665742934366,20.5,21.5
1184.0,21.049516703414888,21.319755269882712,6.717919793861329,21.0,1,-0.3197552698827124,20.211309598818453,20.5,21.5
1185.0,21.06665038403298,21.253047959424272,6.718812823002906,21.0,1,-0.25304795942427205,20.58597485483987,20.5,21.5
1186.0,21.083780816520772,21.278099552901033,6.719704543193747,21.0,0,-0.2780995529010326,21.528615487668638,20.5,21.5
1187.0,21.080908001266106,21.315556234253023,6.72059495375477,21.0,0,-0.31555623425302315,21.69012304777293,20.5,21.5
1188.0,21.078035938656605,21.305042087447568,6.721484054007887,21.0,0,-0.30504208744756767,21.199900619393013,20.5,21.5
1189.0,21.075164628279676,21.29551170033198,6.722371843276012,21.0,0,-0.2955117003319785,21.200207829176087,20.5,21.5
1190.0,21.072294069722677,21.33616331956647,6.723258320883051,21.0,0,-0.33616331956647016,21.742679511911387,20.5,21.5
1191.0,21.06942426257291,21.377627011848023,6.724143486153917,21.0,0,-0.3776270118480234,21.792263934663556,20.5,21.5
1192.0,21.066555206417625,21.356824024142462,6.725027338414515,21.0,0,-0.35682402414246184,21.148794147086846,20.5,21.5
1193.0,21.063686900844026,21.36462083055725,6.7259098769917545,21.0,0,-0.36462083055725003,21.442588894705132,20.5,21.5
1194.0,21.060819345439256,21.428352625307944,6.726791101213543,21.0,0,-0.4283526253079444,22.065670572814888,20.5,21.5
1195.0,21.05795253979041,21.412434162900627,6.727671010408791,21.0,0,-0.4124341629006274,21.253249538827458,20.5,21.5
1196.0,21.055086483484533,21.373577151540154,6.7285496039074095,21.0,0,-0.3735771515401538,20.985007037935418,20.5,21.5
1197.0,21.052221176108617,21.32591577249263,6.72942688104031,21.0,0,-0.32591577249262826,20.849301982017373,20.5,21.5
1198.0,21.049356617249604,21.35101808510291,6.730302841139409,21.0,0,-0.3510180851029112,21.60204121120574,20.5,21.5
1199.0,21.04649280649438,21.344625185963988,6.731177483537624,21.0,0,-0.34462518596398795,21.280696194574755,20.5,21.5
1200.0,21.04362974342979,21.319988862949486,-28.267949192431125,21.0,0,-0.3199888629494865,21.07362563280447,20.5,21.5
1201.0,21.03376742764262,21.41910429183813,-28.267077187431905,21.0,0,-0.41910429183813136,22.41025858072458,20.5,21.5
1202.0,21.023907258719603,21.392461443226967,-28.266206502128796,21.0,0,-0.3924614432269671,21.126032957115324,20.5,21.5
1203.0,21.014049235967434,21.37807572563677,-28.265337137184854,21.0,0,-0.3780757256367693,21.23421854973479,20.5,21.5
1204.0,21.004193358692802,21.35043582660054,-28.264469093262143,21.0,0,-0.3504358266005383,21.07403683623823,20.5,21.5
1205.0,20.99433962620241,21.349642556498626,-28.263602371021715,21.0,0,-0.3496425564986261,21.341709855479504,20.5,21.5
1206.0,20.984488037802965,21.274920371217725,-28.262736971123616,21.0,0,-0.27492037121772483,20.527698518408712,20.5,21.5
1207.0,20.97463859280118,21.331199396827962,-28.26187289422689,21.0,0,-0.3311993968279623,21.893989652930337,20.5,21.5
1208.0,20.964791290503776,21.33798008063506,-28.261010140989562,21.0,0,-0.33798008063505947,21.40578691870603,20.5,21.5
1209.0,20.954946130217476,21.33483399057868,-28.260148712068663,21.0,0,-0.33483399057868013,21.303373090014887,20.5,21.5
1210.0,20.94510311124902,21.353982829564796,-28.2592886081202,21.0,0,-0.35398282956479576,21.545471219425952,20.5,21.5
1211.0,20.935262232905146,21.371527527850862,-28.25842982979919,21.0,0,-0.37152752785086207,21.546974510711525,20.5,21.5
1212.0,20.925423494492605,21.35994798726296,-28.257572377759622,21.0,0,-0.3599479872629594,21.244152581383933,20.5,21.5
1213.0,20.915586895318157,21.323726023364895,-28.256716252654485,21.0,0,-0.32372602336489464,20.961506384384247,20.5,21.5
1214.0,20.905752434688562,21.27330237503009,-28.255861455135758,21.0,0,-0.2733023750300916,20.76906589168206,20.5,21.5
1215.0,20.8959201119106,21.233050373237106,-28.255007985854405,21.0,0,-0.23305037323710565,20.830530355307246,20.5,21.5
1216.0,20.886089926291046,21.23108584910048,-28.25415584546038,21.0,0,-0.2310858491004808,21.211440607734232,20.5,21.5
1217.0,20.876261877136695,21.201273456678692,-28.253305034602626,21.0,0,-0.2012734566786918,20.9031495324608,20.5,21.5
1218.0,20.86643596375435,21.15363258222915,-28.252455553929067,21.0,0,-0.15363258222915022,20.677223837733735,20.5,21.5
1219.0,20.85661218545081,21.268011156811344,-28.25160740408663,21.0,0,-0.2680111568113439,22.41179690263328,20.5,21.5
1220.0,20.846790541532904,21.232027271403012,-28.25076058572121,21.0,0,-0.2320272714030125,20.8721884173197,20.5,21.5
1221.0,20.836971031307453,21.16609227713763,-28.249915099477697,21.0,0,-0.1660922771376292,20.506742334483796,20.5,21.5
1222.0,20.827153654081297,21.14211318291036,-28.249070945999964,21.0,0,-0.1421131829103608,20.902322240637677,20.5,21.5
1223.0,20.81733840916128,21.170173810272864,-28.248228125930876,21.0,0,-0.17017381027286405,21.450780083897897,20.5,21.5
1224.0,20.807525295854262,21.126245380495323,-28.24738663991227,21.0,0,-0.1262453804953232,20.686961082719915,20.5,21.5
1225.0,20.797714313467107,21.160817076649966,-28.246546488584983,21.0,0,-0.16081707664996614,21.506534038196396,20.5,21.5
1226.0,20.787905461306696,21.154823121213454,-28.24570767258882,21.0,0,-0.15482312121345387,21.09488356684833,20.5,21.5
1227.0,20.778098738679915,21.12346570856756,-28.24487019256258,21.0,0,-0.12346570856756145,20.809891582108637,20.5,21.5
1228.0,20.768294144893666,21.063861408034448,-28.24403404914404,21.0,1,-0.06386140803444817,20.467818402703315,20.5,21.5
1229.0,20.77849167925486,21.046181646570965,-28.243199242969954,21.0,1,-0.046181646570964574,20.86938403193613,20.5,21.5
1230.0,20.788687341070414,21.022142472644504,-28.24236577467607,21.0,1,-0.02214247264450364,20.781750733379894,20.5,21.5
1231.0,20.798881130447263,21.02023908852866,-28.241533644897107,21.0,1,-0.0202390885286583,21.001205247370205,20.5,21.5
1232.0,20.809073047492195,21.029173794672243,-28.240702854266768,21.0,1,-0.029173794672242792,21.118520856108088,20.5,21.5
1233.0,20.819263092311843,21.10611357218926,-28.239873403417736,21.0,0,-0.10611357218925832,21.875511347359414,20.5,21.5
1234.0,20.809451265012697,21.09744683118779,-28.239045292981675,21.0,0,-0.09744683118778852,21.01077942117309,20.5,21.5
1235.0,20.799641565701098,21.121555354812067,-28.23821852358923,21.0,0,-0.1215553548120667,21.36264059105485,20.5,21.5
1236.0,20.78983399368324,21.092188198621777,-28.237393095870015,21.0,0,-0.09218819862177696,20.79851663671888,20.5,21.5
1237.0,20.780028548265328,21.1012907797622,-28.236569010452634,21.0,0,-0.10129077976219847,21.192316591166414,20.5,21.5
1238.0,20.770225228753585,21.04815191237561,-28.235746267964664,21.0,0,-0.048151912375608674,20.51676323850971,20.5,21.5
1239.0,20.760424034454243,20.93513752077802,-28.234924869032657,21.0,1,0.06486247922197919,19.804993604802142,20.5,21.5
1240.0,20.770624964673544,20.95104530759117,-28.234104814282148,21.0,1,0.04895469240883088,21.110123175722652,20.5,21.5
1241.0,20.78082401871775,20.933349575667158,-28.233286104337637,21.0,1,0.06665042433284185,20.75639225642705,20.5,21.5
1242.0,20.79102119669314,20.99682076237996,-28.232468739822615,21.0,0,0.0031792376200385775,21.631532629507994,20.5,21.5
1243.0,20.781216498705838,21.043174170065637,-28.231652721359534,21.0,0,-0.04317417006563673,21.50670824692239,20.5,21.5
1244.0,20.771413924861825,21.066268468596213,-28.230838049569833,21.0,0,-0.06626846859621338,21.29721145390198,20.5,21.5
1245.0,20.761613474466937,20.96581003622745,-28.230024725073918,21.0,1,0.034189963772551124,19.961225712539804,20.5,21.5
1246.0,20.77181514682703,20.985732537794206,-28.229212748491168,21.0,1,0.01426746220579389,21.18495755346178,20.5,21.5
1247.0,20.78201494124797,20.947030872514787,-28.228402120439945,21.0,1,0.05296912748521265,20.5600142197206,20.5,21.5
1248.0,20.79221285783563,20.942720123983868,-28.22759284153757,21.0,1,0.057279876016131936,20.899612638674675,20.5,21.5
1249.0,20.802408896695756,21.023381080842046,-28.22678491240035,21.0,0,-0.023381080842046487,21.82999064942383,20.5,21.5
1250.0,20.792603057933935,21.1694131392967,-28.225978333643557,21.0,0,-0.16941313929670088,22.629733723843245,20.5,21.5
1251.0,20.78279934165562,21.15732598314304,-28.22517310588143,21.0,0,-0.15732598314303914,21.03645442160642,20.5,21.5
1252.0,20.772997747166112,21.15690901627267,-28.2243692297272,21.0,0,-0.15690901627267095,21.15273934756899,20.5,21.5
1253.0,20.763198273770733,21.124057692793833,-28.223566705793033,21.0,0,-0.1240576927938335,20.79554445800546,20.5,21.5
1254.0,20.75340092077482,21.118576768998402,-28.222765534690105,21.0,0,-0.11857676899840186,21.063767531044086,20.5,21.5
1255.0,20.743605687483726,21.04734044832811,-28.221965717028528,21.0,1,-0.047340448328110796,20.3349772416252,20.5,21.5
1256.0,20.753812573202822,21.07360699965441,-28.221167253417406,21.0,1,-0.07360699965440887,21.33627251291739,20.5,21.5
1257.0,20.7640175772375,21.06470587830146,-28.220370144464802,21.0,1,-0.06470587830146002,20.97569466477197,20.5,21.5
1258.0,20.77422069969316,21.09129288774368,-28.219574390777748,21.0,1,-0.0912928877436805,21.357162982165885,20.5,21.5
1259.0,20.784421940675067,21.032456486954775,-28.218779992962247,21.0,1,-0.03245648695477499,20.44409247906572,20.5,21.5
1260.0,20.794621300288338,21.033348767202455,-28.217986951623264,21.0,1,-0.03334876720245461,21.04227156967925,20.5,21.5
1261.0,20.804818778637955,20.983741103870727,-28.21719526736474,21.0,1,0.01625889612927267,20.487664470553455,20.5,21.5
1262.0,20.815014375828756,20.933479875963535,-28.216404940789573,21.0,1,0.06652012403646523,20.43086759689161,20.5,21.5
1263.0,20.825208091965433,20.908253386136614,-28.21561597249963,21.0,1,0.09174661386338556,20.65598848786741,20.5,21.5
1264.0,20.83539992715254,20.889123114673712,-28.214828363095748,21.0,1,0.11087688532628803,20.697820400044687,20.5,21.5
1265.0,20.84558988149449,20.87058040893348,-28.214042113177726,21.0,1,0.1294195910665188,20.685153351531174,20.5,21.5
1266.0,20.855777955095554,20.945843415726703,-28.213257223344325,21.0,0,0.05415658427329717,21.69847348365892,20.5,21.5
1267.0,20.845964148059867,20.96214658222842,-28.212473694193275,21.0,0,0.037853417771579245,21.1251782472456,20.5,21.5
1268.0,20.836152460491416,20.969368567789655,-28.211691526321264,21.0,0,0.030631432210345366,21.041588423401993,20.5,21.5
1269.0,20.826342891694054,21.005006899362876,-28.21091072032395,21.0,0,-0.005006899362875572,21.361390215095085,20.5,21.5
1270.0,20.816535440971652,21.032167693853204,-28.21013127679595,21.0,0,-0.032167693853203616,21.303775638756484,20.5,21.5
1271.0,20.8067301076281,21.01143225634489,-28.209353196330845,21.0,0,-0.011432256344889424,20.804077881261748,20.5,21.5
1272.0,20.796926890967306,21.1000145918807,-28.208576479521174,21.0,0,-0.10001459188070072,21.985837947238814,20.5,21.5
1273.0,20.78712579029321,21.074573914231944,-28.207801126958444,21.0,0,-0.07457391423194437,20.82016713774438,20.5,21.5
1274.0,20.77732680490976,21.088874777195873,-28.20702713923312,21.0,0,-0.08887477719587267,21.231883406835156,20.5,21.5
1275.0,20.76752993412093,21.07043797809843,-28.206254516934624,21.0,0,-0.070437978098429,20.886069987123992,20.5,21.5
1276.0,20.757735177230717,21.111038957466313,-28.20548326065134,21.0,0,-0.11103895746631309,21.517048751145154,20.5,21.5
1277.0,20.747942533543142,21.063864048962508,-28.204713370970623,21.0,0,-0.06386404896250752,20.592114963924452,20.5,21.5
1278.0,20.738152002362238,21.101933398158227,-28.20394484847877,21.0,0,-0.1019333981582271,21.482626890115423,20.5,21.5
1279.0,20.72836358299207,21.04309679865454,-28.20317769376104,21.0,1,-0.043096798654538304,20.45473080361765,20.5,21.5
1280.0,20.73857727473672,21.066090419667596,-28.202411907401668,21.0,1,-0.06609041966759577,21.29602662979817,20.5,21.5
1281.0,20.74878907690029,21.070584929830165,-28.20164748998382,21.0,1,-0.07058492983016507,21.115530031455858,20.5,21.5
1282.0,20.758998989586914,21.05869772671603,-28.200884442089638,21.0,1,-0.05869772671603002,20.93982569557468,20.5,21.5
1283.0,20.76920701290058,21.03024803931219,-28.200122764300218,21.0,1,-0.03024803931219111,20.745751165273802,20.5,21.5
1284.0,20.77941314694514,21.121201895604106,-28.199362457195612,21.0,0,-0.12120189560410566,22.03074045852325,20.5,21.5
1285.0,20.769617391824312,21.157901813426832,-28.198603521354826,21.0,0,-0.1579018134268324,21.5249009916541,20.5,21.5
1286.0,20.759823747641676,21.065444778072017,-28.197845957355817,21.0,1,-0.06544477807201687,20.14087442452386,20.5,21.5
1287.0,20.770032213700677,21.075072674217726,-28.19708976577551,21.0,1,-0.07507267421772568,21.171351635674814,20.5,21.5
1288.0,20.780238789304782,21.127681882761497,-28.196334947189772,21.0,0,-0.12768188276149672,21.653773968199207,20.5,21.5
1289.0,20.77044347455748,21.14354406366058,-28.195581502173436,21.0,0,-0.14354406366058114,21.302165872651425,20.5,21.5
1290.0,20.760650269562134,21.071063659387434,-28.194829431300278,21.0,1,-0.07106365938743409,20.346259616655963,20.5,21.5
1291.0,20.77085917362196,21.007360865880038,-28.194078735143037,21.0,1,-0.007360865880038148,20.37033293080608,20.5,21.5
1292.0,20.781066186040206,21.05989333338391,-28.1933294142734,21.0,0,-0.05989333338391134,21.585218008422643,20.5,21.5
1293.0,20.771271306920145,20.977467409597928,-28.192581469262002,21.0,1,0.022532590402072117,20.153208171738093,20.5,21.5
1294.0,20.781478536364908,21.040352757836995,-28.191834900678444,21.0,0,-0.04035275783699532,21.66920624022767,20.5,21.5
1295.0,20.7716838736775,21.07340739371757,-28.191089709091266,21.0,0,-0.0734073937175701,21.403953752523318,20.5,21.5
1296.0,20.761891318960945,21.14892029051064,-28.19034589506796,21.0,0,-0.1489202905106417,21.904049258441358,20.5,21.5
1297.0,20.752100871518138,21.07460294639564,-28.189603459174982,21.0,1,-0.07460294639563969,20.33142950524562,20.5,21.5
1298.0,20.762312530652,21.112205710539193,-28.188862401977723,21.0,1,-0.11220571053919315,21.488233351974728,20.5,21.5
1299.0,20.772522295665475,20.960232331252545,-28.18812272404053,21.0,1,0.039767668747455076,19.440498538386063,20.5,21.5
1300.0,20.782730166661533,20.941082670963613,-28.1873844259267,21.0,1,0.05891732903638669,20.749586068074297,20.5,21.5
1301.0,20.792936143743017,21.021914004089147,-28.186647508198483,21.0,0,-0.021914004089147454,21.83022733534449,20.5,21.5
1302.0,20.783140227012627,21.011245214781184,-28.18591197141707,21.0,0,-0.011245214781183677,20.904557321701546,20.5,21.5
1303.0,20.77334641657294,20.9978353465186,-28.185177816142605,21.0,0,0.0021646534814010465,20.86373666389275,20.5,21.5
1304.0,20.7635547117264,21.026181950923622,-28.184445042934183,21.0,0,-0.026181950923621855,21.30964799497385,20.5,21.5
1305.0,20.75376511177547,20.951844786615734,-28.183713652349837,21.0,1,0.048155213384266204,20.208473143536853,20.5,21.5
1306.0,20.763977616022643,20.90465524974827,-28.182983644946557,21.0,1,0.09534475025172995,20.432759881073633,20.5,21.5
1307.0,20.774188223770448,20.956542803547933,-28.182255021280273,21.0,1,0.04345719645206714,21.47541834154456,20.5,21.5
1308.0,20.78439693512144,21.041067709495096,-28.181527781905864,21.0,0,-0.04106770949509553,21.886316768966722,20.5,21.5
1309.0,20.774603750178034,21.0703226515499,-28.180801927377154,21.0,0,-0.07032265154990114,21.362872072097957,20.5,21.5
1310.0,20.764812669042524,21.11937436947042,-28.180077458246913,21.0,0,-0.11937436947042102,21.60989154867562,20.5,21.5
1311.0,20.755023691017065,21.136217727856863,-28.179354375066858,21.0,0,-0.13621772785686304,21.304651311721283,20.5,21.5
1312.0,20.74523681540385,21.111265765232954,-28.178632678387647,21.0,0,-0.11126576523295384,20.861746138993862,20.5,21.5
1313.0,20.73545204150509,21.04006680554612,-28.177912368758882,21.0,1,-0.04006680554612174,20.3280772086778,20.5,21.5
1314.0,20.745669368623037,21.11961733224747,-28.17719344672911,21.0,0,-0.11961733224746851,21.915122599260936,20.5,21.5
1315.0,20.735884796059967,21.112968191582713,-28.176475912845824,21.0,0,-0.11296819158271276,21.046476784935155,20.5,21.5
1316.0,20.726102323918187,21.095519355125077,-28.175759767655453,21.0,0,-0.09551935512507725,20.921030990548722,20.5,21.5
1317.0,20.71632195149987,21.039882726762926,-28.17504501170338,21.0,1,-0.03988272676292581,20.48351644314141,20.5,21.5
1318.0,20.72654367810723,21.06726251934294,-28.174331645533915,21.0,1,-0.0672625193429397,21.34106044514308,20.5,21.5
1319.0,20.736763503042503,21.026806182225236,-28.17361966969032,21.0,1,-0.02680618222523634,20.622242811048203,20.5,21.5
1320.0,20.746981426407956,21.02888114204033,-28.1729090847148,21.0,1,-0.028881142040329877,21.049630740191265,20.5,21.5
1321.0,20.75719744830573,21.0904507206039,-28.172199891148487,21.0,0,-0.09045072060390069,21.70614650623961,20.5,21.5
1322.0,20.74741156883784,21.193341765624883,-28.171492089531473,21.0,0,-0.1933417656248828,22.222252215834704,20.5,21.5
1323.0,20.737627788106167,21.165325751060966,-28.170785680402773,21.0,0,-0.1653257510609656,20.885165605421793,20.5,21.5
1324.0,20.727846105412464,21.110951628451485,-28.17008066430035,21.0,0,-0.11095162845148465,20.567210402356675,20.5,21.5
1325.0,20.71806652005852,21.12243997222527,-28.169377041761106,21.0,0,-0.12243997222526914,21.237323409963114,20.5,21.5
1326.0,20.70828903134616,21.050188932123522,-28.168674813320877,21.0,1,-0.05018893212352182,20.32767853110605,20.5,21.5
1327.0,20.718513638577225,21.0147745400929,-28.167973979514443,21.0,1,-0.014774540092901134,20.660630619786694,20.5,21.5
1328.0,20.728736341053605,20.96005893107489,-28.16727454087552,21.0,1,0.039941068925109846,20.41290284089478,20.5,21.5
1329.0,20.73895713887722,20.913949581277272,-28.16657649793676,21.0,1,0.08605041872272778,20.452856083301093,20.5,21.5
1330.0,20.749176032149855,20.89518981695793,-28.165879851229754,21.0,1,0.10481018304206913,20.707592173764517,20.5,21.5
1331.0,20.759393020973178,20.95440333178714,-28.165184601285024,21.0,0,0.045596668212859015,21.546538480079242,20.5,21.5
1332.0,20.749608105448726,20.925513859046315,-28.164490748632037,21.0,0,0.07448614095368455,20.63661913163806,20.5,21.5
1333.0,20.73982528567791,20.924300889880165,-28.163798293799193,21.0,0,0.07569911011983521,20.912171198218658,20.5,21.5
1334.0,20.730044560962014,20.95961153715038,-28.163107237313824,21.0,0,0.040388462849620055,21.31271800985253,20.5,21.5
1335.0,20.72026593060236,21.013796608712028,-28.162417579702204,21.0,0,-0.013796608712027592,21.555647324328504,20.5,21.5
1336.0,20.7104893939003,20.99789065033817,-28.16172932148953,21.0,0,0.002109349661829185,20.838831066599603,20.5,21.5
1337.0,20.700714950157224,20.943941002464097,-28.161042463199948,21.0,1,0.05605899753590293,20.40444452372336,20.5,21.5
1338.0,20.710942598674553,21.01697815701155,-28.160357005356524,21.0,0,-0.016978157011550365,21.747349702486083,20.5,21.5
1339.0,20.701168338753746,20.945980545106142,-28.15967294848127,21.0,1,0.054019454893857954,20.23600442605206,20.5,21.5
1340.0,20.7113961704963,20.97161696118753,-28.15899029309512,21.0,1,0.028383038812471284,21.227981122001395,20.5,21.5
1341.0,20.72162209320358,20.91562244627872,-28.15830903971795,21.0,1,0.08437755372127853,20.35567729719065,20.5,21.5
1342.0,20.731846106977,20.951902345338844,-28.157629188868558,21.0,1,0.048097654661155786,21.31470133594007,20.5,21.5
1343.0,20.74206821191783,20.96567886551661,-28.156950741064684,21.0,1,0.03432113448338825,21.103444067294287,20.5,21.5
1344.0,20.75228840812723,21.083159817511266,-28.156273696823,21.0,0,-0.083159817511266,22.25796933745781,20.5,21.5
1345.0,20.74250669570624,21.024594124955147,-28.155598056659095,21.0,1,-0.024594124955147123,20.43893719939396,20.5,21.5
1346.0,20.752727074755768,21.02035995636378,-28.154923821087507,21.0,1,-0.020359956363780185,20.97801827045011,20.5,21.5
1347.0,20.7629455445766,21.11587856411939,-28.15425099062169,21.0,0,-0.11587856411939157,22.071064641675505,20.5,21.5
1348.0,20.75316210526956,21.112820363176105,-28.153579565774038,21.0,0,-0.11282036317610533,21.082238353743243,20.5,21.5
1349.0,20.743380756935352,21.075910262982752,-28.152909547055867,21.0,0,-0.07591026298275239,20.706809261049223,20.5,21.5
1350.0,20.733601498874553,21.085599914128494,-28.152240934977428,21.0,0,-0.08559991412849399,21.18249642558591,20.5,21.5
1351.0,20.72382433038778,21.048329557544832,-28.151573730047893,21.0,0,-0.04832955754483237,20.675625991708216,20.5,21.5
1352.0,20.714049250775695,20.96889671344981,-28.150907932775375,21.0,1,0.031103286550191456,20.17456827249957,20.5,21.5
1353.0,20.724276259338986,20.98830607866379,-28.150243543666903,21.0,1,0.011693921336210167,21.182399730803603,20.5,21.5
1354.0,20.734501355378384,20.989106623087903,-28.149580563228437,21.0,1,0.010893376912097352,20.99711206732903,20.5,21.5
1355.0,20.744724538994664,21.0275473043771,-28.14891899196487,21.0,1,-0.02754730437710151,21.41195411726909,20.5,21.5
1356.0,20.754945810288472,21.1038236932047,-28.14825883038001,21.0,0,-0.1038236932046992,21.866587581480676,20.5,21.5
1357.0,20.745165169360337,21.11951240967266,-28.14760007897661,21.0,0,-0.11951240967265875,21.276399574352254,20.5,21.5
1358.0,20.73538661631067,21.0167661046742,-28.146942738256325,21.0,1,-0.016766104674200477,19.989303054689618,20.5,21.5
1359.0,20.745610150439756,21.038996144478634,-28.146286808719758,21.0,1,-0.03899614447863442,21.261296542522974,20.5,21.5
1360.0,20.755831771047923,20.976338896924634,-28.145632290866423,21.0,1,0.02366110307536573,20.349766421384633,20.5,21.5
1361.0,20.76605147823554,20.998634543634505,-28.14497918519477,21.0,1,0.0013654563654945662,21.221591010733217,20.5,21.5
1362.0,20.77626927210285,20.996437880209196,-28.14432749220216,21.0,1,0.003562119790803564,20.974471245956106,20.5,21.5
1363.0,20.78648515274999,21.135821421497592,-28.143677212384887,21.0,0,-0.13582142149759235,22.52965683438155,20.5,21.5
1364.0,20.776699120276962,21.10490362238703,-28.143028346238175,21.0,0,-0.10490362238703099,20.795725631281417,20.5,21.5
1365.0,20.76691517478366,21.17053694610777,-28.14238089425615,21.0,0,-0.17053694610777015,21.82687018331516,20.5,21.5
1366.0,20.75713331556985,21.240818446806315,-28.141734856931887,21.0,0,-0.24081844680631548,21.94363345379177,20.5,21.5
1367.0,20.74735354193535,21.279755445490036,-28.141090234757367,21.0,0,-0.2797554454900357,21.669125432327238,20.5,21.5
1368.0,20.73757585318001,21.252572900712217,-28.140447028223498,21.0,0,-0.2525729007122166,20.980747452934025,20.5,21.5
1369.0,20.72780024860373,21.225476945638462,-28.139805237820106,21.0,0,-0.2254769456384622,20.95451739490092,20.5,21.5
1370.0,20.718026727506448,21.18795561568375,-28.13916486403595,21.0,0,-0.18795561568375163,20.812742316136646,20.5,21.5
1371.0,20.70825528918814,21.127574136049468,-28.138525907358698,21.0,0,-0.12757413604946777,20.52375933970663,20.5,21.5
1372.0,20.69848593294883,21.10784354703552,-28.137888368274943,21.0,0,-0.10784354703552168,20.91053765689606,20.5,21.5
1373.0,20.688718658088586,21.029072198683828,-28.1372522472702,21.0,1,-0.02907219868382782,20.24135871516689,20.5,21.5
1374.0,20.698953463907515,21.054823421927757,-28.1366175448289,21.0,1,-0.054823421927757465,21.312335654367054,20.5,21.5
1375.0,20.709186349705767,21.0280635188649,-28.135984261434402,21.0,1,-0.02806351886490077,20.760464488236334,20.5,21.5
1376.0,20.719417315583538,21.095592096392238,-28.135352397568976,21.0,0,-0.09559209639223809,21.77087787166561,20.5,21.5
1377.0,20.709646361640907,21.050139659945522,-28.13472195371381,21.0,0,-0.05013965994552194,20.59561529547836,20.5,21.5
1378.0,20.699877487977837,21.09532768411206,-28.13409293034902,21.0,0,-0.0953276841120605,21.547207925777446,20.5,21.5
1379.0,20.690110693894173,21.044224970216707,-28.133465327953637,21.0,0,-0.044224970216706794,20.53319783126317,20.5,21.5
1380.0,20.680345978689804,21.07092943955229,-28.132839147005598,21.0,0,-0.07092943955229103,21.337974132908133,20.5,21.5
1381.0,20.670583341664663,20.9767465974197,-28.132214387981772,21.0,1,0.0232534025802984,20.034918176093807,20.5,21.5
1382.0,20.680822782118735,21.033543254795163,-28.13159105135794,21.0,0,-0.033543254795162625,21.601509828549773,20.5,21.5
1383.0,20.67106029935204,21.024564274565083,-28.1309691376088,21.0,0,-0.024564274565083366,20.93477447226429,20.5,21.5
1384.0,20.661299893464648,21.017813876276357,-28.13034864720797,21.0,0,-0.017813876276356666,20.95030989338909,20.5,21.5
1385.0,20.651541563756513,20.962918747238344,-28.129729580627977,21.0,1,0.03708125276165575,20.41396745685822,20.5,21.5
1386.0,20.661785309527637,20.919694696762434,-28.129111938340266,21.0,1,0.0803053032375658,20.487454192003334,20.5,21.5
1387.0,20.672027130078064,20.932535070051088,-28.1284957208152,21.0,1,0.06746492994891184,21.060938802937628,20.5,21.5
1388.0,20.682267025507887,20.923158509082892,-28.127880928522053,21.0,1,0.07684149091710779,20.829392899400933,20.5,21.5
1389.0,20.69250499591708,20.973992184342208,-28.12726756192902,21.0,1,0.026007815657791866,21.482328936935367,20.5,21.5
1390.0,20.70274104140551,21.027606749876142,-28.126655621503204,21.0,0,-0.02760674987614209,21.56375240521548,20.5,21.5
1391.0,20.692975162072926,21.04465379954759,-28.126045107710624,21.0,0,-0.0446537995475893,21.21512429626206,20.5,21.5
1392.0,20.68321135801897,21.0058516883969,-28.125436021016217,21.0,0,-0.005851688396898425,20.61783057688999,20.5,21.5
1393.0,20.67344962854316,20.960688716107978,-28.12482836188382,21.0,0,0.03931128389202243,20.50905899321877,20.5,21.5
1394.0,20.663689972945075,20.895128844832364,-28.124222130776204,21.0,1,0.10487115516763623,20.239530132076226,20.5,21.5
1395.0,20.67393239052433,20.806401213991514,-28.12361732815503,21.0,1,0.19359878600848646,19.91912490558301,20.5,21.5
1396.0,20.684172880580597,20.78405471694588,-28.12301395448089,21.0,1,0.21594528305411842,20.560589746489562,20.5,21.5
1397.0,20.694411443213585,20.75049636830925,-28.122412010213267,21.0,1,0.24950363169075018,20.414912881942932,20.5,21.5
1398.0,20.7046480785229,20.801028796673986,-28.121811495810583,21.0,1,0.19897120332601403,21.306353080321347,20.5,21.5
1399.0,20.714882786608033,20.832086900421178,-28.12121241173014,21.0,1,0.16791309957882206,21.142667937893098,20.5,21.5
1400.0,20.725115567568366,20.881490980906825,-28.120614758428182,21.0,1,0.11850901909317457,21.3755317857633,20.5,21.5
1401.0,20.735346421503166,20.948786967044597,-28.12001853635984,21.0,0,0.05121303295540258,21.621746828422317,20.5,21.5
1402.0,20.725575348511594,20.950754528054613,-28.119423745979162,21.0,0,0.049245471945386754,20.97043013815477,20.5,21.5
1403.0,20.715806348692695,21.000590072050702,-28.11883038773911,21.0,0,-0.0005900720507021617,21.49894551201159,20.5,21.5
1404.0,20.70603942134541,21.088861908798528,-28.118238462091547,21.0,0,-0.08886190879852762,21.971580276276782,20.5,21.5
1405.0,20.69627456576872,21.10295467819357,-28.11764796948726,21.0,0,-0.1029546781935693,21.243882372143986,20.5,21.5
1406.0,20.68651178126167,21.046501179351303,-28.117058910375924,21.0,1,-0.046501179351302824,20.481966190928638,20.5,21.5
1407.0,20.696751067123344,21.062525318529268,-28.11647128520614,21.0,1,-0.06252531852926779,21.222766710308917,20.5,21.5
1408.0,20.706988422652877,21.00171046946564,-28.11588509442541,21.0,1,-0.0017104694656389086,20.39356197882935,20.5,21.5
1409.0,20.717223847949462,20.93650943120759,-28.115300338480136,21.0,1,0.06349056879241033,20.284499048627097,20.5,21.5
1410.0,20.727457343112178,20.936141527456535,-28.114717017815643,21.0,1,0.06385847254346544,20.932462489945983,20.5,21.5
1411.0,20.737688908239992,20.959620792716255,-28.114135132876154,21.0,1,0.040379207283745444,21.194413445313455,20.5,21.5
1412.0,20.74791854343177,21.05604956160215,-28.1135546841048,21.0,0,-0.05604956160215124,22.020337250461118,20.5,21.5
1413.0,20.73814624878626,21.13812829522637,-28.112975671943612,21.0,0,-0.1381282952263696,21.958915631468553,20.5,21.5
1414.0,20.728376024402117,21.242205242074867,-28.11239809683354,21.0,0,-0.24220524207486704,22.28297471055984,20.5,21.5
1415.0,20.71860786957787,21.332956477076912,-28.11182195921443,21.0,0,-0.33295647707691245,22.240468827097366,20.5,21.5
1416.0,20.70884178361211,21.394341628179102,-28.111247259525037,21.0,0,-0.39434162817910234,22.008193139201,20.5,21.5
1417.0,20.699077765803484,21.318587630614182,-28.11067399820302,21.0,0,-0.31858763061418216,20.56104765496498,20.5,21.5
1418.0,20.689315815450684,21.20091269127562,-28.110102175684936,21.0,1,-0.20091269127561873,20.024163297889984,20.5,21.5
1419.0,20.699555931852455,21.123619736656856,-28.109531792406266,21.0,1,-0.1236197366568561,20.35069019046923,20.5,21.5
1420.0,20.709794114307602,21.061831285084832,-28.10896284880137,21.0,1,-0.06183128508483193,20.44394676936459,20.5,21.5
1421.0,20.72003036291498,21.06603513194229,-28.10839534530352,21.0,1,-0.06603513194228938,21.108073600516864,20.5,21.5
1422.0,20.730264677773334,21.07782610813091,-28.10782928234491,21.0,1,-0.0778261081309104,21.19573587001712,20.5,21.5
1423.0,20.740497058981312,21.13032444019266,-28.10726466035661,21.0,0,-0.1303244401926591,21.655307760810146,20.5,21.5
1424.0,20.730727506637443,21.107869613555565,-28.106701479768606,21.0,0,-0.10786961355556457,20.88332134718462,20.5,21.5
1425.0,20.720960020840163,21.093565354221816,-28.10613974100979,21.0,0,-0.09356535422181622,20.950522760884333,20.5,21.5
1426.0,20.711194600887794,20.99872513635225,-28.105579444507942,21.0,1,0.00127486364775109,20.050322957656576,20.5,21.5
1427.0,20.721431246078716,20.964646547790444,-28.105020590689758,21.0,1,0.03535345220955577,20.623860662172397,20.5,21.5
1428.0,20.73166595571136,20.948847165225068,-28.10446317998083,21.0,1,0.05115283477493193,20.790853339571306,20.5,21.5
1429.0,20.741898729884223,20.933783180871696,-28.103907212805645,21.0,1,0.06621681912830368,20.78314333733798,20.5,21.5
1430.0,20.752129568695686,20.952434640718028,-28.103352689587602,21.0,1,0.04756535928197181,21.138949239181347,20.5,21.5
1431.0,20.762358472244028,20.932978449189235,-28.102799610748992,21.0,1,0.06702155081076455,20.738416533901308,20.5,21.5
1432.0,20.77258544062743,20.97279522271002,-28.102247976711006,21.0,1,0.027204777289981052,21.370962957917854,20.5,21.5
1433.0,20.782810473943965,20.92526158598221,-28.10169778789374,21.0,1,0.07473841401779069,20.449925218704113,20.5,21.5
1434.0,20.7930335722916,20.904683623661008,-28.101149044716195,21.0,1,0.09531637633899237,20.69890400044899,20.5,21.5
1435.0,20.803254735768196,20.942699006744434,-28.100601747596244,21.0,1,0.05730099325556637,21.322852837578694,20.5,21.5
1436.0,20.813473964471523,21.038892383685994,-28.100055896950696,21.0,0,-0.03889238368599379,22.000826153101595,20.5,21.5
1437.0,20.80369125849924,21.067297808891674,-28.09951149319523,21.0,0,-0.06729780889167358,21.35135206094847,20.5,21.5
1438.0,20.7939106179489,21.19943595391013,-28.098968536744433,21.0,0,-0.19943595391012892,22.520817404094682,20.5,21.5
1439.0,20.78413204211796,21.263207388717756,-28.09842702801179,21.0,0,-0.2632073887177562,21.90092173679403,20.5,21.5
1440.0,20.774355530303936,21.237719505615665,-28.097886967409693,21.0,0,-0.23771950561566513,20.982840674594755,20.5,21.5
1441.0,20.764581081804394,21.212289195774073,-28.09734835534941,21.0,0,-0.21228919577407268,20.957986097358148,20.5,21.5
1442.0,20.754808695916964,21.12067135050035,-28.096811192241123,21.0,1,-0.1206713505003485,20.204492897763107,20.5,21.5
1443.0,20.765038371939333,21.026842711278615,-28.096275478493904,21.0,1,-0.026842711278614928,20.08855631906128,20.5,21.5
1444.0,20.775266109169248,21.01342868613827,-28.095741214515723,21.0,1,-0.013428686138269086,20.87928843473481,20.5,21.5
1445.0,20.78549190770451,21.06244538683624,-28.095208400713442,21.0,0,-0.06244538683624157,21.552612393815966,20.5,21.5
1446.0,20.77571576764283,21.010978506252222,-28.09467703749283,21.0,1,-0.010978506252222076,20.496309700412027,20.5,21.5
1447.0,20.785941689081803,21.058308349373288,-28.09414712525853,21.0,0,-0.05830834937328788,21.531606780583946,20.5,21.5
1448.0,20.776165671318935,21.06789870880313,-28.093618664414105,21.0,0,-0.06789870880313131,21.163802303101566,20.5,21.5
1449.0,20.76639171445179,21.149798958552662,-28.093091655361995,21.0,0,-0.1497989585526618,21.968801456047967,20.5,21.5
1450.0,20.756619817777825,21.17277948914484,-28.092566098503546,21.0,0,-0.17277948914484043,21.402584795066627,20.5,21.5
1451.0,20.74684998059457,21.224682677314735,-28.092041994238986,21.0,0,-0.22468267731473546,21.743714559013686,20.5,21.5
1452.0,20.737082202199602,21.195126218812863,-28.091519342967445,21.0,0,-0.19512621881286307,20.89956163379414,20.5,21.5
1453.0,20.72731648189057,21.203760149584475,-28.09099814508695,21.0,0,-0.20376014958447541,21.2900994573006,20.5,21.5
1454.0,20.717552818965174,21.179115756840304,-28.090478400994407,21.0,0,-0.17911575684030367,20.932671829398586,20.5,21.5
1455.0,20.707791212721183,21.10220051278568,-28.089960111085627,21.0,1,-0.10220051278567865,20.33304807223943,20.5,21.5
1456.0,20.718031662456422,21.1229534670165,-28.089443275755315,21.0,1,-0.1229534670165009,21.330483009324723,20.5,21.5
1457.0,20.72827016746878,21.139652208192594,-28.088927895397056,21.0,1,-0.13965220819259372,21.306639619953522,20.5,21.5
1458.0,20.738506727856205,21.15519849608565,-28.08841397040334,21.0,1,-0.1551984960856494,21.310661375016206,20.5,21.5
1459.0,20.748741343716553,21.065773427743466,-28.08790150116554,21.0,1,-0.06577342774346562,20.171522744321628,20.5,21.5
1460.0,20.758974015147576,21.135742674476624,-28.08739048807393,21.0,0,-0.13574267447662436,21.83543514180821,20.5,21.5
1461.0,20.74920474224693,21.118158400317153,-28.086880931517662,21.0,0,-0.11815840031715297,20.94231565872244,20.5,21.5
1462.0,20.73943752511218,21.102834571813244,-28.086372831884784,21.0,0,-0.10283457181324351,20.94959628677415,20.5,21.5
1463.0,20.72967236304078,21.00198256895441,-28.085866189562243,21.0,1,-0.001982568954410624,19.99346254036608,20.5,21.5
1464.0,20.73990925533026,21.02050156208707,-28.085361004935866,21.0,1,-0.020501562087069658,21.20569149341366,20.5,21.5
1465.0,20.750144201278207,20.91482024284376,-28.084857278390373,21.0,1,0.08517975715624004,19.858007050410663,20.5,21.5
1466.0,20.760377200982273,20.86256448524566,-28.08435501030937,21.0,1,0.13743551475434046,20.340006909264655,20.5,21.5
1467.0,20.770608254540015,20.891435587796703,-28.08385420107536,21.0,1,0.10856441220329671,21.18014661330714,20.5,21.5
1468.0,20.780837362048892,20.94648987725147,-28.083354851069736,21.0,1,0.05351012274853062,21.49703277179913,20.5,21.5
1469.0,20.79106452360627,20.954145771546564,-28.082856960672764,21.0,1,0.04585422845343601,21.03070471449751,20.5,21.5
1470.0,20.801289739309414,20.945562173953043,-28.082360530263614,21.0,1,0.05443782604695713,20.85972619801783,20.5,21.5
1471.0,20.8115130092555,20.98852775543083,-28.08186556022034,21.0,1,0.011472244569169732,21.418183570208704,20.5,21.5
1472.0,20.821734333541603,21.0307611094229,-28.081372050919885,21.0,1,-0.030761109422901,21.45309464934361,20.5,21.5
1473.0,20.83195371226471,21.124504518548257,-28.080880002738077,21.0,0,-0.12450451854825673,22.061938609801814,20.5,21.5
1474.0,20.822171145521708,21.127678731438312,-28.080389416049627,21.0,0,-0.1276787314383121,21.159420860338866,20.5,21.5
1475.0,20.812390633409393,21.177216871053105,-28.079900291228142,21.0,0,-0.1772168710531048,21.67259826720103,20.5,21.5
1476.0,20.802612175224464,21.231061354380312,-28.079412628646114,21.0,0,-0.23106135438031217,21.769506187652386,20.5,21.5
1477.0,20.79283577026369,21.217953696668452,-28.078926428674915,21.0,0,-0.21795369666845232,21.086877119549854,20.5,21.5
1478.0,20.7830614178239,21.141313220933895,-28.078441691684812,21.0,1,-0.14131322093389542,20.374908463588326,20.5,21.5
1479.0,20.793289117202,21.241835635727014,-28.07795841804495,21.0,0,-0.24183563572701416,22.2470597836582,20.5,21.5
1480.0,20.78351486769495,21.28805856263055,-28.077476608123362,21.0,0,-0.28805856263054963,21.750287831665904,20.5,21.5
1481.0,20.773742669399788,21.245498827719157,-28.07699626228697,21.0,0,-0.24549882771915676,20.819901478605228,20.5,21.5
1482.0,20.76397252161345,21.18873381401439,-28.076517380901578,21.0,0,-0.18873381401439104,20.621083676966734,20.5,21.5
1483.0,20.75420442363295,21.215234908976925,-28.076039964331873,21.0,0,-0.21523490897692454,21.48024585860226,20.5,21.5
1484.0,20.744438374755354,21.091511138402204,-28.075564012941427,21.0,1,-0.09151113840220404,19.854273432655,20.5,21.5
1485.0,20.754674374277815,21.056237592551305,-28.075089527092707,21.0,1,-0.05623759255130523,20.703502134042317,20.5,21.5
1486.0,20.76490842149754,21.05195242883722,-28.07461650714704,21.0,1,-0.05195242883722173,21.009100791696387,20.5,21.5
1487.0,20.77514051651181,21.15322650222498,-28.074144953464668,21.0,0,-0.1532265022249817,22.16596723610258,20.5,21.5
1488.0,20.765370659417815,21.137442152188452,-28.073674866404684,21.0,0,-0.13744215218845213,20.979598651823157,20.5,21.5
1489.0,20.755602850312652,21.10324816423585,-28.07320624632509,21.0,0,-0.10324816423585048,20.761308284709834,20.5,21.5
1490.0,20.745837088493325,21.11093250639674,-28.072739093582754,21.0,0,-0.11093250639673968,21.18777592800563,20.5,21.5
1491.0,20.73607337325691,21.098787423870498,-28.072273408533437,21.0,0,-0.09878742387049755,20.977336598608076,20.5,21.5
1492.0,20.726311703900553,21.061146675718017,-28.07180919153178,21.0,0,-0.06114667571801746,20.684739194193217,20.5,21.5
1493.0,20.716552079721467,21.021842424553665,-28.0713464429313,21.0,0,-0.021842424553664586,20.628799912910136,20.5,21.5
1494.0,20.706794500016937,21.05753220892468,-28.070885163084405,21.0,0,-0.05753220892468036,21.414430052634838,20.5,21.5
1495.0,20.697038964084317,21.05445951826016,-28.070425352342376,21.0,0,-0.05445951826015971,21.023732611614953,20.5,21.5
1496.0,20.68728547122103,21.077666621691503,-28.069967011055375,21.0,0,-0.07766662169150251,21.30973765600493,20.5,21.5
1497.0,20.677534020724575,21.019319474898317,-28.069510139572458,21.0,1,-0.019319474898317424,20.435848006966467,20.5,21.5
1498.0,20.687784611892518,21.065373940618706,-28.06905473824155,21.0,0,-0.06537394061870572,21.52591859782259,20.5,21.5
1499.0,20.67803324402249,21.07815001800255,-28.068600807409453,21.0,0,-0.07815001800254961,21.20591079184099,20.5,21.5
1500.0,20.668283917212204,21.00896433531173,-28.068148347421864,21.0,1,-0.00896433531173102,20.317107508403545,20.5,21.5
1501.0,20.678536630759275,20.914016240489225,-28.06769735862334,21.0,1,0.08598375951077486,19.964535292264166,20.5,21.5
1502.0,20.688787383961397,20.935620511378165,-28.067247841357343,21.0,1,0.06437948862183518,21.15166322026756,20.5,21.5
1503.0,20.699036176916334,20.952462887577223,-28.066799795966183,21.0,1,0.04753711242277703,21.120886649567804,20.5,21.5
1504.0,20.70928300972176,21.008832982893836,-28.06635322279108,21.0,0,-0.008832982893835606,21.572533936059962,20.5,21.5
1505.0,20.699527882475255,21.00838490955605,-28.065908122172115,21.0,0,-0.008384909556049536,21.00390417617819,20.5,21.5
1506.0,20.689774795274325,20.99362932980107,-28.065464494448246,21.0,0,0.006370670198929673,20.84607353225128,20.5,21.5
1507.0,20.68002374741638,21.060121131533805,-28.06502233995732,21.0,0,-0.06012113153380483,21.72503914886115,20.5,21.5
1508.0,20.670274738198906,21.02422895428775,-28.064581659036058,21.0,0,-0.02422895428775007,20.665307181827202,20.5,21.5
1509.0,20.660527766919458,20.949028007012267,-28.064142452020054,21.0,1,0.05097199298773347,20.19701853425743,20.5,21.5
1510.0,20.67078283287567,21.011451532330256,-28.063704719243784,21.0,0,-0.011451532330255532,21.635686785510146,20.5,21.5
1511.0,20.661035935365245,21.117196168731994,-28.063268461040604,21.0,0,-0.11719616873199357,22.174642532749374,20.5,21.5
1512.0,20.651291074485965,21.00904112108693,-28.062833677742738,21.0,1,-0.00904112108693056,19.9274906446363,20.5,21.5
1513.0,20.661548249535517,20.978429976497218,-28.062400369681296,21.0,1,0.021570023502782476,20.672318530600087,20.5,21.5
1514.0,20.671803459811674,21.00602269394627,-28.06196853718626,21.0,1,-0.006022693946270863,21.281949868436804,20.5,21.5
1515.0,20.682056705412275,20.95533797587138,-28.061538180586492,21.0,1,0.04466202412861975,20.448490795122474,20.5,21.5
1516.0,20.692307986435075,20.923466504703143,-28.061109300209722,21.0,1,0.07653349529685727,20.604751793020768,20.5,21.5
1517.0,20.702557302977745,20.994641273451663,-28.060681896382565,21.0,0,0.005358726548337245,21.706388960936863,20.5,21.5
1518.0,20.692804655137873,21.025817821977494,-28.060255969430507,21.0,0,-0.02581782197749405,21.337583307235807,20.5,21.5
1519.0,20.68305404301296,20.970457595581273,-28.059831519677907,21.0,1,0.02954240441872713,20.41685533161906,20.5,21.5
1520.0,20.69330546590042,21.009623606802876,-28.059408547448008,21.0,1,-0.009623606802875884,21.401283719018906,20.5,21.5
1521.0,20.703554923097748,21.00375371460931,-28.058987053062914,21.0,1,-0.003753714609310066,20.945054792673652,20.5,21.5
1522.0,20.713802414702517,20.9175874885999,-28.05856703684362,21.0,1,0.08241251140010064,20.055925228505792,20.5,21.5
1523.0,20.72404794081221,20.904693257138067,-28.058148499109976,21.0,1,0.09530674286193275,20.775750942519746,20.5,21.5
1524.0,20.734291501524226,21.04202244337238,-28.057731440180728,21.0,0,-0.0420224433723817,22.415314305715526,20.5,21.5
1525.0,20.724533096935886,21.083380310809297,-28.05731586037348,21.0,0,-0.08338031080929653,21.496958985178445,20.5,21.5
1526.0,20.714776727144425,21.10310563659978,-28.056901760004706,21.0,0,-0.10310563659977845,21.300358894504598,20.5,21.5
1527.0,20.705022391446995,21.13329002586148,-28.056489139389775,21.0,0,-0.13329002586148064,21.435133918478503,20.5,21.5
1528.0,20.695270089140827,21.203199401010178,-28.05607799884291,21.0,0,-0.20319940101017764,21.902293152497148,20.5,21.5
1529.0,20.68551981952323,21.105563761987444,-28.055668338677208,21.0,1,-0.10556376198744388,20.129207371760106,20.5,21.5
1530.0,20.695771581891588,21.085449020797764,-28.055260159204646,21.0,1,-0.08544902079776406,20.884301608900966,20.5,21.5
1531.0,20.70602137554337,21.01109004743987,-28.054853460736073,21.0,1,-0.0110900474398683,20.26750031386091,20.5,21.5
1532.0,20.716269200576114,21.026997789250533,-28.054448243581206,21.0,1,-0.02699778925053309,21.18607520735718,20.5,21.5
1533.0,20.726515057087283,20.98294575576965,-28.054044508048637,21.0,1,0.0170542442303514,20.542425420960804,20.5,21.5
1534.0,20.736758945174255,21.093830349861467,-28.053642254445823,21.0,0,-0.09383034986146654,22.202676290779646,20.5,21.5
1535.0,20.727000864934332,21.07676225182272,-28.053241483079102,21.0,0,-0.07676225182272134,20.90608127143527,20.5,21.5
1536.0,20.71724481646473,21.079889766367877,-28.052842194253678,21.0,0,-0.07988976636787726,21.111164911819436,20.5,21.5
1537.0,20.707490799062587,21.126213491031116,-28.052444388273628,21.0,0,-0.12621349103111612,21.589450737663505,20.5,21.5
1538.0,20.69773881202512,21.19450612028504,-28.052048065441895,21.0,0,-0.1945061202850411,21.87743241282429,20.5,21.5
1539.0,20.687988854649625,21.113507802612208,-28.051653226060303,21.0,1,-0.11350780261220805,20.303524625883878,20.5,21.5
1540.0,20.69824092623348,21.01804244401672,-28.05125987042953,21.0,1,-0.018042444016721504,20.063388858061856,20.5,21.5
1541.0,20.70849102607415,21.058303015214996,-28.05086799884914,21.0,1,-0.058303015214995924,21.46090872719774,20.5,21.5
1542.0,20.718739154269166,21.00088932011807,-28.050477611617556,21.0,1,-0.0008893201180697474,20.426752369148808,20.5,21.5
1543.0,20.728985310915988,20.984547989071633,-28.05008870903208,21.0,1,0.015452010928367343,20.82113467860726,20.5,21.5
1544.0,20.739229496112,21.037121085701216,-28.049701291388875,21.0,0,-0.03712108570121586,21.562852051997048,20.5,21.5
1545.0,20.7294717099545,21.107623985886192,-28.049315358982973,21.0,0,-0.10762398588619249,21.81265298773596,20.5,21.5
1546.0,20.71971595254071,21.130820887350502,-28.048930912108286,21.0,0,-0.13082088735050235,21.3627899019936,20.5,21.5
1547.0,20.709962223167782,21.127690818647157,-28.048547951057582,21.0,0,-0.1276908186471566,21.0963901316137,20.5,21.5
1548.0,20.700210521132938,21.02795702681855,-28.048166476122503,21.0,1,-0.02795702681855161,20.030619108532502,20.5,21.5
1549.0,20.710460845733486,20.978739227973875,-28.047786487593562,21.0,1,0.02126077202612464,20.486561239527113,20.5,21.5
1550.0,20.72070919626682,20.969138202520007,-28.04740798576013,21.0,1,0.03086179747999296,20.873127947981324,20.5,21.5
1551.0,20.730955572830414,20.924252195928915,-28.047030970910463,21.0,1,0.07574780407108506,20.475392130017994,20.5,21.5
1552.0,20.741199975521667,20.94232914899909,-28.046655443331666,21.0,1,0.05767085100091052,21.123098679700835,20.5,21.5
1553.0,20.751442404437896,21.049614419601927,-28.04628140330972,21.0,0,-0.049614419601926585,22.122467125630298,20.5,21.5
1554.0,20.741682859676345,21.040818314129176,-28.045908851129475,21.0,0,-0.0408183141291758,20.952857259401668,20.5,21.5
1555.0,20.731925341334183,21.02032469087516,-28.045537787074643,21.0,0,-0.0203246908751602,20.815388458335004,20.5,21.5
1556.0,20.7221698487085,21.100353929784333,-28.045168211427807,21.0,0,-0.10035392978433322,21.900646318876063,20.5,21.5
1557.0,20.71241638109647,21.09113802696222,-28.04480012447042,21.0,0,-0.09113802696221995,20.998978998741087,20.5,21.5
1558.0,20.702664937795358,21.011233970186158,-28.044433526482788,21.0,1,-0.011233970186157904,20.212193402425537,20.5,21.5
1559.0,20.712915518102502,21.05405786545418,-28.044068417744096,21.0,1,-0.05405786545417968,21.482296818134397,20.5,21.5
1560.0,20.72316412131533,21.17008136240073,-28.04370479853239,21.0,0,-0.17008136240072957,22.33031633186623,20.5,21.5
1561.0,20.713410747531363,21.10387875194912,-28.043342669124577,21.0,1,-0.10387875194912155,20.44185264743304,20.5,21.5
1562.0,20.72365939684803,21.14255187332559,-28.04298202979644,21.0,0,-0.1425518733255906,21.52928308709028,20.5,21.5
1563.0,20.713906068562704,21.174813148328536,-28.042622880822623,21.0,0,-0.17481314832853556,21.497425898357985,20.5,21.5
1564.0,20.704154762772827,21.15532774268997,-28.04226522247663,21.0,0,-0.15532774268996974,20.96047368630431,20.5,21.5
1565.0,20.694405478775778,21.035196089951498,-28.041909055030832,21.0,1,-0.03519608995149781,19.83387956256678,20.5,21.5
1566.0,20.704658215869017,21.07514731974444,-28.04155437875647,21.0,1,-0.07514731974443833,21.474659617673844,20.5,21.5
1567.0,20.71490897335009,21.0120793239779,-28.04120119392364,21.0,1,-0.012079323977900458,20.38139936631252,20.5,21.5
1568.0,20.725157751316637,20.935783086693622,-28.04084950080131,21.0,1,0.06421691330637813,20.172820713850836,20.5,21.5
1569.0,20.735404549866214,20.85407096109843,-28.040499299657313,21.0,1,0.1459290389015706,20.036949705146505,20.5,21.5
1570.0,20.74564936909631,20.871456321513215,-28.04015059075834,21.0,1,0.1285436784867855,21.045309925661066,20.5,21.5
1571.0,20.75589220910434,20.890850845705693,-28.039803374369946,21.0,1,0.1091491542943075,21.084796087630473,20.5,21.5
1572.0,20.766133069987642,20.919311239862676,-28.039457650756557,21.0,1,0.08068876013732407,21.20391518143251,20.5,21.5
1573.0,20.776371951843494,20.997446824164278,-28.03911342018145,21.0,0,0.002553175835721788,21.7788026671803,20.5,21.5
1574.0,20.76660885476909,21.090400871227967,-28.038770682906772,21.0,0,-0.09040087122796692,22.019941341864854,20.5,21.5
1575.0,20.756847778861555,21.122386306639886,-28.03842943919354,21.0,0,-0.12238630663988559,21.442240660759072,20.5,21.5
1576.0,20.747088723417946,21.03658576343897,-28.038089689301618,21.0,1,-0.03658576343897124,20.178580331429828,20.5,21.5
1577.0,20.7573316877354,21.040148424599472,-28.037751433489742,21.0,1,-0.04014842459947232,21.075775036204483,20.5,21.5
1578.0,20.767572671111157,20.988835790186045,-28.037414672015508,21.0,1,0.011164209813955495,20.475709446051766,20.5,21.5
1579.0,20.777811673642532,21.01781201385458,-28.03707940513538,21.0,1,-0.017812013854580755,21.307574250539943,20.5,21.5
1580.0,20.788048695426777,21.05634937351007,-28.036745633104672,21.0,1,-0.05634937351006997,21.441722970064962,20.5,21.5
1581.0,20.79828373656107,21.166109978401977,-28.03641335617757,21.0,0,-0.16610997840197683,22.263716027321045,20.5,21.5
1582.0,20.788516797142524,21.209643506796006,-28.036082574607114,21.0,0,-0.20964350679600585,21.644978790736296,20.5,21.5
1583.0,20.778751877268174,21.270408947299835,-28.03575328864521,21.0,0,-0.2704089472998348,21.878063352338124,20.5,21.5
1584.0,20.76898897623499,21.25756929401794,-28.035425498542622,21.0,0,-0.2575692940179408,21.129172761199,20.5,21.5
1585.0,20.759228093340035,21.199840699998315,-28.03509920454898,21.0,0,-0.19984069999831533,20.62255475980206,20.5,21.5
1586.0,20.749469227880457,21.176596905327138,-28.03477440691277,21.0,0,-0.17659690532713768,20.94415895861536,20.5,21.5
1587.0,20.7397123791535,21.1157306841366,-28.034451105881338,21.0,0,-0.11573068413660081,20.507068472231232,20.5,21.5
1588.0,20.729957546456493,21.0995162440927,-28.034129301700894,21.0,0,-0.0995162440927011,20.937371843653704,20.5,21.5
1589.0,20.720204729086863,21.04805097974864,-28.0338089946165,21.0,0,-0.048050979748641254,20.533398336308043,20.5,21.5
1590.0,20.710453926342122,21.011863655793036,-28.033490184872093,21.0,0,-0.011863655793035832,20.64999041623698,20.5,21.5
1591.0,20.70070513751988,20.96281453301906,-28.033172872710452,21.0,1,0.03718546698094016,20.4723233052793,20.5,21.5
1592.0,20.710958361917832,20.919036085254795,-28.032857058373228,21.0,1,0.08096391474520459,20.48125160761215,20.5,21.5
1593.0,20.721209598833774,20.84672155386869,-28.03254274210093,21.0,1,0.15327844613130992,20.123576240007637,20.5,21.5
1594.0,20.731458848365587,20.89674688091579,-28.032229924132917,21.0,1,0.10325311908421142,21.397000151386774,20.5,21.5
1595.0,20.741706110611087,20.934765199223,-28.031918604707418,21.0,1,0.06523480077699872,21.31494838229513,20.5,21.5
1596.0,20.751951385668022,20.93891591860943,-28.03160878406152,21.0,1,0.061084081390571754,20.980423112473698,20.5,21.5
1597.0,20.762194673634077,21.077636628095725,-28.03130046243115,21.0,0,-0.0776366280957248,22.46484372295869,20.5,21.5
1598.0,20.752435974606865,21.18009268814591,-28.03099364005113,21.0,0,-0.1800926881459084,22.204653288647744,20.5,21.5
1599.0,20.742679288683934,21.08891907389157,-28.030688317155096,21.0,1,-0.08891907389157083,20.177182931348195,20.5,21.5
1600.0,20.752924615162765,21.029576023387328,-28.030384493975582,21.0,1,-0.02957602338732812,20.4361455183449,20.5,21.5
1601.0,20.763167953340936,21.071207103756205,-28.03008217074396,21.0,1,-0.07120710375620476,21.48751790744497,20.5,21.5
1602.0,20.773409303316118,21.029170593675907,-28.029781347690452,21.0,1,-0.02917059367590724,20.608805492872932,20.5,21.5
1603.0,20.78364866518592,20.980441354662815,-28.029482025044157,21.0,1,0.019558645337184544,20.493148964531898,20.5,21.5
1604.0,20.793886039047873,20.978377805618827,-28.02918420303302,21.0,1,0.021622194381173188,20.95774231517894,20.5,21.5
1605.0,20.804121424999458,21.033813099795044,-28.028887881883843,21.0,0,-0.033813099795043655,21.588166041557212,20.5,21.5
1606.0,20.794354823138082,20.989122878020005,-28.028593061822292,21.0,0,0.010877121979994797,20.54222066026962,20.5,21.5
1607.0,20.78459023356109,20.973314530888718,-28.028299743072882,21.0,0,0.02668546911128189,20.815231059575847,20.5,21.5
1608.0,20.774827655565762,20.97833376217926,-28.02800792585899,21.0,0,0.021666237820738843,21.02852607508469,20.5,21.5
1609.0,20.765067088449477,21.026939276341967,-28.027717610402846,21.0,0,-0.02693927634196669,21.512994417969022,20.5,21.5
1610.0,20.755308531509705,21.037602061607963,-28.027428796925538,21.0,0,-0.03760206160796287,21.144229914267925,20.5,21.5
1611.0,20.745551984044017,21.016144509669992,-28.027141485647007,21.0,0,-0.016144509669992146,20.801568990290285,20.5,21.5
1612.0,20.73579744535008,21.009084708149267,-28.026855676786063,21.0,0,-0.009084708149266874,20.938486692942014,20.5,21.5
1613.0,20.72604491472565,20.981701842488167,-28.026571370560347,21.0,0,0.018298157511832613,20.707873185877173,20.5,21.5
1614.0,20.716294391468594,20.990566357355686,-28.026288567186384,21.0,0,0.009433642644314233,21.07921150603087,20.5,21.5
1615.0,20.706545874876863,20.918466372674846,-28.026007266879535,21.0,1,0.0815336273251539,20.19746652586645,20.5,21.5
1616.0,20.716799364248512,20.942755176953575,-28.025727469854026,21.0,1,0.05724482304642464,21.185643219740868,20.5,21.5
1617.0,20.727050858881693,20.984697679691017,-28.025449176322926,21.0,1,0.015302320308983042,21.404122707065433,20.5,21.5
1618.0,20.737300358874652,20.986794858428144,-28.025172386498177,21.0,1,0.013205141571855705,21.007766645799418,20.5,21.5
1619.0,20.74754786432558,20.948683534660624,-28.024897100590564,21.0,1,0.05131646533937584,20.567570296985423,20.5,21.5
1620.0,20.757793375332596,21.047946530062298,-28.024623318809724,21.0,0,-0.047946530062297654,22.040576484079033,20.5,21.5
1621.0,20.748036891993767,21.082210227693036,-28.024351041364163,21.0,0,-0.08221022769303588,21.424847204000418,20.5,21.5
1622.0,20.738282414407095,21.055314482459284,-28.024080268461223,21.0,0,-0.055314482459284164,20.786357030121767,20.5,21.5
1623.0,20.728529941870523,21.140685002119106,-28.023811000307113,21.0,0,-0.14068500211910617,21.994390198717326,20.5,21.5
1624.0,20.718779473682087,21.229643023451825,-28.023543237106892,21.0,0,-0.22964302345182475,22.11922323677901,20.5,21.5
1625.0,20.709031009139927,21.183095298332724,-28.023276979064477,21.0,0,-0.18309529833272364,20.717618047141713,20.5,21.5
1626.0,20.699284547542288,21.134319157678824,-28.023012226382633,21.0,0,-0.1343191576788243,20.64655775113983,20.5,21.5
1627.0,20.689540088187503,21.05388787540665,-28.02274897926298,21.0,1,-0.05388787540665163,20.249575052684925,20.5,21.5
1628.0,20.69979763037401,20.92762467338664,-28.022487237905988,21.0,1,0.07237532661336132,19.66499265318651,20.5,21.5
1629.0,20.710053173400354,20.817743221071783,-28.02222700251099,21.0,1,0.1822567789282168,19.71892869792323,20.5,21.5
1630.0,20.720306717365172,20.872281255311535,-28.021968273276165,21.0,1,0.12771874468846534,21.41766159770905,20.5,21.5
1631.0,20.730558262367044,20.919754873252593,-28.021711050398547,21.0,1,0.08024512674740691,21.394491052663177,20.5,21.5
1632.0,20.740807808504492,21.00540411852132,-28.021455334074023,21.0,0,-0.00540411852131939,21.861896571208582,20.5,21.5
1633.0,20.731055355875977,21.01652675676365,-28.02120112449733,21.0,0,-0.016526756763649786,21.127753139186954,20.5,21.5
1634.0,20.721304904579902,21.06514075244118,-28.020948421862062,21.0,0,-0.0651407524411809,21.551280709216492,20.5,21.5
1635.0,20.711556453914614,21.02746478575034,-28.02069722636066,21.0,0,-0.027464785750339615,20.650705118841927,20.5,21.5
1636.0,20.701810003178558,20.94536983985833,-28.02044753818442,21.0,1,0.0546301601416701,20.124420380938233,20.5,21.5
1637.0,20.712065551670285,20.964736051990663,-28.020199357523495,21.0,1,0.0352639480093373,21.15839817331399,20.5,21.5
1638.0,20.72231909868845,21.012986531375226,-28.019952684566885,21.0,1,-0.012986531375226207,21.49549132522086,20.5,21.5
1639.0,20.732570644331798,21.0903663828023,-28.01970751950244,21.0,0,-0.09036638280230136,21.864164897073053,20.5,21.5
1640.0,20.722820188699032,21.151424628443447,-28.019463862516858,21.0,0,-0.15142462844344706,21.762007084854904,20.5,21.5
1641.0,20.71307173188879,21.232523988900585,-28.019221713795705,21.0,0,-0.232523988900585,22.043517593471964,20.5,21.5
1642.0,20.703325273199653,21.09575396011108,-28.01898107352338,21.0,1,-0.09575396011107884,19.728053672216017,20.5,21.5
1643.0,20.713580811930306,21.08716975027172,-28.01874194188315,21.0,1,-0.08716975027171969,21.001327651878128,20.5,21.5
1644.0,20.723834347379544,21.037433748640087,-28.018504319057115,21.0,1,-0.03743374864008686,20.54007373232376,20.5,21.5
1645.0,20.734085879646255,20.971548172253073,-28.018268205226235,21.0,1,0.02845182774692745,20.31269240838293,20.5,21.5
1646.0,20.74433540882928,20.94182558262626,-28.018033600570327,21.0,1,0.05817441737373841,20.644599686358152,20.5,21.5
1647.0,20.7545829350274,21.01198259972052,-28.01780050526805,21.0,0,-0.011982599720518294,21.713552770663085,20.5,21.5
1648.0,20.74482845833934,20.96601501160097,-28.017568919496917,21.0,0,0.033984988399030414,20.506339130405483,20.5,21.5
1649.0,20.735075978863776,20.940390633806906,-28.017338843433286,21.0,0,0.05960936619309365,20.684146855866274,20.5,21.5
1650.0,20.725325495899316,20.853739777257026,-28.017110277252378,21.0,1,0.14626022274297412,19.98723121175822,20.5,21.5
1651.0,20.735577008744684,20.906771631792505,-28.016883221128253,21.0,1,0.09322836820749458,21.4370901771473,20.5,21.5
1652.0,20.74582651669871,20.931606155025058,-28.01665767523382,21.0,1,0.06839384497494194,21.179951387350584,20.5,21.5
1653.0,20.756074019860325,20.97374726106262,-28.016433639740846,21.0,1,0.026252738937380116,21.395158321438238,20.5,21.5
1654.0,20.766319518328405,20.99596411888979,-28.01621111481994,21.0,1,0.0040358811102088055,21.218132697161504,20.5,21.5
1655.0,20.776563012201777,21.12268249432126,-28.015990100640572,21.0,0,-0.12268249432126055,22.389866248635954,20.5,21.5
1656.0,20.76680450157921,21.048283485357608,-28.015770597371045,21.0,1,-0.04828348535760796,20.304293395721082,20.5,21.5
1657.0,20.77704798655942,21.01374566528947,-28.015552605178527,21.0,1,-0.013745665289469855,20.66836746460809,20.5,21.5
1658.0,20.787289466441074,21.062392394996316,-28.015336124229023,21.0,0,-0.06239239499631566,21.548859692064774,20.5,21.5
1659.0,20.777528941322938,20.992110343188173,-28.015121154687396,21.0,1,0.00788965681182674,20.28928982510675,20.5,21.5
1660.0,20.787770411303736,20.98939658872902,-28.014907696717355,21.0,1,0.010603411270981411,20.962259044137472,20.5,21.5
1661.0,20.798009875682133,21.12258741579937,-28.014695750481458,21.0,0,-0.12258741579936938,22.454495686502877,20.5,21.5
1662.0,20.7882473345569,21.203585756573563,-28.01448531614111,21.0,0,-0.20358575657356326,22.013569164315502,20.5,21.5
1663.0,20.77848678802676,21.179067814064446,-28.014276393856562,21.0,0,-0.17906781406444594,20.933888388973273,20.5,21.5
1664.0,20.768728235390384,21.24762050462665,-28.014068983786927,21.0,0,-0.2476205046266493,21.933147410248683,20.5,21.5
1665.0,20.758971675946547,21.20118737348222,-28.013863086090147,21.0,0,-0.20118737348222027,20.73685606203793,20.5,21.5
1666.0,20.74921710899414,21.124344501425067,-28.013658700923028,21.0,1,-0.12434450142506748,20.35591578085354,20.5,21.5
1667.0,20.75946453383216,21.099762196262002,-28.013455828441217,21.0,1,-0.09976219626200233,20.85393914463135,20.5,21.5
1668.0,20.769709949759704,21.081290166143173,-28.013254468799207,21.0,1,-0.08129016614317308,20.89656986495488,20.5,21.5
1669.0,20.779953356875993,21.036765490749822,-28.013054622150346,21.0,1,-0.03676549074982205,20.59151873681631,20.5,21.5
1670.0,20.790194755280186,21.08030038448597,-28.012856288646823,21.0,0,-0.08030038448596954,21.515649321847444,20.5,21.5
1671.0,20.7804341450714,21.06372213248694,-28.012659468439683,21.0,0,-0.06372213248694081,20.897939612496653,20.5,21.5
1672.0,20.770675526348697,21.04338244695801,-28.012464161678807,21.0,0,-0.043382446958009524,20.839985591668697,20.5,21.5
1673.0,20.76091889841109,21.030898243986293,-28.012270368512933,21.0,0,-0.03089824398629304,20.906056214269128,20.5,21.5
1674.0,20.751164260557708,21.01912900486647,-28.01207808908964,21.0,0,-0.019129004866471178,20.901436613668253,20.5,21.5
1675.0,20.741411612087777,20.99306844342289,-28.01188732355536,21.0,0,0.006931556577111309,20.732462828987064,20.5,21.5
1676.0,20.731660952300647,21.012848727223393,-28.011698072055367,21.0,0,-0.012848727223392586,21.21065156522843,20.5,21.5
1677.0,20.721912280495776,20.98268430452968,-28.01151033473379,21.0,0,0.017315695470319525,20.68104007759256,20.5,21.5
1678.0,20.71216559597273,21.000326930778556,-28.01132411173359,21.0,0,-0.00032693077855583397,21.17675319326731,20.5,21.5
1679.0,20.70242089803119,21.02804460225775,-28.01113940319659,21.0,0,-0.02804460225775074,21.3052213170497,20.5,21.5
1680.0,20.692678185970944,21.023096980789582,-28.010956209263455,21.0,0,-0.023096980789581778,20.973620766107892,20.5,21.5
1681.0,20.682937459091896,20.968376630318016,-28.01077453007369,21.0,1,0.031623369681984315,20.421173125602355,20.5,21.5
1682.0,20.693198716694063,20.874155956697166,-28.01059436576565,21.0,1,0.12584404330283405,19.93194922048867,20.5,21.5
1683.0,20.70345795807757,20.838178807386715,-28.010415716476547,21.0,1,0.1618211926132851,20.478407314282205,20.5,21.5
1684.0,20.71371518334266,20.796212853781572,-28.010238582342424,21.0,1,0.20378714621842775,20.376553317730146,20.5,21.5
1685.0,20.723970392589525,20.73626382835227,-28.01006296349818,21.0,1,0.26373617164772867,20.136773574059262,20.5,21.5
1686.0,20.734223585918308,20.81189995340727,-28.009888860077545,21.0,0,0.18810004659273005,21.568261203957256,20.5,21.5
1687.0,20.724474763429107,20.918651003709744,-28.009716272213122,21.0,0,0.08134899629025583,21.986161506734486,20.5,21.5
1688.0,20.71472792522198,20.977468563017965,-28.00954520003634,21.0,0,0.022531436982035302,21.56564415610017,20.5,21.5
1689.0,20.704983070596928,21.046547376654463,-28.00937564367747,21.0,0,-0.046547376654462624,21.737335513019442,20.5,21.5
1690.0,20.695240198854073,21.0823630853248,-28.009207603265644,21.0,0,-0.08236308532480052,21.44052017202818,20.5,21.5
1691.0,20.68549930929365,21.076701016577054,-28.009041078928828,21.0,0,-0.0767010165770543,21.020080329099592,20.5,21.5
1692.0,20.675760401216007,21.059319808851278,-28.00887607079384,21.0,0,-0.059319808851277855,20.885507731593513,20.5,21.5
1693.0,20.666023473921605,21.079672769586946,-28.00871257898634,21.0,0,-0.07967276958694569,21.283202376943624,20.5,21.5
1694.0,20.656288526711023,21.05371083190126,-28.008550603630837,21.0,0,-0.05371083190125958,20.7940914550444,20.5,21.5
1695.0,20.646555558884955,21.081374891843108,-28.008390144850676,21.0,0,-0.08137489184310809,21.358015491261593,20.5,21.5
1696.0,20.63682456974421,21.018030690236664,-28.00823120276806,21.0,1,-0.018030690236663816,20.38458867417222,20.5,21.5
1697.0,20.647095558589708,21.013751868125684,-28.008073777504023,21.0,1,-0.013751868125684297,20.97096364701589,20.5,21.5
1698.0,20.65736452472249,20.994636458497304,-28.00791786917846,21.0,1,0.005363541502696023,20.8034823622135,20.5,21.5
1699.0,20.66763146824371,21.051979631520098,-28.007763477910096,21.0,0,-0.05197963152009777,21.625411361748036,20.5,21.5
1700.0,20.65789638925448,21.034079223740502,-28.00761060381651,21.0,0,-0.034079223740501874,20.855075145944543,20.5,21.5
1701.0,20.648163287855866,21.030099364391553,-28.00745924701412,21.0,0,-0.03009936439155325,20.990300770902067,20.5,21.5
1702.0,20.63843216334889,20.997478579912304,-28.007309407618187,21.0,0,0.002521420087695958,20.671270735119812,20.5,21.5
1703.0,20.6287030150347,20.99243680648639,-28.007161085742826,21.0,0,0.007563193513611566,20.942019072227232,20.5,21.5
1704.0,20.618975842214542,20.98013659653771,-28.007014281500993,21.0,0,0.01986340346228843,20.857134497050943,20.5,21.5
1705.0,20.6092506441898,20.957201487896292,-28.006868995004478,21.0,0,0.04279851210370822,20.727850401482094,20.5,21.5
1706.0,20.59952742026196,20.92772047155616,-28.006725226363926,21.0,0,0.07227952844383978,20.632910308154845,20.5,21.5
1707.0,20.589806169732636,20.937934747591434,-28.006582975688826,21.0,0,0.06206525240856564,21.040077507944176,20.5,21.5
1708.0,20.58008689190355,20.943533983700853,-28.006442243087506,21.0,0,0.05646601629914727,20.999526344795036,20.5,21.5
1709.0,20.570369586076552,20.84805016459734,-28.00630302866714,21.0,1,0.15194983540266094,19.893211973562202,20.5,21.5
1710.0,20.580654251553604,20.844862244901794,-28.006165332533744,21.0,1,0.15513775509820604,20.812983047946343,20.5,21.5
1711.0,20.590936887636786,20.87175370395634,-28.00602915479218,21.0,1,0.12824629604365967,21.140668294501804,20.5,21.5
1712.0,20.6012174944283,20.859355019061812,-28.00589449554616,21.0,1,0.14064498093818756,20.735368170116534,20.5,21.5
1713.0,20.611496072030306,20.88381128535917,-28.005761354898226,21.0,1,0.11618871464083114,21.128373948332733,20.5,21.5
1714.0,20.62177262054492,20.9531533402427,-28.005629732949767,21.0,0,0.04684665975729985,21.646573889078013,20.5,21.5
1715.0,20.61204714007422,20.965772101219102,-28.00549962980103,21.0,0,0.03422789878089816,21.09195971098312,20.5,21.5
1716.0,20.602323630720246,20.94959073212573,-28.005371045551083,21.0,0,0.05040926787426869,20.787777041192026,20.5,21.5
1717.0,20.592602091784993,21.01323705371001,-28.005243980297855,21.0,0,-0.013237053710010827,21.649700269552806,20.5,21.5
1718.0,20.582882522570575,20.939781972988225,-28.00511843413811,21.0,1,0.06021802701177492,20.205231165770368,20.5,21.5
1719.0,20.593164922379234,20.963177959345913,-28.00499440716746,21.0,1,0.03682204065408712,21.19713782292279,20.5,21.5
1720.0,20.603445290513324,21.024488769774504,-28.00487189948035,21.0,0,-0.024488769774503538,21.63759687406041,20.5,21.5
1721.0,20.593723627075324,21.013534488047146,-28.00475091117008,21.0,0,-0.013534488047145743,20.903991670773568,20.5,21.5
1722.0,20.584003932167676,20.977761498385703,-28.00463144232879,21.0,0,0.022238501614296524,20.62003160177128,20.5,21.5
1723.0,20.574286205092776,21.018008786857376,-28.004513493047455,21.0,0,-0.018008786857375725,21.420481671574098,20.5,21.5
1724.0,20.564570445153148,20.884788344178816,-28.0043970634159,21.0,1,0.11521165582118442,19.552583917393214,20.5,21.5
1725.0,20.574856651651434,20.843327161431453,-28.004282153522794,21.0,1,0.15667283856854652,20.428715333957832,20.5,21.5
1726.0,20.5851408238904,20.876134548124348,-28.00416876345564,21.0,1,0.1238654518756519,21.204208415053294,20.5,21.5
1727.0,20.59542296197293,20.814726103856497,-28.0040568933008,21.0,1,0.18527389614350298,20.200641661177986,20.5,21.5
1728.0,20.605703066001873,20.783039632945542,-28.003946543143456,21.0,1,0.2169603670544582,20.46617492383599,20.5,21.5
1729.0,20.615981136080045,20.802479761975142,-28.003837713067654,21.0,1,0.19752023802485752,20.99688105227115,20.5,21.5
1730.0,20.626257172310215,20.824247280928173,-28.00373040315627,21.0,1,0.1757527190718271,21.041922470458477,20.5,21.5
1731.0,20.63653117479512,20.78497562458184,-28.003624613491017,21.0,1,0.21502437541816022,20.39225906111851,20.5,21.5
1732.0,20.646803143637463,20.862281575743943,-28.00352034415247,21.0,0,0.1377184242560574,21.63534108736497,20.5,21.5
1733.0,20.637073078939906,20.919766491389716,-28.00341759522003,21.0,0,0.08023350861028433,21.494615647847446,20.5,21.5
1734.0,20.627344980805074,20.98078014425412,-28.003316366771944,21.0,0,0.01921985574588092,21.590916672898153,20.5,21.5
1735.0,20.617618848535557,20.864360635695988,-28.0032166588853,21.0,1,0.13563936430401213,19.700165550114676,20.5,21.5
1736.0,20.62789468143407,20.884681742788693,-28.003118471636036,21.0,1,0.11531825721130673,21.087892813715747,20.5,21.5
1737.0,20.638168478803458,20.8459053166107,-28.003021805098925,21.0,1,0.15409468338929955,20.458141054830772,20.5,21.5
1738.0,20.648440240746677,20.813508375389354,-28.002926659347576,21.0,1,0.18649162461064606,20.48953896317589,20.5,21.5
1739.0,20.658709967366658,20.828219829007047,-28.002833034454454,21.0,1,0.17178017099295317,20.975334365183976,20.5,21.5
1740.0,20.668977658766295,20.945339165126388,-28.00274093049085,21.0,0,0.054660834873612174,22.116532526319798,20.5,21.5
1741.0,20.659243315048442,20.920759388919073,-28.002650347526917,21.0,0,0.07924061108092673,20.674961626845928,20.5,21.5
1742.0,20.649510936315927,20.994713153437544,-28.00256128563163,21.0,0,0.005286846562455594,21.734250798622256,20.5,21.5
1743.0,20.639780521871536,20.926411664427587,-28.00247374487281,21.0,1,0.0735883355724134,20.24339677432801,20.5,21.5
1744.0,20.650052071018187,20.94026219426245,-28.00238772531713,21.0,1,0.0597378057375515,21.078767492611068,20.5,21.5
1745.0,20.66032158305892,20.93860633051015,-28.002303227030097,21.0,1,0.061393669489849145,20.922047692987174,20.5,21.5
1746.0,20.6705890580969,20.946347311949133,-28.00222025007606,21.0,1,0.053652688050867425,21.02375712633895,20.5,21.5
1747.0,20.680854496235266,20.930503703534303,-28.002138794518206,21.0,1,0.06949629646569733,20.772067619386004,20.5,21.5
1748.0,20.691117897577115,20.971276598396887,-28.002058860418572,21.0,1,0.02872340160311282,21.379005547022732,20.5,21.5
1749.0,20.701379262225515,20.945812479710064,-28.001980447838026,21.0,1,0.05418752028993623,20.69117129284183,20.5,21.5
1750.0,20.711638590283503,20.92818841015586,-28.001903556836282,21.0,1,0.07181158984413827,20.75194771461384,20.5,21.5
1751.0,20.721895881854078,20.95667716644386,-28.001828187471904,21.0,1,0.04332283355613953,21.241564729323848,20.5,21.5
1752.0,20.732151137040212,20.901620858517553,-28.001754339802282,21.0,1,0.09837914148244664,20.351057779254482,20.5,21.5
1753.0,20.742404355944842,20.923199213006363,-28.00168201388366,21.0,1,0.0768007869936369,21.13898275789446,20.5,21.5
1754.0,20.752655538670876,20.951657454903344,-28.001611209771106,21.0,1,0.0483425450966557,21.236239873873156,20.5,21.5
1755.0,20.76290468532119,21.01562642283322,-28.001541927518552,21.0,0,-0.015626422833218356,21.65531610213196,20.5,21.5
1756.0,20.753151795998622,20.997103164749973,-28.001474167178756,21.0,0,0.002896835250027152,20.811870583917518,20.5,21.5
1757.0,20.74340087080599,21.115895095790872,-28.00140792880332,21.0,0,-0.1158950957908722,22.303814406199866,20.5,21.5
1758.0,20.733651909046067,21.109795500768332,-28.001343212442688,21.0,0,-0.10979550076833178,21.048799550542928,20.5,21.5
1759.0,20.72390491002177,21.093435871551026,-28.00128001814614,21.0,0,-0.0934358715510264,20.929839579377973,20.5,21.5
1760.0,20.714159873036134,21.070079021084137,-28.00121834596181,21.0,0,-0.07007902108413688,20.83651051641524,20.5,21.5
1761.0,20.704416797392334,21.040758342997634,-28.001158195936654,21.0,0,-0.040758342997634145,20.747551562132607,20.5,21.5
1762.0,20.69467568239367,21.003776189987494,-28.001099568116487,21.0,0,-0.003776189987494405,20.633954659886097,20.5,21.5
1763.0,20.684936527343567,21.019245254731594,-28.00104246254595,21.0,0,-0.019245254731593775,21.173935902172587,20.5,21.5
1764.0,20.67519933154559,21.055256009835198,-28.000986879268538,21.0,0,-0.05525600983519752,21.415363560871235,20.5,21.5
1765.0,20.665464094303427,21.006844922613197,-28.000932818326575,21.0,0,-0.006844922613197468,20.522734050393197,20.5,21.5
1766.0,20.6557308149209,21.104913508723023,-28.000880279761233,21.0,0,-0.10491350872302263,22.085599369821274,20.5,21.5
1767.0,20.645999492701964,21.077538187788242,-28.00082926361252,21.0,0,-0.0775381877882424,20.80378497844044,20.5,21.5
1768.0,20.636270126950702,21.05869696019483,-28.00077976991929,21.0,0,-0.05869696019482973,20.870284684260703,20.5,21.5
1769.0,20.62654271697133,21.049971262271633,-28.000731798719237,21.0,0,-0.049971262271633066,20.962714283039666,20.5,21.5
1770.0,20.616817262068192,21.104720340348507,-28.000685350048887,21.0,0,-0.10472034034850708,21.652211121117247,20.5,21.5
1771.0,20.60709376154577,20.958816794407124,-28.000640423943615,21.0,1,0.04118320559287625,19.49978133499329,20.5,21.5
1772.0,20.61737221470867,20.867426034256866,-28.000597020437635,21.0,1,0.13257396574313418,19.953518432754286,20.5,21.5
1773.0,20.627648620861642,20.869350317876645,-28.000555139564,21.0,1,0.13064968212335515,20.888593154074435,20.5,21.5
1774.0,20.637922980109558,20.91709289820155,-28.000514781354603,21.0,1,0.08290710179845107,21.39451870145059,20.5,21.5
1775.0,20.648195292557265,20.87580916052763,-28.000475945840183,21.0,1,0.12419083947236942,20.462971783788447,20.5,21.5
1776.0,20.658465558309587,21.024406166180324,-28.000438633050308,21.0,0,-0.024406166180323652,22.510376222707254,20.5,21.5
1777.0,20.648733777471314,21.11997742804123,-28.0004028430134,21.0,0,-0.11997742804123135,22.07569004665031,20.5,21.5
1778.0,20.639003950147217,21.15630891605625,-28.00036857575671,21.0,0,-0.15630891605625052,21.519623796206442,20.5,21.5
1779.0,20.629276075642036,21.072644776496617,-28.000335831306337,21.0,1,-0.07264477649661671,20.23600338090028,20.5,21.5
1780.0,20.639550153260647,21.07351787979561,-28.00030460968722,21.0,1,-0.07351787979560953,21.082248912785538,20.5,21.5
1781.0,20.649822182308057,20.974974515282327,-28.000274910923125,21.0,1,0.025025484717673407,19.989540870149497,20.5,21.5
1782.0,20.66009216288941,20.97514865683447,-28.00024673503668,21.0,1,0.024851343165529727,20.976890072355907,20.5,21.5
1783.0,20.670360095109825,20.9554879916764,-28.000220082049335,21.0,1,0.04451200832360058,20.75888134009569,20.5,21.5
1784.0,20.680625979074392,20.969505482255002,-28.000194951981392,21.0,1,0.030494517744998006,21.109680388041028,20.5,21.5
1785.0,20.69088981488818,21.001190363941,-28.000171344851985,21.0,1,-0.0011903639409993616,21.318039180800973,20.5,21.5
1786.0,20.701151602656232,21.071611118077442,-28.000149260679095,21.0,0,-0.07161111807744192,21.775818659441867,20.5,21.5
1787.0,20.691411342483566,21.07372760971115,-28.00012869947954,21.0,0,-0.073727609711149,21.09489252604822,20.5,21.5
1788.0,20.68167303447517,21.102439626442674,-28.000109661268976,21.0,0,-0.10243962644267413,21.389559793757925,20.5,21.5
1789.0,20.67193667793602,21.141844803662792,-28.000092146061903,21.0,0,-0.14184480366279217,21.535896575863973,20.5,21.5
1790.0,20.66220227217122,21.204284028639044,-28.000076153871657,21.0,0,-0.20428402863904438,21.828676278401566,20.5,21.5
1791.0,20.65246981648601,21.18832378774367,-28.00006168471042,21.0,0,-0.18832378774366987,21.028721378789925,20.5,21.5
1792.0,20.64273931018577,21.13038962563992,-28.00004873858921,21.0,0,-0.1303896256399213,20.551048004602436,20.5,21.5
1793.0,20.633010752576016,21.035719633996262,-28.000037315517886,21.0,1,-0.03571963399626199,20.08901971755967,20.5,21.5
1794.0,20.643284142962397,21.009199151132442,-28.000027415505144,21.0,1,-0.009199151132442296,20.743994322494245,20.5,21.5
1795.0,20.653555480650702,20.90037367641552,-28.00001903855853,21.0,1,0.09962632358448076,19.81211892924629,20.5,21.5
1796.0,20.66382476574686,20.90282899432403,-28.00001218468442,21.0,1,0.09717100567597114,20.927382173409125,20.5,21.5
1797.0,20.674091998356772,20.916232994411494,-28.00000685388803,21.0,1,0.08376700558850558,21.05027299528615,20.5,21.5
1798.0,20.684357178586325,20.972528910740387,-28.000003046173426,21.0,0,0.02747108925961328,21.53548807402931,20.5,21.5
1799.0,20.674620306541375,20.82758775472062,-28.0000007615435,21.0,1,0.1724122452793786,19.37817619452297,20.5,21.5
1800.0,20.684885382327757,20.9136636998503,7.0,21.0,0,0.08633630014969995,21.774423151147086,20.5,21.5
1801.0,20.68214840525129,20.868425004597988,6.999999238456499,21.0,1,0.131574995402012,20.416038052074867,20.5,21.5
1802.0,20.69941197541793,20.868138243853387,6.999996953826575,21.0,1,0.13186175614661266,20.86527063640738,20.5,21.5
1803.0,20.716672092413614,20.823601661217612,6.9999931461119695,21.0,1,0.17639833878238775,20.37823583485986,20.5,21.5
1804.0,20.733928756624355,20.954585519230097,6.999987815315581,21.0,0,0.045414480769903065,22.264424099354944,20.5,21.5
1805.0,20.731181968436093,20.835505269641782,6.999980961441469,21.0,1,0.16449473035821782,19.644702773758635,20.5,21.5
1806.0,20.748435728234693,20.917153561234773,6.999972584494854,21.0,0,0.0828464387652268,21.733636477164683,20.5,21.5
1807.0,20.745686035605946,20.92553033353837,6.999962684482114,21.0,0,0.07446966646163133,21.009298056574323,20.5,21.5
1808.0,20.74293689093572,20.948908351260975,6.999951261410789,21.0,0,0.05109164873902472,21.18268852848704,20.5,21.5
1809.0,20.740188293809815,20.958630797312676,6.9999383152895795,21.0,0,0.04136920268732425,21.05585525782968,20.5,21.5
1810.0,20.73744024381411,21.022686376483836,6.999923846128342,21.0,0,-0.022686376483836312,21.663242168195442,20.5,21.5
1811.0,20.734692740534573,20.96370124022655,6.9999078539380974,21.0,1,0.03629875977345165,20.37384987765367,20.5,21.5
1812.0,20.751945783557254,21.00374063882796,6.999890338731024,21.0,1,-0.003740638827959941,21.404134624842076,20.5,21.5
1813.0,20.76919537246829,21.024024562107854,6.999871300520461,21.0,1,-0.024024562107854308,21.226863794906798,20.5,21.5
1814.0,20.7864415076539,21.0197964169836,6.9998507393209035,21.0,1,-0.01979641698359913,20.977514965741047,20.5,21.5
1815.0,20.803684189500235,21.076949899367534,6.999828655148014,21.0,0,-0.07694989936753416,21.648484723206884,20.5,21.5
1816.0,20.800923418393364,21.169011356625987,6.999805048018608,21.0,0,-0.16901135662598676,22.089625929210513,20.5,21.5
1817.0,20.79816319471929,21.136851079150215,6.999779917950665,21.0,0,-0.13685107915021533,20.8152483043925,20.5,21.5
1818.0,20.795403518063935,21.182970157900385,6.999753264963321,21.0,0,-0.1829701579003853,21.644160945402085,20.5,21.5
1819.0,20.792644388013315,21.21682503179762,6.9997250890768745,21.0,0,-0.2168250317976188,21.555373770769954,20.5,21.5
1820.0,20.789885804153528,21.230369705189766,6.999695390312782,21.0,0,-0.23036970518976574,21.365816439111235,20.5,21.5
1821.0,20.78712776607076,21.218208838324255,6.999664168693662,21.0,0,-0.21820883832425508,21.09660016966915,20.5,21.5
1822.0,20.784370273351286,21.187005770654483,6.999631424243288,21.0,0,-0.18700577065448343,20.874975093956767,20.5,21.5
1823.0,20.781613325581464,21.098180626147638,6.999597156986599,21.0,1,-0.0981806261476379,20.209929181079183,20.5,21.5
1824.0,20.798856922347746,21.08812365170029,6.999561366949691,21.0,1,-0.08812365170028968,20.987553907226808,20.5,21.5
1825.0,20.816097063236665,21.04493749042231,6.999524054159818,21.0,1,-0.04493749042230988,20.613075877642512,20.5,21.5
1826.0,20.83333374863485,20.96951122484524,6.999485218645397,21.0,1,0.03048877515475823,20.21524856907456,20.5,21.5
1827.0,20.850566978928853,21.089598487169198,6.999444860436001,21.0,0,-0.08959848716919794,22.29047111040876,20.5,21.5
1828.0,20.847796754505154,21.115167051956,6.999402979562366,21.0,0,-0.11516705195599997,21.37085269982402,20.5,21.5
1829.0,20.845027075750167,21.117462473863434,6.999359576056387,21.0,0,-0.11746247386343356,21.14041669293777,20.5,21.5
1830.0,20.842257942250228,21.094232094731822,6.999314649951114,21.0,0,-0.09423209473182226,20.86192830341571,20.5,21.5
1831.0,20.83948935359177,21.161821238762236,6.999268201280764,21.0,0,-0.16182123876223642,21.837712679066378,20.5,21.5
1832.0,20.83672130936131,21.08972682570667,6.9992202300807085,21.0,1,-0.0897268257066699,20.368782695151005,20.5,21.5
1833.0,20.85395380914545,21.160759545134034,6.999170736387479,21.0,0,-0.16075954513403445,21.87108673940768,20.5,21.5
1834.0,20.8511828525309,21.147231129901215,6.9991197202387685,21.0,0,-0.14723112990121479,21.011946977573018,20.5,21.5
1835.0,20.848412439904443,21.09534434010798,6.999067181673426,21.0,0,-0.09534434010798165,20.57647644217565,20.5,21.5
1836.0,20.845642570852796,21.040481060829393,6.999013120731464,21.0,1,-0.040481060829392845,20.491848268043505,20.5,21.5
1837.0,20.86287324496277,21.016127609400662,6.99895753745405,21.0,1,-0.01612760940066238,20.772593095113358,20.5,21.5
1838.0,20.880100461821268,20.956058542218585,6.998900431883515,21.0,1,0.04394145778141478,20.355367870397814,20.5,21.5
1839.0,20.897324221815282,21.053807813021123,6.998841804063346,21.0,0,-0.05380781302112325,22.031300521046504,20.5,21.5
1840.0,20.89454452533173,21.188754679012796,6.998781654038192,21.0,0,-0.18875467901279563,22.53822333892952,20.5,21.5
1841.0,20.891765372757472,21.237156909508556,6.998719981853858,21.0,0,-0.23715690950855617,21.72117921446616,20.5,21.5
1842.0,20.88898676367929,21.313005054089682,6.998656787557312,21.0,0,-0.3130050540896825,22.071486499900946,20.5,21.5
1843.0,20.88620869768407,21.32887083466708,6.998592071196679,21.0,0,-0.3288708346670788,21.48752864044104,20.5,21.5
1844.0,20.883431174358773,21.22228010715753,6.998525832821242,21.0,1,-0.22228010715753044,20.156372832062047,20.5,21.5
1845.0,20.900654193290464,21.15485298625709,6.998458072481446,21.0,1,-0.1548529862570902,20.480581777252688,20.5,21.5
1846.0,20.917873754066303,21.116151714456336,6.998388790228892,21.0,1,-0.11615171445633621,20.729138996448796,20.5,21.5
1847.0,20.935089857073535,21.144356507129825,6.9983179861163425,21.0,1,-0.1443565071298245,21.426404433864707,20.5,21.5
1848.0,20.952302502699343,21.147837681460057,6.998245660197717,21.0,1,-0.14783768146005727,21.182649424762385,20.5,21.5
1849.0,20.969511691330844,21.163912504399526,6.998171812528096,21.0,1,-0.16391250439952643,21.324660733794218,20.5,21.5
1850.0,20.986717423355085,21.08856445127709,6.998096443163716,21.0,1,-0.08856445127709023,20.33508392005273,20.5,21.5
1851.0,21.003919699159045,21.212958479671926,6.998019552161975,21.0,0,-0.21295847967192572,22.45689876362028,20.5,21.5
1852.0,21.001118519129644,21.24857686143615,6.99794113958143,21.0,0,-0.248576861436149,21.60476067907838,20.5,21.5
1853.0,20.998317883653733,21.28425098392293,6.997861205481794,21.0,0,-0.2842509839229308,21.64099220879075,20.5,21.5
1854.0,20.9955177923181,21.336605165734927,6.99777974992394,21.0,0,-0.3366051657349267,21.860146983854886,20.5,21.5
1855.0,20.99271824470962,21.482155968499164,6.997696772969901,21.0,0,-0.4821559684991641,22.937663996141538,20.5,21.5
1856.0,20.989919240415272,21.406103606334767,6.997612274682869,21.0,0,-0.40610360633476716,20.645579984690798,20.5,21.5
1857.0,20.987120779022124,21.303868219376625,6.997526255127189,21.0,1,-0.3038682193766249,20.281514349795202,20.5,21.5
1858.0,21.004322860117345,21.278839866463745,6.997438714368372,21.0,1,-0.2788398664637448,21.028556337334944,20.5,21.5
1859.0,21.021521483288193,21.305060238447325,6.997349652473083,21.0,0,-0.3050602384473251,21.567263958283128,20.5,21.5
1860.0,21.01871664892203,21.174183210810824,6.9972590695091474,21.0,1,-0.1741832108108241,19.865412934445814,20.5,21.5
1861.0,21.035912357406147,21.154768635351033,6.9971669655455475,21.0,1,-0.1547686353510329,20.96062288075312,20.5,21.5
1862.0,21.053104608327775,21.23046112137797,6.997073340652424,21.0,0,-0.2304611213779708,21.98738598164735,20.5,21.5
1863.0,21.05029340207424,21.309819421127216,6.996978194901076,21.0,0,-0.30981942112721583,22.103402418619666,20.5,21.5
1864.0,21.047482739032805,21.321616417592338,6.9968815283639625,21.0,0,-0.32161641759233817,21.43958638224356,20.5,21.5
1865.0,21.04467261879067,21.36451714203809,6.996783341114698,21.0,0,-0.36451714203808905,21.793524386495598,20.5,21.5
1866.0,21.041863040935134,21.419962855321764,6.996683633228057,21.0,0,-0.4199628553217636,21.97441998815851,20.5,21.5
1867.0,21.039054005053593,21.429397525145575,6.996582404779971,21.0,0,-0.42939752514557483,21.523744223383687,20.5,21.5
1868.0,21.03624551073354,21.475386678927897,6.996479655847531,21.0,0,-0.4753866789278973,21.935278216751122,20.5,21.5
1869.0,21.033437557562564,21.39547595260477,6.9963753865089835,21.0,0,-0.39547595260476953,20.59636868937349,20.5,21.5
1870.0,21.030630145128352,21.44120666892447,6.996269596843734,21.0,0,-0.4412066689244689,21.898513832121463,20.5,21.5
1871.0,21.027823273018697,21.44108533640424,6.996162286932347,21.0,0,-0.44108533640423886,21.43987201120194,20.5,21.5
1872.0,21.02501694082148,21.416645309472592,6.996053456856544,21.0,0,-0.4166453094725924,21.172245040156128,20.5,21.5
1873.0,21.022211148124686,21.268556293776783,6.995943106699201,21.0,1,-0.2685562937767827,19.787666136818686,20.5,21.5
1874.0,21.039405894516403,21.278799066346075,6.995831236544358,21.0,1,-0.27879906634607465,21.381226792038994,20.5,21.5
1875.0,21.05659717958481,21.29739945345395,6.995717846477207,21.0,1,-0.2973994534539486,21.483403324532688,20.5,21.5
1876.0,21.07378500371819,21.304458399198708,6.9956029365841,21.0,1,-0.3044583991987082,21.375047856646304,20.5,21.5
1877.0,21.090969367304762,21.348969526278378,6.995486506952545,21.0,0,-0.34896952627837763,21.794080797075072,20.5,21.5
1878.0,21.08815027073269,21.49415242372324,6.995368557671211,21.0,0,-0.4941524237232393,22.945981398171856,20.5,21.5
1879.0,21.08533171439008,21.586801337300695,6.995249088829918,21.0,0,-0.5868013373006953,22.513290473075255,20.5,21.5
1880.0,21.082513697864968,21.556599497035016,6.995128100519649,21.0,0,-0.5565994970350161,21.254581094378224,20.5,21.5
1881.0,21.0796962207455,21.573781207597612,6.99500559283254,21.0,0,-0.5737812075976123,21.745598313223574,20.5,21.5
1882.0,21.076879282619917,21.558849431435554,6.994881565861888,21.0,0,-0.5588494314355543,21.409531669814974,20.5,21.5
1883.0,21.074062883076564,21.483484428316476,6.994756019702144,21.0,0,-0.4834844283164763,20.729834397125696,20.5,21.5
1884.0,21.07124702170389,21.445943867994547,6.994628954448916,21.0,0,-0.4459438679945471,21.070538264775255,20.5,21.5
1885.0,21.06843169809044,21.483939229174183,6.994500370198971,21.0,0,-0.4839392291741831,21.863892840970543,20.5,21.5
1886.0,21.06561691182486,21.406362277605485,6.994370267050232,21.0,0,-0.40636227760548493,20.630592761918503,20.5,21.5
1887.0,21.062802662495905,21.414143887678033,6.994238645101776,21.0,0,-0.41414388767803345,21.49195998840352,20.5,21.5
1888.0,21.059988949692425,21.448228897537327,6.994105504453841,21.0,0,-0.44822889753732653,21.789078996130257,20.5,21.5
1889.0,21.057175773003376,21.390565092056683,6.9939708452078175,21.0,0,-0.39056509205668277,20.813927037250245,20.5,21.5
1890.0,21.054363132017816,21.351219220506838,6.993834667466256,21.0,0,-0.35121922050683807,20.95776050500839,20.5,21.5
1891.0,21.051551026324905,21.41851208237083,6.993696971332861,21.0,0,-0.4185120823708317,22.091440701010768,20.5,21.5
1892.0,21.048739455513907,21.412008640421057,6.9935577569124945,21.0,0,-0.4120086404210568,21.346974220923308,20.5,21.5
1893.0,21.045928419174185,21.389228681701134,6.9934170243111735,21.0,0,-0.3892286817011339,21.161429094501905,20.5,21.5
1894.0,21.043117916895213,21.362440433752138,6.993274773636073,21.0,0,-0.36244043375213764,21.094557954262175,20.5,21.5
1895.0,21.040307948266562,21.421410759415455,6.993131004995523,21.0,0,-0.4214107594154548,22.011114016048626,20.5,21.5
1896.0,21.037498512877907,21.345351193918713,6.992985718499009,21.0,0,-0.34535119391871305,20.584755538951296,20.5,21.5
1897.0,21.03468961031903,21.284034402647755,6.992838914257173,21.0,0,-0.28403440264775526,20.670866489938177,20.5,21.5
1898.0,21.031881240179818,21.257061935233853,6.992690592381813,21.0,0,-0.25706193523385323,20.987337261094833,20.5,21.5
1899.0,21.02907340205026,21.296949948226352,6.9925407529858825,21.0,0,-0.29694994822635223,21.695830078151342,20.5,21.5
1900.0,21.026266095520445,21.241722925738433,6.992389396183491,21.0,0,-0.2417229257384328,20.68945270085924,20.5,21.5
1901.0,21.023459320180578,21.246115464762248,6.992236522089903,21.0,0,-0.24611546476224788,21.2900408550004,20.5,21.5
1902.0,21.02065307562096,21.288406167192797,6.992082130821539,21.0,0,-0.28840616719279666,21.711313191498284,20.5,21.5
1903.0,21.017847361432,21.300568570493986,6.991926222495975,21.0,0,-0.30056857049398644,21.422192603505884,20.5,21.5
1904.0,21.01504217720421,21.298208785544727,6.9917687972319404,21.0,0,-0.29820878554472685,21.27461093605213,20.5,21.5
1905.0,21.012237522528217,21.32426817519451,6.991609855149323,21.0,0,-0.32426817519451134,21.584862071692356,20.5,21.5
1906.0,21.00943339699474,21.343600960209397,6.991449396369164,21.0,0,-0.3436009602093968,21.53692881035825,20.5,21.5
1907.0,21.006629800194617,21.27237875408847,6.991287421013659,21.0,0,-0.27237875408847145,20.560156692879218,20.5,21.5
1908.0,21.00382673171878,21.30919149468935,6.99112392920616,21.0,0,-0.30919149468935103,21.677318900698147,20.5,21.5
1909.0,21.00102419115828,21.31839256044801,6.990958921071172,21.0,0,-0.3183925604480109,21.41040321803461,20.5,21.5
1910.0,20.99822217810426,21.359334237153035,6.990792396734358,21.0,0,-0.3593342371530355,21.76875100420328,20.5,21.5
1911.0,20.995420692147988,21.415771087962305,6.990624356322531,21.0,0,-0.41577108796230533,21.980139596055004,20.5,21.5
1912.0,20.992619732880822,21.503206458046265,6.990454799963662,21.0,0,-0.5032064580462645,22.377560158885856,20.5,21.5
1913.0,20.98981929989424,21.55356920725648,6.990283727786877,21.0,0,-0.55356920725648,22.057196699358634,20.5,21.5
1914.0,20.987019392779818,21.51678207629619,6.990111139922453,21.0,0,-0.5167820762961917,21.14891076669331,20.5,21.5
1915.0,20.984220011129246,21.53870474960816,6.989937036501823,21.0,0,-0.5387047496081614,21.75793148272786,20.5,21.5
1916.0,20.98142115453432,21.528663731351124,6.989761417657577,21.0,0,-0.5286637313511235,21.428253548780745,20.5,21.5
1917.0,20.978622822586946,21.549557655161273,6.9895842835234525,21.0,0,-0.5495576551612729,21.758496893262766,20.5,21.5
1918.0,20.975825014879135,21.418716730265487,6.989405634234348,21.0,1,-0.41871673026548706,20.11030748130763,20.5,21.5
1919.0,20.993027731003007,21.515434753232384,6.989225469926312,21.0,0,-0.515434753232384,22.482614982901353,20.5,21.5
1920.0,20.990226970550793,21.458299734172147,6.989043790736547,21.0,0,-0.4582997341721473,20.88694954356978,20.5,21.5
1921.0,20.98742673391483,21.417580059595167,6.988860596803409,21.0,0,-0.4175800595951671,21.010383313825365,20.5,21.5
1922.0,20.98462702068741,21.207515638190984,6.9886758882664095,21.0,1,-0.2075156381909835,19.106871424149148,20.5,21.5
1923.0,21.001827830460925,21.21589146823507,6.988489665266211,21.0,1,-0.21589146823507122,21.29964976867595,20.5,21.5
1924.0,21.019025162827887,21.1681896757865,6.988301927944631,21.0,1,-0.16818967578650046,20.691171751300793,20.5,21.5
1925.0,21.036219018180912,21.13474685866838,6.988112676444639,21.0,1,-0.13474685866837888,20.800318687487163,20.5,21.5
1926.0,21.053409396912564,21.145044177321203,6.98792191091036,21.0,1,-0.14504417732120345,21.24801736384945,20.5,21.5
1927.0,21.070596299415364,21.295746202373103,6.987729631487068,21.0,0,-0.29574620237310256,22.802766452892094,20.5,21.5
1928.0,21.067779726081778,21.325881256359104,6.987535838321193,21.0,0,-0.3258812563591036,21.627231796219114,20.5,21.5
1929.0,21.064963677304224,21.353369170671655,6.987340531560317,21.0,0,-0.3533691706716553,21.628248313797172,20.5,21.5
1930.0,21.062148152675075,21.344833201086782,6.987143711353175,21.0,0,-0.3448332010867823,21.259473505238052,20.5,21.5
1931.0,21.05933315178681,21.345284810292632,6.986945377849654,21.0,0,-0.34528481029263247,21.349800902351134,20.5,21.5
1932.0,21.056518674232024,21.437237235648325,6.986745531200793,21.0,0,-0.4372372356483254,22.356761489205255,20.5,21.5
1933.0,21.053704719603417,21.477722638040785,6.986544171558784,21.0,0,-0.47772263804078463,21.882576661965377,20.5,21.5
1934.0,21.05089128749381,21.478586777474597,6.986341299076972,21.0,0,-0.47858677747459666,21.487228171812717,20.5,21.5
1935.0,21.048078377496125,21.524430363131312,6.986136913909853,21.0,0,-0.5244303631313123,21.98286621969847,20.5,21.5
1936.0,21.045265989203408,21.425884416695517,6.985931016213074,21.0,1,-0.42588441669551713,20.440424952337565,20.5,21.5
1937.0,21.06245412220881,21.367247538292325,6.985723606143436,21.0,1,-0.36724753829232526,20.780878754260407,20.5,21.5
1938.0,21.079638776105597,21.3271398456245,6.9855146838588915,21.0,1,-0.32713984562450094,20.926062918946258,20.5,21.5
1939.0,21.09681995128715,21.26322646468363,6.985304249518542,21.0,1,-0.26322646468362976,20.624092655274918,20.5,21.5
1940.0,21.113997648146796,21.31936695472144,6.985092303282644,21.0,0,-0.3193669547214384,21.880771855099525,20.5,21.5
1941.0,21.11117186707782,21.44839204225475,6.984878845312603,21.0,0,-0.44839204225474916,22.738642917587857,20.5,21.5
1942.0,21.108346608473468,21.39945328342687,6.984663875770977,21.0,0,-0.3994532834268689,20.910065695148067,20.5,21.5
1943.0,21.10552187192693,21.410783733308243,6.9844473948214745,21.0,0,-0.4107837333082429,21.524088232121983,20.5,21.5
1944.0,21.102697657031506,21.454972528788005,6.984229402628956,21.0,0,-0.4549725287880051,21.896860483585627,20.5,21.5
1945.0,21.099873963380624,21.307465996674303,6.98400989935943,21.0,1,-0.30746599667430274,19.83240067553728,20.5,21.5
1946.0,21.11705079056782,21.26232115948347,6.98378888518006,21.0,1,-0.26232115948347,20.810872787575143,20.5,21.5
1947.0,21.13422413818674,21.332187994109237,6.983566360259156,21.0,0,-0.33218799410923694,22.030856340366906,20.5,21.5
1948.0,21.131394006631155,21.416602951050226,6.9833423247661806,21.0,0,-0.41660295105022627,22.26075252046012,20.5,21.5
1949.0,21.12856439629478,21.407484902005773,6.983116778871748,21.0,0,-0.40748490200577336,21.316304411561244,20.5,21.5
1950.0,21.125735306771297,21.48603879701146,6.982889722747621,21.0,0,-0.48603879701146013,22.271577747068328,20.5,21.5
1951.0,21.122906737654493,21.519670617875533,6.982661156566712,21.0,0,-0.5196706178755335,21.855988826516267,20.5,21.5
1952.0,21.120078688538275,21.502680750321492,6.982431080503083,21.0,0,-0.5026807503214918,21.332782074781075,20.5,21.5
1953.0,21.117251159016668,21.417712052250955,6.982199494731949,21.0,0,-0.4177120522509554,20.56802507154559,20.5,21.5
1954.0,21.11442414868381,21.440378604904986,6.981966399429672,21.0,0,-0.4403786049049856,21.667044131445287,20.5,21.5
1955.0,21.11159765713396,21.40778605578661,6.981731794773765,21.0,0,-0.40778605578660887,21.08186056460284,20.5,21.5
1956.0,21.108771683961486,21.421887180662143,6.981495680942887,21.0,0,-0.4218871806621429,21.562898429417483,20.5,21.5
1957.0,21.10594622876088,21.363723968189284,6.981258058116851,21.0,0,-0.36372396818928365,20.78209184346069,20.5,21.5
1958.0,21.103121291126754,21.419524202728603,6.981018926476618,21.0,0,-0.4195242027286028,21.977526548121794,20.5,21.5
1959.0,21.100296870653825,21.323716718674547,6.980778286204295,21.0,1,-0.32371671867454666,20.365641878133985,20.5,21.5
1960.0,21.117472966936933,21.345095580470275,6.98053613748314,21.0,0,-0.3450955804702751,21.55888419842756,20.5,21.5
1961.0,21.114645579571043,21.321143993958508,6.980292480497562,21.0,0,-0.3211439939585077,21.081628128840833,20.5,21.5
1962.0,21.11181870895123,21.36837670973224,6.980047315433115,21.0,0,-0.3683767097322388,21.84070386746955,20.5,21.5
1963.0,21.108992354672527,21.34537383350642,6.979800642476503,21.0,0,-0.3453738335064216,21.11534507124825,20.5,21.5
1964.0,21.106166516330088,21.384737617189796,6.979552461815578,21.0,0,-0.3847376171897956,21.778375454023536,20.5,21.5
1965.0,21.103341193519185,21.469062571273916,6.979302773639341,21.0,0,-0.46906257127391626,22.312312112115123,20.5,21.5
1966.0,21.10051638583521,21.555093362129835,6.979051578137939,21.0,0,-0.5550933621298348,22.41540127068902,20.5,21.5
1967.0,21.09769209287367,21.523428338572973,6.97879887550267,21.0,0,-0.5234283385729732,21.206778103004357,20.5,21.5
1968.0,21.094868314230197,21.48146520202622,6.978544665925977,21.0,0,-0.48146520202622156,21.061833836558705,20.5,21.5
1969.0,21.092045049500538,21.460495689753195,6.978288949601452,21.0,0,-0.4604956897531949,21.250800567022928,20.5,21.5
1970.0,21.089222298280557,21.308720770181587,6.978031726723834,21.0,1,-0.30872077018158706,19.79097157446551,20.5,21.5
1971.0,21.106400060166244,21.23200274495826,6.9777729974890095,21.0,1,-0.23200274495825823,20.46482249272497,20.5,21.5
1972.0,21.12357433475371,21.271220312923866,6.977512762094012,21.0,0,-0.27122031292386595,21.663395992579943,20.5,21.5
1973.0,21.12074512243918,21.2504297464583,6.977251020737022,21.0,0,-0.2504297464582983,21.042524081802622,20.5,21.5
1974.0,21.117916423618837,21.311570615842136,6.976987773617367,21.0,0,-0.3115706158421361,21.922979309680514,20.5,21.5
1975.0,21.115088237888838,21.357274871260913,6.9767230209355215,21.0,0,-0.3572748712609126,21.814317425448678,20.5,21.5
1976.0,21.112260564845446,21.34686613590093,6.976456762893106,21.0,0,-0.34686613590093174,21.242778782301123,20.5,21.5
1977.0,21.109433404085056,21.335974231805842,6.976188999692887,21.0,0,-0.3359742318058423,21.227055190854948,20.5,21.5
1978.0,21.10660675520418,21.368463145449585,6.975919731538778,21.0,0,-0.36846314544958503,21.693352281887012,20.5,21.5
1979.0,21.103780617799448,21.37432424878033,6.975648958635839,21.0,0,-0.3743242487803293,21.432935282087772,20.5,21.5
1980.0,21.100954991467614,21.334199034500987,6.9753766811902755,21.0,0,-0.33419903450098687,20.932946891707562,20.5,21.5
1981.0,21.098129875805558,21.34193522838366,6.975102899409437,21.0,0,-0.34193522838366164,21.41929716721041,20.5,21.5
1982.0,21.09530527041028,21.29225007237776,6.974827613501823,21.0,0,-0.2922500723777617,20.795398512318762,20.5,21.5
1983.0,21.0924811748789,21.321110520911787,6.974550823677073,21.0,0,-0.3211105209117875,21.609715006252046,20.5,21.5
1984.0,21.08965758880866,21.344799355788002,6.974272530145976,21.0,0,-0.3447993557880018,21.581687704550145,20.5,21.5
1985.0,21.086834511796926,21.458772280133992,6.973992733120464,21.0,0,-0.4587722801339922,22.598501523593896,20.5,21.5
1986.0,21.08401194344119,21.483558621161407,6.973711432813614,21.0,0,-0.48355862116140713,21.731422031435557,20.5,21.5
1987.0,21.081189883339064,21.559455941885822,6.973428629439651,21.0,0,-0.5594559418858225,22.318429149129976,20.5,21.5
1988.0,21.078368331088285,21.52533356998427,6.973144323213939,21.0,0,-0.5253335699842694,21.18410985096874,20.5,21.5
1989.0,21.07554728628671,21.491703124831734,6.972858514352991,21.0,0,-0.4917031248317336,21.155398673306376,20.5,21.5
1990.0,21.07272674853232,21.339306464745118,6.972571203074462,21.0,1,-0.3393064647451176,19.815339863878958,20.5,21.5
1991.0,21.08990671742323,21.380531701328486,6.972282389597154,21.0,0,-0.38053170132848635,21.792784067162174,20.5,21.5
1992.0,21.087083192557664,21.353841845883984,6.97199207414101,21.0,0,-0.35384184588398426,21.086943291438963,20.5,21.5
1993.0,21.08426017433398,21.32215645609681,6.971700256927117,21.0,0,-0.32215645609680976,21.005302558225065,20.5,21.5
1994.0,21.0814376623505,21.338615009652198,6.971406938177707,21.0,0,-0.33861500965219804,21.50320054520608,20.5,21.5
1995.0,21.078615656205663,21.432839355439587,6.971112118116156,21.0,0,-0.4328393554395866,22.375082813313472,20.5,21.5
1996.0,21.075794155498045,21.349615646585352,6.97081579696698,21.0,0,-0.3496156465853524,20.51737855804301,20.5,21.5
1997.0,21.07297315982634,21.29775580399933,6.970517974955843,21.0,0,-0.29775580399932977,20.779157378139104,20.5,21.5
1998.0,21.070152668789365,21.370211950613125,6.970218652309548,21.0,0,-0.3702119506131254,22.09477341675108,20.5,21.5
1999.0,21.06733268198607,21.40595581046697,6.969917829256042,21.0,0,-0.4059558104669705,21.76339440900542,20.5,21.5
2000.0,21.064513199015522,21.444325619760072,6.969615506024416,21.0,0,-0.4443256197600718,21.828023712691085,20.5,21.5
2001.0,21.061694219476923,21.42352092297879,6.969311682844902,21.0,0,-0.4235209229787884,21.215473955165955,20.5,21.5
2002.0,21.058875742969597,21.452881053016938,6.969006359948873,21.0,0,-0.45288105301693804,21.746482353398434,20.5,21.5
2003.0,21.056057769092995,21.40767992420775,6.968699537568848,21.0,0,-0.40767992420774846,20.955668636115853,20.5,21.5
2004.0,21.05324029744669,21.36320400055373,6.9683912159384835,21.0,0,-0.36320400055372914,20.918444764013536,20.5,21.5
2005.0,21.050423327630387,21.33593590493914,6.9680813952925815,21.0,0,-0.3359359049391415,21.063254948793265,20.5,21.5
2006.0,21.04760685924392,21.328430868575367,6.967770075867083,21.0,0,-0.3284308685753672,21.253380504937624,20.5,21.5
2007.0,21.044790891887246,21.322314968633588,6.967457257899071,21.0,0,-0.322314968633588,21.261155969215796,20.5,21.5
2008.0,21.041975425160448,21.318810318311506,6.967142941626772,21.0,0,-0.3188103183115061,21.283763815090687,20.5,21.5
2009.0,21.03916045866374,21.293035075848543,6.966827127289549,21.0,0,-0.29303507584854316,21.035282651218914,20.5,21.5
2010.0,21.036345991997464,21.36538073126127,6.9665098151279095,21.0,0,-0.36538073126126847,22.08883728538852,20.5,21.5
2011.0,21.033532024762092,21.344992809260937,6.9661910053835,21.0,0,-0.3449928092609369,21.14111358925762,20.5,21.5
2012.0,21.030718556558217,21.3445969789634,6.965870698299108,21.0,0,-0.34459697896339847,21.340638675988014,20.5,21.5
2013.0,21.027905586986567,21.37092982595712,6.965548894118663,21.0,0,-0.3709298259571199,21.634258295894334,20.5,21.5
2014.0,21.025093115647994,21.469557252043398,6.96522559308723,21.0,0,-0.4695572520433977,22.455831512906176,20.5,21.5
2015.0,21.02228114214348,21.448578294579534,6.964900795451019,21.0,0,-0.4485782945795336,21.238788719940892,20.5,21.5
2016.0,21.01946966607414,21.516454209560887,6.964574501457378,21.0,0,-0.5164542095608873,22.195213359374424,20.5,21.5
2017.0,21.016658687041218,21.503065889098117,6.964246711354791,21.0,0,-0.5030658890981172,21.369182684470417,20.5,21.5
2018.0,21.01384820464608,21.405888517337452,6.9639174253928875,21.0,1,-0.405888517337452,20.4341147997308,20.5,21.5
2019.0,21.03103821849023,21.294327342425582,6.963586643822431,21.0,1,-0.2943273424255821,20.178715593306883,20.5,21.5
2020.0,21.0482247281753,21.18162296397465,6.9632543668953275,21.0,1,-0.18162296397465028,20.054579179465332,20.5,21.5
2021.0,21.065407734103044,21.195332240737052,6.96292059486462,21.0,1,-0.19533224073705213,21.33242500836107,20.5,21.5
2022.0,21.082587236675195,21.225094884538382,6.96258532798449,21.0,0,-0.22509488453838244,21.522721322551686,20.5,21.5
2023.0,21.079763236293456,21.389902590553156,6.962248566510258,21.0,0,-0.3899025905531559,23.03797965070089,20.5,21.5
2024.0,21.0769397333595,21.447042378224577,6.961910310698383,21.0,0,-0.4470423782245767,22.018440254938785,20.5,21.5
2025.0,21.074116727474966,21.501511922991874,6.961570560806461,21.0,0,-0.5015119229918739,22.046207370664845,20.5,21.5
2026.0,21.071294218241633,21.49153264125661,6.961229317093226,21.0,0,-0.49153264125661167,21.39173982390399,20.5,21.5
2027.0,21.068472205261404,21.446598715488744,6.960886579818551,21.0,0,-0.44659871548874364,20.997259457810063,20.5,21.5
2028.0,21.065650688136316,21.32963703128059,6.960542349243443,21.0,1,-0.3296370312805905,20.16002018919906,20.5,21.5
2029.0,21.082829666468538,21.332269349765635,6.9601966256300525,21.0,1,-0.33226934976563527,21.358592534616083,20.5,21.5
2030.0,21.100005139860368,21.393234359586938,6.959849409241659,21.0,0,-0.39323435958693764,22.00288445779996,20.5,21.5
2031.0,21.097177108714245,21.40969558241511,6.959500700342685,21.0,0,-0.40969558241511095,21.574307810696844,20.5,21.5
2032.0,21.09434957343257,21.464286196314667,6.959150499198688,21.0,0,-0.46428619631466717,22.01019233531023,20.5,21.5
2033.0,21.091522533617724,21.590875602929014,6.95879880607636,21.0,0,-0.5908756029290139,22.85676966907248,20.5,21.5
2034.0,21.088695988872214,21.549122609503264,6.9584456212435315,21.0,0,-0.5491226095032644,21.13159267524577,20.5,21.5
2035.0,21.085869938798687,21.48629676412631,6.958090944969168,21.0,0,-0.4862967641263083,20.858038310356747,20.5,21.5
2036.0,21.083044382999923,21.49847946246725,6.95773477752337,21.0,0,-0.4984794624672517,21.620306445876686,20.5,21.5
2037.0,21.08021932107883,21.50184525061852,6.957377119177376,21.0,0,-0.5018452506185191,21.535503132131193,20.5,21.5
2038.0,21.077394752638448,21.50301634746893,6.957017970203557,21.0,0,-0.5030163474689289,21.514727315973026,20.5,21.5
2039.0,21.07457067728196,21.421463819634333,6.956657330875421,21.0,0,-0.421463819634333,20.605938541288374,20.5,21.5
2040.0,21.07174709461268,21.403946649143748,6.956295201467611,21.0,0,-0.403946649143748,21.228774944237898,20.5,21.5
2041.0,21.06892400423405,21.385497777638882,6.9559315822559045,21.0,0,-0.38549777763888216,21.201009062590224,20.5,21.5
2042.0,21.066101405749652,21.39149454638876,6.955566473517212,21.0,0,-0.3914945463887598,21.451462233887536,20.5,21.5
2043.0,21.063279298763206,21.317939480236596,6.955199875529582,21.0,0,-0.31793948023659624,20.58238881871496,20.5,21.5
2044.0,21.06045768287856,21.3534975311567,6.954831788572192,21.0,0,-0.3534975311567017,21.709078040357756,20.5,21.5
2045.0,21.0576365576997,21.338752032226335,6.954462212925358,21.0,0,-0.3387520322263349,21.191297042922667,20.5,21.5
2046.0,21.054815922830745,21.3139502030099,6.9540911488705275,21.0,0,-0.31395020300989884,21.06593191084554,20.5,21.5
2047.0,21.051995777875952,21.332011209896393,6.9537185966902815,21.0,0,-0.3320112098963932,21.512621278761337,20.5,21.5
2048.0,21.049176122439714,21.308932026850282,6.953344556668336,21.0,0,-0.3089320268502824,21.078140196389175,20.5,21.5
2049.0,21.04635695612656,21.365884418877943,6.952969029089537,21.0,0,-0.3658844188779433,21.935408339154552,20.5,21.5
2050.0,21.043538278541153,21.37835533172073,6.952592014239867,21.0,0,-0.37835533172073,21.503064460148597,20.5,21.5
2051.0,21.040720089288293,21.41290508055929,6.952213512406438,21.0,0,-0.4129050805592911,21.758402568944902,20.5,21.5
2052.0,21.037902387972917,21.355619393474463,6.951833523877495,21.0,0,-0.3556193934744627,20.78276252262618,20.5,21.5
2053.0,21.0350851742001,21.396850238553522,6.951452048942417,21.0,0,-0.3968502385535224,21.80915868934412,20.5,21.5
2054.0,21.032268447575046,21.35613163858614,6.951069087891713,21.0,0,-0.3561316385861417,20.948945638912335,20.5,21.5
2055.0,21.02945220770311,21.336750854298465,6.950684641017025,21.0,0,-0.3367508542984652,21.1429430114217,20.5,21.5
2056.0,21.02663645418977,21.27499801477662,6.950298708611126,21.0,0,-0.2749980147766209,20.657469619558178,20.5,21.5
2057.0,21.023821186640653,21.25472338522433,6.949911290967921,21.0,0,-0.2547233852243309,21.05197708970143,20.5,21.5
2058.0,21.02100640466152,21.266013893148912,6.9495223883824435,21.0,0,-0.2660138931489122,21.378918972394725,20.5,21.5
2059.0,21.018192107858265,21.284177834474928,6.949132001150861,21.0,0,-0.28417783447492795,21.465817247735085,20.5,21.5
2060.0,21.015378295836925,21.336261761873388,6.948740129570471,21.0,0,-0.33626176187338785,21.857101035857987,20.5,21.5
2061.0,21.012564968203673,21.288891500739336,6.948346773939699,21.0,0,-0.2888915007393358,20.815188889398815,20.5,21.5
2062.0,21.00975212456482,21.295584959793253,6.947951934558104,21.0,0,-0.2955849597932527,21.362519550332422,20.5,21.5
2063.0,21.00693976452682,21.242916221485434,6.947555611726371,21.0,0,-0.24291622148543368,20.716228838407243,20.5,21.5
2064.0,21.00412788769626,21.284306904704085,6.94715780574632,21.0,0,-0.28430690470408493,21.698213736890597,20.5,21.5
2065.0,21.00131649367987,21.30792403213159,6.946758516920897,21.0,0,-0.3079240321315915,21.544095306406657,20.5,21.5
2066.0,20.99850558208452,21.353079114999126,6.9463577455541765,21.0,0,-0.3530791149991259,21.80462994367447,20.5,21.5
2067.0,20.995695152517214,21.396347448864354,6.945955491951364,21.0,0,-0.39634744886435413,21.829030787516636,20.5,21.5
2068.0,20.9928852045851,21.39377590896171,6.945551756418793,21.0,0,-0.393775908961711,21.36806050993528,20.5,21.5
2069.0,20.990075737895467,21.395872326779276,6.945146539263926,21.0,0,-0.3958723267792763,21.41683650495493,20.5,21.5
2070.0,20.98726675205574,21.309356934471005,6.944739840795354,21.0,1,-0.30935693447100476,20.44420301138829,20.5,21.5
2071.0,21.004458246673487,21.348219908436885,6.944331661322793,21.0,0,-0.3482199084368851,21.73684964809569,20.5,21.5
2072.0,21.001646221356417,21.31045125879571,6.943922001157093,21.0,0,-0.3104512587957089,20.932764762383947,20.5,21.5
2073.0,20.998834676512377,21.332840486547784,6.943510860610225,21.0,0,-0.3328404865477843,21.55673276406854,20.5,21.5
2074.0,20.996023611749198,21.36055076719139,6.943098239995292,21.0,0,-0.36055076719139123,21.63765357362746,20.5,21.5
2075.0,20.993213026674848,21.413554259206716,6.942684139626523,21.0,0,-0.41355425920671607,21.943589179359964,20.5,21.5
2076.0,20.990402920897438,21.33627684662553,6.942268559819272,21.0,0,-0.33627684662553037,20.563502720813673,20.5,21.5
2077.0,20.98759329402522,21.287290132026406,6.941851500890023,21.0,0,-0.2872901320264063,20.797422986035166,20.5,21.5
2078.0,20.984784145666595,21.261000978802493,6.941432963156382,21.0,0,-0.2610009788024925,20.998109446563355,20.5,21.5
2079.0,20.981975475430094,21.205517188149916,6.941012946937085,21.0,0,-0.2055171881499156,20.650679281624146,20.5,21.5
2080.0,20.979167282924394,21.169610395297518,6.940591452551993,21.0,0,-0.16961039529751787,20.81054246677354,20.5,21.5
2081.0,20.97635956775832,21.251663839781422,6.940168480322092,21.0,0,-0.2516638397814219,22.072198284620463,20.5,21.5
2082.0,20.973552329540833,21.31712063903484,6.939744030569494,21.0,0,-0.3171206390348402,21.971688631569023,20.5,21.5
2083.0,20.97074556788104,21.344980092807493,6.939318103617435,21.0,0,-0.34498009280749287,21.62357463053402,20.5,21.5
2084.0,20.967939282388187,21.3630224968681,6.938890699790278,21.0,0,-0.3630224968681013,21.543446537474185,20.5,21.5
2085.0,20.965133472671667,21.388128379685988,6.938461819413509,21.0,0,-0.38812837968598757,21.63918720786485,20.5,21.5
2086.0,20.962328138341014,21.389503628652303,6.938031462813739,21.0,0,-0.38950362865230304,21.403256118315458,20.5,21.5
2087.0,20.95952327900591,21.424932498086868,6.9375996303187035,21.0,0,-0.42493249808686784,21.779221192432516,20.5,21.5
2088.0,20.95671889427617,21.40739035208825,6.937166322257262,21.0,0,-0.4073903520882496,21.231968892102067,20.5,21.5
2089.0,20.953914983761766,21.345715319917,6.936731538959397,21.0,0,-0.34571531991700155,20.72896499820452,20.5,21.5
2090.0,20.951111547072806,21.262081230043947,6.936295280756216,21.0,1,-0.2620812300439468,20.4257403313134,20.5,21.5
2091.0,20.968308583819542,21.266010890866117,6.935857547979946,21.0,1,-0.2660108908661165,21.305307499087814,20.5,21.5
2092.0,20.985502093612375,21.250734595366104,6.935418340963943,21.0,1,-0.25073459536610443,21.097971640365984,20.5,21.5
2093.0,21.002692076861845,21.22864108672475,6.934977660042679,21.0,1,-0.2286410867247497,21.007706000311202,20.5,21.5
2094.0,21.01987853397848,21.26318882723933,6.934535505551754,21.0,0,-0.263188827239329,21.608666232385122,20.5,21.5
2095.0,21.017061465372795,21.30599058836969,6.934091877827886,21.0,0,-0.3059905883696885,21.734008199673283,20.5,21.5
2096.0,21.014244871455286,21.27918897585502,6.933646777208919,21.0,0,-0.2791889758550212,21.01117285070835,20.5,21.5
2097.0,21.011428751836437,21.232198528582693,6.933200204033815,21.0,0,-0.23219852858269263,20.762294055859407,20.5,21.5
2098.0,21.008613106126877,21.26848760075405,6.932752158642659,21.0,0,-0.26848760075404954,21.63137832246762,20.5,21.5
2099.0,21.00579793393738,21.197028083006415,6.932302641376657,21.0,1,-0.1970280830064155,20.482432905530075,20.5,21.5
2100.0,21.02298323487887,21.197684362629637,6.931851652578136,21.0,1,-0.19768436262963718,21.204247158861854,20.5,21.5
2101.0,21.040165008562408,21.193438071531116,6.931399192590545,21.0,1,-0.1934380715311157,21.1509751605459,20.5,21.5
2102.0,21.057343255399214,21.18794297020793,6.93094526175845,21.0,1,-0.18794297020793138,21.13299195697609,20.5,21.5
2103.0,21.074517975800486,21.21052925829055,6.9304898604275404,21.0,1,-0.21052925829054914,21.436392139116727,20.5,21.5
2104.0,21.09168917017741,21.332546273913827,6.930032988944623,21.0,0,-0.3325462739138274,22.55271643014661,20.5,21.5
2105.0,21.088856838941165,21.418191855631104,6.929574647657626,21.0,0,-0.41819185563110395,22.27464767280387,20.5,21.5
2106.0,21.08602498250291,21.411379461027437,6.929114836915597,21.0,0,-0.41137946102743683,21.343255514990766,20.5,21.5
2107.0,21.08319360047379,21.45058695596955,6.928653557068699,21.0,0,-0.45058695596954834,21.842661905390663,20.5,21.5
2108.0,21.080362692465112,21.458872923290215,6.92819080846822,21.0,0,-0.45887292329021534,21.541732596496885,20.5,21.5
2109.0,21.07753225808831,21.369973653115345,6.927726591466562,21.0,1,-0.3699736531153448,20.48098095136664,20.5,21.5
2110.0,21.09470229695499,21.285447953859677,6.927260906417246,21.0,1,-0.28544795385967703,20.440190961303,20.5,21.5
2111.0,21.11186880867688,21.334615902267853,6.926793753674912,21.0,0,-0.33461590226785276,21.82629538634961,20.5,21.5
2112.0,21.10903179366588,21.30756670094103,6.926325133595316,21.0,0,-0.307566700941031,21.037074687672813,20.5,21.5
2113.0,21.10619525233387,21.232950647021333,6.925855046535334,21.0,1,-0.23295064702133317,20.486790107824355,20.5,21.5
2114.0,21.12335918429271,21.32766968757665,6.925383492852958,21.0,0,-0.32766968757664827,22.2748600931298,20.5,21.5
2115.0,21.120519589154423,21.398457659369342,6.924910472907294,21.0,0,-0.39845765936934185,22.106337377296278,20.5,21.5
2116.0,21.117680467331173,21.48917333300585,6.924435987058571,21.0,0,-0.4891733330058514,22.396330069370947,20.5,21.5
2117.0,21.114841818435117,21.563040321878184,6.923960035668127,21.0,0,-0.5630403218781836,22.301710210601506,20.5,21.5
2118.0,21.112003642078562,21.640308174357287,6.923482619098422,21.0,0,-0.6403081743572869,22.41298669914832,20.5,21.5
2119.0,21.109165937873968,21.629755034155416,6.92300373771303,21.0,0,-0.6297550341554157,21.524223632136703,20.5,21.5
2120.0,21.106328705433935,21.566070795959,6.922523391876638,21.0,0,-0.5660707959589999,20.929228413994842,20.5,21.5
2121.0,21.103491944371225,21.471098161461622,6.922041581955051,21.0,0,-0.4710981614616223,20.521371816487846,20.5,21.5
2122.0,21.10065565429874,21.473902549772987,6.921558308315188,21.0,0,-0.47390254977298696,21.501946432886633,20.5,21.5
2123.0,21.097819834829544,21.491257008566834,6.921073571325084,21.0,0,-0.4912570085668335,21.6648015965053,20.5,21.5
2124.0,21.09498448557684,21.47241298173919,6.920587371353886,21.0,0,-0.4724129817391898,21.283972713462752,20.5,21.5
2125.0,21.092149606153995,21.46963513372669,6.920099708771858,21.0,0,-0.4696351337266904,21.441856653601697,20.5,21.5
2126.0,21.089315196174518,21.434125786626296,6.919610583950374,21.0,0,-0.4341257866262964,21.079032315622356,20.5,21.5
2127.0,21.08648125525207,21.407406500280956,6.919119997261925,21.0,0,-0.40740650028095615,21.140213636827554,20.5,21.5
2128.0,21.083647783000472,21.350154839250408,6.918627949080115,21.0,0,-0.3501548392504077,20.777638228944923,20.5,21.5
2129.0,21.080814779033688,21.253002937914015,6.918134439779659,21.0,1,-0.2530029379140153,20.28148392455009,20.5,21.5
2130.0,21.097982242965838,21.220377675148615,6.917639469736386,21.0,1,-0.22037767514861528,20.894125047494615,20.5,21.5
2131.0,21.11514617441119,21.22275448611717,6.917143039327238,21.0,1,-0.22275448611717152,21.246522595802734,20.5,21.5
2132.0,21.132306573784174,21.217008746516207,6.916645148930266,21.0,1,-0.21700874651620694,21.15955135050656,20.5,21.5
2133.0,21.149463441499204,21.247337247993528,6.916145798924639,21.0,0,-0.24733724799352785,21.550622262766737,20.5,21.5
2134.0,21.14661677797069,21.429569762940222,6.91564498969063,21.0,0,-0.429569762940222,23.251894912407163,20.5,21.5
2135.0,21.143770583613033,21.502585417275597,6.915142721609629,21.0,0,-0.502585417275597,22.232741960629347,20.5,21.5
2136.0,21.140924858040634,21.54174970022736,6.914638995064134,21.0,0,-0.5417497002273599,21.93339252974499,20.5,21.5
2137.0,21.13807960086804,21.545370486651457,6.9141338104377565,21.0,0,-0.545370486651457,21.58157835089243,20.5,21.5
2138.0,21.135234811709953,21.47618583655591,6.913627168115215,21.0,0,-0.47618583655590996,20.78433933560044,20.5,21.5
2139.0,21.132390490181233,21.33399556851192,6.91311906848234,21.0,1,-0.33399556851192,19.91209288807202,20.5,21.5
2140.0,21.149546635896893,21.25734335150803,6.912609511926071,21.0,1,-0.25734335150803034,20.490821181469133,20.5,21.5
2141.0,21.1666992484721,21.231055643946007,6.9120984988344585,21.0,1,-0.2310556439460072,20.968178568325776,20.5,21.5
2142.0,21.18384832832217,21.222774979971785,6.91158602959666,21.0,1,-0.22277497997178486,21.13996834022956,20.5,21.5
2143.0,21.200993875862427,21.319943187755843,6.911072104602945,21.0,0,-0.3199431877558432,22.291625265596426,20.5,21.5
2144.0,21.198135891508176,21.372274189579073,6.910556724244687,21.0,0,-0.3722741895790733,21.895584207811375,20.5,21.5
2145.0,21.195278375674725,21.480609507279688,6.9100398889143735,21.0,0,-0.4806095072796879,22.563962684285833,20.5,21.5
2146.0,21.192421327977375,21.51194086594345,6.909521599005595,21.0,0,-0.5119408659434512,21.825254452581085,20.5,21.5
2147.0,21.18956474803158,21.552586575436237,6.909001854913052,21.0,0,-0.5525865754362371,21.959043670364096,20.5,21.5
2148.0,21.186708635452955,21.49688966994014,6.908480657032554,21.0,0,-0.4968896699401384,20.93992061497915,20.5,21.5
2149.0,21.18385298985727,21.481931191436054,6.907958005761014,21.0,0,-0.481931191436054,21.33234640639521,20.5,21.5
2150.0,21.180997810860454,21.536398725156314,6.907433901496454,21.0,0,-0.5363987251563138,22.081074062358912,20.5,21.5
2151.0,21.178143098078582,21.459075469270584,6.906908344638002,21.0,0,-0.4590754692705836,20.68584291041328,20.5,21.5
2152.0,21.175288851127895,21.411105504589678,6.906381335585894,21.0,0,-0.41110550458967765,20.931405857780618,20.5,21.5
2153.0,21.172435069624786,21.425935531229076,6.905852874741469,21.0,0,-0.4259355312290758,21.574235797623057,20.5,21.5
2154.0,21.16958175318581,21.44475619164937,6.905322962507173,21.0,0,-0.4447561916493683,21.632962795852293,20.5,21.5
2155.0,21.166728901427675,21.439290809033167,6.904791599286557,21.0,0,-0.4392908090331673,21.384636982871157,20.5,21.5
2156.0,21.163876513967246,21.433638470306825,6.904258785484277,21.0,0,-0.4336384703068248,21.3771150830434,20.5,21.5
2157.0,21.161024590421547,21.410885338117417,6.903724521506096,21.0,0,-0.4108853381174171,21.18335401622334,20.5,21.5
2158.0,21.158173130407764,21.384110446176035,6.903188807758877,21.0,0,-0.3841104461760345,21.11636152676221,20.5,21.5
2159.0,21.155322133543233,21.445306130854423,6.9026516446505894,21.0,0,-0.44530613085442283,22.057262977638306,20.5,21.5
2160.0,21.152471599445455,21.381106368520147,6.902113032590307,21.0,0,-0.3811063685201468,20.739108745177386,20.5,21.5
2161.0,21.149621527732084,21.459348916737007,6.901572971988207,21.0,0,-0.4593489167370066,22.241774398905605,20.5,21.5
2162.0,21.146771918020935,21.535089177243247,6.901031463255567,21.0,0,-0.5350891772432469,22.29249178230565,20.5,21.5
2163.0,21.143922769929983,21.604741104156936,6.900488506804772,21.0,0,-0.6047411041569362,22.30126037329383,20.5,21.5
2164.0,21.141074083077356,21.574859402795415,6.899944103049306,21.0,0,-0.5748594027954148,21.2760423891802,20.5,21.5
2165.0,21.138225857081352,21.593762769479802,6.8993982524037545,21.0,0,-0.5937627694798024,21.78279643632368,20.5,21.5
2166.0,21.135378091560415,21.610251881309917,6.898850955283808,21.0,0,-0.6102518813099174,21.775142999611067,20.5,21.5
2167.0,21.13253078613316,21.641377644975513,6.898302212106257,21.0,0,-0.6413776449755133,21.952635281631473,20.5,21.5
2168.0,21.129683940418353,21.626929615609498,6.8977520232889935,21.0,0,-0.6269296156094981,21.482449321949346,20.5,21.5
2169.0,21.12683755403493,21.61955539980156,6.89720038925101,21.0,0,-0.619555399801559,21.54581324172217,20.5,21.5
2170.0,21.12399162660197,21.623008987568344,6.896647310412399,21.0,0,-0.623008987568344,21.657544865236193,20.5,21.5
2171.0,21.121146157738732,21.60739910496767,6.896092787194355,21.0,0,-0.6073991049676692,21.45130027896092,20.5,21.5
2172.0,21.118301147064624,21.550263408109675,6.895536820019172,21.0,0,-0.5502634081096751,20.978906439529734,20.5,21.5
2173.0,21.115456594199216,21.477681410770924,6.894979409310242,21.0,0,-0.4776814107709235,20.751861437383408,20.5,21.5
2174.0,21.11261249876224,21.451516741662676,6.894420555492058,21.0,0,-0.45151674166267597,21.1898700505802,20.5,21.5
2175.0,21.109768860373585,21.381303190841095,6.893860258990212,21.0,0,-0.3813031908410949,20.679167682625284,20.5,21.5
2176.0,21.106925678653308,21.359988315184648,6.893298520231393,21.0,0,-0.3599883151846477,21.146839558620176,20.5,21.5
2177.0,21.104082953221624,21.349391180736326,6.892735339643391,21.0,0,-0.34939118073632613,21.24341983625311,20.5,21.5
2178.0,21.101240683698908,21.32199534711774,6.892170717655091,21.0,0,-0.32199534711773836,21.04803701093186,20.5,21.5
2179.0,21.0983988697057,21.3028256427112,6.8916046546964775,21.0,0,-0.3028256427111984,21.1111285986458,20.5,21.5
2180.0,21.095557510862697,21.319222012447995,6.891037151198634,21.0,0,-0.31922201244799453,21.483185709815956,20.5,21.5
2181.0,21.092716606790766,21.31368980784736,6.890468207593736,21.0,0,-0.31368980784736067,21.258367761841022,20.5,21.5
2182.0,21.089876157110925,21.32887226427525,6.889897824315062,21.0,0,-0.32887226427525107,21.480696828554155,20.5,21.5
2183.0,21.087036161444367,21.4413614449314,6.889326001796981,21.0,0,-0.44136144493139895,22.566253251492878,20.5,21.5
2184.0,21.084196619412438,21.409134501949826,6.888752740474962,21.0,0,-0.4091345019498256,21.086865072134092,20.5,21.5
2185.0,21.08135753063665,21.404042051453875,6.888178040785569,21.0,0,-0.4040420514538745,21.353117546494364,20.5,21.5
2186.0,21.078518894738682,21.427431258412696,6.887601903166459,21.0,0,-0.427431258412696,21.66132332800091,20.5,21.5
2187.0,21.075680711340368,21.374544457690355,6.887024328056388,21.0,0,-0.37454445769035516,20.845676450466947,20.5,21.5
2188.0,21.07284298006371,21.31533092941817,6.886445315895202,21.0,0,-0.3153309294181703,20.723195646696322,20.5,21.5
2189.0,21.070005700530878,21.33485507858224,6.885864867123846,21.0,0,-0.3348550785822404,21.53009657022294,20.5,21.5
2190.0,21.067168872364196,21.351454106066598,6.885282982184357,21.0,0,-0.35145410606659766,21.51744438091017,20.5,21.5
2191.0,21.06433249518616,21.332367064699206,6.884699661519864,21.0,0,-0.3323670646992056,21.141496651025285,20.5,21.5
2192.0,21.06149656861943,21.343171933755603,6.884114905574593,21.0,0,-0.3431719337556025,21.45122062431957,20.5,21.5
2193.0,21.05866109228682,21.39302837523822,6.883528714793861,21.0,0,-0.3930283752382202,21.891592790064397,20.5,21.5
2194.0,21.05582606581132,21.399079803315995,6.882941089624076,21.0,0,-0.39907980331599546,21.459594084093748,20.5,21.5
2195.0,21.052991488816083,21.323509745753743,6.882352030512742,21.0,0,-0.3235097457537428,20.567809170131216,20.5,21.5
2196.0,21.050157360924423,21.32254507990848,6.881761537908451,21.0,0,-0.3225450799084797,21.31289842145585,20.5,21.5
2197.0,21.04732368175982,21.32104713215323,6.881169612260891,21.0,0,-0.3210471321532289,21.30606765460072,20.5,21.5
2198.0,21.044490450945922,21.29249408961366,6.880576254020838,21.0,0,-0.2924940896136583,21.006963664217952,20.5,21.5
2199.0,21.041657668106538,21.22308408570678,6.87998146364016,21.0,0,-0.2230840857067804,20.528984046638,20.5,21.5
2200.0,21.038825332865645,21.301404185523744,6.879385241571817,21.0,0,-0.3014041855237437,22.084605183693377,20.5,21.5
2201.0,21.035993444847385,21.302652736407072,6.878787588269857,21.0,0,-0.30265273640707235,21.31513824524036,20.5,21.5
2202.0,21.03316200367607,21.236420518902754,6.878188504189419,21.0,0,-0.2364205189027544,20.574098343859575,20.5,21.5
2203.0,21.03033100897617,21.172648889154015,6.877587989786731,21.0,0,-0.172648889154015,20.53493259166662,20.5,21.5
2204.0,21.02750046037233,21.288962388350132,6.8769860455191125,21.0,0,-0.2889623883501322,22.452097380311304,20.5,21.5
2205.0,21.02467035748936,21.30549056518414,6.8763826718449685,21.0,0,-0.3054905651841402,21.47077233352422,20.5,21.5
2206.0,21.021840699952232,21.307853547908596,6.875777869223795,21.0,0,-0.3078535479085964,21.33148337515316,20.5,21.5
2207.0,21.019011487386088,21.46127069550903,6.875171638116177,21.0,0,-0.4612706955090289,22.995442171513353,20.5,21.5
2208.0,21.016182719416236,21.425812546222563,6.874563978983783,21.0,0,-0.4258125462225628,21.071231053357902,20.5,21.5
2209.0,21.01335439566815,21.353658843724947,6.873954892289374,21.0,0,-0.35365884372494705,20.63212181874879,20.5,21.5
2210.0,21.010526515767474,21.306895973572455,6.873344378496795,21.0,0,-0.30689597357245546,20.83926727204754,20.5,21.5
2211.0,21.007699079340018,21.30802600161506,6.8727324380709796,21.0,0,-0.3080260016150618,21.319326282041125,20.5,21.5
2212.0,21.004872086011765,21.240282023412902,6.872119071477947,21.0,0,-0.2402820234129024,20.56284224139131,20.5,21.5
2213.0,21.002045535408858,21.267865971369858,6.871504279184801,21.0,0,-0.2678659713698579,21.543705450939413,20.5,21.5
2214.0,20.999219427157612,21.251073483433082,6.870888061659734,21.0,0,-0.2510734834330819,21.08314860406532,20.5,21.5
2215.0,20.996393760884512,21.285267132321973,6.870270419372023,21.0,0,-0.2852671323219731,21.627203621210885,20.5,21.5
2216.0,20.99356853621621,21.29981526128659,6.869651352792029,21.0,0,-0.2998152612865894,21.445296550932753,20.5,21.5
2217.0,20.990743752779522,21.307503638942062,6.869030862391197,21.0,0,-0.30750363894206245,21.384387415496793,20.5,21.5
2218.0,20.987919410201446,21.3093361407323,6.86840894864206,21.0,0,-0.30933614073229876,21.327661158634662,20.5,21.5
2219.0,20.985095508109133,21.38238920375225,6.867785612018229,21.0,0,-0.3823892037522505,22.112919833951768,20.5,21.5
2220.0,20.982272046129914,21.404881317146483,6.867160852994403,21.0,0,-0.4048813171464829,21.629802451088807,20.5,21.5
2221.0,20.979449023891288,21.355149008232967,6.866534672046365,21.0,0,-0.35514900823296713,20.85782591909781,20.5,21.5
2222.0,20.97662644102092,21.305367036399666,6.865907069650978,21.0,0,-0.3053670363996659,20.807547318066653,20.5,21.5
2223.0,20.973804297146646,21.312854087593205,6.865278046286188,21.0,0,-0.3128540875932053,21.3877245995286,20.5,21.5
2224.0,20.970982591896473,21.22251535009442,6.864647602431024,21.0,1,-0.2225153500944188,20.319127975106554,20.5,21.5
2225.0,20.98816132489858,21.20896391869358,6.864015738565597,21.0,1,-0.20896391869358055,21.073449604685198,20.5,21.5
2226.0,21.005336495781314,21.162497759752497,6.863382455171098,21.0,1,-0.16249775975249747,20.697836170341667,20.5,21.5
2227.0,21.02250810497319,21.147893861438853,6.8627477527298,21.0,1,-0.14789386143885253,21.001854878302403,20.5,21.5
2228.0,21.039676152902743,21.216434544331904,6.862111631725057,21.0,0,-0.21643454433190357,21.901841373262414,20.5,21.5
2229.0,21.03684063999851,21.326133203766545,6.861474092641302,21.0,0,-0.3261332037665454,22.423119798112964,20.5,21.5
2230.0,21.03400556668904,21.282742655729344,6.860835135964049,21.0,0,-0.28274265572934354,20.848837175357325,20.5,21.5
2231.0,21.031170932602894,21.433447468774126,6.860194762179892,21.0,0,-0.4334474687741263,22.940495599221954,20.5,21.5
2232.0,21.02833673736881,21.425666216459017,6.859552971776503,21.0,0,-0.4256662164590175,21.34785369330793,20.5,21.5
2233.0,21.02550298061569,21.36027384542988,6.8589097652426325,21.0,0,-0.36027384542988017,20.706350135138507,20.5,21.5
2234.0,21.022669661972618,21.324704985144386,6.858265143068112,21.0,0,-0.32470498514438617,20.969016382289446,20.5,21.5
2235.0,21.019836781068836,21.35435268231381,6.857619105743849,21.0,0,-0.35435268231380945,21.650829654008042,20.5,21.5
2236.0,21.01700433753377,21.25153955272775,6.856971653761827,21.0,1,-0.2515395527277491,20.223408256867145,20.5,21.5
2237.0,21.034172330997016,21.31000499931004,6.856322787615111,21.0,0,-0.31000499931003844,21.894659465132932,20.5,21.5
2238.0,21.03133676108834,21.445591792717607,6.8556725077978395,21.0,0,-0.4455917927176074,22.801459726793297,20.5,21.5
2239.0,21.02850162823768,21.457698350845146,6.85502081480523,21.0,0,-0.45769835084514554,21.578763932120527,20.5,21.5
2240.0,21.025666932074994,21.455424918404404,6.854367709133575,21.0,0,-0.4554249184044039,21.432690593996988,20.5,21.5
2241.0,21.022832672230408,21.5158024712402,6.853713191280241,21.0,0,-0.5158024712401996,22.119577999598157,20.5,21.5
2242.0,21.019998848334218,21.51197366477006,6.8530572617436745,21.0,0,-0.5119736647700606,21.47368560006867,20.5,21.5
2243.0,21.0171654600169,21.457518881336618,6.852399921023393,21.0,0,-0.4575188813366182,20.912971047002195,20.5,21.5
2244.0,21.014332506909103,21.389838764584375,6.85174116961999,21.0,0,-0.3898387645843755,20.71303759706195,20.5,21.5
2245.0,21.011499988641646,21.377820493610535,6.851081008035133,21.0,0,-0.3778204936105354,21.257637783872134,20.5,21.5
2246.0,21.008667904845524,21.351845141116492,6.850419436771564,21.0,0,-0.3518451411164918,21.092091616176056,20.5,21.5
2247.0,21.00583625515191,21.367514813096047,6.8497564563330995,21.0,0,-0.3675148130960473,21.524211532891602,20.5,21.5
2248.0,21.003005039192146,21.309273918130867,6.8490920672246265,21.0,0,-0.3092739181308666,20.72686496847906,20.5,21.5
2249.0,21.000174256597752,21.34375115144111,6.848426269952107,21.0,0,-0.34375115144111135,21.68852348454356,20.5,21.5
2250.0,20.997343907000424,21.41121914294983,6.847759065022574,21.0,0,-0.41121914294982886,22.085899058037004,20.5,21.5
2251.0,20.99451399003203,21.389450820917926,6.847090452944133,21.0,0,-0.3894508209179257,21.171767600598894,20.5,21.5
2252.0,20.99168450532461,21.324613516757104,6.846420434225962,21.0,0,-0.32461351675710404,20.676240475148887,20.5,21.5
2253.0,20.98885545251039,21.344890221269594,6.845749009378308,21.0,0,-0.3448902212695941,21.547657266394495,20.5,21.5
2254.0,20.986026831221764,21.36025777159481,6.8450761789124925,21.0,0,-0.3602577715948101,21.51393327484697,20.5,21.5
2255.0,20.983198641091303,21.235771409481103,6.844401943340904,21.0,1,-0.23577140948110298,19.990907788344032,20.5,21.5
2256.0,21.000370881751753,21.289388035797526,6.843726303177001,21.0,0,-0.2893880357975256,21.82555429896175,20.5,21.5
2257.0,20.997539552836038,21.323273108176345,6.843049258935315,21.0,0,-0.3232731081763447,21.662123831964536,20.5,21.5
2258.0,20.99470865477726,21.27807569548841,6.842370811131443,21.0,0,-0.27807569548841116,20.826101568609076,20.5,21.5
2259.0,20.99187818720853,21.264017445450968,6.841690960282053,21.0,0,-0.2640174454509676,21.123434945076532,20.5,21.5
2260.0,20.989048149763146,21.294117671274087,6.841009706904881,21.0,0,-0.29411767127408694,21.59511992950528,20.5,21.5
2261.0,20.986218542074575,21.324953101142494,6.840327051518731,21.0,0,-0.3249531011424942,21.633307399826567,20.5,21.5
2262.0,20.983389363776464,21.270060795436645,6.839642994643476,21.0,0,-0.2700607954366454,20.721137738378157,20.5,21.5
2263.0,20.980560614502636,21.238275073445344,6.838957536800052,21.0,0,-0.23827507344534382,20.920417853532328,20.5,21.5
2264.0,20.977732293887094,21.142715887685796,6.838270678510469,21.0,1,-0.1427158876857959,20.187124030090317,20.5,21.5
2265.0,20.994904401564018,21.137761704318685,6.837582420297797,21.0,1,-0.1377617043186845,21.08821987064757,20.5,21.5
2266.0,21.012072937167765,21.04401295387243,6.836892762686174,21.0,1,-0.04401295387242854,20.10652544940987,20.5,21.5
2267.0,21.02923790113287,21.04910780285498,6.836201706200806,21.0,1,-0.049107802854980065,21.100056292680495,20.5,21.5
2268.0,21.046399293893884,21.09401178773793,6.835509251367963,21.0,0,-0.09401178773793006,21.54305163656743,20.5,21.5
2269.0,21.043557115885378,21.255491952386112,6.8348153987149765,21.0,0,-0.25549195238611233,22.870293598867935,20.5,21.5
2270.0,21.040715367541942,21.305695812822076,6.834120148770248,21.0,0,-0.30569581282207636,21.807734417181717,20.5,21.5
2271.0,21.03787404849819,21.343829468181905,6.833423502063241,21.0,0,-0.3438294681819052,21.725166021780193,20.5,21.5
2272.0,21.035033158388902,21.436408969234783,6.832725459124479,21.0,0,-0.43640896923478323,22.362203979763564,20.5,21.5
2273.0,21.032192696849048,21.475487503543167,6.832026020485555,21.0,0,-0.4754875035431674,21.86627284662701,20.5,21.5
2274.0,21.029352663513777,21.353761856368433,6.8313251866791225,21.0,1,-0.3537618563684326,20.136505384621085,20.5,21.5
2275.0,21.04651305801841,21.27664437788033,6.830622958238894,21.0,1,-0.2766443778803307,20.50546959299931,20.5,21.5
2276.0,21.063669879998454,21.24193999868575,6.82991933569965,21.0,1,-0.24193999868575133,20.894896206739958,20.5,21.5
2277.0,21.080823129889595,21.264777219014206,6.829214319597227,21.0,1,-0.26477721901420637,21.493149422298757,20.5,21.5
2278.0,21.097972808127537,21.210027627024346,6.828507910468527,21.0,1,-0.21002762702434552,20.662531707125737,20.5,21.5
2279.0,21.115118915148006,21.26368265702913,6.827800108851512,21.0,0,-0.2636826570291291,21.800232957076965,20.5,21.5
2280.0,21.112261451386747,21.344380957391472,6.8270909152852015,21.0,0,-0.344380957391472,22.1513639610149,20.5,21.5
2281.0,21.109404417279528,21.426793959487263,6.8263803303096795,21.0,0,-0.42679395948726295,22.250923980445172,20.5,21.5
2282.0,21.106547812462132,21.421589473641212,6.825668354466085,21.0,0,-0.42158947364121246,21.369544615180708,20.5,21.5
2283.0,21.103691636570534,21.426566836381323,6.824954988296621,21.0,0,-0.42656683638132264,21.476340463782424,20.5,21.5
2284.0,21.10083588924088,21.494290237401145,6.824240232344546,21.0,0,-0.4942902374011453,22.171524247599372,20.5,21.5
2285.0,21.097980570109502,21.478643068962228,6.823524087154177,21.0,0,-0.47864306896222786,21.322171384573053,20.5,21.5
2286.0,21.095125678812913,21.378378052520464,6.82280655327089,21.0,1,-0.3783780525204641,20.375727888102826,20.5,21.5
2287.0,21.112271214987803,21.403776859176794,6.82208763124112,21.0,0,-0.4037768591767943,21.657764925740096,20.5,21.5
2288.0,21.109413178271055,21.470645606472214,6.821367321612354,21.0,0,-0.470645606472214,22.13933307942641,20.5,21.5
2289.0,21.106555569099722,21.465009325126736,6.820645624933142,21.0,0,-0.46500932512673643,21.40864651167196,20.5,21.5
2290.0,21.10369838711089,21.45213200188467,6.819922541753087,21.0,0,-0.45213200188467084,21.323358769464015,20.5,21.5
2291.0,21.10084163194182,21.47974701046212,6.8191980726228465,21.0,0,-0.47974701046211976,21.75589709623661,20.5,21.5
2292.0,21.097985303229954,21.374476249744326,6.818472218094137,21.0,1,-0.37447624974432614,20.32176864256639,20.5,21.5
2293.0,21.115129400612926,21.307005252692313,6.817744978719729,21.0,1,-0.3070052526923135,20.632295282172187,20.5,21.5
2294.0,21.132269923728547,21.28560957290218,6.817016355053443,21.0,1,-0.2856095729021817,21.071652775000864,20.5,21.5
2295.0,21.14940687301481,21.310275908599444,6.816286347650163,21.0,0,-0.31027590859944354,21.556939265572062,20.5,21.5
2296.0,21.146540248909737,21.304183250423414,6.815554957065817,21.0,0,-0.30418325042341365,21.243256668663115,20.5,21.5
2297.0,21.143674051851367,21.382265777253405,6.814822183857394,21.0,0,-0.38226577725340505,22.16309104555332,20.5,21.5
2298.0,21.140808281477767,21.47691381541844,6.81408802858293,21.0,0,-0.47691381541843825,22.42339419706877,20.5,21.5
2299.0,21.137942937427187,21.48097851593829,6.813352491801518,21.0,0,-0.4809785159382898,21.521625521136805,20.5,21.5
2300.0,21.135078019338064,21.544858264359743,6.8126155740733,21.0,0,-0.5448582643597426,22.18365574857427,20.5,21.5
2301.0,21.13221352684901,21.58278626160153,6.811877275959472,21.0,0,-0.5827862616015302,21.962066234019407,20.5,21.5
2302.0,21.12934945959883,21.46438721769505,6.811137598022279,21.0,1,-0.46438721769505165,20.280396778630266,20.5,21.5
2303.0,21.146485817226516,21.35477954075057,6.810396540825019,21.0,1,-0.3547795407505703,20.258702771305757,20.5,21.5
2304.0,21.163618599371237,21.398219933463928,6.809654104932039,21.0,0,-0.3982199334639276,21.8326238605975,20.5,21.5
2305.0,21.160747806472347,21.37610463195776,6.808910290908736,21.0,0,-0.3761046319577588,21.15495161689607,20.5,21.5
2306.0,21.157877438969233,21.37811635516723,6.808165099321557,21.0,0,-0.3781163551672293,21.398233587261934,20.5,21.5
2307.0,21.155007496501305,21.51450935779927,6.807418530737998,21.0,0,-0.5145093577992697,22.878439384119673,20.5,21.5
2308.0,21.152137978708154,21.508115810032525,6.806670585726602,21.0,0,-0.5081158100325247,21.444180332365075,20.5,21.5
2309.0,21.149268885229557,21.440335342379807,6.805921264856963,21.0,0,-0.4403353423798073,20.762530665852633,20.5,21.5
2310.0,21.146400215705484,21.422619106939713,6.8051705686997215,21.0,0,-0.42261910693971316,21.24545675253877,20.5,21.5
2311.0,21.14353196977608,21.33706461679096,6.804418497826565,21.0,1,-0.3370646167909612,20.481519715303442,20.5,21.5
2312.0,21.16066414708169,21.28419068072289,6.803665052810228,21.0,1,-0.2841906807228902,20.75545132004218,20.5,21.5
2313.0,21.177792747262835,21.36725593928483,6.802910234224491,21.0,0,-0.36725593928483136,22.197908524904243,20.5,21.5
2314.0,21.174917770760228,21.337998185569514,6.802154042644183,21.0,0,-0.3379981855695142,21.045420648416343,20.5,21.5
2315.0,21.172043218014604,21.287637425339135,6.8013964786451755,21.0,0,-0.2876374253391347,20.78402982303534,20.5,21.5
2316.0,21.16916908866673,21.362907154866225,6.800637542804387,21.0,0,-0.3629071548662246,22.115604450137123,20.5,21.5
2317.0,21.166295382357557,21.418451322632418,6.79987723569978,21.0,0,-0.4184513226324178,21.97389300029435,20.5,21.5
2318.0,21.163422098728226,21.399309294775115,6.799115557910361,21.0,0,-0.3993092947751151,21.20788901620209,20.5,21.5
2319.0,21.160549237420064,21.354806801729744,6.798352510016181,21.0,0,-0.3548068017297439,20.90978187127603,20.5,21.5
2320.0,21.157676798074583,21.477406093884685,6.7975880925983345,21.0,0,-0.47740609388468513,22.703399015434098,20.5,21.5
2321.0,21.15480478033349,21.49901696582898,6.7968223062389574,21.0,0,-0.4990169658289787,21.715125685271914,20.5,21.5
2322.0,21.15193318383867,21.414585280204246,6.796055151521231,21.0,0,-0.41458528020424623,20.57026842395692,20.5,21.5
2323.0,21.149062008232203,21.420541803297834,6.795286629029377,21.0,0,-0.42054180329783364,21.480107034233708,20.5,21.5
2324.0,21.146191253156363,21.540024188062414,6.794516739348657,21.0,0,-0.5400241880624144,22.73484803570822,20.5,21.5
2325.0,21.1433209182536,21.485032158643286,6.7937454830653765,21.0,0,-0.4850321586432855,20.935111864451997,20.5,21.5
2326.0,21.140451003166564,21.465880336867343,6.792972860766881,21.0,0,-0.4658803368673432,21.27436211910792,20.5,21.5
2327.0,21.137581507538084,21.477626295274277,6.7921988730415555,21.0,0,-0.4776262952742769,21.595085879343614,20.5,21.5
2328.0,21.134712431011184,21.541367172586376,6.791423520478826,21.0,0,-0.5413671725863765,22.178775945707372,20.5,21.5
2329.0,21.13184377322908,21.557821937434817,6.790646803669156,21.0,0,-0.5578219374348166,21.722369585919218,20.5,21.5
2330.0,21.128975533835167,21.490278212051876,6.78986872320405,21.0,0,-0.4902782120518765,20.814840958222476,20.5,21.5
2331.0,21.12610771247304,21.520563098165344,6.78908927967605,21.0,0,-0.5205630981653435,21.823411959300014,20.5,21.5
2332.0,21.12324030878648,21.523477541475515,6.788308473678736,21.0,0,-0.5234775414755148,21.552621974577228,20.5,21.5
2333.0,21.12037332241946,21.457217392344152,6.787526305806726,21.0,0,-0.4572173923441518,20.79461590103052,20.5,21.5
2334.0,21.117506753016137,21.33943675875973,6.786742776655675,21.0,1,-0.33943675875973156,20.16163042291553,20.5,21.5
2335.0,21.134640600220866,21.36467674105124,6.785957886822274,21.0,0,-0.36467674105124104,21.617076563966336,20.5,21.5
2336.0,21.131770863678188,21.343990213625755,6.785171636904251,21.0,0,-0.3439902136257551,21.137124939370896,20.5,21.5
2337.0,21.128901543832832,21.379580153054665,6.784384027500369,21.0,0,-0.37958015305466475,21.73547954734376,20.5,21.5
2338.0,21.126032640329566,21.408098187798878,6.783595059210429,21.0,0,-0.40809818779887763,21.693278535241006,20.5,21.5
2339.0,21.12316415281334,21.391563303210763,6.782804732635261,21.0,0,-0.3915633032107628,21.226214457329615,20.5,21.5
2340.0,21.120296080929307,21.438958713276683,6.782013048376736,21.0,0,-0.43895871327668345,21.91291281393589,20.5,21.5
2341.0,21.117428424322796,21.384424390850377,6.781220007037755,21.0,0,-0.38442439085037705,20.839081166587313,20.5,21.5
2342.0,21.11456118263934,21.39299396154474,6.780425609222253,21.0,0,-0.39299396154473953,21.478689668488364,20.5,21.5
2343.0,21.111694355524655,21.37963148444583,6.7796298555352,21.0,0,-0.37963148444583084,21.246006713456744,20.5,21.5
2344.0,21.108827942624657,21.412418115149332,6.778832746582595,21.0,0,-0.41241811514933246,21.74028442218435,20.5,21.5
2345.0,21.10596194358545,21.46596711700129,6.778034282971473,21.0,0,-0.46596711700129134,22.00145713552088,20.5,21.5
2346.0,21.103096358053325,21.428755986298174,6.777234465309897,21.0,0,-0.42875598629817446,21.056644679267006,20.5,21.5
2347.0,21.100231185674776,21.36609412393259,6.776433294206965,21.0,0,-0.3660941239325908,20.739475500276754,20.5,21.5
2348.0,21.09736642609648,21.359847684733616,6.7756307702728025,21.0,0,-0.35984768473361584,21.297383292743866,20.5,21.5
2349.0,21.094502078965316,21.390823211329554,6.774826894118567,21.0,0,-0.390823211329554,21.700578477288936,20.5,21.5
2350.0,21.091638143928346,21.287983505501163,6.774021666356443,21.0,1,-0.28798350550116325,20.259586447217256,20.5,21.5
2351.0,21.108774620632833,21.363338688791803,6.77321508759965,21.0,0,-0.36333868879180287,22.1168905216982,20.5,21.5
2352.0,21.105907508726226,21.448620756276107,6.772407158462429,21.0,0,-0.44862075627610665,22.301441431119144,20.5,21.5
2353.0,21.10304080865617,21.457714167755867,6.771597879560057,21.0,0,-0.45771416775586715,21.548648282553472,20.5,21.5
2354.0,21.100174520070354,21.51076394788984,6.770787251508832,21.0,0,-0.5107639478898385,22.04126174922955,20.5,21.5
2355.0,21.097308642616643,21.49655941015821,6.769975274926084,21.0,0,-0.49655941015820915,21.354514032841916,20.5,21.5
2356.0,21.094443175943105,21.45295426258094,6.769161950430168,21.0,0,-0.4529542625809384,21.01690278680823,20.5,21.5
2357.0,21.091578119698003,21.371602068919373,6.768347278640467,21.0,0,-0.37160206891937264,20.558080132303715,20.5,21.5
2358.0,21.08871347352979,21.33299062648843,6.767531260177387,21.0,0,-0.3329906264884315,20.94687620217902,20.5,21.5
2359.0,21.08584923708712,21.274815267006716,6.766713895662363,21.0,0,-0.27481526700671566,20.693061672189557,20.5,21.5
2360.0,21.082985410018836,21.31592727706446,6.765895185717854,21.0,0,-0.31592727706446055,21.72704737764191,20.5,21.5
2361.0,21.080121991973975,21.3765864348971,6.765075130967342,21.0,0,-0.3765864348970993,21.983178013223487,20.5,21.5
2362.0,21.077258982601773,21.398503011080518,6.7642537320353355,21.0,0,-0.39850301108051767,21.6176687729147,20.5,21.5
2363.0,21.074396381551658,21.339893914702884,6.7634309895473645,21.0,0,-0.3398939147028841,20.75380295092655,20.5,21.5
2364.0,21.071534188473258,21.345653533870205,6.762606904129985,21.0,0,-0.34565353387020537,21.403249725543418,20.5,21.5
2365.0,21.06867240301639,21.28977683484755,6.761781476410771,21.0,0,-0.2897768348475509,20.731009844621006,20.5,21.5
2366.0,21.065811024831067,21.258615993708787,6.760954707018324,21.0,0,-0.2586159937087871,20.94700758232115,20.5,21.5
2367.0,21.062950053567505,21.240173317865942,6.760126596582264,21.0,0,-0.24017331786594198,21.05574655943749,20.5,21.5
2368.0,21.06008948887611,21.272185356255072,6.759297145733233,21.0,0,-0.272185356255072,21.592305740146372,20.5,21.5
2369.0,21.05722933040748,21.303560861989034,6.758466355102895,21.0,0,-0.303560861989034,21.617315919328654,20.5,21.5
2370.0,21.05436957781242,21.321700833162687,6.7576342253239305,21.0,0,-0.32170083316268716,21.50310054489922,20.5,21.5
2371.0,21.051510230741922,21.27394123145292,6.756800757030046,21.0,0,-0.2739412314529197,20.796345214355245,20.5,21.5
2372.0,21.04865128884718,21.301913943810227,6.755965950855961,21.0,0,-0.3019139438102272,21.581641067383302,20.5,21.5
2373.0,21.04579275177958,21.321065722855156,6.755129807437418,21.0,0,-0.3210657228551561,21.512583513304445,20.5,21.5
2374.0,21.04293461919071,21.221142660417264,6.754292327411178,21.0,1,-0.22114266041726438,20.221912036038347,20.5,21.5
2375.0,21.060076890732354,21.17827155291975,6.753453511415016,21.0,1,-0.1782715529197496,20.749560477944602,20.5,21.5
2376.0,21.07721556605649,21.16492831097219,6.752613360087727,21.0,1,-0.16492831097218996,21.031495891496593,20.5,21.5
2377.0,21.094350645615297,21.164846637466464,6.751771874069124,21.0,1,-0.16484663746646433,21.164029902409208,20.5,21.5
2378.0,21.11148212986099,21.26070223837678,6.750929054000036,21.0,0,-0.26070223837677986,22.219258247479935,20.5,21.5
2379.0,21.108610019245816,21.343841348224394,6.750084900522305,21.0,0,-0.3438413482243945,22.17523244670054,20.5,21.5
2380.0,21.105738314222073,21.39469309276897,6.749239414278792,21.0,0,-0.39469309276897135,21.90321053821474,20.5,21.5
2381.0,21.102867014442083,21.48318283157244,6.748392595913371,21.0,0,-0.4831828315724387,22.368080219607112,20.5,21.5
2382.0,21.099996119558377,21.50388006032484,6.747544446070931,21.0,0,-0.503880060324839,21.710852347848842,20.5,21.5
2383.0,21.09712562922368,21.419192858037405,6.746694965397375,21.0,0,-0.41919285803740536,20.57232083516307,20.5,21.5
2384.0,21.094255543090913,21.394171746206172,6.74584415453962,21.0,0,-0.39417174620617246,21.143960627893843,20.5,21.5
2385.0,21.091385860813205,21.41100579888829,6.744992014145594,21.0,0,-0.41100579888829003,21.579346325709466,20.5,21.5
2386.0,21.08851658204387,21.383429806832915,6.744138544864241,21.0,0,-0.3834298068329147,21.10766988627916,20.5,21.5
2387.0,21.085647706436433,21.34692058697799,6.743283747345514,21.0,0,-0.34692058697799055,20.98182838842875,20.5,21.5
2388.0,21.082779233644615,21.388956299044523,6.742427622240379,21.0,0,-0.3889562990445228,21.809313419709845,20.5,21.5
2389.0,21.079911163322333,21.463280246082725,6.741570170200812,21.0,0,-0.463280246082725,22.206519716464747,20.5,21.5
2390.0,21.077043495123707,21.411157716411815,6.740711391879799,21.0,0,-0.41115771641181453,20.88993241970271,20.5,21.5
2391.0,21.07417622870306,21.378245423970842,6.739851287931339,21.0,0,-0.37824542397084215,21.04912249956112,20.5,21.5
2392.0,21.071309363714906,21.40834220971012,6.738989859010438,21.0,0,-0.4083422097101206,21.709310067102905,20.5,21.5
2393.0,21.068442899813967,21.388371198899826,6.738127105773111,21.0,0,-0.38837119889982574,21.188661090796877,20.5,21.5
2394.0,21.065576836655158,21.3801549841616,6.737263028876383,21.0,0,-0.38015498416159943,21.297992836779336,20.5,21.5
2395.0,21.0627111738936,21.46787470149303,6.736397628978285,21.0,0,-0.4678747014930309,22.345071874807346,20.5,21.5
2396.0,21.059845911184617,21.52025335580506,6.735530906737857,21.0,0,-0.5202533558050604,22.044039898925355,20.5,21.5
2397.0,21.056981048183726,21.48987923800979,6.734662862815146,21.0,0,-0.4898792380097916,21.186138060057104,20.5,21.5
2398.0,21.05411658454665,21.45786028837082,6.733793497871206,21.0,0,-0.4578602883708207,21.13767079198111,20.5,21.5
2399.0,21.051252519929317,21.42488888817453,6.732922812568095,21.0,0,-0.42488888817452874,21.09517488621161,20.5,21.5
2400.0,21.048388853987845,21.311830397636218,6.732050807568878,21.0,1,-0.3118303976362178,20.181245492253108,20.5,21.5
2401.0,21.065525586378563,21.267834548701607,6.731177483537624,21.0,1,-0.2678345487016074,20.827876059355503,20.5,21.5
2402.0,21.082658716757994,21.301532626140535,6.730302841139409,21.0,0,-0.3015326261405349,21.63851340052981,20.5,21.5
2403.0,21.07978824558287,21.343027706979935,6.72942688104031,21.0,0,-0.34302770697993523,21.75797851537394,20.5,21.5
2404.0,21.07691817330996,21.36185408982107,6.7285496039074095,21.0,0,-0.3618540898210689,21.550117918232406,20.5,21.5
2405.0,21.074048499596078,21.492128245930108,6.727671010408791,21.0,0,-0.4921282459301075,22.794869807020493,20.5,21.5
2406.0,21.07117922409824,21.470795872583427,6.726791101213544,21.0,0,-0.4707958725834267,21.25747213911662,20.5,21.5
2407.0,21.068310346473663,21.448185427514556,6.7259098769917545,21.0,0,-0.4481854275145558,21.222080976825847,20.5,21.5
2408.0,21.065441866379768,21.465954578577197,6.725027338414515,21.0,0,-0.4659545785771968,21.643646089203607,20.5,21.5
2409.0,21.062573783474175,21.417144218602324,6.724143486153917,21.0,0,-0.4171442186023242,20.9290406188536,20.5,21.5
2410.0,21.05970609741471,21.36371998752569,6.723258320883052,21.0,0,-0.3637199875256911,20.82947767675936,20.5,21.5
2411.0,21.056838807859403,21.414647627253157,6.722371843276012,21.0,0,-0.4146476272531565,21.92392402452781,20.5,21.5
2412.0,21.053971914466487,21.387618655494542,6.721484054007887,21.0,0,-0.387618655494542,21.117328937908397,20.5,21.5
2413.0,21.051105416894394,21.349931411831268,6.72059495375477,21.0,0,-0.3499314118312675,20.973058975198523,20.5,21.5
2414.0,21.048239314801766,21.359617378919786,6.719704543193747,21.0,0,-0.3596173789197863,21.456477049804974,20.5,21.5
2415.0,21.045373607847445,21.36950063335189,6.718812823002906,21.0,0,-0.36950063335189043,21.468333177672932,20.5,21.5
2416.0,21.042508295690475,21.339211104688946,6.717919793861329,21.0,0,-0.3392111046889461,21.036315818059503,20.5,21.5
2417.0,21.03964337799011,21.358774104825546,6.7170254564490985,21.0,0,-0.35877410482554595,21.554404106191544,20.5,21.5
2418.0,21.036778854405803,21.36153655471313,6.7161298114472885,21.0,0,-0.36153655471312973,21.389161053588968,20.5,21.5
2419.0,21.03391472459721,21.278572709307376,6.715232859537975,21.0,1,-0.278572709307376,20.44893425524984,20.5,21.5
2420.0,21.051050988224198,21.176175694007707,6.714334601404225,21.0,1,-0.17617569400770705,20.152205541011018,20.5,21.5
2421.0,21.068183644946835,21.164324653791375,6.7134350377300995,21.0,1,-0.1643246537913754,21.04581425162806,20.5,21.5
2422.0,21.08531269522539,21.158236680425862,6.712534169200657,21.0,1,-0.15823668042586192,21.097356946770727,20.5,21.5
2423.0,21.102438139520185,21.109013500290928,6.711631996501946,21.0,1,-0.10901350029092782,20.616781698941587,20.5,21.5
2424.0,21.11955997829158,21.114845448894023,6.710728520321013,21.0,1,-0.11484544889402315,21.173164934924976,20.5,21.5
2425.0,21.136678211999985,21.30458428295263,6.709823741345893,21.0,0,-0.3045842829526286,23.201972623538683,20.5,21.5
2426.0,21.133792841105855,21.342589767192322,6.708917660265614,21.0,0,-0.34258976719232237,21.72264460958926,20.5,21.5
2427.0,21.130907866069688,21.369634674132257,6.708010277770199,21.0,0,-0.36963467413225715,21.640083743531605,20.5,21.5
2428.0,21.12802328655203,21.36032332304137,6.707101594550655,21.0,0,-0.3603233230413707,21.267209812132506,20.5,21.5
2429.0,21.12513910221363,21.44560595948351,6.706191611298986,21.0,0,-0.44560595948350823,22.298432323904883,20.5,21.5
2430.0,21.12225531271545,21.431543274217468,6.705280328708184,21.0,0,-0.43154327421746785,21.290916421557064,20.5,21.5
2431.0,21.11937191771865,21.402395281607657,6.704367747472231,21.0,0,-0.4023952816076566,21.110915355509544,20.5,21.5
2432.0,21.1164889168846,21.329385130035792,6.703453868286095,21.0,0,-0.3293851300357922,20.599283614317148,20.5,21.5
2433.0,21.11360630987488,21.32665155830349,6.702538691845737,21.0,0,-0.3266515583034888,21.299315840980455,20.5,21.5
2434.0,21.110724096351273,21.299174079362366,6.701622218848103,21.0,0,-0.2991740793623663,21.02439928995114,20.5,21.5
2435.0,21.107842275975774,21.185816070601117,6.700704449991126,21.0,1,-0.18581607060111693,20.052235982988623,20.5,21.5
2436.0,21.124960848410577,21.264722088943802,6.699785385973728,21.0,0,-0.26472208894380245,22.053782272370658,20.5,21.5
2437.0,21.12207581331809,21.323319898715127,6.698865027495816,21.0,0,-0.3233198987151269,21.90929799642837,20.5,21.5
2438.0,21.119191171160928,21.339508059665285,6.6979433752582835,21.0,0,-0.33950805966528463,21.501389669166862,20.5,21.5
2439.0,21.116306921601748,21.33503367503569,6.697020429963008,21.0,0,-0.3350336750356888,21.29028982873973,20.5,21.5
2440.0,21.11342306430342,21.374848774252087,6.696096192312853,21.0,0,-0.3748487742520865,21.772999766416063,20.5,21.5
2441.0,21.11053959892902,21.303097442412984,6.695170663011664,21.0,0,-0.30309744241298375,20.585584124021956,20.5,21.5
2442.0,21.107656525141834,21.241282601871447,6.6942438427642745,21.0,0,-0.2412826018714469,20.62313419645608,20.5,21.5
2443.0,21.104773842605358,21.333792363118125,6.6933157322764965,21.0,0,-0.33379236311812477,22.258889975584903,20.5,21.5
2444.0,21.101891550983293,21.36834301801065,6.692386332255128,21.0,0,-0.3683430180106484,21.713849566935885,20.5,21.5
2445.0,21.099009649939546,21.396692810517564,6.691455643407947,21.0,0,-0.396692810517564,21.68019073558672,20.5,21.5
2446.0,21.09612813913824,21.44157646068452,6.690523666443712,21.0,0,-0.4415764606845194,21.890412962354073,20.5,21.5
2447.0,21.0932470182437,21.529548827238376,6.689590402072167,21.0,0,-0.5295488272383757,22.40927249277694,20.5,21.5
2448.0,21.090366286920467,21.49444899170403,6.688655851004031,21.0,0,-0.49444899170402934,21.143450636360566,20.5,21.5
2449.0,21.087485944833283,21.521245791993174,6.687720013951005,21.0,0,-0.5212457919931737,21.789213794884617,20.5,21.5
2450.0,21.084605991647106,21.49892328344155,6.686782891625771,21.0,0,-0.4989232834415489,21.2756981979253,20.5,21.5
2451.0,21.0817264270271,21.51402430067302,6.685844484741988,21.0,0,-0.5140243006730216,21.66503447298775,20.5,21.5
2452.0,21.078847250638642,21.529047518113384,6.684904794014295,21.0,0,-0.5290475181133836,21.679279692517003,20.5,21.5
2453.0,21.075968462147316,21.562280305532536,6.683963820158305,21.0,0,-0.5622803055325356,21.894608179724056,20.5,21.5
2454.0,21.073090061218917,21.470140278983674,6.6830215638906125,21.0,0,-0.47014027898367416,20.54874001349506,20.5,21.5
2455.0,21.07021204751945,21.414595389192286,6.682078025928785,21.0,0,-0.4145953891922858,20.859146491278402,20.5,21.5
2456.0,21.067334420715135,21.417049954376537,6.681133206991369,21.0,0,-0.41704995437653736,21.441595606219053,20.5,21.5
2457.0,21.064457180472388,21.409846974102173,6.6801871077978845,21.0,0,-0.4098469741021731,21.33781717135853,20.5,21.5
2458.0,21.061580326457854,21.399902647711077,6.679239729068827,21.0,0,-0.39990264771107675,21.300459383800113,20.5,21.5
2459.0,21.058703858338376,21.490151974733134,6.678291071525666,21.0,0,-0.4901519747331342,22.39264524495371,20.5,21.5
2460.0,21.05582777578101,21.454935377345766,6.677341135890849,21.0,0,-0.45493537734576606,21.102769403472085,20.5,21.5
2461.0,21.052952078453032,21.395505280382572,6.676389922887788,21.0,0,-0.39550528038257227,20.801204310750634,20.5,21.5
2462.0,21.05007676602192,21.28666934577661,6.6754374332408775,21.0,1,-0.28666934577660896,20.198309999716976,20.5,21.5
2463.0,21.067201838155363,21.276478680002903,6.674483667675478,21.0,1,-0.2764786800029029,21.174572022265842,20.5,21.5
2464.0,21.084323294521266,21.224085438126018,6.673528626917923,21.0,1,-0.22408543812601778,20.700153019357167,20.5,21.5
2465.0,21.101441135587745,21.399762282324836,6.672572311695519,21.0,0,-0.39976228232483635,23.156530724313022,20.5,21.5
2466.0,21.098555361822967,21.426712808538323,6.671614722736541,21.0,0,-0.4267128085383227,21.696218070673186,20.5,21.5
2467.0,21.09566997369515,21.487959423503025,6.670655860770234,21.0,0,-0.4879594235030247,22.100425573150044,20.5,21.5
2468.0,21.092784970872565,21.442821684084652,6.669695726526814,21.0,0,-0.4428216840846524,20.99144428990093,20.5,21.5
2469.0,21.089900353023694,21.487093547511098,6.668734320737463,21.0,0,-0.48709354751109757,21.92981218177555,20.5,21.5
2470.0,21.087016119817235,21.343077263693324,6.667771644134336,21.0,1,-0.34307726369332414,19.90291442551559,20.5,21.5
2471.0,21.1041322709221,21.393641184589008,6.666807697450553,21.0,0,-0.39364118458900776,21.899280393545844,20.5,21.5
2472.0,21.101244806007408,21.36275108074863,6.665842481420199,21.0,0,-0.3627510807486303,21.053850042344855,20.5,21.5
2473.0,21.098357725542492,21.39512576834742,6.6648759967783295,21.0,0,-0.39512576834741964,21.718872644335313,20.5,21.5
2474.0,21.095471029196737,21.390039766796196,6.663908244260965,21.0,0,-0.3900397667961961,21.33917975128396,20.5,21.5
2475.0,21.09258471663975,21.485622187249678,6.66293922460509,21.0,0,-0.4856221872496782,22.4414463917845,20.5,21.5
2476.0,21.08969878754134,21.467477458941133,6.6619689385486565,21.0,0,-0.4674774589411328,21.28603017585568,20.5,21.5
2477.0,21.08681324157154,21.528960247214705,6.660997386830578,21.0,0,-0.5289602472147052,22.14378812995043,20.5,21.5
2478.0,21.083928078400593,21.615365634260208,6.6600245701907355,21.0,0,-0.6153656342602076,22.47941950471523,20.5,21.5
2479.0,21.08104329769895,21.624610020616196,6.659050489369968,21.0,0,-0.6246100206161955,21.717053884176075,20.5,21.5
2480.0,21.078158899137286,21.59047751408307,6.658075145110083,21.0,0,-0.5904775140830694,21.249152448751808,20.5,21.5
2481.0,21.07527488238648,21.54650444882446,6.657098538153847,21.0,0,-0.5465044488244608,21.106773796238375,20.5,21.5
2482.0,21.072391247117633,21.54715293268392,6.656120669244989,21.0,0,-0.5471529326839217,21.55363777127853,20.5,21.5
2483.0,21.06950799300206,21.47047085151227,6.655141539128198,21.0,0,-0.4704708515122711,20.703650039795765,20.5,21.5
2484.0,21.066625119711283,21.370271126667184,6.654161148549123,21.0,1,-0.3702711266671841,20.368273878216314,20.5,21.5
2485.0,21.08374262691705,21.347648200979755,6.653179498254377,21.0,1,-0.347648200979755,21.121418944105464,20.5,21.5
2486.0,21.10085651429132,21.35910312100075,6.6521965889915275,21.0,1,-0.35910312100075004,21.4736523212107,20.5,21.5
2487.0,21.117966782306258,21.320959371364136,6.651212421509103,21.0,1,-0.3209593713641361,20.939521874997997,20.5,21.5
2488.0,21.135073431434098,21.260014406229608,6.65022699655659,21.0,1,-0.26001440622960814,20.65056475488433,20.5,21.5
2489.0,21.15217646214712,21.34709337242615,6.649240314884433,21.0,0,-0.34709337242615135,22.217883034391583,20.5,21.5
2490.0,21.14927587491767,21.372752855593763,6.648252377244032,21.0,0,-0.37275285559376314,21.62934768726988,20.5,21.5
2491.0,21.146375670218134,21.401853920719283,6.647263184387744,21.0,0,-0.40185392071928305,21.692864571974482,20.5,21.5
2492.0,21.143475847720968,21.4108936900981,6.646272737068884,21.0,0,-0.4108936900980993,21.50129138388626,20.5,21.5
2493.0,21.140576407098838,21.492799420366065,6.64528103604172,21.0,0,-0.4927994203660653,22.311856723045725,20.5,21.5
2494.0,21.137677348024628,21.5216029252772,6.644288082061475,21.0,0,-0.5216029252772003,21.80963797438855,20.5,21.5
2495.0,21.134778670171436,21.507356756236256,6.643293875884328,21.0,0,-0.5073567562362555,21.364895065826808,20.5,21.5
2496.0,21.131880373212578,21.493119591878877,6.6422984182674085,21.0,0,-0.49311959187887666,21.350747948305088,20.5,21.5
2497.0,21.12898245682159,21.470324795129557,6.641301709968801,21.0,0,-0.4703247951295566,21.242376827636356,20.5,21.5
2498.0,21.12608492067222,21.414432118313282,6.640303751747544,21.0,0,-0.4144321183132824,20.85550535015054,20.5,21.5
2499.0,21.123187764438434,21.351429937767755,6.639304544363625,21.0,0,-0.35142993776775455,20.721408132312476,20.5,21.5
2500.0,21.12029098779442,21.37261152263177,6.638304088577984,21.0,0,-0.37261152263177166,21.584427371271943,20.5,21.5
2501.0,21.117394590414577,21.376802912018718,6.637302385152511,21.0,0,-0.37680291201871796,21.41871680588818,20.5,21.5
2502.0,21.114498571973524,21.496035337779,6.636299434850047,21.0,0,-0.49603533777899855,22.688359595381804,20.5,21.5
2503.0,21.1116029321461,21.506179763330657,6.635295238434383,21.0,0,-0.5061797633306568,21.60762401884724,20.5,21.5
2504.0,21.108707670607355,21.471303164274538,6.634289796670258,21.0,0,-0.4713031642745378,21.122537173713347,20.5,21.5
2505.0,21.10581278703257,21.47322557647887,6.633283110323358,21.0,0,-0.4732255764788711,21.492449698522204,20.5,21.5
2506.0,21.102918281097228,21.511432130366877,6.63227518016032,21.0,0,-0.5114321303668774,21.89349766924694,20.5,21.5
2507.0,21.10002415247704,21.434081257742623,6.631266006948728,21.0,0,-0.43408125774262274,20.660572531500076,20.5,21.5
2508.0,21.097130400847934,21.42178953946706,6.630255591457108,21.0,0,-0.4217895394670599,21.29887235671143,20.5,21.5
2509.0,21.094237025886056,21.47570767497639,6.629243934454938,21.0,0,-0.4757076749763911,22.014889030069703,20.5,21.5
2510.0,21.09134402726777,21.433365914952518,6.628231036712639,21.0,0,-0.43336591495251753,21.00994831471378,20.5,21.5
2511.0,21.08845140466966,21.42426643270636,6.627216899001574,21.0,0,-0.4242664327063608,21.333271610244793,20.5,21.5
2512.0,21.085559157768525,21.463551055459185,6.626201522094055,21.0,0,-0.4635510554591846,21.856397282987423,20.5,21.5
2513.0,21.08266728624139,21.46783379409864,6.6251849067633355,21.0,0,-0.4678337940986417,21.510661180493212,20.5,21.5
2514.0,21.079775789765492,21.55535500034516,6.624167053783612,21.0,0,-0.5553550003451591,22.430567062810333,20.5,21.5
2515.0,21.076884668018295,21.573506324386493,6.623147963930025,21.0,0,-0.5735063243864928,21.75501956479983,20.5,21.5
2516.0,21.073993920677477,21.54392915620259,6.622127637978653,21.0,0,-0.5439291562025907,21.24815747436357,20.5,21.5
2517.0,21.071103547420936,21.457177321039172,6.621106076706521,21.0,0,-0.45717732103917186,20.589658969404983,20.5,21.5
2518.0,21.068213547926792,21.480550312621595,6.620083280891592,21.0,0,-0.4805503126215953,21.71428022844583,20.5,21.5
2519.0,21.065323921873386,21.420915575175663,6.619059251312769,21.0,0,-0.4209155751756626,20.824568200716335,20.5,21.5
2520.0,21.062434668939275,21.43547868944241,6.618033988749895,21.0,0,-0.43547868944240875,21.58110983210987,20.5,21.5
2521.0,21.059545788803238,21.4477911235128,6.617007493983753,21.0,0,-0.4477911235128005,21.570915464216718,20.5,21.5
2522.0,21.056657281144275,21.43508798885773,6.615979767796061,21.0,0,-0.43508798885773103,21.308056642307037,20.5,21.5
2523.0,21.053769145641606,21.41222953894347,6.61495081096948,21.0,0,-0.41222953894347114,21.183645039800872,20.5,21.5
2524.0,21.050881381974673,21.37833968989927,6.613920624287604,21.0,0,-0.3783396898992706,21.039441199457265,20.5,21.5
2525.0,21.047993989823134,21.263354533685643,6.612889208534965,21.0,1,-0.2633545336856429,20.113502971549366,20.5,21.5
2526.0,21.065106968866875,21.133450140334762,6.611856564497032,21.0,1,-0.13345014033476232,19.834406206825957,20.5,21.5
2527.0,21.082216318786,21.168075935253018,6.610822692960206,21.0,0,-0.16807593525301812,21.514333884435576,20.5,21.5
2528.0,21.079322040060834,21.079507097841525,6.609787594711828,21.0,1,-0.07950709784152465,20.19381872372659,20.5,21.5
2529.0,21.096428133171763,21.1011603787824,6.60875127054017,21.0,1,-0.10116037878239936,21.317693188191146,20.5,21.5
2530.0,21.113530597799237,21.177260389872565,6.607713721234434,21.0,0,-0.17726038987256487,21.93826050077422,20.5,21.5
2531.0,21.110629434423924,21.270882638553516,6.606674947584764,21.0,0,-0.27088263855351613,22.20710512536303,20.5,21.5
2532.0,21.107728643526556,21.306386129396408,6.605634950382229,21.0,0,-0.3063861293964081,21.661421037825328,20.5,21.5
2533.0,21.104828224787926,21.349150328331127,6.6045937304188325,21.0,0,-0.34915032833112747,21.77679231767832,20.5,21.5
2534.0,21.101928177889054,21.33729967573974,6.603551288487509,21.0,0,-0.3372996757397395,21.21879314982586,20.5,21.5
2535.0,21.099028502511175,21.354417536414573,6.602507625382121,21.0,0,-0.35441753641457296,21.525596143162907,20.5,21.5
2536.0,21.09612919833575,21.30633500932264,6.601462741897468,21.0,0,-0.3063350093226411,20.825509738403323,20.5,21.5
2537.0,21.09323026504446,21.286399013630117,6.6004166388292695,21.0,0,-0.2863990136301169,21.087039056704874,20.5,21.5
2538.0,21.09033170231922,21.41278549750153,6.599369316974181,21.0,0,-0.41278549750153104,22.676650336215673,20.5,21.5
2539.0,21.08743350984215,21.42305492773443,6.598320777129784,21.0,0,-0.4230549277344302,21.525749230063422,20.5,21.5
2540.0,21.084535687295606,21.40174422600787,6.5972710200945865,21.0,0,-0.40174422600787096,21.18863720874228,20.5,21.5
2541.0,21.081638234362167,21.42709662593142,6.596220046668023,21.0,0,-0.4270966259314193,21.680620625166902,20.5,21.5
2542.0,21.07874115072463,21.485804571300726,6.595167857650457,21.0,0,-0.48580457130072574,22.07288402499379,20.5,21.5
2543.0,21.075844436066014,21.40773108348403,6.594114453843176,21.0,0,-0.4077310834840304,20.626996205317077,20.5,21.5
2544.0,21.07294809006957,21.41097091525659,6.5930598360483925,21.0,0,-0.41097091525659124,21.4433692329822,20.5,21.5
2545.0,21.070052112418765,21.430981718907454,6.592004005069244,21.0,0,-0.4309817189074536,21.631089755416077,20.5,21.5
2546.0,21.067156502797296,21.437496698305054,6.5909469617097916,21.0,0,-0.4374966983050541,21.50264649228106,20.5,21.5
2547.0,21.06426126088908,21.378897244726538,6.589888706775021,21.0,0,-0.37889724472653796,20.792902708941376,20.5,21.5
2548.0,21.061366386378257,21.401109848032256,6.588829241070837,21.0,0,-0.4011098480322559,21.623235881089435,20.5,21.5
2549.0,21.058471878949195,21.395127903909184,6.587768565404069,21.0,0,-0.3951279039091844,21.33530846267847,20.5,21.5
2550.0,21.055577738286487,21.395234211351145,6.58670668058247,21.0,0,-0.3952342113511449,21.39629728577075,20.5,21.5
2551.0,21.052683964074948,21.362367544135623,6.58564358741471,21.0,0,-0.36236754413562267,21.0337008719804,20.5,21.5
2552.0,21.049790555999614,21.358674062650003,6.584579286710381,21.0,0,-0.3586740626500031,21.321739247793808,20.5,21.5
2553.0,21.046897513745755,21.350982202334716,6.583513779279995,21.0,0,-0.3509822023347162,21.274063599181847,20.5,21.5
2554.0,21.044004836998862,21.217731100552694,6.58244706593498,21.0,1,-0.21773110055269385,19.88522008273247,20.5,21.5
2555.0,21.06111252544465,21.224323301016014,6.581379147487687,21.0,1,-0.22432330101601394,21.290245305649215,20.5,21.5
2556.0,21.07821657876906,21.334614398123534,6.580310024751381,21.0,0,-0.33461439812353433,22.437525369198738,20.5,21.5
2557.0,21.075316997458255,21.33778122433289,6.5792396985402455,21.0,0,-0.3377812243328897,21.369449486426443,20.5,21.5
2558.0,21.07241778199847,21.290878221125247,6.5781681696693814,21.0,0,-0.2908782211252472,20.821848189048822,20.5,21.5
2559.0,21.069518932076004,21.416223385104555,6.577095438954804,21.0,0,-0.4162233851045549,22.669675024897632,20.5,21.5
2560.0,21.06662044737738,21.35379665101912,6.576021507213444,21.0,0,-0.3537966510191204,20.729529310164775,20.5,21.5
2561.0,21.06372232758935,21.269413633890174,6.574946375263147,21.0,1,-0.26941363389017425,20.425583462600713,20.5,21.5
2562.0,21.080824572398885,21.196547179910105,6.573870043922675,21.0,1,-0.19654717991010529,20.467882640109416,20.5,21.5
2563.0,21.09792318149319,21.199377605468886,6.572792514011699,21.0,1,-0.19937760546888583,21.22768186105669,20.5,21.5
2564.0,21.115018155359692,21.21916475582019,6.571713786350804,21.0,1,-0.21916475582019146,21.417036259333248,20.5,21.5
2565.0,21.132109494485892,21.284427734101296,6.570633861761491,21.0,0,-0.2844277341012962,21.937057516912343,20.5,21.5
2566.0,21.129197199359346,21.401450935423988,6.569552741066166,21.0,0,-0.4014509354239877,22.571682948650903,20.5,21.5
2567.0,21.126285270467687,21.558579531050892,6.568470425088153,21.0,0,-0.5585795310508921,23.129865487319936,20.5,21.5
2568.0,21.12337370749861,21.590822455812393,6.56738691465168,21.0,0,-0.5908224558123933,21.913251703427406,20.5,21.5
2569.0,21.120462510140044,21.529611669417044,6.566302210581888,21.0,0,-0.5296116694170436,20.917503805463546,20.5,21.5
2570.0,21.117551678080133,21.54760564557386,6.565216313704828,21.0,0,-0.54760564557386,21.727545407142024,20.5,21.5
2571.0,21.114641211007257,21.547533839312315,6.564129224847456,21.0,0,-0.5475338393123153,21.546815776696867,20.5,21.5
2572.0,21.111731108610027,21.431612634993005,6.5630409448376374,21.0,1,-0.4316126349930052,20.272400591799904,20.5,21.5
2573.0,21.12882137057727,21.45954956350395,6.561951474504146,21.0,0,-0.4595495635039484,21.73891884861338,20.5,21.5
2574.0,21.125907996598055,21.5410916201441,6.560860814676659,21.0,0,-0.5410916201441012,22.35651218654563,20.5,21.5
2575.0,21.122994987161672,21.563135673746213,6.559768966185763,21.0,0,-0.5631356737462134,21.783576209767336,20.5,21.5
2576.0,21.120082341957477,21.49293046374526,6.5586759298629485,21.0,0,-0.4929304637452603,20.79087836373573,20.5,21.5
2577.0,21.117170060675058,21.571791548630245,6.557581706540608,21.0,0,-0.5717915486302445,22.360402397480087,20.5,21.5
2578.0,21.114258143004232,21.52627931296977,6.556486297052042,21.0,0,-0.5262793129697698,21.071156956365023,20.5,21.5
2579.0,21.11134658863504,21.47645021937205,6.555389702231452,21.0,0,-0.476450219372051,20.978159283394863,20.5,21.5
2580.0,21.10843539725776,21.47347481179105,6.554291922913942,21.0,0,-0.4734748117910499,21.44372073598104,20.5,21.5
2581.0,21.105524568562892,21.48698034956042,6.55319295993552,21.0,0,-0.4869803495604188,21.622035727254108,20.5,21.5
2582.0,21.102614102241166,21.50261582101918,6.552092814133092,21.0,0,-0.5026158210191802,21.658970535606795,20.5,21.5
2583.0,21.099703997983543,21.583105454123743,6.5509914863444685,21.0,0,-0.5831054541237428,22.38800178516937,20.5,21.5
2584.0,21.096794255481214,21.534352131393952,6.54988897740836,21.0,0,-0.5343521313939519,21.046818904096043,20.5,21.5
2585.0,21.093884874425598,21.47961319816735,6.548785288164371,21.0,0,-0.4796131981673497,20.932223865901328,20.5,21.5
2586.0,21.090975854508347,21.47210579167748,6.5476804194530125,21.0,0,-0.47210579167747824,21.397031726778764,20.5,21.5
2587.0,21.088067195421335,21.447874307690306,6.546574372115688,21.0,0,-0.4478743076903058,21.20555946781858,20.5,21.5
2588.0,21.085158896856672,21.44494072143832,6.545467146994702,21.0,0,-0.4449407214383214,21.415604858918478,20.5,21.5
2589.0,21.082250958506698,21.463727074907773,6.544358744933254,21.0,0,-0.4637270749077729,21.651590609602287,20.5,21.5
2590.0,21.079343380063982,21.483305565204592,6.543249166775441,21.0,0,-0.4833055652045921,21.679090468172785,20.5,21.5
2591.0,21.076436161221324,21.441434186209175,6.542138413366253,21.0,0,-0.4414341862091753,21.022720396255007,20.5,21.5
2592.0,21.07352930167175,21.399825435481365,6.541026485551578,21.0,0,-0.3998254354813646,20.983737928203258,20.5,21.5
2593.0,21.070622801108527,21.33640172089553,6.539913384178199,21.0,0,-0.33640172089553033,20.702164575037187,20.5,21.5
2594.0,21.06771665922514,21.401481678685137,6.53879911009379,21.0,0,-0.40148167868513696,22.052281256581203,20.5,21.5
2595.0,21.064810875715313,21.357300808931278,6.537683664146919,21.0,0,-0.3573008089312779,20.915492111392687,20.5,21.5
2596.0,21.061905450273,21.362860683588647,6.536567047187047,21.0,0,-0.36286068358864654,21.418459430162333,20.5,21.5
2597.0,21.05900038259238,21.417959773042718,6.535449260064525,21.0,0,-0.4179597730427176,21.968950667583428,20.5,21.5
2598.0,21.056095672367874,21.463666221598807,6.5343303036305995,21.0,0,-0.46366622159880677,21.9207307071597,20.5,21.5
2599.0,21.053191319294125,21.37077263233941,6.533210178737401,21.0,1,-0.3707726323394098,20.44183673974544,20.5,21.5
2600.0,21.070287323066015,21.433679864353596,6.532088886237956,21.0,0,-0.4336798643535964,22.062752184495462,20.5,21.5
2601.0,21.06737968337865,21.474466001307526,6.5309664269861765,21.0,0,-0.47446600130752614,21.882327370846824,20.5,21.5
2602.0,21.06447240072737,21.3715116446635,6.529842801836864,21.0,1,-0.3715116446634994,20.341968078223232,20.5,21.5
2603.0,21.081565474807594,21.298284209593653,6.528718011645708,21.0,1,-0.2982842095936533,20.566009858895193,20.5,21.5
2604.0,21.098654905314962,21.364852076508637,6.527592057269285,21.0,0,-0.3648520765086367,22.03053074565847,20.5,21.5
2605.0,21.095740692745352,21.37814246775304,6.526464939565058,21.0,0,-0.3781424677530403,21.511046380197076,20.5,21.5
2606.0,21.092826837594714,21.349051062535757,6.525336659391377,21.0,0,-0.34905106253575724,21.058137010362927,20.5,21.5
2607.0,21.089913339559075,21.45757557308307,6.524207217607476,21.0,0,-0.4575755730830693,22.54282067855619,20.5,21.5
2608.0,21.087000198334685,21.4573579849221,6.5230766150734745,21.0,0,-0.4573579849221012,21.45518210331242,20.5,21.5
2609.0,21.084087413618033,21.422499225168515,6.521944852650374,21.0,0,-0.4224992251685151,21.073911627632654,20.5,21.5
2610.0,21.08117498510584,21.353877023473583,6.520811931200062,21.0,0,-0.35387702347358285,20.66765500652426,20.5,21.5
2611.0,21.07826291249506,21.293279136136867,6.519677851585308,21.0,0,-0.2932791361368672,20.68730026276971,20.5,21.5
2612.0,21.075351195482877,21.130823601669366,6.518542614669761,21.0,1,-0.13082360166936624,19.506268256994357,20.5,21.5
2613.0,21.092439833766715,21.230854373761787,6.517406221317957,21.0,0,-0.23085437376178675,22.231162094685992,20.5,21.5
2614.0,21.089524827044226,21.24387636499896,6.516268672395305,21.0,0,-0.24387636499896104,21.374096277370704,20.5,21.5
2615.0,21.086610175813295,21.303722571511003,6.515129968768099,21.0,0,-0.30372257151100257,21.902184636631418,20.5,21.5
2616.0,21.083695879771884,21.39990847432221,6.513990111303513,21.0,0,-0.3999084743222099,22.361767502434283,20.5,21.5
2617.0,21.08078193861819,21.519130920121704,6.512849100869596,21.0,0,-0.5191309201217038,22.711355378116643,20.5,21.5
2618.0,21.07786835205064,21.418826140001617,6.51170693833528,21.0,1,-0.41882614000161666,20.415778338800745,20.5,21.5
2619.0,21.094955119767896,21.3966078327072,6.510563624570367,21.0,1,-0.39660783270720046,21.17442475976304,20.5,21.5
2620.0,21.112038241468856,21.300409184293898,6.509419160445544,21.0,1,-0.3004091842938976,20.33842270016087,20.5,21.5
2621.0,21.12911771765265,21.24092302959007,6.508273546832369,21.0,1,-0.24092302959007128,20.646061482551808,20.5,21.5
2622.0,21.146193548818488,21.219458549993078,6.507126784603276,21.0,1,-0.21945854999307812,21.004813754023147,20.5,21.5
2623.0,21.163265735465643,21.34369575624539,6.505978874631575,21.0,0,-0.3436957562453884,22.58606781876849,20.5,21.5
2624.0,21.160334278093476,21.383376442626,6.50482981779145,21.0,0,-0.38337644262599824,21.780183306432097,20.5,21.5
2625.0,21.157403177201417,21.439689427367785,6.503679614957955,21.0,0,-0.43968942736778516,22.002819274785654,20.5,21.5
2626.0,21.15447243248897,21.43793854159754,6.502528267007023,21.0,0,-0.4379385415975392,21.42042968389508,20.5,21.5
2627.0,21.151542043655873,21.494879498089166,6.501375774815453,21.0,0,-0.49487949808916554,22.06428906300543,20.5,21.5
2628.0,21.148612010402104,21.382147900341977,6.500222139260918,21.0,1,-0.38214790034197677,20.25483192287009,20.5,21.5
2629.0,21.165682332427878,21.29351621748351,6.499067361221965,21.0,1,-0.29351621748351064,20.40719938889885,20.5,21.5
2630.0,21.182749009433635,21.371037957575066,6.497911441578005,21.0,0,-0.37103795757506575,22.146255358490617,20.5,21.5
2631.0,21.179812041920066,21.48200240596697,6.49675438120932,21.0,0,-0.48200240596696986,22.59164688988601,20.5,21.5
2632.0,21.176875430387923,21.43965701410195,6.4955961809970635,21.0,0,-0.43965701410195024,21.016203095451754,20.5,21.5
2633.0,21.173939174538045,21.481088513241275,6.494436841823256,21.0,0,-0.481088513241275,21.895403504634523,20.5,21.5
2634.0,21.171003274071502,21.597709691000773,6.493276364570782,21.0,0,-0.5977096910007731,22.763921468595754,20.5,21.5
2635.0,21.168067728689604,21.566693508353133,6.492114750123399,21.0,0,-0.5666935083531328,21.25653168187673,20.5,21.5
2636.0,21.16513253809389,21.49819096988069,6.490951999365724,21.0,0,-0.4981909698806888,20.81316558515625,20.5,21.5
2637.0,21.162197701986145,21.54260779350191,6.489788113183245,21.0,0,-0.5426077935019116,21.98677602971414,20.5,21.5
2638.0,21.159263220068382,21.560590264808773,6.4886230924623085,21.0,0,-0.5605902648087735,21.740414977877393,20.5,21.5
2639.0,21.15632909204286,21.5272688118118,6.48745693809013,21.0,0,-0.5272688118118012,21.194054281842078,20.5,21.5
2640.0,21.15339531761207,21.461447016430043,6.486289650954789,21.0,0,-0.4614470164300428,20.80322906261246,20.5,21.5
2641.0,21.15046189647874,21.4332251497815,6.4851212319452225,21.0,0,-0.4332251497814994,21.151006483296065,20.5,21.5
2642.0,21.14752882834583,21.423349313906478,6.483951681951233,21.0,0,-0.4233493139064777,21.32459095515626,20.5,21.5
2643.0,21.144596112916552,21.412970972385587,6.482781001863485,21.0,0,-0.4129709723855868,21.309187557176678,20.5,21.5
2644.0,21.14166374989434,21.4436946786252,6.4816091925735,21.0,0,-0.4436946786251994,21.750931741021326,20.5,21.5
2645.0,21.138731738982877,21.492918317006247,6.480436254973664,21.0,0,-0.49291831700624655,21.985154700816718,20.5,21.5
2646.0,21.135800079886074,21.5826079890514,6.47926218995722,21.0,0,-0.5826079890514002,22.479504709502937,20.5,21.5
2647.0,21.13286877230809,21.602072451931154,6.478086998418268,21.0,0,-0.6020724519311536,21.796717080728687,20.5,21.5
2648.0,21.129937815953312,21.596054760267293,6.476910681251768,21.0,0,-0.5960547602672932,21.53587784362869,20.5,21.5
2649.0,21.127007210526372,21.538637771690496,6.475733239353537,21.0,0,-0.538637771690496,20.964467885922524,20.5,21.5
2650.0,21.12407695573214,21.528139582097076,6.474554673620248,21.0,0,-0.5281395820970758,21.423157686162874,20.5,21.5
2651.0,21.121147051275717,21.472814765485232,6.473374984949431,21.0,0,-0.47281476548523216,20.919566599366796,20.5,21.5
2652.0,21.118217496862453,21.440607196226114,6.472194174239469,21.0,0,-0.44060719622611444,21.118531503634937,20.5,21.5
2653.0,21.115288292197928,21.42376195663534,6.471012242389601,21.0,0,-0.4237619566353388,21.255309560727582,20.5,21.5
2654.0,21.112359436987965,21.480576225218826,6.4698291902999205,21.0,0,-0.4805762252188259,22.048718911053697,20.5,21.5
2655.0,21.10943093093863,21.43678493917516,6.468645018871371,21.0,0,-0.43678493917515837,20.998872078738483,20.5,21.5
2656.0,21.106502773756215,21.436617137015908,6.4674597290057525,21.0,0,-0.436617137015908,21.434939115423404,20.5,21.5
2657.0,21.103574965147267,21.43522740220261,6.4662733216057156,21.0,0,-0.43522740220261014,21.42133005406963,20.5,21.5
2658.0,21.100647504818557,21.415924022384395,6.4650857975747575,21.0,0,-0.4159240223843952,21.222890224202246,20.5,21.5
2659.0,21.097720392477108,21.42959699165588,6.463897157817232,21.0,0,-0.42959699165588106,21.56632668437074,20.5,21.5
2660.0,21.094793627830175,21.395656550701734,6.462707403238341,21.0,0,-0.3956565507017338,21.05625214116026,20.5,21.5
2661.0,21.091867210585256,21.294848940110686,6.461516534744132,21.0,1,-0.2948489401106862,20.28677283420021,20.5,21.5
2662.0,21.10894114045009,21.206484103057345,6.460324553241505,21.0,1,-0.20648410305734544,20.322835732523938,20.5,21.5
2663.0,21.12601141713265,21.2324169892127,6.459131459638204,21.0,1,-0.2324169892127017,21.491745850766264,20.5,21.5
2664.0,21.14307804114115,21.215275456596057,6.4579372548428235,21.0,1,-0.21527545659605707,21.04386013042961,20.5,21.5
2665.0,21.16014101298389,21.20771726364269,6.4567419397648,21.0,1,-0.20771726364268872,21.132135334109005,20.5,21.5
2666.0,21.177200333169246,21.337929133764955,6.455545515314421,21.0,0,-0.3379291337649555,22.640047834987623,20.5,21.5
2667.0,21.174256002205674,21.422651423772628,6.454347982402814,21.0,0,-0.42265142377262777,22.26987432384935,20.5,21.5
2668.0,21.171312020601714,21.431319849403213,6.453149341941952,21.0,0,-0.4313198494032129,21.518004105709064,20.5,21.5
2669.0,21.168368388065982,21.500470209132043,6.451949594844653,21.0,0,-0.5004702091320432,22.191973806420346,20.5,21.5
2670.0,21.16542510430734,21.57376673705284,6.450748742024576,21.0,0,-0.5737667370528392,22.3067320162608,20.5,21.5
2671.0,21.16248216903488,21.58043803839295,6.4495467843962215,21.0,0,-0.5804380383929484,21.64715105179404,20.5,21.5
2672.0,21.159539581957954,21.533360596255072,6.4483437228749345,21.0,0,-0.533360596255072,21.06258617487631,20.5,21.5
2673.0,21.15659734278614,21.517273413678716,6.447139558376899,21.0,0,-0.5172734136787156,21.35640158791515,20.5,21.5
2674.0,21.153655451229255,21.441479166733888,6.445934291819137,21.0,0,-0.4414791667338882,20.683536697285614,20.5,21.5
2675.0,21.150713906997375,21.425119224205805,6.444727924119511,21.0,0,-0.4251192242058046,21.26151979892497,20.5,21.5
2676.0,21.147772709800797,21.45341184416638,6.443520456196724,21.0,0,-0.4534118441663786,21.73633804377212,20.5,21.5
2677.0,21.144831859350077,21.508102817203785,6.442311888970316,21.0,0,-0.5081028172037847,22.055012547577846,20.5,21.5
2678.0,21.141891355356,21.516807768404696,6.4411022233606605,21.0,0,-0.5168077684046963,21.603857280413813,20.5,21.5
2679.0,21.138951197529604,21.562918970773456,6.439891460288974,21.0,0,-0.5629189707734561,22.024030994461054,20.5,21.5
2680.0,21.136011385582155,21.62188134977263,6.438679600677303,21.0,0,-0.6218813497726288,22.211505139764355,20.5,21.5
2681.0,21.133071919225173,21.566080293678148,6.437466645448531,21.0,0,-0.5660802936781479,21.00806973273334,20.5,21.5
2682.0,21.13013279817042,21.561006751319923,6.436252595526378,21.0,0,-0.5610067513199226,21.51027132773767,20.5,21.5
2683.0,21.12719402212989,21.597532336103253,6.435037451835394,21.0,0,-0.597532336103253,21.962788183936556,20.5,21.5
2684.0,21.124255590815828,21.53975325069318,6.4338212153009655,21.0,0,-0.539753250693181,20.96196239659246,20.5,21.5
2685.0,21.121317503940727,21.494239283656814,6.432603886849309,21.0,0,-0.4942392836568139,21.039099613293143,20.5,21.5
2686.0,21.11837976121731,21.437302459366887,6.4313854674074715,21.0,0,-0.4373024593668866,20.867934216467614,20.5,21.5
2687.0,21.115442362358547,21.478825772381427,6.430165957903335,21.0,0,-0.4788257723814269,21.89405890252683,20.5,21.5
2688.0,21.112505307077654,21.45676846765091,6.428945359265606,21.0,0,-0.4567684676509103,21.236195420345744,20.5,21.5
2689.0,21.109568595088092,21.457170917028716,6.427723672423827,21.0,0,-0.4571709170287157,21.46119541080677,20.5,21.5
2690.0,21.10663222610356,21.414080999827977,6.426500898308364,21.0,0,-0.4140809998279771,20.98318182782059,20.5,21.5
2691.0,21.103696199838,21.48893274003019,6.425277037850411,21.0,0,-0.48893274003019016,22.23745014205232,20.5,21.5
2692.0,21.100760516005604,21.435483942604456,6.424052091981993,21.0,0,-0.43548394260445633,20.900995968347118,20.5,21.5
2693.0,21.0978251743208,21.420211738947813,6.422826061635959,21.0,0,-0.4202117389478133,21.267489702381383,20.5,21.5
2694.0,21.094890174498264,21.41562517790738,6.421598947745984,21.0,0,-0.41562517790737985,21.369759567503046,20.5,21.5
2695.0,21.091955516252913,21.442704282091096,6.420370751246571,21.0,0,-0.44270428209109625,21.71349532392826,20.5,21.5
2696.0,21.08902119929991,21.389304914481333,6.419141473073042,21.0,0,-0.38930491448133253,20.855311238383695,20.5,21.5
2697.0,21.086087223354664,21.41286703050717,6.417911114161547,21.0,0,-0.41286703050716866,21.64848819076553,20.5,21.5
2698.0,21.083153588132824,21.39503422640849,6.416679675449058,21.0,0,-0.39503422640849095,21.216706185421714,20.5,21.5
2699.0,21.080220293350287,21.42732947608397,6.415447157873368,21.0,0,-0.427329476083969,21.75028197283875,20.5,21.5
2700.0,21.077287338723192,21.447727749651136,6.414213562373095,21.0,0,-0.44772774965113626,21.65171048532281,20.5,21.5
2701.0,21.07435472396792,21.444224314654157,6.412978889887674,21.0,0,-0.4442243146541571,21.409189964684366,20.5,21.5
2702.0,21.071422448801105,21.3887627735396,6.411743141357363,21.0,0,-0.3887627735396002,20.83414736239403,20.5,21.5
2703.0,21.068490512939615,21.459109405204025,6.410506317723236,21.0,0,-0.45910940520402477,22.16257572184827,20.5,21.5
2704.0,21.06555891610057,21.32813325870076,6.409268419927189,21.0,1,-0.3281332587007597,20.01837179366811,20.5,21.5
2705.0,21.082627658001336,21.302374465664197,6.408029448911936,21.0,1,-0.30237446566419734,21.044786535298574,20.5,21.5
2706.0,21.09969273835952,21.36209199152228,6.406789405621009,21.0,0,-0.36209199152228067,21.959267250103114,20.5,21.5
2707.0,21.09675415769297,21.406280516710734,6.40554829099875,21.0,0,-0.4062805167107335,21.848165768595262,20.5,21.5
2708.0,21.09381591651963,21.305696469029076,6.404306105990325,21.0,1,-0.3056964690290762,20.299855992212503,20.5,21.5
2709.0,21.110878014557525,21.411682053155317,6.403062851541712,21.0,0,-0.41168205315531736,22.47153789441773,20.5,21.5
2710.0,21.10793645152492,21.43349590371888,6.401818528599701,21.0,0,-0.4334959037188817,21.651634409354525,20.5,21.5
2711.0,21.104995227940336,21.36980460958848,6.400573138111902,21.0,0,-0.36980460958848127,20.732891668284477,20.5,21.5
2712.0,21.10205434352237,21.36090889258755,6.399326681026731,21.0,0,-0.360908892587549,21.271951722578226,20.5,21.5
2713.0,21.09911379798987,21.35111022334659,6.39807915829342,21.0,0,-0.35111022334659125,21.253123530937014,20.5,21.5
2714.0,21.09617359106193,21.41903401083043,6.3968305708620115,21.0,0,-0.4190340108304298,22.098271885668815,20.5,21.5
2715.0,21.09323372245789,21.355524150815178,6.39558091968336,21.0,0,-0.3555241508151781,20.72042555066266,20.5,21.5
2716.0,21.090294191897335,21.39854766948933,6.394330205709129,21.0,0,-0.3985476694893286,21.828782856230834,20.5,21.5
2717.0,21.087354999100096,21.335134068675767,6.3930784298917915,21.0,0,-0.33513406867576734,20.700998060540154,20.5,21.5
2718.0,21.084416143786253,21.382295767944193,6.391825593184629,21.0,0,-0.38229576794419273,21.853912760628447,20.5,21.5
2719.0,21.081477625676133,21.241153677075168,6.390571696541731,21.0,1,-0.2411536770751681,19.829732768384922,20.5,21.5
2720.0,21.098539444490306,21.26253213967702,6.3893167409179945,21.0,1,-0.2625321396770204,21.476316765695543,20.5,21.5
2721.0,21.11559759994959,21.23569830804221,6.3880607272691226,21.0,1,-0.2356983080422097,20.967359991694103,20.5,21.5
2722.0,21.132652092575057,21.208230238805154,6.386803656551626,21.0,1,-0.2082302388051538,20.933549546434595,20.5,21.5
2723.0,21.14970292288785,21.2097067541991,6.385545529722817,21.0,1,-0.20970675419910023,21.224471908138565,20.5,21.5
2724.0,21.166750091409217,21.219882237023853,6.384286347740813,21.0,1,-0.21988223702385312,21.321637065271382,20.5,21.5
2725.0,21.183793598660483,21.28533387523759,6.383026111564539,21.0,0,-0.28533387523759046,21.939850257374964,20.5,21.5
2726.0,21.180833445163064,21.335447254156914,6.381764822153717,21.0,0,-0.33544725415691445,21.836581043350154,20.5,21.5
2727.0,21.177873631438462,21.471213595496554,6.3805024804688735,21.0,0,-0.47121359549655395,22.82887700889295,20.5,21.5
2728.0,21.174914157208267,21.469821105658003,6.3792390874713405,21.0,0,-0.46982110565800284,21.45589620727249,20.5,21.5
2729.0,21.171955022194318,21.5304644735063,6.377974644123242,21.0,0,-0.5304644735062993,22.136898151989264,20.5,21.5
2730.0,21.168996226118704,21.480703579793744,6.376709151387508,21.0,0,-0.4807035797937438,20.98309464266819,20.5,21.5
2731.0,21.16603776870376,21.46191706132128,6.375442610227868,21.0,0,-0.4619170613212802,21.274051876596644,20.5,21.5
2732.0,21.163079649672063,21.378727327180847,6.3741750216088455,21.0,0,-0.37872732718084734,20.54682998577652,20.5,21.5
2733.0,21.16012186874645,21.38065428950501,6.372906386495767,21.0,0,-0.38065428950501,21.399923912746637,20.5,21.5
2734.0,21.157164425650002,21.330407593807582,6.371636705854753,21.0,0,-0.3304075938075819,20.8279406368333,20.5,21.5
2735.0,21.154207320106043,21.375551014532412,6.370365980652719,21.0,0,-0.37555101453241235,21.826985221780717,20.5,21.5
2736.0,21.151250551838153,21.388908022604074,6.3690942118573775,21.0,0,-0.388908022604074,21.52247810332069,20.5,21.5
2737.0,21.148294120570156,21.394638264226188,6.367821400437236,21.0,0,-0.3946382642261881,21.45194068044733,20.5,21.5
2738.0,21.14533802602613,21.4253573179134,6.3665475473615984,21.0,0,-0.4253573179133987,21.732547854785505,20.5,21.5
2739.0,21.142382267930397,21.4293456143938,6.365272653600557,21.0,0,-0.4293456143937995,21.469228579197807,20.5,21.5
2740.0,21.13942684600753,21.436365609018193,6.363996720124997,21.0,0,-0.43636560901819266,21.506565555262124,20.5,21.5
2741.0,21.136471759982353,21.435968339702498,6.362719747906601,21.0,0,-0.43596833970249804,21.431995646545552,20.5,21.5
2742.0,21.133517009579936,21.519816914179295,6.361441737917836,21.0,0,-0.5198169141792945,22.35830265894726,20.5,21.5
2743.0,21.130562594525603,21.485368240009677,6.360162691131963,21.0,0,-0.48536824000967727,21.140881498313504,20.5,21.5
2744.0,21.127608514544924,21.397419792742053,6.358882608523032,21.0,0,-0.39741979274205264,20.517935320065806,20.5,21.5
2745.0,21.12465476936372,21.330422679042634,6.357601491065884,21.0,0,-0.3304226790426341,20.66045154204845,20.5,21.5
2746.0,21.12170135870806,21.285609626632926,6.3563193397361415,21.0,0,-0.285609626632926,20.837479102535845,20.5,21.5
2747.0,21.118748282304264,21.20389777563038,6.35503615551022,21.0,1,-0.2038977756303808,20.38677926560493,20.5,21.5
2748.0,21.135795539878906,21.134053714266642,6.3537519393653215,21.0,1,-0.13405371426664203,20.435613100629254,20.5,21.5
2749.0,21.152839131158803,21.28978416284408,6.352466692279431,21.0,0,-0.2897841628440787,22.847088648618445,20.5,21.5
2750.0,21.149879056671026,21.318691685873915,6.351180415231321,21.0,0,-0.3186916858739153,21.60776691617228,20.5,21.5
2751.0,21.14691931694274,21.32549451415179,6.349893109200546,21.0,0,-0.32549451415178865,21.393522796930522,20.5,21.5
2752.0,21.14395991170119,21.29623007447237,6.348604775167447,21.0,0,-0.29623007447236915,21.003585677678174,20.5,21.5
2753.0,21.141000840673886,21.389309750576196,6.347315414113146,21.0,0,-0.38930975057619577,22.320106511614462,20.5,21.5
2754.0,21.138042103588575,21.39571586676358,6.346025027019547,21.0,0,-0.39571586676358095,21.459777028637433,20.5,21.5
2755.0,21.13508370017326,21.451254026288364,6.344733614869336,21.0,0,-0.451254026288364,22.006635621536194,20.5,21.5
2756.0,21.1321256301562,21.417414868339943,6.343441178645981,21.0,0,-0.417414868339943,21.079023288855733,20.5,21.5
2757.0,21.129167893265898,21.44337006165016,6.342147719333726,21.0,0,-0.44337006165016035,21.702921994752334,20.5,21.5
2758.0,21.12621048923111,21.39470143858042,6.340853237917599,21.0,0,-0.3947014385804195,20.90801520788301,20.5,21.5
2759.0,21.123253417780848,21.37203122481686,6.339557735383401,21.0,0,-0.37203122481685824,21.145329087181246,20.5,21.5
2760.0,21.12029667864437,21.37885111985976,6.3382612127177165,21.0,0,-0.3788511198597604,21.447050070288782,20.5,21.5
2761.0,21.117340271551182,21.380968426911306,6.3369636709079025,21.0,0,-0.3809684269113056,21.402141497426758,20.5,21.5
2762.0,21.114384196231054,21.386854749442172,6.335665110942093,21.0,0,-0.3868547494421719,21.445717974750835,20.5,21.5
2763.0,21.111428452413996,21.39568258199501,6.3343655338091995,21.0,0,-0.39568258199501116,21.483960907523404,20.5,21.5
2764.0,21.108473039830276,21.387939500797806,6.333064940498905,21.0,0,-0.38793950079780615,21.310508688825756,20.5,21.5
2765.0,21.10551795821041,21.284935964067067,6.331763332001668,21.0,1,-0.284935964067067,20.254900596759676,20.5,21.5
2766.0,21.122563207285168,21.251452845080493,6.330460709308721,21.0,1,-0.25145284508049315,20.916621655214755,20.5,21.5
2767.0,21.139604786785572,21.2801366047589,6.329157073412068,21.0,0,-0.28013660475890134,21.566974201542983,20.5,21.5
2768.0,21.1366426972429,21.381834687008517,6.327852425304483,21.0,0,-0.3818346870085172,22.398815509504676,20.5,21.5
2769.0,21.133680939188512,21.390393252369655,6.326546765979514,21.0,0,-0.3903932523696554,21.475978905981037,20.5,21.5
2770.0,21.13071951235387,21.40509298728272,6.325240096431475,21.0,0,-0.40509298728272114,21.55209033641338,20.5,21.5
2771.0,21.127758416470687,21.493419994260258,6.323932417655453,21.0,0,-0.4934199942602575,22.37669006403562,20.5,21.5
2772.0,21.124797651270924,21.513425484967044,6.3226237306473045,21.0,0,-0.5134254849670441,21.71348039203491,20.5,21.5
2773.0,21.1218372164868,21.420277077266338,6.321314036403647,21.0,1,-0.4202770772663378,20.488793000259275,20.5,21.5
2774.0,21.138877111850782,21.456048893508857,6.320003335921873,21.0,0,-0.45604889350885713,21.81376705593405,20.5,21.5
2775.0,21.135913337095594,21.54281981465094,6.318691630200138,21.0,0,-0.5428198146509402,22.41052902607177,20.5,21.5
2776.0,21.132949892754215,21.514384452006542,6.317378920237361,21.0,0,-0.5143844520065421,21.23003082556256,20.5,21.5
2777.0,21.12998677855971,21.52070265121332,6.316065207033229,21.0,0,-0.5207026512133197,21.583884643281095,20.5,21.5
2778.0,21.127023994245405,21.56442635998462,6.3147504915881925,21.0,0,-0.5644263599846191,22.001663447697613,20.5,21.5
2779.0,21.124061539544876,21.46778916736651,6.313434774903462,21.0,0,-0.46778916736651155,20.501417241185436,20.5,21.5
2780.0,21.121099414191946,21.395851430096258,6.3121180579810146,21.0,0,-0.3958514300962577,20.67647405739372,20.5,21.5
2781.0,21.118137617920702,21.396507470072493,6.310800341823588,21.0,0,-0.39650747007249265,21.403067869834842,20.5,21.5
2782.0,21.115176150465484,21.315353992093883,6.30948162743468,21.0,0,-0.3153539920938826,20.503819212307782,20.5,21.5
2783.0,21.112215011560878,21.33381951758319,6.308161915818548,21.0,0,-0.3338195175831906,21.51847477247627,20.5,21.5
2784.0,21.10925420094173,21.448220642814572,6.306841207980211,21.0,0,-0.4482206428145723,22.59223189512839,20.5,21.5
2785.0,21.10629371834314,21.43287280474823,6.305519504925446,21.0,0,-0.43287280474822865,21.279394424084792,20.5,21.5
2786.0,21.103333563500456,21.458594083694106,6.304196807660784,21.0,0,-0.4585940836941056,21.715806873152875,20.5,21.5
2787.0,21.100373736149287,21.49233310508413,6.302873117193521,21.0,0,-0.4923331050841284,21.829723318984357,20.5,21.5
2788.0,21.097414236025497,21.445341612417046,6.301548434531702,21.0,0,-0.44534161241704595,20.97542668574622,20.5,21.5
2789.0,21.094455062865197,21.40191495357442,6.300222760684132,21.0,0,-0.4019149535744191,20.96764836514815,20.5,21.5
2790.0,21.09149621640476,21.455709273085514,6.298896096660368,21.0,0,-0.4557092730855139,21.993652468196462,20.5,21.5
2791.0,21.08853769638081,21.475059016229125,6.297568443470722,21.0,0,-0.4750590162291246,21.66855644766523,20.5,21.5
2792.0,21.08557950253023,21.478752480314668,6.296239802126262,21.0,0,-0.4787524803146681,21.515687121170103,20.5,21.5
2793.0,21.08262163459015,21.50478668271471,6.294910173638804,21.0,0,-0.504786682714709,21.765128706715117,20.5,21.5
2794.0,21.07966409229796,21.525875226563834,6.29357955902092,21.0,0,-0.5258752265638336,21.73676066505508,20.5,21.5
2795.0,21.076706875391306,21.540811642850578,6.292247959285929,21.0,0,-0.5408116428505778,21.69017580571802,20.5,21.5
2796.0,21.073749983608085,21.431208971958487,6.290915375447901,21.0,1,-0.43120897195848684,20.335182263037577,20.5,21.5
2797.0,21.090793416686452,21.38572986482159,6.28958180852166,21.0,1,-0.38572986482159166,20.93093879345264,20.5,21.5
2798.0,21.10783317436482,21.39712081801105,6.288247259522773,21.0,0,-0.39712081801105015,21.511030349905635,20.5,21.5
2799.0,21.104869257181853,21.364165155468136,6.286911729467557,21.0,0,-0.364165155468136,21.034608530038994,20.5,21.5
2800.0,21.10190566567631,21.3618840751026,6.285575219373079,21.0,0,-0.36188407510260134,21.339073271447255,20.5,21.5
2801.0,21.09894239958705,21.365406965486915,6.284237730257146,21.0,0,-0.3654069654869154,21.400635869330056,20.5,21.5
2802.0,21.095979458653183,21.463377210919898,6.282899263138316,21.0,0,-0.4633772109198979,22.443079665249723,20.5,21.5
2803.0,21.09301684261408,21.424019799060773,6.2815598190358894,21.0,0,-0.4240197990607726,21.03044568046952,20.5,21.5
2804.0,21.090054551209363,21.40533940254589,6.280219398969911,21.0,0,-0.4053394025458914,21.21853543739708,20.5,21.5
2805.0,21.087092584178915,21.40032886304182,6.27887800396117,21.0,0,-0.40032886304182114,21.35022346800112,20.5,21.5
2806.0,21.08413094126287,21.425026773875725,6.277535635031196,21.0,0,-0.4250267738757252,21.672005882214766,20.5,21.5
2807.0,21.081169622201624,21.411312068368446,6.276192293202261,21.0,0,-0.4113120683684457,21.27416501329565,20.5,21.5
2808.0,21.078208626735826,21.444803158665252,6.2748479794973795,21.0,0,-0.4448031586652519,21.779714061633314,20.5,21.5
2809.0,21.07524795460638,21.492959652419174,6.273502694940304,21.0,0,-0.4929596524191737,21.974524589958392,20.5,21.5
2810.0,21.072287605554447,21.469503534001426,6.272156440555528,21.0,0,-0.46950353400142575,21.234942349823946,20.5,21.5
2811.0,21.069327579321445,21.513943580349313,6.270809217368282,21.0,0,-0.5139435803493129,21.958344043828184,20.5,21.5
2812.0,21.066367875649053,21.516662327481253,6.269461026404536,21.0,0,-0.516662327481253,21.543849798800654,20.5,21.5
2813.0,21.063408494279205,21.471527067920267,6.268111868690994,21.0,0,-0.4715270679202668,21.020174472310405,20.5,21.5
2814.0,21.060449434954087,21.4066710225565,6.266761745255101,21.0,0,-0.40667102255649823,20.758110568918813,20.5,21.5
2815.0,21.057490697416146,21.37523527773858,6.265410657125033,21.0,0,-0.3752352777385788,21.060877829559384,20.5,21.5
2816.0,21.054532281408086,21.350011901512666,6.264058605329702,21.0,0,-0.3500119015126657,21.097778139253535,20.5,21.5
2817.0,21.05157418667287,21.303457111225732,6.262705590898756,21.0,0,-0.3034571112257325,20.8379092083564,20.5,21.5
2818.0,21.048616412953717,21.24501940130234,6.261351614862573,21.0,0,-0.2450194013023399,20.660642302068414,20.5,21.5
2819.0,21.0456589599941,21.217418493196355,6.259996678252264,21.0,0,-0.2174184931963552,20.941409412136508,20.5,21.5
2820.0,21.04270182753775,21.23868445693832,6.258640782099675,21.0,0,-0.2386844569383193,21.45134409435796,20.5,21.5
2821.0,21.039745015328663,21.196006410714663,6.257283927437378,21.0,0,-0.19600641071466285,20.7692259484781,20.5,21.5
2822.0,21.036788523111085,21.22047560831996,6.255926115298676,21.0,0,-0.22047560831995838,21.465167584372914,20.5,21.5
2823.0,21.033832350629524,21.337279546998374,6.254567346717604,21.0,0,-0.33727954699837426,22.505318933782533,20.5,21.5
2824.0,21.030876497628743,21.366699150795245,6.2532076227289215,21.0,0,-0.3666991507952453,21.660895188763956,20.5,21.5
2825.0,21.027920963853763,21.388530853053066,6.251846944368118,21.0,0,-0.3885308530530658,21.60684787563127,20.5,21.5
2826.0,21.024965749049866,21.450127710647585,6.25048531267141,21.0,0,-0.4501277106475854,22.06609628659278,20.5,21.5
2827.0,21.02201085296259,21.393803280872763,6.249122728675739,21.0,0,-0.3938032808727634,20.830558983124543,20.5,21.5
2828.0,21.019056275337732,21.31505248873273,6.247759193418773,21.0,0,-0.3150524887327286,20.52754456733238,20.5,21.5
2829.0,21.016102015921348,21.328978369585275,6.246394707938901,21.0,0,-0.3289783695852755,21.468237178110744,20.5,21.5
2830.0,21.01314807445975,21.337165033204666,6.2450292732752395,21.0,0,-0.3371650332046663,21.419031669398574,20.5,21.5
2831.0,21.01019445069951,21.359957387629876,6.2436628904676255,21.0,0,-0.3599573876298763,21.587880931881976,20.5,21.5
2832.0,21.007241144387464,21.332753904771277,6.24229556055662,21.0,0,-0.33275390477127686,21.060719076185283,20.5,21.5
2833.0,21.004288155270697,21.433168933659573,6.240927284583505,21.0,0,-0.433168933659573,22.437319222542534,20.5,21.5
2834.0,21.001335483096558,21.432654170054303,6.23955806359028,21.0,0,-0.4326541700543025,21.427506534001598,20.5,21.5
2835.0,20.998383127612655,21.39554007030471,6.238187898619668,21.0,0,-0.3955400703047083,21.024399072808766,20.5,21.5
2836.0,20.995431088566857,21.33561926150844,6.236816790715109,21.0,0,-0.335619261508441,20.73641117354577,20.5,21.5
2837.0,20.992479365707286,21.434175352100738,6.23544474092076,21.0,0,-0.43417535210073765,22.419736258023704,20.5,21.5
2838.0,20.98952795878233,21.329134523753535,6.2340717502814975,21.0,1,-0.3291345237535346,20.278726240281504,20.5,21.5
2839.0,21.00657686754063,21.378895133759663,6.2326978198429135,21.0,0,-0.3788951337596629,21.876501233820946,20.5,21.5
2840.0,21.003622091731092,21.353566932677314,6.231322950651316,21.0,0,-0.35356693267731387,21.100284921853824,20.5,21.5
2841.0,21.000667631902875,21.36895263876663,6.229947143753729,21.0,0,-0.3689526387666291,21.52280969965978,20.5,21.5
2842.0,20.997713487805246,21.280034228613317,6.228570400197886,21.0,1,-0.2800342286133173,20.3908501270802,20.5,21.5
2843.0,21.014759659187725,21.275645228038833,6.227192721032241,21.0,1,-0.27564522803883307,21.23175522229399,20.5,21.5
2844.0,21.031802145800093,21.255453521056246,6.225814107305954,21.0,1,-0.2554535210562463,21.05353645123038,20.5,21.5
2845.0,21.048840948192392,21.315359889300744,6.224434560068899,21.0,0,-0.3153598893007441,21.914423571745722,20.5,21.5
2846.0,21.04587606691477,21.329295732785226,6.2230540803716625,21.0,0,-0.3292957327852264,21.46865416763005,20.5,21.5
2847.0,21.04291150251746,21.430115244322828,6.22167266926554,21.0,0,-0.43011524432282755,22.43831035969884,20.5,21.5
2848.0,21.039947254750807,21.443750768190803,6.220290327802536,21.0,0,-0.44375076819080306,21.580106006870558,20.5,21.5
2849.0,21.036983323365416,21.34282002617791,6.218907057035362,21.0,1,-0.3428200261779111,20.33351260604899,20.5,21.5
2850.0,21.05401970811215,21.34147008988755,6.217522858017442,21.0,1,-0.3414700898875509,21.32797072698395,20.5,21.5
2851.0,21.07105240874213,21.37932645618015,6.216137731802901,21.0,0,-0.3793264561801486,21.757890119106126,20.5,21.5
2852.0,21.068081425806742,21.36609910563657,6.214751679446573,21.0,0,-0.36609910563657166,21.233825600200802,20.5,21.5
2853.0,21.065110759857472,21.416016070904252,6.213364702003999,21.0,0,-0.4160160709042522,21.915185723581057,20.5,21.5
2854.0,21.062140410645902,21.49490137415026,6.211976800531422,21.0,0,-0.4949013741502597,22.283754406610335,20.5,21.5
2855.0,21.05917037792388,21.448680356386127,6.210587976085789,21.0,0,-0.44868035638612724,20.986470178744803,20.5,21.5
2856.0,21.056200661443512,21.429099876770014,6.20919822972475,21.0,0,-0.4290998767700138,21.23329508060888,20.5,21.5
2857.0,21.05323126095717,21.419551970419587,6.207807562506657,21.0,0,-0.4195519704195867,21.324072906915315,20.5,21.5
2858.0,21.05026217621748,21.32089135451859,6.2064159754905655,21.0,1,-0.3208913545185901,20.334285195508624,20.5,21.5
2859.0,21.067293406977335,21.305952752525556,6.2050234697362265,21.0,1,-0.3059527525255561,21.156566732595216,20.5,21.5
2860.0,21.084320952989888,21.36374878277265,6.203630046304096,21.0,0,-0.36374878277264955,21.941709085243584,20.5,21.5
2861.0,21.08134481480855,21.372143035107676,6.202235706255328,21.0,0,-0.3721430351076762,21.456085558457943,20.5,21.5
2862.0,21.07836899298684,21.385447410649522,6.200840450651768,21.0,0,-0.3854474106495225,21.518491166067985,20.5,21.5
2863.0,21.075393487278372,21.433421142528562,6.199444280555968,21.0,0,-0.43342114252856234,21.91315846131896,20.5,21.5
2864.0,21.07241829743703,21.509242264586227,6.198047197031172,21.0,0,-0.5092422645862271,22.267453485162875,20.5,21.5
2865.0,21.06944342321695,21.45007572039493,6.196649201141318,21.0,0,-0.45007572039493127,20.858410278481973,20.5,21.5
2866.0,21.066468864372535,21.4093370576435,6.195250293951043,21.0,0,-0.40933705764350137,21.001950430129202,20.5,21.5
2867.0,21.06349462065845,21.387546738420845,6.193850476525673,21.0,0,-0.38754673842084486,21.16964354619428,20.5,21.5
2868.0,21.060520691829623,21.453668318716588,6.192449749931232,21.0,0,-0.45366831871658775,22.114884121674017,20.5,21.5
2869.0,21.057547077641242,21.36937470759151,6.191048115234433,21.0,0,-0.36937470759151125,20.526438596340746,20.5,21.5
2870.0,21.054573777848763,21.430600707978506,6.189645573502682,21.0,0,-0.43060070797850614,22.042860711848455,20.5,21.5
2871.0,21.051600792207893,21.41271992995206,6.188242125804077,21.0,0,-0.4127199299520612,21.23391214968761,20.5,21.5
2872.0,21.04862812047461,21.33273831526087,6.186837773207403,21.0,0,-0.33273831526086894,20.532922168348946,20.5,21.5
2873.0,21.045655762405158,21.242252699218827,6.185432516782136,21.0,1,-0.24225269921882742,20.337396538798412,20.5,21.5
2874.0,21.062683717756034,21.27768292610337,6.184026357598439,21.0,0,-0.2776829261033704,21.6319851949488,20.5,21.5
2875.0,21.059707986284003,21.169141776581647,6.1826192967271645,21.0,1,-0.16914177658164675,20.08373028136441,20.5,21.5
2876.0,21.076732568546092,21.19201169371082,6.18121133523985,21.0,1,-0.19201169371082116,21.420710865002565,20.5,21.5
2877.0,21.093753464299432,21.28538577268934,6.179802474208722,21.0,0,-0.2853857726893416,22.219126562474546,20.5,21.5
2878.0,21.090770674101414,21.370415637289167,6.178392714706685,21.0,0,-0.3704156372891667,22.220714283287418,20.5,21.5
2879.0,21.087788198509536,21.370215843623768,6.176982057807334,21.0,0,-0.37021584362376814,21.368217906969782,20.5,21.5
2880.0,21.084806037281396,21.485043366493244,6.175570504584947,21.0,0,-0.48504336649324387,22.633318595188,20.5,21.5
2881.0,21.081824190174856,21.49649804397532,6.174158056114481,21.0,0,-0.4964980439753184,21.611044818796064,20.5,21.5
2882.0,21.078842656948044,21.52987252617305,6.1727447134715785,21.0,0,-0.529872526173051,21.863617348150377,20.5,21.5
2883.0,21.07586143735935,21.456808868232894,6.171330477732562,21.0,0,-0.4568088682328941,20.726172288831325,20.5,21.5
2884.0,21.072880531167424,21.491278643857644,6.169915349974431,21.0,0,-0.49127864385764397,21.835976400105142,20.5,21.5
2885.0,21.069899938131186,21.498013526372283,6.168499331274869,21.0,0,-0.4980135263722829,21.565362351518672,20.5,21.5
2886.0,21.066919658009816,21.468324406873727,6.167082422712235,21.0,0,-0.4683244068737267,21.171433211888164,20.5,21.5
2887.0,21.063939690562755,21.39966702179886,6.165664625365567,21.0,0,-0.3996670217988587,20.71309317105018,20.5,21.5
2888.0,21.060960035549716,21.435169104241723,6.164245940314579,21.0,0,-0.43516910424172295,21.790189928670365,20.5,21.5
2889.0,21.05798069273067,21.378948739524567,6.162826368639662,21.0,0,-0.3789487395245672,20.81674509235301,20.5,21.5
2890.0,21.05500166186585,21.29351863941812,6.1614059114218795,21.0,1,-0.29351863941812084,20.439217638353657,20.5,21.5
2891.0,21.072022942715762,21.349606450372622,6.159984569742974,21.0,0,-0.3496064503726224,21.910484559917638,20.5,21.5
2892.0,21.069040535041168,21.393268182894772,6.1585623446853575,21.0,0,-0.39326818289477217,21.82988550811627,20.5,21.5
2893.0,21.066058439403097,21.40413832854565,6.157139237332117,21.0,0,-0.404138328545649,21.512839785054418,20.5,21.5
2894.0,21.063076655562682,21.45716921206725,6.155715248767011,21.0,0,-0.4571692120672495,21.987478047283254,20.5,21.5
2895.0,21.060095183281323,21.457951992999703,6.1542903800744675,21.0,0,-0.45795199299970335,21.465779802324242,20.5,21.5
2896.0,21.057114022320683,21.451974716340807,6.152864632339586,21.0,0,-0.451974716340807,21.392201949751843,20.5,21.5
2897.0,21.054133172442686,21.412404288137424,6.151438006648138,21.0,0,-0.4124042881374237,21.01670000610359,20.5,21.5
2898.0,21.051152633409526,21.39504711903232,6.1500105040865565,21.0,0,-0.3950471190323199,21.221475427981282,20.5,21.5
2899.0,21.04817240498366,21.36942817360064,6.148582125741951,21.0,0,-0.36942817360063884,21.113238719283828,20.5,21.5
2900.0,21.04519248692781,21.402944106682817,6.147152872702093,21.0,0,-0.402944106682817,21.7381034375046,20.5,21.5
2901.0,21.042212879004964,21.403159580266824,6.1457227460554185,21.0,0,-0.4031595802668235,21.40531431610689,20.5,21.5
2902.0,21.039233580978376,21.398775255538247,6.1442917468910325,21.0,0,-0.3987752555382471,21.354932008252483,20.5,21.5
2903.0,21.03625459261156,21.381931415584933,6.1428598762987034,21.0,0,-0.3819314155849334,21.213493016051796,20.5,21.5
2904.0,21.033275913668298,21.399422157018897,6.141427135368863,21.0,0,-0.39942215701889694,21.574329571358533,20.5,21.5
2905.0,21.03029754391264,21.357402845491286,6.139993525192606,21.0,0,-0.3574028454912863,20.93720973021518,20.5,21.5
2906.0,21.027319483108894,21.217248812333143,6.138559046861689,21.0,1,-0.21724881233314264,19.815708480751706,20.5,21.5
2907.0,21.044341731021643,21.208315485549367,6.1371237014685285,21.0,1,-0.20831548554936674,21.118982217711608,20.5,21.5
2908.0,21.06136028741573,21.287428636539286,6.135687490106202,21.0,0,-0.2874286365392855,22.078560146438473,20.5,21.5
2909.0,21.058375152856268,21.285733464870717,6.1342504138684495,21.0,0,-0.2857334648707166,21.268781748185027,20.5,21.5
2910.0,21.05539032790847,21.32391175797846,6.1328124738496665,21.0,0,-0.32391175797846117,21.705694689055907,20.5,21.5
2911.0,21.052405812337657,21.45884489958156,6.131373671144904,21.0,0,-0.4588448995815604,22.808176315612553,20.5,21.5
2912.0,21.04942160590942,21.480521342151878,6.129934006849876,21.0,0,-0.4805213421518779,21.697285767855053,20.5,21.5
2913.0,21.046437708389607,21.375510266594283,6.128493482060948,21.0,1,-0.3755102665942829,20.325399511018333,20.5,21.5
2914.0,21.063454119544343,21.328901412288968,6.1270520978751435,21.0,1,-0.3289014122889675,20.862812869235814,20.5,21.5
2915.0,21.08046683914001,21.318459256979615,6.125609855390136,21.0,1,-0.3184592569796152,21.214037703886092,20.5,21.5
2916.0,21.09747586774326,21.252451810798014,6.124166755704262,21.0,1,-0.25245181079801426,20.592377348982005,20.5,21.5
2917.0,21.114481205920853,21.288503981894415,6.122722799916499,21.0,0,-0.28850398189441506,21.649025692858423,20.5,21.5
2918.0,21.111482854239654,21.319875124119797,6.121277989126483,21.0,0,-0.3198751241197968,21.633586546373614,20.5,21.5
2919.0,21.10848481326663,21.30447732031548,6.119832324434503,21.0,0,-0.30447732031548114,21.150499282272325,20.5,21.5
2920.0,21.105487082768864,21.33135397477735,6.118385806941494,21.0,0,-0.3313539747773504,21.600120519396043,20.5,21.5
2921.0,21.102489662513698,21.38926450484941,6.116938437749042,21.0,0,-0.389264504849411,21.968369805570017,20.5,21.5
2922.0,21.099492552268746,21.343426932246892,6.115490217959381,21.0,0,-0.34342693224689214,20.885051206221704,20.5,21.5
2923.0,21.096495751801886,21.350450317810747,6.114041148675394,21.0,0,-0.350450317810747,21.420684173449295,20.5,21.5
2924.0,21.09349926088126,21.401806435310558,6.112591231000609,21.0,0,-0.40180643531055793,21.915367610308667,20.5,21.5
2925.0,21.090503079275283,21.511724288159748,6.111140466039204,21.0,0,-0.5117242881597477,22.610902816651645,20.5,21.5
2926.0,21.087507206752637,21.458423249761143,6.109688854895999,21.0,0,-0.4584232497611431,20.925412865775098,20.5,21.5
2927.0,21.084511643082266,21.54925879222471,6.108236398676458,21.0,0,-0.549258792224709,22.457614216860367,20.5,21.5
2928.0,21.081516388033386,21.50680313601213,6.106783098486688,21.0,0,-0.506803136012131,21.08224657388635,20.5,21.5
2929.0,21.078521441375475,21.447757965067307,6.105328955433444,21.0,0,-0.44775796506730714,20.85730625561907,20.5,21.5
2930.0,21.075526802878287,21.363662886430394,6.103873970624116,21.0,0,-0.3636628864303937,20.52271210006126,20.5,21.5
2931.0,21.072532472311835,21.43123145234471,6.10241814516674,21.0,0,-0.4312314523447114,22.10691711148789,20.5,21.5
2932.0,21.069538449446405,21.35837922572636,6.100961480169992,21.0,0,-0.3583792257263596,20.629856959542842,20.5,21.5
2933.0,21.06654473405255,21.454437621486633,6.099503976743182,21.0,0,-0.45443762148663325,22.41502157908937,20.5,21.5
2934.0,21.063551325901088,21.54026891413648,6.098045635996264,21.0,0,-0.5402689141364796,22.398581840634943,20.5,21.5
2935.0,21.060558224763106,21.45117726434136,6.096586459039828,21.0,0,-0.45117726434136074,20.560260766390172,20.5,21.5
2936.0,21.057565430409962,21.374609744927078,6.0951264469851,21.0,0,-0.37460974492707777,20.608934550784248,20.5,21.5
2937.0,21.054572942613277,21.409153848523502,6.093665600943944,21.0,0,-0.409153848523502,21.754594884487744,20.5,21.5
2938.0,21.051580761144944,21.409517133557337,6.092203922028858,21.0,0,-0.4095171335573369,21.413149983895686,20.5,21.5
2939.0,21.04858888577712,21.404600941861172,6.0907414113529725,21.0,0,-0.40460094186117246,21.35543902489953,20.5,21.5
2940.0,21.045597316282237,21.480898280405775,6.089278070030055,21.0,0,-0.48089828040577487,22.2438716658518,20.5,21.5
2941.0,21.042606052432987,21.6121944809424,6.0878138991745,21.0,0,-0.6121944809423994,22.925156486308644,20.5,21.5
2942.0,21.039615094002336,21.516399305537412,6.086348899901341,21.0,0,-0.5163993055374121,20.55844755148754,20.5,21.5
2943.0,21.036624440763514,21.4776157169358,6.084883073326238,21.0,0,-0.4776157169358015,21.089779830919696,20.5,21.5
2944.0,21.033634092490026,21.419202191709232,6.08341642056548,21.0,0,-0.4192021917092319,20.835066939443536,20.5,21.5
2945.0,21.03064404895564,21.323253383198345,6.081948942735988,21.0,1,-0.3232533831983453,20.36376529808948,20.5,21.5
2946.0,21.047654309934398,21.223508455365256,6.08048064095531,21.0,1,-0.22350845536525554,20.226059177034358,20.5,21.5
2947.0,21.0646608752006,21.25821878824655,6.079011516341621,21.0,0,-0.2582187882465483,21.605322117059476,20.5,21.5
2948.0,21.06166374532883,21.219403064366954,6.077541570013725,21.0,0,-0.21940306436695423,20.831245825571013,20.5,21.5
2949.0,21.058666920893767,21.228865550021897,6.076070803091051,21.0,0,-0.22886555002189723,21.323490406571327,20.5,21.5
2950.0,21.055670401670206,21.257866184960772,6.074599216693648,21.0,0,-0.25786618496077196,21.54787253434952,20.5,21.5
2951.0,21.05267418743321,21.301053317417328,6.0731268119421955,21.0,0,-0.30105331741732755,21.732924641982883,20.5,21.5
2952.0,21.04967827795811,21.274413329466633,6.071653589957993,21.0,0,-0.27441332946663266,21.008013449959684,20.5,21.5
2953.0,21.046682673020513,21.339966732518246,6.070179551862965,21.0,0,-0.3399667325182456,21.995500763034375,20.5,21.5
2954.0,21.04368737239628,21.376509925240278,6.068704698779653,21.0,0,-0.3765099252402777,21.7419418524606,20.5,21.5
2955.0,21.040692375861557,21.449754436593153,6.067229031831223,21.0,0,-0.4497544365931532,22.182199550121908,20.5,21.5
2956.0,21.03769768319275,21.472351135024688,6.06575255214146,21.0,0,-0.47235113502468806,21.698318119340037,20.5,21.5
2957.0,21.03470329416654,21.54687081841723,6.0642752608347665,21.0,0,-0.5468708184172293,22.29206765234264,20.5,21.5
2958.0,21.031709208559874,21.440792971016744,6.062797159036165,21.0,1,-0.4407929710167444,20.380014497011896,20.5,21.5
2959.0,21.04871542614997,21.340356537766247,6.061318247871295,21.0,1,-0.3403565377662474,20.335992205261277,20.5,21.5
2960.0,21.06571794671431,21.269462132585097,6.059838528466411,21.0,1,-0.26946213258509744,20.560518080773598,20.5,21.5
2961.0,21.08271677083066,21.2545043096538,6.058358001948381,21.0,1,-0.2545043096538002,21.104926080340828,20.5,21.5
2962.0,21.099711899076883,21.191558132952068,6.056876669444694,21.0,1,-0.1915581329520677,20.562096365934742,20.5,21.5
2963.0,21.11670333203096,21.24351953659868,6.055394532083449,21.0,0,-0.2435195365986793,21.763133573064795,20.5,21.5
2964.0,21.11369107027097,21.31849238429762,6.053911590993355,21.0,0,-0.3184923842976204,22.06822086128703,20.5,21.5
2965.0,21.110679114375117,21.359250289821397,6.05242784730374,21.0,0,-0.3592502898213965,21.766829345059158,20.5,21.5
2966.0,21.107667464121704,21.343378386379804,6.050943302144536,21.0,0,-0.3433783863798041,21.18465935196388,20.5,21.5
2967.0,21.10465611928931,21.398898912013316,6.04945795664629,21.0,0,-0.3988989120133155,21.95410416834843,20.5,21.5
2968.0,21.10164507965678,21.44911292669726,6.047971811940158,21.0,0,-0.44911292669726066,21.951253073536712,20.5,21.5
2969.0,21.098634345003237,21.409048169564578,6.046484869157903,21.0,0,-0.4090481695645778,21.00840059823775,20.5,21.5
2970.0,21.095623915108067,21.373656326537716,6.044997129431897,21.0,0,-0.3736563265377164,21.019737896269103,20.5,21.5
2971.0,21.09261378975093,21.315704892927837,6.043508593895119,21.0,0,-0.31570489292783677,20.73619055682904,20.5,21.5
2972.0,21.08960396871176,21.298730863480195,6.042019263681153,21.0,0,-0.29873086348019484,21.128990569003776,20.5,21.5
2973.0,21.086594451770754,21.28311719113656,6.040529139924188,21.0,0,-0.28311719113656153,21.12698046770023,20.5,21.5
2974.0,21.083585238708384,21.31155692140306,6.039038223759018,21.0,0,-0.31155692140306,21.595954224068045,20.5,21.5
2975.0,21.080576329305394,21.416449792153145,6.037546516321043,21.0,0,-0.4164497921531449,22.465378499653994,20.5,21.5
2976.0,21.0775677233428,21.453993669522635,6.0360540187462615,21.0,0,-0.4539936695226352,21.829432443217538,20.5,21.5
2977.0,21.07455942060188,21.46499698688954,6.034560732171273,21.0,0,-0.4649969868895383,21.57503016055857,20.5,21.5
2978.0,21.071551420864193,21.463495024058396,6.033066657733284,21.0,0,-0.46349502405839615,21.448475395746975,20.5,21.5
2979.0,21.068543723911567,21.425723248956466,6.031571796570095,21.0,0,-0.42572324895646574,21.04800549793716,20.5,21.5
2980.0,21.0655363295261,21.343190638835715,6.030076149820108,21.0,0,-0.3431906388357149,20.517864537628206,20.5,21.5
2981.0,21.06252923749016,21.382816894120488,6.028579718622324,21.0,0,-0.3828168941204879,21.77907944696822,20.5,21.5
2982.0,21.059522447586385,21.289546214868814,6.027082504116341,21.0,1,-0.28954621486881393,20.356839422352074,20.5,21.5
2983.0,21.076515959597693,21.257632393474516,6.025584507442351,21.0,1,-0.25763239347451616,20.93849417953154,20.5,21.5
2984.0,21.09350577330726,21.301017809380948,6.024085729741143,21.0,0,-0.3010178093809479,21.734871968445265,20.5,21.5
2985.0,21.090491889298548,21.356637708338027,6.022586172154105,21.0,0,-0.35663770833802744,21.912836697908823,20.5,21.5
2986.0,21.08747830815512,21.335025328281937,6.021085835823212,21.0,0,-0.33502532828193665,21.11890152772103,20.5,21.5
2987.0,21.084465029660652,21.421665454643648,6.019584721891037,21.0,0,-0.421665454643648,22.28806671826076,20.5,21.5
2988.0,21.081452053599097,21.454744727831017,6.018082831500743,21.0,0,-0.4547447278310166,21.785537459704702,20.5,21.5
2989.0,21.078439379754677,21.427393408278174,6.016580165796086,21.0,0,-0.4273934082781743,21.15388021274975,20.5,21.5
2990.0,21.075427007911884,21.437888070367016,6.015076725921408,21.0,0,-0.43788807036701627,21.542834691255436,20.5,21.5
2991.0,21.072414937855484,21.263580949048126,6.013572513021648,21.0,1,-0.26358094904812646,19.52050973585923,20.5,21.5
2992.0,21.089403169370517,21.20658744081984,6.012067528242327,21.0,1,-0.20658744081983826,20.636652358536956,20.5,21.5
2993.0,21.10638770224229,21.17574591212405,6.0105617727295595,21.0,1,-0.1757459121240501,20.86733062516617,20.5,21.5
2994.0,21.12336853705639,21.265600401001844,6.009055247630039,21.0,0,-0.26560040100184423,22.164145289779785,20.5,21.5
2995.0,21.120345674398504,21.317393233390554,6.007547954091053,21.0,0,-0.31739323339055403,21.835321557277652,20.5,21.5
2996.0,21.117323114854443,21.509006052436288,6.00603989326047,21.0,0,-0.5090060524362876,23.425134242893623,20.5,21.5
2997.0,21.114300858210125,21.586698722797017,6.004531066286745,21.0,0,-0.5866987227970171,22.36362542640431,20.5,21.5
2998.0,21.11127890425174,21.706010586452592,6.003021474318915,21.0,0,-0.7060105864525923,22.899129223008345,20.5,21.5
2999.0,21.108257252765753,21.666820148691304,6.0015111185066,21.0,0,-0.6668201486913041,21.274915771078422,20.5,21.5
3000.0,21.1052359035389,21.51158071372938,6.0,21.0,1,-0.51158071372938,19.95918636411014,20.5,21.5
3001.0,21.122214856358195,21.48609053375663,5.9984881199499,21.0,1,-0.4860905337566308,21.23118873402914,20.5,21.5
3002.0,21.13919011101091,21.471876687943027,5.996975479507661,21.0,1,-0.47187668794302695,21.32973822980699,20.5,21.5
3003.0,21.15616166808461,21.423174469986442,5.995462079825224,21.0,1,-0.42317446998644215,20.936152290420594,20.5,21.5
3004.0,21.17312952816696,21.36661867180445,5.993947922055111,21.0,1,-0.3666186718044493,20.80106068998452,20.5,21.5
3005.0,21.19009369184574,21.451758771657712,5.992433007350417,21.0,0,-0.45175877165771183,22.303159770190337,20.5,21.5
3006.0,21.18705415970884,21.48299331053776,5.990917336864816,21.0,0,-0.4829933105377613,21.795338699338256,20.5,21.5
3007.0,21.184014932344272,21.424376503378287,5.989400911752556,21.0,0,-0.42437650337828714,20.838208431783546,20.5,21.5
3008.0,21.180976009540153,21.348931917537904,5.987883733168462,21.0,0,-0.34893191753790376,20.59448605913407,20.5,21.5
3009.0,21.17793739108488,21.351231680838307,5.986365802267932,21.0,0,-0.3512316808383069,21.37422931384234,20.5,21.5
3010.0,21.174899076767115,21.344293128913726,5.984847120206934,21.0,0,-0.3442931289137263,21.27490760966792,20.5,21.5
3011.0,21.171861066375804,21.35290084764361,5.983327688142014,21.0,0,-0.3529008476436104,21.43897803494245,20.5,21.5
3012.0,21.16882335970016,21.437941862248376,5.981807507230282,21.0,0,-0.43794186224837617,22.288352008296034,20.5,21.5
3013.0,21.165785956529664,21.448975119408153,5.980286578629423,21.0,0,-0.4489751194081535,21.559307691005927,20.5,21.5
3014.0,21.162748856654083,21.513049765393667,5.978764903497693,21.0,0,-0.5130497653936672,22.153796225248804,20.5,21.5
3015.0,21.159712059863452,21.46129689257349,5.97724248299391,21.0,0,-0.4612968925734897,20.943768164371715,20.5,21.5
3016.0,21.156675565948078,21.436431438734118,5.975719318277466,21.0,0,-0.43643143873411816,21.187776900340403,20.5,21.5
3017.0,21.153639374698542,21.468523460745637,5.974195410508315,21.0,0,-0.46852346074563656,21.78944368086082,20.5,21.5
3018.0,21.150603485905705,21.48484708462251,5.972670760846981,21.0,0,-0.48484708462250836,21.648083323391226,20.5,21.5
3019.0,21.147567899360695,21.456639800594605,5.9711453704545505,21.0,0,-0.45663980059460485,21.17456696031557,20.5,21.5
3020.0,21.144532614854914,21.50567459145695,5.9696192404926745,21.0,0,-0.5056745914569483,21.996022500080382,20.5,21.5
3021.0,21.14149763218004,21.495171194843323,5.968092372123567,21.0,0,-0.49517119484332284,21.39013722870707,20.5,21.5
3022.0,21.13846295112803,21.45343366636743,5.966564766510006,21.0,0,-0.453433666367431,21.036058381608512,20.5,21.5
3023.0,21.135428571491108,21.488865233369786,5.9650364248153265,21.0,0,-0.48886523336978627,21.84318090339334,20.5,21.5
3024.0,21.132394493061774,21.502961303405478,5.96350734820343,21.0,0,-0.5029613034054776,21.64392200376239,20.5,21.5
3025.0,21.129360715632803,21.42444730199677,5.961977537838775,21.0,0,-0.4244473019967714,20.63930728790971,20.5,21.5
3026.0,21.126327238997245,21.495965074769046,5.960446994886379,21.0,0,-0.49596507476904605,22.211142802491793,20.5,21.5
3027.0,21.12329406294842,21.55961336907644,5.958915720511813,21.0,0,-0.5596133690764411,22.19609631215039,20.5,21.5
3028.0,21.120261187279933,21.547874911659108,5.957383715881214,21.0,0,-0.5478749116591075,21.43049033748577,20.5,21.5
3029.0,21.117228611785652,21.55978845383615,5.955850982161268,21.0,0,-0.5597884538361484,21.678923875606557,20.5,21.5
3030.0,21.114196336259727,21.596390720716787,5.954317520519217,21.0,0,-0.5963907207167871,21.962413389523174,20.5,21.5
3031.0,21.11116436049658,21.531448353820082,5.952783332122862,21.0,0,-0.5314483538200818,20.88202468485303,20.5,21.5
3032.0,21.108132684290904,21.367403613772932,5.951248418140551,21.0,1,-0.3674036137729324,19.72695621330144,20.5,21.5
3033.0,21.125101307437674,21.37423136438779,5.949712779741189,21.0,1,-0.37423136438778926,21.442508870536358,20.5,21.5
3034.0,21.142066229732134,21.336091151323473,5.948176418094232,21.0,1,-0.33609115132347256,20.954689020680306,20.5,21.5
3035.0,21.159027451769806,21.379181683048103,5.946639334369687,21.0,0,-0.3791816830481025,21.810087000294402,20.5,21.5
3036.0,21.155984974146325,21.319339941434258,5.945101529738108,21.0,0,-0.3193399414342579,20.720922525295812,20.5,21.5
3037.0,21.15294279745744,21.403107218959626,5.943563005370602,21.0,0,-0.40310721895962587,22.240779994213305,20.5,21.5
3038.0,21.149900921499025,21.39225007116065,5.94202376243882,21.0,0,-0.3922500711606496,21.283678593170887,20.5,21.5
3039.0,21.146859346067213,21.356541951336474,5.940483802114965,21.0,0,-0.3565419513364745,20.999460753094723,20.5,21.5
3040.0,21.143818070958424,21.400549175613907,5.9389431255717815,21.0,0,-0.40054917561390724,21.840621418388235,20.5,21.5
3041.0,21.140777095969348,21.45087563891339,5.937401733982563,21.0,0,-0.45087563891339144,21.954140271908233,20.5,21.5
3042.0,21.13773642089695,21.39552877747583,5.935859628521148,21.0,0,-0.39552877747582826,20.842060163100196,20.5,21.5
3043.0,21.134696045538476,21.392796557994046,5.934316810361912,21.0,0,-0.3927965579940462,21.365474363176226,20.5,21.5
3044.0,21.13165596969144,21.441518331897853,5.932773280679783,21.0,0,-0.4415183318978535,21.928736070935926,20.5,21.5
3045.0,21.128616193153636,21.341766673586704,5.931229040650223,21.0,1,-0.34176667358670443,20.344250090475214,20.5,21.5
3046.0,21.145576715723134,21.300977748960527,5.929684091449239,21.0,1,-0.300977748960527,20.893088502698753,20.5,21.5
3047.0,21.16253353719828,21.372132540511437,5.928138434253378,21.0,0,-0.37213254051143707,22.083680456020538,20.5,21.5
3048.0,21.15948665817769,21.38554640061139,5.926592070239725,21.0,0,-0.3855464006113891,21.51968500161091,20.5,21.5
3049.0,21.156440079260104,21.411754517104992,5.9250450005859,21.0,0,-0.4117545171049919,21.67383568204102,20.5,21.5
3050.0,21.15339380024437,21.487629497320256,5.923497226470068,21.0,0,-0.4876294973202562,22.2463792994729,20.5,21.5
3051.0,21.150347820929614,21.60889862111662,5.921948749070925,21.0,0,-0.6088986211166194,22.82158985908025,20.5,21.5
3052.0,21.147302141115244,21.595100686540757,5.920399569567704,21.0,0,-0.5951006865407571,21.457121340782134,20.5,21.5
3053.0,21.144256760600936,21.518208500376282,5.918849689140171,21.0,0,-0.5182085003762822,20.749286638731533,20.5,21.5
3054.0,21.141211679186643,21.506855559516293,5.91729910896863,21.0,0,-0.5068555595162927,21.393326150916398,20.5,21.5
3055.0,21.1381668966726,21.51201905815221,5.915747830233914,21.0,0,-0.5120190581522088,21.56365404451137,20.5,21.5
3056.0,21.135122412859314,21.43223269087165,5.914195854117388,21.0,0,-0.4322326908716505,20.634369018066067,20.5,21.5
3057.0,21.132078227547566,21.37913931911996,5.912643181800951,21.0,0,-0.379139319119961,20.848205601603066,20.5,21.5
3058.0,21.129034340538418,21.38660284680105,5.911089814467031,21.0,0,-0.3866028468010505,21.461238123611945,20.5,21.5
3059.0,21.125990751633204,21.339700770900816,5.909535753298584,21.0,0,-0.33970077090081574,20.870680011898468,20.5,21.5
3060.0,21.122947460633537,21.31984500735561,5.9079809994790935,21.0,0,-0.3198450073556103,21.121287371903556,20.5,21.5
3061.0,21.119904467341307,21.33916461177894,5.906425554192575,21.0,0,-0.33916461177894064,21.532360656012244,20.5,21.5
3062.0,21.11686177155868,21.36948697526834,5.904869418623566,21.0,0,-0.36948697526834096,21.672710610162344,20.5,21.5
3063.0,21.11381937308809,21.447591287484908,5.903312593957131,21.0,0,-0.44759128748490795,22.228634409650578,20.5,21.5
3064.0,21.110777271732264,21.479881448256766,5.901755081378862,21.0,0,-0.4798814482567657,21.802783055975343,20.5,21.5
3065.0,21.107735467294194,21.469609754019153,5.900196882074871,21.0,0,-0.46960975401915306,21.366892811643027,20.5,21.5
3066.0,21.10469395957715,21.40578685189044,5.898637997231793,21.0,0,-0.40578685189043995,20.76755783060331,20.5,21.5
3067.0,21.101652748384684,21.438926941769232,5.89707842803679,21.0,0,-0.43892694176923186,21.77032784055715,20.5,21.5
3068.0,21.098611833520614,21.3770914247954,5.895518175677539,21.0,0,-0.3770914247953989,20.75873625505707,20.5,21.5
3069.0,21.095571214789047,21.40729192944735,5.893957241342242,21.0,0,-0.40729192944735004,21.70929697596686,20.5,21.5
3070.0,21.092530891994357,21.397407925733557,5.892395626219618,21.0,0,-0.39740792573355677,21.298567888595624,20.5,21.5
3071.0,21.0894908649412,21.408592750317794,5.890833331498904,21.0,0,-0.4085927503177942,21.52044099616017,20.5,21.5
3072.0,21.08645113343451,21.417419181080156,5.889270358369855,21.0,0,-0.41741918108015597,21.505683488703774,20.5,21.5
3073.0,21.083411697279498,21.350470726767522,5.887706708022744,21.0,0,-0.3504707267675222,20.680986183641185,20.5,21.5
3074.0,21.080372556281645,21.394543410340862,5.88614238164836,21.0,0,-0.39454341034086227,21.835270246074263,20.5,21.5
3075.0,21.07733371024672,21.40293297445118,5.884577380438003,21.0,0,-0.40293297445117915,21.486828615554348,20.5,21.5
3076.0,21.074295158980757,21.410996058626953,5.88301170558349,21.0,0,-0.410996058626953,21.49162690038469,20.5,21.5
3077.0,21.071256902290077,21.37084704638239,5.881445358277153,21.0,0,-0.37084704638239074,20.96935692393677,20.5,21.5
3078.0,21.068218939981275,21.44180207617587,5.879878339711831,21.0,0,-0.4418020761758683,22.151352374110644,20.5,21.5
3079.0,21.06518127186122,21.323819392335377,5.878310651080876,21.0,1,-0.32381939233537693,20.143992553930463,20.5,21.5
3080.0,21.082143897737065,21.329061100145815,5.876742293578155,21.0,1,-0.3290611001458146,21.38147817825019,20.5,21.5
3081.0,21.099102817416235,21.376202911136865,5.875173268398038,21.0,0,-0.37620291113686477,21.847621021047367,20.5,21.5
3082.0,21.09605803150643,21.35574476528522,5.873603576735405,21.0,0,-0.3557447652852197,21.15116330676877,20.5,21.5
3083.0,21.093013540615477,21.434203858076273,5.872033219785646,21.0,0,-0.43420385807627326,22.21879478598681,20.5,21.5
3084.0,21.08996934455131,21.428144136483752,5.870462198744655,21.0,0,-0.42814413648375194,21.36754692055854,20.5,21.5
3085.0,21.086925443122148,21.349069712494902,5.868890514808834,21.0,0,-0.34906971249490226,20.558325472606406,20.5,21.5
3086.0,21.083881836136484,21.27167711618248,5.867318169175089,21.0,1,-0.2716771161824809,20.497751153058267,20.5,21.5
3087.0,21.10083852340309,21.315098542004883,5.865745163040828,21.0,0,-0.31509854200488263,21.7493128002289,20.5,21.5
3088.0,21.097791504731017,21.279130871998024,5.864171497603965,21.0,0,-0.27913087199802433,20.91945417192944,20.5,21.5
3089.0,21.09474478072959,21.40801577302886,5.8625971740629135,21.0,0,-0.40801577302886116,22.69686478333723,20.5,21.5
3090.0,21.091698351208258,21.487029505948122,5.8610221936165905,21.0,0,-0.4870295059481222,22.277166835140733,20.5,21.5
3091.0,21.08865221597674,21.521962005863845,5.859446557464411,21.0,0,-0.5219620058638448,21.87128700502107,20.5,21.5
3092.0,21.08560637484504,21.5052291858808,5.857870266806293,21.0,0,-0.5052291858808005,21.337900986050357,20.5,21.5
3093.0,21.082560827623432,21.455797972030837,5.856293322842646,21.0,0,-0.4557979720308367,20.9614858335312,20.5,21.5
3094.0,21.079515574122475,21.303918139413078,5.854715726774385,21.0,1,-0.3039181394130779,19.78511981323549,20.5,21.5
3095.0,21.096470614153006,21.29290375051398,5.853137479802917,21.0,1,-0.2929037505139789,21.18275986152299,20.5,21.5
3096.0,21.113421947526135,21.322744050430497,5.851558583130145,21.0,0,-0.32274405043049725,21.62114704959568,20.5,21.5
3097.0,21.110369574853255,21.375812267283322,5.8499790379584695,21.0,0,-0.3758122672833224,21.906494435811574,20.5,21.5
3098.0,21.107317496745875,21.37082520865757,5.848398845490781,21.0,0,-0.3708252086575712,21.32095462240006,20.5,21.5
3099.0,21.104265713015625,21.51402459751346,5.846818006930464,21.0,0,-0.5140245975134583,22.94601848607233,20.5,21.5
3100.0,21.101214223474408,21.55678831967876,5.8452365234813985,21.0,0,-0.5567883196787591,21.984425541331767,20.5,21.5
3101.0,21.098163027934408,21.50748662050224,5.843654396347952,21.0,0,-0.5074866205022417,21.014469628737068,20.5,21.5
3102.0,21.09511212620809,21.471603366918668,5.842071626734981,21.0,0,-0.4716033669186679,21.11277083108293,20.5,21.5
3103.0,21.092061518108196,21.490945766487652,5.840488215847838,21.0,0,-0.490945766487652,21.684369762177493,20.5,21.5
3104.0,21.089011203447743,21.378434681165224,5.838904164892355,21.0,1,-0.37843468116522416,20.253323827940946,20.5,21.5
3105.0,21.105961182040033,21.372406341346,5.837319475074857,21.0,1,-0.37240634134600015,21.31212294315376,20.5,21.5
3106.0,21.12290745369864,21.44494538498551,5.835734147602153,21.0,0,-0.44494538498550895,22.170335821380597,20.5,21.5
3107.0,21.119850019037422,21.405673904507733,5.834148183681542,21.0,0,-0.4056739045077329,21.012959099729972,20.5,21.5
3108.0,21.11679287867035,21.460377890802235,5.832561584520803,21.0,0,-0.4603778908022349,22.007417753747255,20.5,21.5
3109.0,21.11373603241152,21.55028281537993,5.830974351328199,21.0,0,-0.55028281537993,22.44933206115688,20.5,21.5
3110.0,21.110679480075305,21.595410940685742,5.829386485312479,21.0,0,-0.595410940685742,22.046692193743862,20.5,21.5
3111.0,21.107623221476352,21.516215471563765,5.82779798768287,21.0,0,-0.5162154715637648,20.724260780343993,20.5,21.5
3112.0,21.104567256429593,21.513680445898057,5.826208859649083,21.0,0,-0.5136804458980571,21.48833018924098,20.5,21.5
3113.0,21.101511584750238,21.520237101509586,5.82461910242131,21.0,0,-0.5202371015095864,21.58580365762488,20.5,21.5
3114.0,21.098456206253772,21.495668476871572,5.823028717210218,21.0,0,-0.4956684768715718,21.249982230491426,20.5,21.5
3115.0,21.095401120755962,21.39187183459007,5.821437705226955,21.0,1,-0.39187183459007,20.353905411775052,20.5,21.5
3116.0,21.112346328072856,21.367467228842276,5.819846067683145,21.0,1,-0.36746722884227623,21.12342117136434,20.5,21.5
3117.0,21.12928782802078,21.37489881998732,5.818253805790892,21.0,1,-0.3748988199873189,21.449214731437745,20.5,21.5
3118.0,21.14622562121633,21.35442405659602,5.81666092076277,21.0,1,-0.35442405659602016,21.149676422683033,20.5,21.5
3119.0,21.16315970827624,21.397902992912606,5.815067413811832,21.0,0,-0.39790299291260567,21.83269235607846,20.5,21.5
3120.0,21.16009008981735,21.443882556855048,5.813473286151601,21.0,0,-0.44388255685504774,21.90367819627947,20.5,21.5
3121.0,21.157020766456615,21.52658283995749,5.811878538996076,21.0,0,-0.5265828399574914,22.35358567098193,20.5,21.5
3122.0,21.153951738011123,21.550583832028742,5.810283173559725,21.0,0,-0.5505838320287424,21.790593752741252,20.5,21.5
3123.0,21.150883004298233,21.490562018534536,5.80868719105749,21.0,0,-0.4905620185345363,20.890343883592475,20.5,21.5
3124.0,21.147814565135587,21.43476033065313,5.80709059270478,21.0,0,-0.43476033065313047,20.876743451839072,20.5,21.5
3125.0,21.1447464203411,21.426359808447106,5.805493379717475,21.0,0,-0.4263598084471063,21.342354586386865,20.5,21.5
3126.0,21.141678569732974,21.476896640622293,5.8038955533119205,21.0,0,-0.476896640622293,21.98226496237416,20.5,21.5
3127.0,21.13861101312969,21.49011697344283,5.802297114704932,21.0,0,-0.4901169734428308,21.62232030164821,20.5,21.5
3128.0,21.135543750350006,21.477927474553137,5.80069806511379,21.0,0,-0.47792747455313744,21.356032485656204,20.5,21.5
3129.0,21.132476781212958,21.509809243045915,5.79909840575624,21.0,0,-0.5098092430459147,21.828626927973687,20.5,21.5
3130.0,21.12941010553787,21.450008631881584,5.797498137850493,21.0,0,-0.4500086318815839,20.852002520238276,20.5,21.5
3131.0,21.12634372314433,21.368988236471328,5.795897262615221,21.0,0,-0.3689882364713277,20.558784282368766,20.5,21.5
3132.0,21.123277633852226,21.283495282291092,5.794295781269561,21.0,1,-0.2834952822910921,20.428565740488736,20.5,21.5
3133.0,21.140211837481708,21.306003070888345,5.792693695033112,21.0,0,-0.30600307088834455,21.53108095686087,20.5,21.5
3134.0,21.13714233385322,21.226790077609557,5.79109100512593,21.0,1,-0.22679007760955727,20.434660144821684,20.5,21.5
3135.0,21.154073123587473,21.25046505220617,5.789487712768534,21.0,1,-0.2504650522061702,21.4872147981723,20.5,21.5
3136.0,21.17100020650531,21.324266819461222,5.787883819181903,21.0,0,-0.32426681946122216,22.06228449201174,20.5,21.5
3137.0,21.167923583227843,21.43837230805399,5.7862793255874685,21.0,0,-0.43837230805398875,22.579427193981655,20.5,21.5
3138.0,21.164847254376316,21.462839465436833,5.784674233207123,21.0,0,-0.46283946543683285,21.707511039265274,20.5,21.5
3139.0,21.16177121977208,21.52809671576727,5.783068543263215,21.0,0,-0.5280967157672691,22.180669219071632,20.5,21.5
3140.0,21.15869547923678,21.516988992920055,5.781462256978547,21.0,0,-0.5169889929200551,21.405911764447914,20.5,21.5
3141.0,21.155620032592328,21.478962004726295,5.7798553755763775,21.0,0,-0.478962004726295,21.098692122788695,20.5,21.5
3142.0,21.152544879660926,21.446805048038765,5.778247900280412,21.0,0,-0.4468050480387653,21.125235481163468,20.5,21.5
3143.0,21.14947002026505,21.469886685543564,5.776639832314818,21.0,0,-0.46988668554356394,21.70070306059155,20.5,21.5
3144.0,21.14639545422746,21.44343885128,5.775031172904207,21.0,0,-0.4434388512799998,21.17896050864436,20.5,21.5
3145.0,21.143321181371196,21.558409536032258,5.773421923273641,21.0,0,-0.5584095360322578,22.708116383554838,20.5,21.5
3146.0,21.140247201519575,21.56300540622227,5.771812084648637,21.0,0,-0.5630054062222705,21.608964108122397,20.5,21.5
3147.0,21.1371735144962,21.595968335554552,5.770201658255157,21.0,0,-0.5959683355545522,21.92559762887737,20.5,21.5
3148.0,21.134100120124952,21.540768228004744,5.768590645319607,21.0,0,-0.5407682280047439,20.98876715250666,20.5,21.5
3149.0,21.13102701822999,21.545467110042814,5.766979047068848,21.0,0,-0.5454671100428143,21.59245593042352,20.5,21.5
3150.0,21.127954208635757,21.522984278960724,5.76536686473018,21.0,0,-0.522984278960724,21.29815596813982,20.5,21.5
3151.0,21.124881691166976,21.534181487694216,5.763754099531349,21.0,0,-0.5341814876942159,21.646153575029135,20.5,21.5
3152.0,21.12180946564865,21.503783218114403,5.762140752700549,21.0,0,-0.5037832181144033,21.199800522316277,20.5,21.5
3153.0,21.11873753190606,21.56538798717467,5.76052682546641,21.0,0,-0.5653879871746703,22.18143567777734,20.5,21.5
3154.0,21.115665889764774,21.53824361188212,5.758912319058011,21.0,0,-0.5382436118821197,21.266799858956613,20.5,21.5
3155.0,21.112594539050633,21.440779296130792,5.757297234704866,21.0,1,-0.4407792961307919,20.466136138617514,20.5,21.5
3156.0,21.129523479589764,21.394666942257675,5.7556815736369344,21.0,1,-0.3946669422576754,20.93354340352651,20.5,21.5
3157.0,21.146448711208574,21.367815862578794,5.7540653370846115,21.0,1,-0.3678158625787944,21.099305065789984,20.5,21.5
3158.0,21.16337023453375,21.33847538923792,5.752448526278731,21.0,1,-0.33847538923792087,21.045070655829186,20.5,21.5
3159.0,21.1802880501921,21.395129779729196,5.750831142450567,21.0,0,-0.3951297797291957,21.961673684641944,20.5,21.5
3160.0,21.17720215881055,21.374683612253172,5.749213186831825,21.0,0,-0.3746836122531718,21.170221937492933,20.5,21.5
3161.0,21.174116561016156,21.360195800516575,5.747594660654649,21.0,0,-0.36019580051657485,21.215317683150605,20.5,21.5
3162.0,21.171031256636084,21.39229809453314,5.745975565151618,21.0,0,-0.3922980945331389,21.71332103469878,20.5,21.5
3163.0,21.167946245497788,21.4266806070508,5.744355901555744,21.0,0,-0.42668060705079824,21.77050573222739,20.5,21.5
3164.0,21.164861527429,21.412873088491438,5.742735671100471,21.0,0,-0.41287308849143756,21.27479790289783,20.5,21.5
3165.0,21.161777102257734,21.48732103651497,5.741114875019672,21.0,0,-0.4873210365149703,22.231800516750297,20.5,21.5
3166.0,21.158692969812286,21.439806306297324,5.739493514547659,21.0,0,-0.4398063062973243,20.964659004120865,20.5,21.5
3167.0,21.15560912992123,21.438411681045427,5.737871590919164,21.0,0,-0.4384116810454266,21.42446542852645,20.5,21.5
3168.0,21.152525582413432,21.402036206741265,5.736249105369356,21.0,0,-0.40203620674126483,21.038281463699647,20.5,21.5
3169.0,21.149442327118024,21.33551221404376,5.734626059133826,21.0,0,-0.3355122140437601,20.670272287068713,20.5,21.5
3170.0,21.146359363864427,21.338572974164787,5.733002453448595,21.0,0,-0.33857297416478715,21.369180575375058,20.5,21.5
3171.0,21.143276692482345,21.381347511860767,5.731378289550109,21.0,0,-0.381347511860767,21.809092888820565,20.5,21.5
3172.0,21.14019431280176,21.469982290434434,5.729753568675239,21.0,0,-0.46998229043443374,22.3563300761711,20.5,21.5
3173.0,21.137112224652935,21.48466150678617,5.728128292061283,21.0,0,-0.48466150678617126,21.631453670303546,20.5,21.5
3174.0,21.134030427866417,21.473601518663564,5.726502460945958,21.0,0,-0.47360151866356404,21.363001637437492,20.5,21.5
3175.0,21.13094892227303,21.464840342021294,5.724876076567403,21.0,0,-0.46484034202129365,21.37722857559859,20.5,21.5
3176.0,21.12786770770389,21.57004823023029,5.723249140164185,21.0,0,-0.5700482302302916,22.62212711232027,20.5,21.5
3177.0,21.12478678399038,21.50715453959483,5.721621652975284,21.0,0,-0.5071545395948291,20.878217633240205,20.5,21.5
3178.0,21.121706150964176,21.556797612750476,5.719993616240102,21.0,0,-0.5567976127504757,22.05322834430694,20.5,21.5
3179.0,21.11862580845723,21.64699456945886,5.718365031198462,21.0,0,-0.6469945694588617,22.548964136542722,20.5,21.5
3180.0,21.11554575630178,21.649720396512834,5.716735899090601,21.0,0,-0.6497203965128335,21.676978667052552,20.5,21.5
3181.0,21.11246599433034,21.58437884494574,5.715106221157173,21.0,0,-0.5843788449457392,20.930963329274796,20.5,21.5
3182.0,21.109386522375704,21.582054722919217,5.71347599863925,21.0,0,-0.5820547229192172,21.558813502653997,20.5,21.5
3183.0,21.106307340270956,21.54335842431636,5.711845232778318,21.0,0,-0.5433584243163594,21.15639543828778,20.5,21.5
3184.0,21.103228447849457,21.470396978522654,5.710213924816274,21.0,0,-0.47039697852265405,20.7407825205856,20.5,21.5
3185.0,21.10014984494485,21.436498511199154,5.708582075995432,21.0,0,-0.4364985111991544,21.097513837964158,20.5,21.5
3186.0,21.09707153139106,21.38109847166784,5.706949687558515,21.0,0,-0.3810984716678405,20.8270980763547,20.5,21.5
3187.0,21.093993507022294,21.197999695389722,5.705316760748657,21.0,1,-0.19799969538972206,19.367011932608538,20.5,21.5
3188.0,21.11091577167304,21.126817506137815,5.703683296809404,21.0,1,-0.12681750613781517,20.414995613618746,20.5,21.5
3189.0,21.127834325178068,21.158279808836674,5.702049296984709,21.0,1,-0.15827980883667436,21.472902835825266,20.5,21.5
3190.0,21.144749168172428,21.127904269597032,5.700414762518935,21.0,1,-0.12790426959703183,20.824148877200606,20.5,21.5
3191.0,21.1616603012913,21.227546837811737,5.69877969465685,21.0,0,-0.22754683781173668,22.223972519958785,20.5,21.5
3192.0,21.158567725169974,21.332673030945163,5.6971440946436305,21.0,0,-0.33267303094516265,22.383934962279422,20.5,21.5
3193.0,21.15547544044387,21.352291070367198,5.6955079637248565,21.0,0,-0.35229107036719753,21.548471464587546,20.5,21.5
3194.0,21.152383446948527,21.360325028065795,5.693871303146511,21.0,0,-0.3603250280657946,21.440664605051765,20.5,21.5
3195.0,21.149291744519765,21.381492362887194,5.692234114154986,21.0,0,-0.3814923628871938,21.593165711101186,20.5,21.5
3196.0,21.146200332993693,21.382883167871146,5.69059639799707,21.0,0,-0.38288316787114596,21.396791217710668,20.5,21.5
3197.0,21.143109212206696,21.4148632607143,5.688958155919955,21.0,0,-0.4148632607142986,21.734664189145825,20.5,21.5
3198.0,21.14001838199544,21.526707386684755,5.687319389171233,21.0,0,-0.5267073866847554,22.645148646389323,20.5,21.5
3199.0,21.136927842196876,21.533288369005895,5.685680098998897,21.0,0,-0.5332883690058949,21.59909819221729,20.5,21.5
3200.0,21.133837592648238,21.572064605240307,5.684040286651338,21.0,0,-0.5720646052403069,21.959826967584426,20.5,21.5
3201.0,21.13074763318704,21.51531347271042,5.6823999533773435,21.0,0,-0.5153134727104209,20.94780214741156,20.5,21.5
3202.0,21.127657963651075,21.4885414699337,5.6807591004261,21.0,0,-0.4885414699337005,21.220821442166496,20.5,21.5
3203.0,21.12456858387843,21.351573401507657,5.679117729047189,21.0,1,-0.3515734015076575,19.981892717247227,20.5,21.5
3204.0,21.14147949370746,21.34393779719401,5.677475840490582,21.0,1,-0.34393779719400897,21.267581754057524,20.5,21.5
3205.0,21.15838669297682,21.43151973585872,5.675833436006654,21.0,0,-0.4315197358587213,22.307339122505844,20.5,21.5
3206.0,21.155290182325427,21.42423614160259,5.674190516846164,21.0,0,-0.4242361416025915,21.351400199041294,20.5,21.5
3207.0,21.15219396239233,21.466481141433665,5.672547084260269,21.0,0,-0.4664811414336647,21.888931139744397,20.5,21.5
3208.0,21.149098033016706,21.53694328448081,5.67090313950051,21.0,0,-0.5369432844808095,22.241564714952258,20.5,21.5
3209.0,21.146002394038003,21.50413659967514,5.669258683818827,21.0,0,-0.5041365996751388,21.17606975161843,20.5,21.5
3210.0,21.14290704529596,21.404682724852556,5.667613718467543,21.0,1,-0.40468272485255596,20.410143976626728,20.5,21.5
3211.0,21.159811986630594,21.374520687576442,5.665968244699369,21.0,1,-0.3745206875764424,21.072900314815307,20.5,21.5
3212.0,21.176713217882206,21.42701476711941,5.664322263767406,21.0,0,-0.42701476711940956,21.95195556254908,20.5,21.5
3213.0,21.173610739691384,21.443439898479607,5.662675776925143,21.0,0,-0.44343989847960685,21.60769121208158,20.5,21.5
3214.0,21.17050855269883,21.585643418086214,5.6610287854264465,21.0,0,-0.5856434180862138,23.007678614152283,20.5,21.5
3215.0,21.167406656745378,21.56502388869779,5.659381290525575,21.0,0,-0.565023888697791,21.358828594813563,20.5,21.5
3216.0,21.164305051672134,21.67480460516115,5.6577332934771665,21.0,0,-0.6748046051611496,22.772611769794736,20.5,21.5
3217.0,21.161203737320495,21.63117703587568,5.656084795536243,21.0,0,-0.6311770358756803,21.194901343020987,20.5,21.5
3218.0,21.158102713532138,21.55567516110662,5.654435797958208,21.0,0,-0.5556751611066204,20.80065641341602,20.5,21.5
3219.0,21.155001980149024,21.44107365668065,5.6527863019988445,21.0,1,-0.44107365668065057,20.295058612420952,20.5,21.5
3220.0,21.171901537013394,21.44971253889137,5.651136308914314,21.0,0,-0.44971253889136875,21.53610136099855,20.5,21.5
3221.0,21.168797383967775,21.406407670939085,5.649485819961159,21.0,0,-0.40640767093908536,20.97335899141625,20.5,21.5
3222.0,21.165693521654973,21.335889309287904,5.647834836396299,21.0,0,-0.3358893092879036,20.630705692776086,20.5,21.5
3223.0,21.162589949917923,21.414451399758054,5.64618335947703,21.0,0,-0.4144513997580539,22.200072304459557,20.5,21.5
3224.0,21.159486668599836,21.45841966992574,5.644531390461022,21.0,0,-0.458419669925739,21.89810237160259,20.5,21.5
3225.0,21.15638367754421,21.37953133559881,5.642878930606323,21.0,0,-0.37953133559880925,20.59064799232951,20.5,21.5
3226.0,21.15328097659482,21.373280927777344,5.6412259811713525,21.0,0,-0.3732809277773441,21.310776849562693,20.5,21.5
3227.0,21.150178565595738,21.41339206557758,5.639572543414903,21.0,0,-0.4133920655775789,21.814503443579927,20.5,21.5
3228.0,21.147076444391303,21.375765032544813,5.63791861859614,21.0,0,-0.3757650325448125,20.99949470221715,20.5,21.5
3229.0,21.143974612826142,21.317992992977814,5.636264207974599,21.0,0,-0.317992992977814,20.74027259730783,20.5,21.5
3230.0,21.140873070745172,21.349259611521195,5.634609312810185,21.0,0,-0.34925961152119456,21.661925796955,20.5,21.5
3231.0,21.137771817993585,21.369973119594015,5.632953934363172,21.0,0,-0.3699731195940146,21.577108200322215,20.5,21.5
3232.0,21.134670854416857,21.36111313943541,5.631298073894206,21.0,0,-0.36111313943541035,21.272513337849368,20.5,21.5
3233.0,21.131570179860752,21.297276154652906,5.629641732664292,21.0,0,-0.2972761546529057,20.65890630682786,20.5,21.5
3234.0,21.128469794171313,21.325835587762654,5.627984911934809,21.0,0,-0.3258355877626542,21.61142991886014,20.5,21.5
3235.0,21.125369697194866,21.401891209173332,5.6263276129675,21.0,0,-0.401891209173332,22.16244742328011,20.5,21.5
3236.0,21.12226988877802,21.41735211463645,5.624669837024466,21.0,0,-0.4173521146364507,21.571961169267638,20.5,21.5
3237.0,21.11917036876767,21.487119090967347,5.623011585368176,21.0,0,-0.4871190909673473,22.184788854276313,20.5,21.5
3238.0,21.11607113701099,21.550174344766123,5.621352859261464,21.0,0,-0.5501743447661234,22.180726882753884,20.5,21.5
3239.0,21.11297219335544,21.572907696898113,5.619693659967519,21.0,0,-0.5729076968981133,21.800241218218012,20.5,21.5
3240.0,21.109873537648763,21.53567597529952,5.618033988749896,21.0,0,-0.5356759752995188,21.163358759313574,20.5,21.5
3241.0,21.106775169738984,21.413712400219968,5.616373846872504,21.0,1,-0.4137124002199677,20.194076649424456,20.5,21.5
3242.0,21.123677089474413,21.33380222466875,5.6147132355996145,21.0,1,-0.33380222466875153,20.53470046915659,20.5,21.5
3243.0,21.140575296703638,21.33411757389383,5.613052156195856,21.0,1,-0.3341175738938311,21.337271066144627,20.5,21.5
3244.0,21.157469792075535,21.276589946165142,5.611390609926211,21.0,1,-0.2765899461651422,20.701313668878253,20.5,21.5
3245.0,21.174360576239106,21.351038576164786,5.609728598056021,21.0,0,-0.35103857616478606,22.095524876161225,20.5,21.5
3246.0,21.17124764984347,21.452519897642098,5.608066121850982,21.0,0,-0.4525198976420981,22.46733311241522,20.5,21.5
3247.0,21.16813501353787,21.60865344855347,5.606403182577136,21.0,0,-0.6086534485534685,23.169988957667172,20.5,21.5
3248.0,21.16502266717168,21.59745182359815,5.604739781500889,21.0,0,-0.5974518235981492,21.485435574044956,20.5,21.5
3249.0,21.161910610594546,21.67166015660204,5.603075919888992,21.0,0,-0.6716601566020408,22.413743486640957,20.5,21.5
3250.0,21.158798843656406,21.603614397341165,5.601411599008546,21.0,0,-0.6036143973411647,20.923156804732404,20.5,21.5
3251.0,21.155687366207477,21.53476408671242,5.599746820127007,21.0,0,-0.5347640867124213,20.846260980424987,20.5,21.5
3252.0,21.15257617809826,21.369870099745263,5.598081584512174,21.0,1,-0.3698700997452633,19.720930230073684,20.5,21.5
3253.0,21.169465279179544,21.426172755132608,5.596415893432197,21.0,0,-0.4261727551326082,21.989199309006057,20.5,21.5
3254.0,21.166350669302396,21.411439793623806,5.5947497481555715,21.0,0,-0.41143979362380634,21.264110178535788,20.5,21.5
3255.0,21.16323634911817,21.369693882671818,5.593083149951142,21.0,0,-0.36969388267181813,20.952234773151936,20.5,21.5
3256.0,21.160122318478336,21.440006322862274,5.591416100088093,21.0,0,-0.44000632286227415,22.143130724766834,20.5,21.5
3257.0,21.15700857723466,21.488133554130712,5.589748599835958,21.0,0,-0.48813355413071235,21.969405866815094,20.5,21.5
3258.0,21.15389512523918,21.483482701439847,5.588080650464608,21.0,0,-0.48348270143984706,21.436974174531194,20.5,21.5
3259.0,21.150781962344226,21.478497340029453,5.586412253244261,21.0,0,-0.47849734002945254,21.428643725925507,20.5,21.5
3260.0,21.147669088402406,21.537010576660233,5.5847434094454735,21.0,0,-0.5370105766602329,22.122142942968036,20.5,21.5
3261.0,21.144556503266614,21.494083611027726,5.583074120339143,21.0,0,-0.494083611027726,21.064813954702657,20.5,21.5
3262.0,21.141444206790027,21.39697372410528,5.581404387196506,21.0,1,-0.39697372410527976,20.425874854880817,20.5,21.5
3263.0,21.15833219882611,21.355043383517675,5.579734211289136,21.0,1,-0.3550433835176747,20.935739977641624,20.5,21.5
3264.0,21.175216479228602,21.410357792749853,5.578063593888944,21.0,0,-0.41035779274985273,21.963501885071633,20.5,21.5
3265.0,21.172097048651533,21.359239355897735,5.5763925362681785,21.0,0,-0.3592393558977349,20.848054987376557,20.5,21.5
3266.0,21.168977907749056,21.405520639114183,5.5747210396994245,21.0,0,-0.405520639114183,21.868333471278664,20.5,21.5
3267.0,21.165859056375446,21.489107618301627,5.573049105455596,21.0,0,-0.4891076183016274,22.32497741017607,20.5,21.5
3268.0,21.16274049438526,21.512450669860677,5.571376734809948,21.0,0,-0.5124506698606766,21.745881185451168,20.5,21.5
3269.0,21.159622221633345,21.445202199555062,5.569703929036059,21.0,0,-0.44520219955506235,20.77271749649892,20.5,21.5
3270.0,21.156504237974826,21.480916156171183,5.568030689407845,21.0,0,-0.4809161561711832,21.838055722332392,20.5,21.5
3271.0,21.15338654326511,21.427357910345002,5.566357017199552,21.0,0,-0.4273579103450018,20.891775452083188,20.5,21.5
3272.0,21.150269137359896,21.426783558510415,5.564682913685753,21.0,0,-0.42678355851041516,21.42104004016455,20.5,21.5
3273.0,21.14715202011516,21.43379643904807,5.563008380141352,21.0,0,-0.43379643904806997,21.503925244424618,20.5,21.5
3274.0,21.144035191387168,21.413257367223814,5.561333417841576,21.0,0,-0.4132573672238138,21.207866648981252,20.5,21.5
3275.0,21.140918651032457,21.431575851569967,5.5596580280619845,21.0,0,-0.43157585156996703,21.6147606950315,20.5,21.5
3276.0,21.137802398907862,21.500743518613582,5.557982212078459,21.0,0,-0.5007435186135822,22.192420189049734,20.5,21.5
3277.0,21.134686434870495,21.52056467753281,5.556305971167205,21.0,0,-0.5205646775328105,21.718776266725094,20.5,21.5
3278.0,21.131570758777755,21.492239472858063,5.554629306604755,21.0,0,-0.49223947285806346,21.208987426110593,20.5,21.5
3279.0,21.12845537048732,21.447348744549355,5.552952219667962,21.0,0,-0.44734874454935536,20.998441461462274,20.5,21.5
3280.0,21.125340269857155,21.489559166624964,5.551274711633998,21.0,0,-0.48955916662496435,21.911663387381054,20.5,21.5
3281.0,21.12222545674551,21.407338873761876,5.549596783780362,21.0,0,-0.4073388737618764,20.585135945130997,20.5,21.5
3282.0,21.11911093101092,21.352782021611606,5.547918437384865,21.0,0,-0.3527820216116062,20.807213500108904,20.5,21.5
3283.0,21.115996692512194,21.368155677886,5.546239673725643,21.0,0,-0.36815567788600134,21.521892240629953,20.5,21.5
3284.0,21.112882741108436,21.46216492769033,5.544560494081149,21.0,0,-0.46216492769033124,22.40225742573363,20.5,21.5
3285.0,21.10976907665903,21.473037913692803,5.542880899730149,21.0,0,-0.4730379136928029,21.58176777371752,20.5,21.5
3286.0,21.106655699023644,21.486166424865683,5.541200891951728,21.0,0,-0.48616642486568296,21.617451536594483,20.5,21.5
3287.0,21.10354260806223,21.5029687715616,5.539520472025284,21.0,0,-0.5029687715616014,21.670992238520785,20.5,21.5
3288.0,21.100429803635024,21.39388809807712,5.537839641230532,21.0,1,-0.3938880980771202,20.30308136323231,20.5,21.5
3289.0,21.117317285602542,21.413388374626976,5.536158400847496,21.0,0,-0.413388374626976,21.608391140125534,20.5,21.5
3290.0,21.114201053825592,21.26731855940199,5.534476752156514,21.0,1,-0.2673185594019891,19.80662040715212,20.5,21.5
3291.0,21.13108510896526,21.29591042068799,5.532794696438235,21.0,0,-0.29591042068798856,21.581829033547983,20.5,21.5
3292.0,21.127965450882755,21.269256903050916,5.531112234973618,21.0,0,-0.2692569030509162,21.002721726680193,20.5,21.5
3293.0,21.12484608023957,21.328811394008845,5.529429369043929,21.0,0,-0.32881139400884507,21.924356303588134,20.5,21.5
3294.0,21.121726996897333,21.23479932736011,5.527746099930746,21.0,1,-0.23479932736011122,20.294678660872773,20.5,21.5
3295.0,21.13860820071794,21.298065639858688,5.52606242891595,21.0,0,-0.29806563985868806,21.930728764844456,20.5,21.5
3296.0,21.13548569156358,21.205817248307063,5.52437835728173,21.0,1,-0.2058172483070635,20.283333332790818,20.5,21.5
3297.0,21.152363470096724,21.172240055192432,5.522693886310579,21.0,1,-0.17224005519243235,20.83646812404612,20.5,21.5
3298.0,21.169237536179967,21.15309452702524,5.521009017285297,21.0,1,-0.15309452702523885,20.961639245353304,20.5,21.5
3299.0,21.186107890476187,21.194605134505327,5.519323751488983,21.0,0,-0.19460513450532702,21.60971120930621,20.5,21.5
3300.0,21.18297453364839,21.29457390210506,5.5176380902050415,21.0,0,-0.2945739021050606,22.294261578102397,20.5,21.5
3301.0,21.1798414663597,21.373160484603037,5.515952034717177,21.0,0,-0.3731604846030372,22.159026309582803,20.5,21.5
3302.0,21.176708688473372,21.461275305202935,5.514265586309393,21.0,0,-0.46127530520293547,22.34242351120192,20.5,21.5
3303.0,21.17357619985294,21.5263762480882,5.512578746265993,21.0,0,-0.5263762480882015,22.17738567694086,20.5,21.5
3304.0,21.17044400036222,21.53578508462018,5.510891515871581,21.0,0,-0.5357850846201799,21.629873449939964,20.5,21.5
3305.0,21.167312089865323,21.466604777029666,5.509203896411055,21.0,0,-0.46660477702966574,20.774801701124524,20.5,21.5
3306.0,21.164180468226633,21.428808325101095,5.507515889169611,21.0,0,-0.42880832510109457,21.050843805815383,20.5,21.5
3307.0,21.161049135310822,21.449753454265284,5.50582749543274,21.0,0,-0.44975345426528435,21.659204745907182,20.5,21.5
3308.0,21.157918090982847,21.470340285811442,5.504138716486228,21.0,0,-0.47034028581144227,21.67620860127302,20.5,21.5
3309.0,21.154787335107947,21.44898475773264,5.5024495536161515,21.0,0,-0.4489847577326387,21.235429476944603,20.5,21.5
3310.0,21.151656867551647,21.446300712983778,5.500760008108883,21.0,0,-0.4463007129837777,21.419460265495168,20.5,21.5
3311.0,21.148526688179757,21.446565570557016,5.499070081251085,21.0,0,-0.4465655705570164,21.449214146289403,20.5,21.5
3312.0,21.14539679685837,21.33393722480936,5.49737977432971,21.0,1,-0.33393722480936106,20.207653767332808,20.5,21.5
3313.0,21.162267193453864,21.32301582340471,5.495689088632,21.0,1,-0.3230158234047096,21.213801809358195,20.5,21.5
3314.0,21.1791338778329,21.37466012532583,5.493998025445486,21.0,0,-0.3746601253258284,21.891103144537016,20.5,21.5
3315.0,21.175996850662422,21.422460977666816,5.492306586057986,21.0,0,-0.422460977666816,21.900469501076692,20.5,21.5
3316.0,21.172860112609502,21.455233717007786,5.490614771757604,21.0,0,-0.45523371700778625,21.78296111041749,20.5,21.5
3317.0,21.169723663541333,21.55161348512883,5.488922583832734,21.0,0,-0.5516134851288292,22.51541116633926,20.5,21.5
3318.0,21.166587503325392,21.51780740738765,5.487230023572046,21.0,0,-0.5178074073876502,21.17974662997586,20.5,21.5
3319.0,21.163451631829442,21.458517004540802,5.485537092264499,21.0,0,-0.458517004540802,20.86561297607232,20.5,21.5
3320.0,21.16031604892153,21.491318180694226,5.483843791199336,21.0,0,-0.4913181806942255,21.81932994222846,20.5,21.5
3321.0,21.157180754469984,21.554432204128542,5.482150121666077,21.0,0,-0.5544322041285419,22.185572438471706,20.5,21.5
3322.0,21.154045748343425,21.617367194855117,5.480456084954528,21.0,0,-0.6173671948551167,22.246717102120865,20.5,21.5
3323.0,21.150911030410747,21.59104019124731,5.478761682354769,21.0,0,-0.5910401912473091,21.327770155169233,20.5,21.5
3324.0,21.147776600541135,21.65597828521269,5.477066915157162,21.0,0,-0.6559782852126901,22.3053592248665,20.5,21.5
3325.0,21.144642458604057,21.592186607277036,5.475371784652347,21.0,0,-0.5921866072770356,20.95426982792049,20.5,21.5
3326.0,21.141508604469266,21.5665658897837,5.473676292131238,21.0,0,-0.5665658897836998,21.31035871485034,20.5,21.5
3327.0,21.1383750380068,21.483762558328372,5.471980438885026,21.0,0,-0.48376255832837245,20.6557292437751,20.5,21.5
3328.0,21.135241759086973,21.53783759734629,5.47028422620518,21.0,0,-0.5378375973462894,22.07858798752546,20.5,21.5
3329.0,21.132108767580398,21.526538767008297,5.468587655383438,21.0,0,-0.5265387670082973,21.413550463628376,20.5,21.5
3330.0,21.128976063357957,21.481999432464384,5.466890727711811,21.0,0,-0.48199943246438437,21.036606087025255,20.5,21.5
3331.0,21.12584364629083,21.480732135585196,5.465193444482585,21.0,0,-0.4807321355851961,21.468059166793314,20.5,21.5
3332.0,21.122711516250465,21.42401833797343,5.463495806988314,21.0,0,-0.424018337973429,20.856880361855758,20.5,21.5
3333.0,21.119579673108614,21.458606964929555,5.461797816521824,21.0,0,-0.45860696492955455,21.80449323449081,20.5,21.5
3334.0,21.116448116737295,21.33488093565085,5.460099474376209,21.0,1,-0.3348809356508511,20.097620642863816,20.5,21.5
3335.0,21.133316847008825,21.361206915735345,5.458400781844829,21.0,0,-0.3612069157353446,21.62446671658028,20.5,21.5
3336.0,21.13018186379579,21.373240234743722,5.456701740221312,21.0,0,-0.37324023474372225,21.4935734248275,20.5,21.5
3337.0,21.127047167771074,21.402794614039028,5.455002350799552,21.0,0,-0.4027946140390277,21.698338406992082,20.5,21.5
3338.0,21.12391275880768,21.302142830761227,5.45330261487371,21.0,1,-0.30214283076122683,20.295624997983218,20.5,21.5
3339.0,21.140778636778894,21.399398756461967,5.451602533738207,21.0,0,-0.39939875646196654,22.371958013469364,20.5,21.5
3340.0,21.137640801558284,21.425721779054292,5.449902108687731,21.0,0,-0.4257217790542924,21.68895200497755,20.5,21.5
3341.0,21.13450325381971,21.360137422532137,5.448201341017226,21.0,0,-0.3601374225321372,20.704293857310585,20.5,21.5
3342.0,21.13136599343715,21.380821592863363,5.4465002320219025,21.0,0,-0.3808215928633629,21.58766329617562,20.5,21.5
3343.0,21.128229020284866,21.418732260660427,5.44479878299723,21.0,0,-0.4187322606604269,21.797838938631067,20.5,21.5
3344.0,21.125092334237408,21.451438496555618,5.4430969952389345,21.0,0,-0.4514384965556175,21.778500855507524,20.5,21.5
3345.0,21.12195593516961,21.36821492186856,5.441394870043003,21.0,0,-0.3682149218685602,20.535979174997987,20.5,21.5
3346.0,21.118819822956585,21.416496390039505,5.4396924087056755,21.0,0,-0.4164963900395051,21.899311071748954,20.5,21.5
3347.0,21.115683997473734,21.39784109684882,5.4379896125234515,21.0,0,-0.3978410968488184,21.21128816494195,20.5,21.5
3348.0,21.112548458596745,21.414107239831004,5.4362864827930855,21.0,0,-0.4141072398310044,21.576768669652864,20.5,21.5
3349.0,21.109413206201584,21.333815090437152,5.434583020811583,21.0,0,-0.3338150904371524,20.530893596498633,20.5,21.5
3350.0,21.106278240164507,21.41034482068658,5.432879227876206,21.0,0,-0.4103448206865785,22.17564212318084,20.5,21.5
3351.0,21.10314356036205,21.38872419192524,5.431175105284466,21.0,0,-0.38872419192524177,21.172517904311874,20.5,21.5
3352.0,21.100009166671033,21.38160017930229,5.429470654334127,21.0,0,-0.3816001793022892,21.310360053072763,20.5,21.5
3353.0,21.096875058968564,21.332533764284328,5.4277658763232015,21.0,0,-0.332533764284328,20.841869614104716,20.5,21.5
3354.0,21.093741237132036,21.324586711529037,5.4260607725499534,21.0,0,-0.3245867115290366,21.245116183976123,20.5,21.5
3355.0,21.09060770103912,21.320828592364624,5.424355344312892,21.0,0,-0.3208285923646237,21.283247400720494,20.5,21.5
3356.0,21.087474450567772,21.279629485289384,5.422649592910778,21.0,0,-0.2796294852893837,20.867638414536984,20.5,21.5
3357.0,21.08434148559624,21.198108116775387,5.420943519642612,21.0,1,-0.1981081167753871,20.38289443163542,20.5,21.5
3358.0,21.10120880600305,21.21630598980598,5.419237125807644,21.0,1,-0.21630598980598137,21.398284720111924,20.5,21.5
3359.0,21.11807241166701,21.25406278814655,5.417530412705367,21.0,0,-0.25406278814654826,21.631630771552217,20.5,21.5
3360.0,21.11493230326722,21.22022456319155,5.415823381635518,21.0,0,-0.22022456319155026,20.88184231364157,20.5,21.5
3361.0,21.111792481482894,21.282866534390646,5.414116033898076,21.0,0,-0.2828665343906458,21.9092862463816,20.5,21.5
3362.0,21.108652946193377,21.430230501386323,5.412408370793259,21.0,0,-0.4302305013863226,22.90387017134309,20.5,21.5
3363.0,21.105513697278298,21.42359600875841,5.410700393621528,21.0,0,-0.42359600875840897,21.357251082479273,20.5,21.5
3364.0,21.102374734617566,21.34667891682446,5.408992103683581,21.0,0,-0.34667891682445884,20.577507997484958,20.5,21.5
3365.0,21.09923605809138,21.43592508949275,5.407283502280355,21.0,0,-0.43592508949274844,22.328386816175644,20.5,21.5
3366.0,21.096097667580217,21.428876793501296,5.405574590713025,21.0,0,-0.4288767935012956,21.358393833586767,20.5,21.5
3367.0,21.092959562964843,21.38497046965261,5.403865370283002,21.0,0,-0.38497046965261106,20.945907231165766,20.5,21.5
3368.0,21.089821744126308,21.432416376178015,5.40215584229193,21.0,0,-0.43241637617801487,21.906875441432053,20.5,21.5
3369.0,21.08668421094594,21.411755205818583,5.40044600804169,21.0,0,-0.41175520581858294,21.205143502224264,20.5,21.5
3370.0,21.08354696330536,21.348380408936677,5.398735868834395,21.0,0,-0.3483804089366771,20.71463244011762,20.5,21.5
3371.0,21.080410001086467,21.310425463633322,5.39702542597239,21.0,0,-0.31042546363332235,20.930876010599775,20.5,21.5
3372.0,21.077273324171443,21.317449211401588,5.3953146807582515,21.0,0,-0.31744921140158766,21.38768668908424,20.5,21.5
3373.0,21.074136932442762,21.35126822616051,5.393603634494789,21.0,0,-0.35126822616051,21.689458373749734,20.5,21.5
3374.0,21.071000825783173,21.406125988523694,5.391892288485036,21.0,0,-0.4061259885236943,21.954703612155537,20.5,21.5
3375.0,21.067865004075713,21.456403582076945,5.390180644032256,21.0,0,-0.45640358207694476,21.95917951760945,20.5,21.5
3376.0,21.064729467203705,21.493511326781753,5.388468702439944,21.0,0,-0.49351132678175347,21.86458877382984,20.5,21.5
3377.0,21.061594215050754,21.45862940238874,5.386756465011816,21.0,0,-0.45862940238874117,21.109810158458618,20.5,21.5
3378.0,21.058459247500746,21.41933897932368,5.385043933051816,21.0,0,-0.4193389793236797,21.026434748673065,20.5,21.5
3379.0,21.055324564437857,21.423283465509712,5.38333110786411,21.0,0,-0.4232834655097122,21.462728327370037,20.5,21.5
3380.0,21.05219016574654,21.46678786718072,5.38161799075309,21.0,0,-0.4667878671807202,21.9018318838908,20.5,21.5
3381.0,21.049056051311542,21.461246423351312,5.37990458302337,21.0,0,-0.4612464233513123,21.405831985057233,20.5,21.5
3382.0,21.045922221017886,21.464612153438203,5.378190885979782,21.0,0,-0.4646121534382033,21.498269454307113,20.5,21.5
3383.0,21.042788674750877,21.423257345883947,5.3764769009273845,21.0,0,-0.4232573458839468,21.009709270341382,20.5,21.5
3384.0,21.03965541239611,21.406736631345943,5.37476262917145,21.0,0,-0.40673663134594307,21.241529485965906,20.5,21.5
3385.0,21.036522433839465,21.279186872585385,5.373048072017469,21.0,1,-0.27918687258538455,20.0036892849798,20.5,21.5
3386.0,21.053389738967102,21.243751681015237,5.371333230771154,21.0,1,-0.2437516810152367,20.889399765313758,20.5,21.5
3387.0,21.070253327665462,21.256477579135314,5.369618106738431,21.0,1,-0.2564775791353142,21.38373656033609,20.5,21.5
3388.0,21.08711320062128,21.339800490190072,5.367902701225439,21.0,0,-0.33980049019007197,22.17302960073765,20.5,21.5
3389.0,21.0839693585214,21.47767144639161,5.366187015538539,21.0,0,-0.47767144639161074,22.856381008407,20.5,21.5
3390.0,21.080825802052804,21.45914652342072,5.364471050984296,21.0,0,-0.4591465234207206,21.27389729371182,20.5,21.5
3391.0,21.07768253110259,21.46481186953244,5.362754808869492,21.0,0,-0.4648118695324399,21.521465330649633,20.5,21.5
3392.0,21.074539545558142,21.523945738583535,5.36103829050112,21.0,0,-0.5239457385835351,22.115284429094487,20.5,21.5
3393.0,21.07139684530713,21.477512429391663,5.359321497186385,21.0,0,-0.4775124293916626,21.013179337472938,20.5,21.5
3394.0,21.068254430237506,21.397748693490826,5.3576044302326995,21.0,0,-0.39774869349082564,20.600111334482456,20.5,21.5
3395.0,21.065112300237505,21.40099686604243,5.355887090947684,21.0,0,-0.4009968660424299,21.433478591558472,20.5,21.5
3396.0,21.06197045519565,21.409374902994717,5.354169480639166,21.0,0,-0.4093749029947169,21.493155272517587,20.5,21.5
3397.0,21.058828895000737,21.431706136982662,5.352451600615184,21.0,0,-0.4317061369826618,21.65501847686211,20.5,21.5
3398.0,21.05568761954186,21.399760915356588,5.350733452183974,21.0,0,-0.39976091535658753,21.080308699095845,20.5,21.5
3399.0,21.052546628708388,21.34651293491755,5.3490150366539835,21.0,0,-0.3465129349175484,20.814033130527157,20.5,21.5
3400.0,21.049405922389976,21.385806639135723,5.347296355333861,21.0,0,-0.38580663913572266,21.778743681317465,20.5,21.5
3401.0,21.046265500476565,21.402873957092662,5.3455774095324555,21.0,0,-0.4028739570926625,21.57354713666206,20.5,21.5
3402.0,21.043125362858376,21.33885506359254,5.343858200558819,21.0,0,-0.3388550635925398,20.698666128591313,20.5,21.5
3403.0,21.039985509425915,21.350295157763064,5.342138729722206,21.0,0,-0.35029515776306397,21.464696099468306,20.5,21.5
3404.0,21.036845940069973,21.392470583892695,5.340418998332066,21.0,0,-0.3924705838926954,21.81422484518901,20.5,21.5
3405.0,21.033706654681627,21.376322564843463,5.3386990076980485,21.0,0,-0.3763225648434627,21.214842374351136,20.5,21.5
3406.0,21.03056765315223,21.35172167186015,5.336978759130005,21.0,0,-0.351721671860151,21.105712742027034,20.5,21.5
3407.0,21.027428935373425,21.31665324081804,5.335258253937978,21.0,0,-0.3166532408180416,20.965968930396947,20.5,21.5
3408.0,21.02429050123714,21.292202992084725,5.333537493432204,21.0,0,-0.2922029920847251,21.04770050475156,20.5,21.5
3409.0,21.021152350635578,21.31291883264017,5.3318164789231215,21.0,0,-0.31291883264017173,21.520077238194638,20.5,21.5
3410.0,21.018014483461236,21.201290104682784,5.330095211721355,21.0,1,-0.20129010468278352,20.0850028251089,20.5,21.5
3411.0,21.03487689960689,21.146717994585742,5.328373693137727,21.0,1,-0.14671799458574242,20.60099689361533,20.5,21.5
3412.0,21.051735598965596,21.181722610836157,5.326651924483245,21.0,0,-0.18172261083615737,21.531768773340307,20.5,21.5
3413.0,21.0485905822307,21.28809698401014,5.324929907069113,21.0,0,-0.2880969840101386,22.35184071574995,20.5,21.5
3414.0,21.045445850095668,21.242592663137913,5.3232076422067225,21.0,0,-0.24259266313791272,20.787549454415654,20.5,21.5
3415.0,21.04230140245409,21.33274648901475,5.321485131207652,21.0,0,-0.3327464890147489,22.23428474778311,20.5,21.5
3416.0,21.03915723919984,21.434684579752663,5.31976237538367,21.0,0,-0.4346845797526626,22.4540654871318,20.5,21.5
3417.0,21.036013360227077,21.42877847052354,5.3180393760467295,21.0,0,-0.42877847052353957,21.36971737823231,20.5,21.5
3418.0,21.03286976543024,21.409861335026914,5.316316134508967,21.0,0,-0.409861335026914,21.22068998006066,20.5,21.5
3419.0,21.029726454704058,21.416415889860254,5.314592652082709,21.0,0,-0.4164158898602537,21.48196143819365,20.5,21.5
3420.0,21.02658342794353,21.42368213531047,5.312868930080462,21.0,0,-0.4236821353104716,21.49634458981265,20.5,21.5
3421.0,21.02344068504396,21.39840697265152,5.311144969814913,21.0,0,-0.3984069726515216,21.14565534606202,20.5,21.5
3422.0,21.020298225900913,21.37394053949374,5.309420772598937,21.0,0,-0.3739405394937414,21.12927620791594,20.5,21.5
3423.0,21.017156050410254,21.341732123664706,5.307696339745581,21.0,0,-0.3417321236647055,21.019647965374347,20.5,21.5
3424.0,21.01401415846812,21.343595733971245,5.305971672568077,21.0,0,-0.3435957339712452,21.362231837036642,20.5,21.5
3425.0,21.01087254997094,21.34479473467222,5.304246772379833,21.0,0,-0.3447947346722202,21.35678474168197,20.5,21.5
3426.0,21.007731224815423,21.349152834832275,5.302521640494438,21.0,0,-0.34915283483227455,21.392733836432818,20.5,21.5
3427.0,21.004590182898557,21.372707655095603,5.300796278225654,21.0,0,-0.3727076550956028,21.608255857728885,20.5,21.5
3428.0,21.001449424117624,21.360186830489408,5.299070686887419,21.0,0,-0.3601868304894076,21.234978584427456,20.5,21.5
3429.0,20.998308948370177,21.384845389437295,5.297344867793846,21.0,0,-0.3848453894372952,21.63143097891617,20.5,21.5
3430.0,20.99516875555406,21.400978988362898,5.295618822259222,21.0,0,-0.4009789883628976,21.56231497761892,20.5,21.5
3431.0,20.992028845567404,21.301547517686892,5.293892551598003,21.0,1,-0.3015475176868918,20.307232810926834,20.5,21.5
3432.0,21.00888921830861,21.29931999100788,5.292166057124823,21.0,1,-0.29931999100788076,21.27704472421777,20.5,21.5
3433.0,21.025745873676374,21.249746226277797,5.290439340154482,21.0,1,-0.24974622627779652,20.754008578976954,20.5,21.5
3434.0,21.04259881236967,21.249135074529,5.288712402001948,21.0,1,-0.24913507452900063,21.24302355704104,20.5,21.5
3435.0,21.059448035087595,21.304738318631514,5.286985243982358,21.0,0,-0.30473831863151446,21.860770759656653,20.5,21.5
3436.0,21.056293542529374,21.43306997215094,5.2852578674110235,21.0,0,-0.433069972150939,22.716386507345184,20.5,21.5
3437.0,21.053139335394352,21.41708293140299,5.2835302736034135,21.0,0,-0.4170829314029909,21.25721252392351,20.5,21.5
3438.0,21.049985413581993,21.434227591642536,5.281802463875165,21.0,0,-0.43422759164253577,21.605674194037984,20.5,21.5
3439.0,21.04683177699205,21.41656473668479,5.2800744395420836,21.0,0,-0.41656473668479066,21.23993618710734,20.5,21.5
3440.0,21.04367842552456,21.35121244589802,5.278346201920131,21.0,0,-0.35121244589802103,20.697689538030325,20.5,21.5
3441.0,21.04052535907984,21.306229361688985,5.276617752325437,21.0,0,-0.3062293616889846,20.85639851959862,20.5,21.5
3442.0,21.03737257755849,21.348294617520274,5.274889092074293,21.0,0,-0.34829461752027413,21.76894717583317,20.5,21.5
3443.0,21.03422008086139,21.36018792562025,5.273160222483147,21.0,0,-0.3601879256202487,21.479121006619994,20.5,21.5
3444.0,21.031067868889718,21.39475748532095,5.27143114486861,21.0,0,-0.3947574853209517,21.74045308232798,20.5,21.5
3445.0,21.027915941544915,21.404336148469582,5.269701860547446,21.0,0,-0.4043361484695822,21.500122779955888,20.5,21.5
3446.0,21.024764298728716,21.378233294516498,5.267972370836585,21.0,0,-0.3782332945164981,21.117204754985657,20.5,21.5
3447.0,21.021612940343136,21.387838305100082,5.266242677053105,21.0,0,-0.38783830510008244,21.483888410935926,20.5,21.5
3448.0,21.01846186629048,21.349401695642165,5.264512780514244,21.0,0,-0.3494016956421646,20.965035601062986,20.5,21.5
3449.0,21.015311076473324,21.281234179727374,5.262782682537396,21.0,0,-0.28123417972737386,20.599559020579466,20.5,21.5
3450.0,21.01216057079454,21.232564913302994,5.261052384440104,21.0,0,-0.23256491330299411,20.745872249059197,20.5,21.5
3451.0,21.00901034915727,21.208092496629813,5.259321887540064,21.0,0,-0.20809249662981344,20.963368329898007,20.5,21.5
3452.0,21.005860411464944,21.197328579556512,5.257591193155125,21.0,0,-0.19732857955651184,21.089689408823496,20.5,21.5
3453.0,21.002710757621283,21.185692718305802,5.255860302603288,21.0,0,-0.18569271830580192,21.069334105798703,20.5,21.5
3454.0,20.99956138753028,21.219989577795378,5.2541292172027,21.0,0,-0.21998957779537776,21.562958172691136,20.5,21.5
3455.0,20.996412301096218,21.26142061047436,5.25239793827166,21.0,0,-0.26142061047436016,21.675730937264184,20.5,21.5
3456.0,20.99326349822365,21.318359129359546,5.250666467128609,21.0,0,-0.31835912935954624,21.887744318211407,20.5,21.5
3457.0,20.99011497881743,21.305505371670723,5.248934805092139,21.0,0,-0.3055053716707228,21.176967794782488,20.5,21.5
3458.0,20.986966742782684,21.38769664547653,5.247202953480985,21.0,0,-0.38769664547653093,22.209609383534612,20.5,21.5
3459.0,20.983818790024824,21.321284450922718,5.24547091361403,21.0,0,-0.3212844509227182,20.65716250538459,20.5,21.5
3460.0,20.980671120449543,21.31251171219774,5.243738686810295,21.0,0,-0.31251171219773966,21.224784324947954,20.5,21.5
3461.0,20.977523733962816,21.270797115421598,5.242006274388948,21.0,0,-0.27079711542159757,20.853651147660177,20.5,21.5
3462.0,20.9743766304709,21.223455827400187,5.240273677669294,21.0,0,-0.223455827400187,20.75004294718608,20.5,21.5
3463.0,20.971229809880338,21.138604346590675,5.2385408979707835,21.0,1,-0.13860434659067522,20.290089538495558,20.5,21.5
3464.0,20.988083272097956,21.229542720916548,5.236807936613001,21.0,0,-0.22954272091654815,22.138926464175277,20.5,21.5
3465.0,20.98493301703086,21.251697397471858,5.2350747949156755,21.0,0,-0.25169739747185815,21.473244163024958,20.5,21.5
3466.0,20.981783045386436,21.276933495687217,5.233341474198667,21.0,0,-0.27693349568721715,21.529294477840807,20.5,21.5
3467.0,20.978633357072198,21.29398622187607,5.231607975781975,21.0,0,-0.2939862218760716,21.464513483764616,20.5,21.5
3468.0,20.97548395199594,21.316495157322407,5.229874300985733,21.0,0,-0.3164951573224073,21.541584511785764,20.5,21.5
3469.0,20.972334830065737,21.298698108215454,5.228140451130212,21.0,0,-0.2986981082154543,21.120727617145924,20.5,21.5
3470.0,20.96918599118995,21.25151397915072,5.226406427535814,21.0,0,-0.2515139791507188,20.779672688503364,20.5,21.5
3471.0,20.96603743527722,21.229196440557285,5.224672231523071,21.0,0,-0.22919644055728483,21.006021054622945,20.5,21.5
3472.0,20.96288916223647,21.23158933306814,5.222937864412652,21.0,0,-0.23158933306813978,21.25551825817669,20.5,21.5
3473.0,20.959741171976905,21.191489007475234,5.22120332752535,21.0,0,-0.19148900747523356,20.79048575154617,20.5,21.5
3474.0,20.956593464408016,21.171549048763787,5.219468622182091,21.0,0,-0.17154904876378652,20.972149461649316,20.5,21.5
3475.0,20.95344603943957,21.166243181866555,5.217733749703929,21.0,0,-0.1662431818665553,21.113184512894243,20.5,21.5
3476.0,20.95029889698162,21.114945148419185,5.215998711412046,21.0,0,-0.11494514841918502,20.601964813945482,20.5,21.5
3477.0,20.94715203694451,21.20141884607195,5.214263508627749,21.0,0,-0.20141884607194882,22.066155822599587,20.5,21.5
3478.0,20.944005459238845,21.27260633205815,5.212528142672467,21.0,0,-0.27260633205814955,21.984481191920157,20.5,21.5
3479.0,20.94085916377553,21.326454862076094,5.21079261486776,21.0,0,-0.3264548620760941,21.86494016225554,20.5,21.5
3480.0,20.93771315046575,21.458489390260745,5.2090569265353075,21.0,0,-0.45848939026074476,22.77883467210725,20.5,21.5
3481.0,20.934567419220965,21.51958643154234,5.207321078996911,21.0,0,-0.51958643154234,22.130556844358292,20.5,21.5
3482.0,20.931421969952922,21.443479583890575,5.205585073574493,21.0,0,-0.44347958389057496,20.682411107372925,20.5,21.5
3483.0,20.928276802573645,21.422340201293895,5.203848911590101,21.0,0,-0.4223402012938955,21.2109463753271,20.5,21.5
3484.0,20.925131916995447,21.37029293024209,5.202112594365893,21.0,0,-0.37029293024209053,20.84982021972404,20.5,21.5
3485.0,20.92198731313092,21.249927381053865,5.200376123224153,21.0,1,-0.24992738105386536,20.046271889171614,20.5,21.5
3486.0,20.93884299089294,21.23359549140271,5.198639499487278,21.0,1,-0.23359549140270985,21.070276594891155,20.5,21.5
3487.0,20.95569495019466,21.217493262215697,5.196902724477783,21.0,1,-0.2174932622156973,21.056470970345572,20.5,21.5
3488.0,20.972543191749516,21.198041496412635,5.1951657995183,21.0,1,-0.19804149641263535,21.003523838382016,20.5,21.5
3489.0,20.989387716271068,21.172792206574048,5.193428725931569,21.0,1,-0.17279220657404792,20.920299308188174,20.5,21.5
3490.0,21.006228524473,21.189511677454693,5.191691505040449,21.0,1,-0.18951167745469277,21.35670638626114,20.5,21.5
3491.0,21.02306561706911,21.231995628377554,5.189954138167908,21.0,0,-0.23199562837755394,21.656835137606166,20.5,21.5
3492.0,21.01989899477333,21.254056806857108,5.188216626637029,21.0,0,-0.25405680685710763,21.474668591652645,20.5,21.5
3493.0,21.016732658299706,21.264997467988604,5.186478971771001,21.0,0,-0.2649974679886036,21.374404079303563,20.5,21.5
3494.0,21.0135666075624,21.28542853321732,5.184741174893124,21.0,0,-0.28542853321732053,21.48973918550449,20.5,21.5
3495.0,21.010400842475864,21.31397116703737,5.183003237326806,21.0,0,-0.31397116703736927,21.599397505237857,20.5,21.5
3496.0,21.007235362954834,21.31114825799427,5.181265160395561,21.0,0,-0.3111482579942688,21.282919167563264,20.5,21.5
3497.0,21.00407016891432,21.341027009471183,5.179526945423011,21.0,0,-0.34102700947118336,21.63981452424033,20.5,21.5
3498.0,21.000905260269622,21.42242083939338,5.177788593732883,21.0,0,-0.4224208393933786,22.23635913861533,20.5,21.5
3499.0,20.997740636936314,21.388626118612127,5.176050106649008,21.0,0,-0.3886261186121267,21.050678910799608,20.5,21.5
3500.0,20.994576298830257,21.436740507659106,5.174311485495317,21.0,0,-0.4367405076591062,21.9178843981289,20.5,21.5
3501.0,20.99141224586759,21.489055100639696,5.172572731595847,21.0,0,-0.48905510063969615,22.012201030445596,20.5,21.5
3502.0,20.988248477964735,21.479317286816844,5.170833846274736,21.0,0,-0.47931728681684405,21.381939148588323,20.5,21.5
3503.0,20.985084995038395,21.423226655721656,5.169094830856218,21.0,0,-0.4232266557216562,20.862320344769778,20.5,21.5
3504.0,20.98192179700556,21.485279106521986,5.167355686664631,21.0,0,-0.48527910652198614,22.105803614525286,20.5,21.5
3505.0,20.97875888378349,21.467769830067045,5.1656164150244095,21.0,0,-0.467769830067045,21.292677065517633,20.5,21.5
3506.0,20.97559625528974,21.417479267057434,5.1638770172600825,21.0,0,-0.4174792670574341,20.914573636961325,20.5,21.5
3507.0,20.972433911442135,21.346189580105488,5.162137494696277,21.0,0,-0.34618958010548795,20.633292710586026,20.5,21.5
3508.0,20.969271852158787,21.405961961174174,5.160397848657718,21.0,0,-0.4059619611741745,22.00368577186104,20.5,21.5
3509.0,20.96611007735809,21.379291472755433,5.158658080469219,21.0,0,-0.3792914727554333,21.11258658856802,20.5,21.5
3510.0,20.96294858695871,21.389987292630067,5.156918191455691,21.0,0,-0.3899872926300674,21.496945491376408,20.5,21.5
3511.0,20.95978738087961,21.366817379490584,5.155178182942132,21.0,0,-0.366817379490584,21.13511824809575,20.5,21.5
3512.0,20.956626459040024,21.359818233332597,5.153438056253638,21.0,0,-0.35981823333259655,21.289826771752722,20.5,21.5
3513.0,20.953465821359465,21.25803342806518,5.151697812715389,21.0,1,-0.25803342806517904,20.240185375391004,20.5,21.5
3514.0,20.970305467757736,21.32511269571213,5.149957453652656,21.0,0,-0.32511269571212864,21.995905372181625,20.5,21.5
3515.0,20.967141398154915,21.31233184988659,5.1482169803907984,21.0,0,-0.3123318498865899,21.184523391631203,20.5,21.5
3516.0,20.96397761327136,21.299959968148375,5.146476394255265,21.0,0,-0.2999599681483751,21.176241150766227,20.5,21.5
3517.0,20.960814113027556,21.283783627993696,5.1447356965715825,21.0,0,-0.28378362799369583,21.122020226446903,20.5,21.5
3518.0,20.957650897344266,21.239301636136748,5.142994888665372,21.0,0,-0.23930163613674793,20.79448171756727,20.5,21.5
3519.0,20.95448796614253,21.189438295739983,5.141253971862334,21.0,0,-0.18943829573998272,20.69080489177233,20.5,21.5
3520.0,20.951325319343674,21.1258106625074,5.13951294748825,21.0,1,-0.12581066250740136,20.489534330181588,20.5,21.5
3521.0,20.968162956869303,21.180688905520714,5.13777181686899,21.0,0,-0.18068890552071437,21.729471335653844,20.5,21.5
3522.0,20.964996878641305,21.2376291722454,5.136030581330497,21.0,0,-0.23762917224539848,21.80703183949224,20.5,21.5
3523.0,20.961831085381842,21.254207194359978,5.134289242198799,21.0,0,-0.25420719435997796,21.419987415505773,20.5,21.5
3524.0,20.958665577013207,21.265610333104057,5.1325478008,21.0,0,-0.2656103331040569,21.379641720544846,20.5,21.5
3525.0,20.955500353457964,21.287254741393312,5.130806258460286,21.0,0,-0.287254741393312,21.503698824285863,20.5,21.5
3526.0,20.952335414638963,21.244878032334054,5.129064616505916,21.0,0,-0.24487803233405359,20.82111094174147,20.5,21.5
3527.0,20.949170760479337,21.313728482991195,5.127322876263226,21.0,0,-0.3137284829911948,22.002232989562607,20.5,21.5
3528.0,20.946006390902493,21.39020942940045,5.125581039058627,21.0,0,-0.3902094294004499,22.155018893493,20.5,21.5
3529.0,20.942842305832123,21.30693218416759,5.123839106218604,21.0,1,-0.3069321841675894,20.474159731838984,20.5,21.5
3530.0,20.9596785051922,21.284339114185382,5.122097079069714,21.0,1,-0.28433911418538216,21.05840841436331,20.5,21.5
3531.0,20.976510988906977,21.26991898536369,5.120354958938587,21.0,1,-0.26991898536369163,21.125717697146786,20.5,21.5
3532.0,20.993339757700983,21.231112145573956,5.118612747151924,21.0,1,-0.23111214557395598,20.8430437476766,20.5,21.5
3533.0,21.010164812298875,21.255080365536614,5.116870445036493,21.0,1,-0.25508036553661384,21.494762565163192,20.5,21.5
3534.0,21.026986153425423,21.347503698268604,5.115128053919134,21.0,0,-0.3475036982686035,22.2717370255885,20.5,21.5
3535.0,21.023803781805523,21.4563832499992,5.113385575126755,21.0,0,-0.4563832499991989,22.545178767305153,20.5,21.5
3536.0,21.020621698164188,21.51162543983921,5.111643009986328,21.0,0,-0.5116254398392108,22.06404733823933,20.5,21.5
3537.0,21.017439902426553,21.518500450453793,5.109900359824891,21.0,0,-0.5185004504537929,21.587250556599614,20.5,21.5
3538.0,21.01425839451803,21.533351970641924,5.108157625969551,21.0,0,-0.5333519706419239,21.681867172523233,20.5,21.5
3539.0,21.01107717436432,21.504198103818254,5.1064148097474735,21.0,0,-0.5041981038182541,21.212659435581557,20.5,21.5
3540.0,21.007896241891398,21.4535708887229,5.1046719124858875,21.0,0,-0.45357088872290063,20.947298737769366,20.5,21.5
3541.0,21.004715597025516,21.389295946584944,5.102928935512089,21.0,0,-0.3892959465849444,20.746546525205382,20.5,21.5
3542.0,21.001535239693215,21.36523373591397,5.101185880153427,21.0,0,-0.36523373591397146,21.124611629204242,20.5,21.5
3543.0,20.998355169821306,21.319718736157135,5.099442747737316,21.0,0,-0.3197187361571352,20.864568738588773,20.5,21.5
3544.0,20.99517538733689,21.38946789610109,5.097699539591227,21.0,0,-0.38946789610108823,22.08695949554062,20.5,21.5
3545.0,20.991995892167342,21.33422009751642,5.095956257042689,21.0,0,-0.33422009751641824,20.78174211166972,20.5,21.5
3546.0,20.988816684240316,21.41888010321598,5.094212901419285,21.0,0,-0.41888010321597946,22.26548016021159,20.5,21.5
3547.0,20.98563776348375,21.352198488966657,5.092469474048659,21.0,0,-0.35219848896665695,20.685382346473432,20.5,21.5
3548.0,20.982459129825866,21.30507866157135,5.090725976258508,21.0,0,-0.30507866157135055,20.833880387618287,20.5,21.5
3549.0,20.979280783195154,21.28320242279803,5.0889824093765785,21.0,0,-0.28320242279803054,21.06444003506483,20.5,21.5
3550.0,20.97610272352039,21.202938396638118,5.087238774730672,21.0,1,-0.20293839663811752,20.400298135038987,20.5,21.5
3551.0,20.992924950730632,21.124033874220476,5.085495073648644,21.0,1,-0.12403387422047629,20.334988650044064,20.5,21.5
3552.0,21.009743464755218,21.156044208687895,5.0837513074583995,21.0,1,-0.15604420868789504,21.476147553362082,20.5,21.5
3553.0,21.026558266323757,21.203690184273917,5.08200747748789,21.0,0,-0.20369018427391694,21.680149940134136,20.5,21.5
3554.0,21.02336935616599,21.182116021966415,5.08026358506512,21.0,0,-0.18211602196641508,20.966374398891396,20.5,21.5
3555.0,21.02018073501177,21.247420481273828,5.078519631518138,21.0,0,-0.24742048127382787,21.900465074347956,20.5,21.5
3556.0,21.01699240279107,21.226714011959405,5.07677561817504,21.0,0,-0.22671401195940533,21.01964931881518,20.5,21.5
3557.0,21.013804359434147,21.217593410386417,5.075031546363969,21.0,0,-0.21759341038641722,21.126387394656536,20.5,21.5
3558.0,21.010616604871533,21.205286619999633,5.073287417413113,21.0,0,-0.20528661999963305,21.08221871613179,20.5,21.5
3559.0,21.00742913903404,21.18373189989445,5.071543232650699,21.0,0,-0.18373189989445038,20.968184698842624,20.5,21.5
3560.0,21.004241961852763,21.169189792204065,5.069798993405002,21.0,0,-0.16918979220406527,21.023768715300214,20.5,21.5
3561.0,21.001055073259074,21.21105482384384,5.0680547010043355,21.0,0,-0.21105482384383834,21.62970514024157,20.5,21.5
3562.0,20.997868473184624,21.295822711025675,5.066310356777053,21.0,0,-0.29582271102567503,22.143501582844042,20.5,21.5
3563.0,20.994682161561343,21.332246743616945,5.064565962051549,21.0,0,-0.3322467436169454,21.69648706952965,20.5,21.5
3564.0,20.99149613832144,21.306749741459697,5.062821518156256,21.0,0,-0.30674974145969713,21.051779719887215,20.5,21.5
3565.0,20.988310403397406,21.489736108413883,5.061077026419646,21.0,0,-0.48973610841388293,23.31959977795574,20.5,21.5
3566.0,20.98512495672201,21.50152249500115,5.059332488170222,21.0,0,-0.5015224950011508,21.61938636087383,20.5,21.5
3567.0,20.9819397982283,21.43259582853546,5.057587904736527,21.0,0,-0.43259582853546164,20.74332916387857,20.5,21.5
3568.0,20.9787549278496,21.429431733337385,5.0558432774471385,21.0,0,-0.4294317333373847,21.397790781356615,20.5,21.5
3569.0,20.975570345519518,21.438569190053286,5.054098607630663,21.0,0,-0.4385691900532862,21.5299437572123,20.5,21.5
3570.0,20.97238605117194,21.290087487800907,5.052353896615746,21.0,1,-0.290087487800907,19.805270465277115,20.5,21.5
3571.0,20.98920204474103,21.2901599336834,5.05060914573106,21.0,1,-0.29015993368340176,21.29088439250835,20.5,21.5
3572.0,21.006014326161228,21.327918120122384,5.048864356305307,21.0,0,-0.3279181201223835,21.7054999845122,20.5,21.5
3573.0,21.002822896167256,21.33988071686004,5.047119529667221,21.0,0,-0.3398807168600406,21.45950668423661,20.5,21.5
3574.0,20.999631755493954,21.341897537215115,5.045374667145563,21.0,0,-0.3418975372151145,21.362065740765853,20.5,21.5
3575.0,20.996440904076284,21.367090173627084,5.043629770069122,21.0,0,-0.3670901736270835,21.619016537746774,20.5,21.5
3576.0,20.993250341849482,21.362481381943837,5.041884839766714,21.0,0,-0.3624813819438373,21.316393465111375,20.5,21.5
3577.0,20.990060068749067,21.34192261959267,5.040139877567179,21.0,0,-0.341922619592669,21.136334996080986,20.5,21.5
3578.0,20.98687008471083,21.301405924008584,5.03839488479938,21.0,0,-0.30140592400858424,20.896238968167737,20.5,21.5
3579.0,20.983680389670848,21.316691526186336,5.036649862792205,21.0,0,-0.3166915261863359,21.469547547963852,20.5,21.5
3580.0,20.980490983565474,21.258736622160498,5.034904812874567,21.0,0,-0.2587366221604981,20.67918758190212,20.5,21.5
3581.0,20.977301866331334,21.246812152763106,5.033159736375395,21.0,0,-0.24681215276310553,21.12756745878918,20.5,21.5
3582.0,20.974113037905344,21.23201224356165,5.031414634623642,21.0,0,-0.2320122435616483,21.084013151547076,20.5,21.5
3583.0,20.970924498224687,21.241215532360627,5.029669508948277,21.0,0,-0.2412155323606271,21.333248420350415,20.5,21.5
3584.0,20.96773624722683,21.221761177277592,5.02792436067829,21.0,0,-0.22176117727759248,21.027217626447246,20.5,21.5
3585.0,20.96454828484952,21.21799174427939,5.026179191142689,21.0,0,-0.2179917442793915,21.18029741429738,20.5,21.5
3586.0,20.96136061103078,21.270462570319253,5.024434001670494,21.0,0,-0.27046257031925336,21.795170830717872,20.5,21.5
3587.0,20.958173225708908,21.25759420996834,5.022688793590746,21.0,0,-0.2575942099683388,21.128910606459193,20.5,21.5
3588.0,20.954986128822483,21.208880779624245,5.020943568232492,21.0,0,-0.2088807796242449,20.721746476183306,20.5,21.5
3589.0,20.951799320310364,21.15447218763455,5.0191983269248,21.0,0,-0.15447218763454984,20.6103862677376,20.5,21.5
3590.0,20.948612800111686,21.17298024286992,5.017453070996748,21.0,0,-0.17298024286991875,21.358060795223608,20.5,21.5
3591.0,20.945426568165864,21.15752434836862,5.015707801777423,21.0,0,-0.1575243483686215,21.00296540335565,20.5,21.5
3592.0,20.942240624412587,21.205165253930367,5.013962520595922,21.0,0,-0.20516525393036744,21.681574309547827,20.5,21.5
3593.0,20.939054968791822,21.261374094418095,5.012217228781357,21.0,0,-0.26137409441809467,21.823462499295367,20.5,21.5
3594.0,20.93586960124382,21.242869122437458,5.01047192766284,21.0,0,-0.24286912243745817,21.057819402631093,20.5,21.5
3595.0,20.932684521709103,21.266669796326507,5.008726618569494,21.0,0,-0.2666697963265072,21.504676535216998,20.5,21.5
3596.0,20.929499730128473,21.224040139334598,5.0069813028304475,21.0,0,-0.22404013933459765,20.797743569415502,20.5,21.5
3597.0,20.926315226443013,21.22797167077047,5.0052359817748355,21.0,0,-0.22797167077046865,21.26728698512918,20.5,21.5
3598.0,20.92313101059408,21.169144515460594,5.003490656731797,21.0,0,-0.1691445154605944,20.580872962361852,20.5,21.5
3599.0,20.919947082523308,21.231608574968398,5.00174532903047,21.0,0,-0.23160857496839782,21.856249170046432,20.5,21.5
