t,T_true,T_meas,T_out,setpoint,heater,error,T_pred,lower,upper
0.0,19.0,19.30546103778492,8.0,21.0,1,1.6945389622150806,19.30546103778492,20.5,21.5
1.0,19.0028,19.067968759270954,8.001163552572116,21.0,1,1.9320312407290459,19.067968759270954,20.5,21.5
2.0,19.005599672710517,19.102819463989213,8.00232710356895,21.0,1,1.8971805360107865,19.102819463989213,20.5,21.5
3.0,19.008399018196688,19.07448155649462,8.003490651415223,21.0,1,1.9255184435053785,19.07448155649462,20.5,21.5
4.0,19.011198036523332,19.058254807997464,8.00465419453566,21.0,1,1.9417451920025357,19.058254807997464,20.5,21.5
5.0,19.013996727754936,19.036559685478817,8.005817731354993,21.0,1,1.9634403145211827,19.036559685478817,20.5,21.5
6.0,19.016795091955657,19.12922128118806,8.006981260297962,21.0,1,1.8707787188119411,19.12922128118806,20.5,21.5
7.0,19.019593129189325,19.156589966168106,8.008144779789315,21.0,1,1.8434100338318942,19.156589966168106,20.5,21.5
8.0,19.022390839519446,19.177758521416585,8.009308288253816,21.0,1,1.8222414785834147,19.177758521416585,20.5,21.5
9.0,19.02518822300919,19.207054865805855,8.010471784116246,21.0,1,1.7929451341941451,19.207054865805855,20.5,21.5
10.0,19.027985279721413,19.150180654858897,8.011635265801397,21.0,1,1.8498193451411034,19.150180654858897,20.5,21.5
11.0,19.030782009718628,19.125573458554083,8.012798731734085,21.0,1,1.8744265414459171,19.125573458554083,20.5,21.5
12.0,19.03357841306303,19.111101444486415,8.013962180339146,21.0,1,1.8888985555135847,19.111101444486415,20.5,21.5
13.0,19.036374489816485,19.14825736263246,8.015125610041437,21.0,1,1.8517426373675399,19.14825736263246,20.5,21.5
14.0,19.03917024004053,19.192382043213293,8.016289019265846,21.0,1,1.8076179567867072,19.192382043213293,20.5,21.5
15.0,19.041965663796375,19.26444467490962,8.017452406437284,21.0,1,1.735555325090381,19.26444467490962,20.5,21.5
16.0,19.044760761144904,19.244513473469688,8.018615769980693,21.0,1,1.7554865265303121,19.244513473469688,20.5,21.5
17.0,19.04755553214667,19.178494105854305,8.019779108321048,21.0,1,1.8215058941456945,19.178494105854305,20.5,21.5
18.0,19.050349976861906,19.158049045790996,8.020942419883356,21.0,1,1.841950954209004,19.158049045790996,20.5,21.5
19.0,19.05314409535051,19.16902008831132,8.022105703092665,21.0,1,1.8309799116886794,19.16902008831132,20.5,21.5
20.0,19.05593788767206,19.198302183871753,8.023268956374057,21.0,1,1.8016978161282466,19.198302183871753,20.5,21.5
21.0,19.0587313538858,19.35700824658784,8.024432178152653,21.0,1,1.6429917534121614,19.35700824658784,20.5,21.5
22.0,19.061524494050655,19.42609461693649,8.025595366853622,21.0,1,1.5739053830635115,19.42609461693649,20.5,21.5
23.0,19.064317308225217,19.36722329999206,8.026758520902176,21.0,1,1.6327767000079412,19.36722329999206,20.5,21.5
24.0,19.06710979646775,19.29843660475301,8.02792163872357,21.0,1,1.701563395246989,19.29843660475301,20.5,21.5
25.0,19.0699019588362,19.34162300849171,8.029084718743112,21.0,1,1.658376991508291,19.34162300849171,20.5,21.5
26.0,19.072693795388183,19.10613711023958,8.03024775938616,21.0,1,1.8938628897604204,19.10613711023958,20.5,21.5
27.0,19.075485306180983,19.139486121158914,8.031410759078128,21.0,1,1.8605138788410862,19.139486121158914,20.5,21.5
28.0,19.078276491271563,19.25438293925442,8.032573716244482,21.0,1,1.7456170607455803,19.25438293925442,20.5,21.5
29.0,19.08106735071656,19.261308842149003,8.033736629310743,21.0,1,1.7386911578509974,19.261308842149003,20.5,21.5
30.0,19.08385788457228,19.18755796581872,8.0348994967025,21.0,1,1.8124420341812808,19.18755796581872,20.5,21.5
31.0,19.086648092894706,19.26037773928977,8.036062316845399,21.0,1,1.739622260710231,19.26037773928977,20.5,21.5
32.0,19.089437975739497,19.254171681239264,8.037225088165146,21.0,1,1.7458283187607364,19.254171681239264,20.5,21.5
33.0,19.09222753316198,19.20173382084736,8.03838780908752,21.0,1,1.798266179152641,19.20173382084736,20.5,21.5
34.0,19.095016765217167,19.233697374354044,8.039550478038365,21.0,1,1.766302625645956,19.233697374354044,20.5,21.5
35.0,19.09780567195973,19.21032354748204,8.040713093443596,21.0,1,1.7896764525179591,19.21032354748204,20.5,21.5
36.0,19.100594253444026,19.298574909784328,8.0418756537292,21.0,1,1.7014250902156718,19.298574909784328,20.5,21.5
37.0,19.10338250972408,19.314483627651992,8.043038157321238,21.0,1,1.6855163723480082,19.314483627651992,20.5,21.5
38.0,19.1061704408536,19.36864252582673,8.04420060264585,21.0,1,1.6313574741732708,19.36864252582673,20.5,21.5
39.0,19.10895804688596,19.422822636466357,8.045362988129254,21.0,1,1.577177363533643,19.422822636466357,20.5,21.5
40.0,19.111745327874207,19.392922400325745,8.046525312197746,21.0,1,1.6070775996742555,19.392922400325745,20.5,21.5
41.0,19.11453228387107,19.32857037209405,8.047687573277711,21.0,1,1.671429627905951,19.32857037209405,20.5,21.5
42.0,19.11731891492895,19.28674002982789,8.048849769795613,21.0,1,1.7132599701721105,19.28674002982789,20.5,21.5
43.0,19.120105221099923,19.241614616697944,8.050011900178008,21.0,1,1.7583853833020555,19.241614616697944,20.5,21.5
44.0,19.12289120243574,19.245386947397108,8.05117396285154,21.0,1,1.7546130526028918,19.245386947397108,20.5,21.5
45.0,19.12567685898782,19.313036066673043,8.052335956242944,21.0,1,1.6869639333269575,19.313036066673043,20.5,21.5
46.0,19.12846219080727,19.377133423882547,8.05349787877905,21.0,1,1.6228665761174526,19.377133423882547,20.5,21.5
47.0,19.131247197944862,19.359344247029757,8.054659728886781,21.0,1,1.6406557529702432,19.359344247029757,20.5,21.5
48.0,19.13403188045105,19.340075647108435,8.055821504993164,21.0,1,1.659924352891565,19.340075647108435,20.5,21.5
49.0,19.13681623837596,19.28176244347514,8.05698320552532,21.0,1,1.7182375565248584,19.28176244347514,20.5,21.5
50.0,19.13960027176939,19.30101450154903,8.058144828910477,21.0,1,1.6989854984509698,19.30101450154903,20.5,21.5
51.0,19.14238398068082,19.3419268702222,8.059306373575962,21.0,1,1.6580731297778009,19.3419268702222,20.5,21.5
52.0,19.1451673651594,19.40945755913635,8.060467837949215,21.0,1,1.5905424408636506,19.40945755913635,20.5,21.5
53.0,19.147950425253956,19.39693364140952,8.06162922045778,21.0,1,1.6030663585904783,19.39693364140952,20.5,21.5
54.0,19.150733161012997,19.491782087159688,8.062790519529313,21.0,1,1.508217912840312,19.491782087159688,20.5,21.5
55.0,19.1535155724847,19.45033728853305,8.063951733591585,21.0,1,1.5496627114669508,19.45033728853305,20.5,21.5
56.0,19.156297659716923,19.28366594534078,8.06511286107248,21.0,1,1.716334054659221,19.28366594534078,20.5,21.5
57.0,19.159079422757195,19.275499042702222,8.0662739004,21.0,1,1.7245009572977779,19.275499042702222,20.5,21.5
58.0,19.161860861652723,19.307184518065846,8.067434850002265,21.0,1,1.6928154819341543,19.307184518065846,20.5,21.5
59.0,19.164641976450394,19.19447533044688,8.068595708307518,21.0,1,1.8055246695531189,19.19447533044688,20.5,21.5
60.0,19.167422767196765,19.26468472439978,8.069756473744125,21.0,1,1.7353152756002217,19.26468472439978,20.5,21.5
61.0,19.170203233938075,19.45481345632075,8.070917144740578,21.0,1,1.5451865436792502,19.45481345632075,20.5,21.5
62.0,19.172983376720236,19.4462583313552,8.072077719725497,21.0,1,1.5537416686448005,19.4462583313552,20.5,21.5
63.0,19.175763195588836,19.47203761120118,8.073238197127631,21.0,1,1.5279623887988194,19.47203761120118,20.5,21.5
64.0,19.178542690589143,19.606429480733972,8.074398575375863,21.0,1,1.393570519266028,19.606429480733972,20.5,21.5
65.0,19.1813218617661,19.587139279471103,8.075558852899208,21.0,1,1.4128607205288972,19.587139279471103,20.5,21.5
66.0,19.184100709164326,19.46814720546825,8.076719028126819,21.0,1,1.5318527945317513,19.46814720546825,20.5,21.5
67.0,19.18687923282812,19.454681618966447,8.077879099487985,21.0,1,1.5453183810335531,19.454681618966447,20.5,21.5
68.0,19.18965743280145,19.429979843734646,8.079039065412141,21.0,1,1.570020156265354,19.429979843734646,20.5,21.5
69.0,19.192435309127973,19.383273867772484,8.080198924328858,21.0,1,1.616726132227516,19.383273867772484,20.5,21.5
70.0,19.19521286185101,19.386110716671276,8.081358674667857,21.0,1,1.6138892833287244,19.386110716671276,20.5,21.5
71.0,19.197990091013576,19.43228342628706,8.082518314859005,21.0,1,1.5677165737129393,19.43228342628706,20.5,21.5
72.0,19.200766996658345,19.515455436568477,8.083677843332316,21.0,1,1.4845445634315233,19.515455436568477,20.5,21.5
73.0,19.20354357882768,19.548211734726102,8.084837258517956,21.0,1,1.4517882652738976,19.548211734726102,20.5,21.5
74.0,19.20631983756362,19.592369636602587,8.085996558846244,21.0,1,1.4076303633974128,19.592369636602587,20.5,21.5
75.0,19.209095772907876,19.54617493913266,8.087155742747658,21.0,1,1.4538250608673415,19.54617493913266,20.5,21.5
76.0,19.211871384901844,19.525665625542228,8.08831480865283,21.0,1,1.4743343744577722,19.525665625542228,20.5,21.5
77.0,19.214646673586593,19.56925692368799,8.089473754992552,21.0,1,1.4307430763120088,19.56925692368799,20.5,21.5
78.0,19.217421639002875,19.664473247691674,8.09063258019778,21.0,1,1.3355267523083256,19.664473247691674,20.5,21.5
79.0,19.220196281191114,19.523365796562427,8.091791282699631,21.0,1,1.4766342034375732,19.523365796562427,20.5,21.5
80.0,19.222970600191417,19.61108220204169,8.092949860929393,21.0,1,1.3889177979583103,19.61108220204169,20.5,21.5
81.0,19.225744596043565,19.613556120655865,8.094108313318515,21.0,1,1.3864438793441352,19.613556120655865,20.5,21.5
82.0,19.22851826878702,19.552991036050045,8.095266638298622,21.0,1,1.4470089639499548,19.552991036050045,20.5,21.5
83.0,19.231291618460922,19.490089668904567,8.09642483430151,21.0,1,1.5099103310954334,19.490089668904567,20.5,21.5
84.0,19.23406464510409,19.51050320216642,8.09758289975915,21.0,1,1.4894967978335814,19.51050320216642,20.5,21.5
85.0,19.23683734875502,19.52693275156681,8.098740833103689,21.0,1,1.473067248433189,19.52693275156681,20.5,21.5
86.0,19.23960972945189,19.51656543171369,8.09989863276745,21.0,1,1.4834345682863095,19.51656543171369,20.5,21.5
87.0,19.242381787232553,19.369702971265504,8.101056297182947,21.0,1,1.6302970287344962,19.369702971265504,20.5,21.5
88.0,19.245153522134544,19.245845986112407,8.102213824782863,21.0,1,1.754154013887593,19.245845986112407,20.5,21.5
89.0,19.247924934195073,19.327080581699825,8.103371214000079,21.0,1,1.6729194183001752,19.327080581699825,20.5,21.5
90.0,19.250696023451034,19.22823216768571,8.104528463267654,21.0,1,1.7717678323142891,19.22823216768571,20.5,21.5
91.0,19.253466789938997,19.268577004111776,8.10568557101884,21.0,1,1.7314229958882237,19.268577004111776,20.5,21.5
92.0,19.256237233695213,19.278570090901933,8.106842535687084,21.0,1,1.7214299090980667,19.278570090901933,20.5,21.5
93.0,19.25900735475561,19.425877896273438,8.107999355706022,21.0,1,1.5741221037265625,19.425877896273438,20.5,21.5
94.0,19.2617771531558,19.40912114930247,8.109156029509489,21.0,1,1.5908788506975284,19.40912114930247,20.5,21.5
95.0,19.264546628931072,19.381411317820508,8.110312555531511,21.0,1,1.6185886821794924,19.381411317820508,20.5,21.5
96.0,19.26731578211639,19.37847876011071,8.111468932206325,21.0,1,1.6215212398892902,19.37847876011071,20.5,21.5
97.0,19.27008461274641,19.4572325911521,8.112625157968363,21.0,1,1.5427674088479009,19.4572325911521,20.5,21.5
98.0,19.272853120855455,19.402560470707293,8.113781231252261,21.0,1,1.597439529292707,19.402560470707293,20.5,21.5
99.0,19.275621306477536,19.42205924229107,8.114937150492867,21.0,1,1.5779407577089302,19.42205924229107,20.5,21.5
100.0,19.27838916964634,19.410948038421758,8.11609291412523,21.0,1,1.5890519615782424,19.410948038421758,20.5,21.5
101.0,19.281156710395233,19.41637103237361,8.117248520584615,21.0,1,1.5836289676263888,19.41637103237361,20.5,21.5
102.0,19.28392392875727,19.347585585376457,8.1184039683065,21.0,1,1.6524144146235429,19.347585585376457,20.5,21.5
103.0,19.28669082476518,19.386462590373874,8.119559255726575,21.0,1,1.613537409626126,19.386462590373874,20.5,21.5
104.0,19.289457398451372,19.34316093292763,8.120714381280749,21.0,1,1.6568390670723687,19.34316093292763,20.5,21.5
105.0,19.292223649847937,19.423753708308347,8.121869343405148,21.0,1,1.5762462916916533,19.423753708308347,20.5,21.5
106.0,19.294989578986648,19.464166213849772,8.12302414053612,21.0,1,1.5358337861502278,19.464166213849772,20.5,21.5
107.0,19.297755185898957,19.537705326255697,8.124178771110241,21.0,1,1.462294673744303,19.537705326255697,20.5,21.5
108.0,19.300520470616,19.530439866646084,8.125333233564303,21.0,1,1.4695601333539159,19.530439866646084,20.5,21.5
109.0,19.30328543316859,19.506350506314753,8.126487526335337,21.0,1,1.493649493685247,19.506350506314753,20.5,21.5
110.0,19.306050073587222,19.55586911230518,8.127641647860594,21.0,1,1.4441308876948185,19.55586911230518,20.5,21.5
111.0,19.30881439190208,19.469565947378527,8.128795596577563,21.0,1,1.530434052621473,19.469565947378527,20.5,21.5
112.0,19.311578388143015,19.44733354989317,8.129949370923963,21.0,1,1.5526664501068304,19.44733354989317,20.5,21.5
113.0,19.31434206233957,19.407632006339178,8.131102969337752,21.0,1,1.5923679936608224,19.407632006339178,20.5,21.5
114.0,19.31710541452097,19.368012106327853,8.132256390257123,21.0,1,1.6319878936721466,19.368012106327853,20.5,21.5
115.0,19.319868444716118,19.258693306634175,8.133409632120513,21.0,1,1.741306693365825,19.258693306634175,20.5,21.5
116.0,19.322631152953598,19.22609601119803,8.134562693366599,21.0,1,1.773903988801969,19.22609601119803,20.5,21.5
117.0,19.32539353926168,19.346475272732423,8.135715572434304,21.0,1,1.6535247272675768,19.346475272732423,20.5,21.5
118.0,19.328155603668314,19.315741332827578,8.136868267762797,21.0,1,1.684258667172422,19.315741332827578,20.5,21.5
119.0,19.330917346201133,19.355175178724732,8.138020777791494,21.0,1,1.644824821275268,19.355175178724732,20.5,21.5
120.0,19.333678766887452,19.400047329423952,8.139173100960065,21.0,1,1.599952670576048,19.400047329423952,20.5,21.5
121.0,19.336439865754265,19.55623429804852,8.140325235708431,21.0,1,1.443765701951481,19.55623429804852,20.5,21.5
122.0,19.339200642828256,19.477579651577777,8.14147718047677,21.0,1,1.522420348422223,19.477579651577777,20.5,21.5
123.0,19.341961098135787,19.578606389687998,8.142628933705511,21.0,1,1.421393610312002,19.578606389687998,20.5,21.5
124.0,19.344721231702902,19.672295229400376,8.143780493835353,21.0,1,1.3277047705996239,19.672295229400376,20.5,21.5
125.0,19.34748104355533,19.6373512945383,8.144931859307247,21.0,1,1.3626487054617016,19.6373512945383,20.5,21.5
126.0,19.35024053371848,19.505658298165468,8.146083028562412,21.0,1,1.4943417018345322,19.505658298165468,20.5,21.5
127.0,19.35299970221745,19.54632596862833,8.147234000042332,21.0,1,1.4536740313716692,19.54632596862833,20.5,21.5
128.0,19.355758549077013,19.380391456454213,8.148384772188757,21.0,1,1.6196085435457874,19.380391456454213,20.5,21.5
129.0,19.358517074321636,19.397997993309442,8.14953534344371,21.0,1,1.602002006690558,19.397997993309442,20.5,21.5
130.0,19.36127527797546,19.443689301547437,8.150685712249484,21.0,1,1.5563106984525632,19.443689301547437,20.5,21.5
131.0,19.364033160062313,19.501316977375517,8.151835877048645,21.0,1,1.4986830226244834,19.501316977375517,20.5,21.5
132.0,19.36679072060571,19.551139936716776,8.152985836284039,21.0,1,1.4488600632832238,19.551139936716776,20.5,21.5
133.0,19.369547959628846,19.632196771801123,8.154135588398784,21.0,1,1.367803228198877,19.632196771801123,20.5,21.5
134.0,19.3723048771546,19.57913022593627,8.155285131836287,21.0,1,1.4208697740637284,19.57913022593627,20.5,21.5
135.0,19.375061473205538,19.647123824012596,8.156434465040231,21.0,1,1.3528761759874044,19.647123824012596,20.5,21.5
136.0,19.377817747803906,19.68330299946358,8.157583586454585,21.0,1,1.3166970005364185,19.68330299946358,20.5,21.5
137.0,19.380573700971635,19.484175689212027,8.158732494523605,21.0,1,1.5158243107879734,19.484175689212027,20.5,21.5
138.0,19.383329332730344,19.34047350085749,8.159881187691834,21.0,1,1.6595264991425083,19.34047350085749,20.5,21.5
139.0,19.386084643101338,19.371246450651903,8.161029664404113,21.0,1,1.6287535493480974,19.371246450651903,20.5,21.5
140.0,19.388839632105597,19.308487781312532,8.162177923105567,21.0,1,1.6915122186874676,19.308487781312532,20.5,21.5
141.0,19.391594299763796,19.28961405398031,8.163325962241622,21.0,1,1.7103859460196915,19.28961405398031,20.5,21.5
142.0,19.39434864609629,19.40874708973454,8.164473780258,21.0,1,1.5912529102654602,19.40874708973454,20.5,21.5
143.0,19.397102671123122,19.633408699864287,8.165621375600718,21.0,1,1.3665913001357133,19.633408699864287,20.5,21.5
144.0,19.39985637486402,19.648360171148273,8.166768746716102,21.0,1,1.3516398288517273,19.648360171148273,20.5,21.5
145.0,19.40260975733839,19.637520104698318,8.167915892050777,21.0,1,1.3624798953016821,19.637520104698318,20.5,21.5
146.0,19.405362818565333,19.612093381461484,8.169062810051674,21.0,1,1.3879066185385156,19.612093381461484,20.5,21.5
147.0,19.40811555856363,19.627608071109087,8.170209499166033,21.0,1,1.372391928890913,19.627608071109087,20.5,21.5
148.0,19.41086797735175,19.592994884794603,8.171355957841401,21.0,1,1.407005115205397,19.592994884794603,20.5,21.5
149.0,19.413620074947847,19.614455879025932,8.172502184525642,21.0,1,1.3855441209740675,19.614455879025932,20.5,21.5
150.0,19.416371851369764,19.66832124354955,8.17364817766693,21.0,1,1.3316787564504509,19.66832124354955,20.5,21.5
151.0,19.419123306635022,19.67530760002378,8.174793935713756,21.0,1,1.3246923999762217,19.67530760002378,20.5,21.5
152.0,19.42187444076084,19.72034183005416,8.17593945711493,21.0,1,1.27965816994584,19.72034183005416,20.5,21.5
153.0,19.42462525376411,19.689935645150605,8.177084740319584,21.0,1,1.3100643548493949,19.689935645150605,20.5,21.5
154.0,19.42737574566142,19.61119177492592,8.178229783777166,21.0,1,1.3888082250740794,19.61119177492592,20.5,21.5
155.0,19.43012591646904,19.49172335758177,8.179374585937458,21.0,1,1.508276642418231,19.49172335758177,20.5,21.5
156.0,19.432875766202937,19.488259410906707,8.18051914525056,21.0,1,1.511740589093293,19.488259410906707,20.5,21.5
157.0,19.435625294878747,19.41813257703543,8.181663460166908,21.0,1,1.5818674229645708,19.41813257703543,20.5,21.5
158.0,19.438374502511806,19.534147223139694,8.18280752913726,21.0,1,1.4658527768603058,19.534147223139694,20.5,21.5
159.0,19.44112338911713,19.514624349900373,8.18395135061272,21.0,1,1.485375650099627,19.514624349900373,20.5,21.5
160.0,19.44387195470943,19.601544068445886,8.185094923044714,21.0,1,1.398455931554114,19.601544068445886,20.5,21.5
161.0,19.446620199303098,19.654250351070786,8.186238244885013,21.0,1,1.345749648929214,19.654250351070786,20.5,21.5
162.0,19.449368122912215,19.648068421526443,8.187381314585725,21.0,1,1.3519315784735575,19.648068421526443,20.5,21.5
163.0,19.45211572555055,19.551593913079298,8.188524130599298,21.0,1,1.448406086920702,19.551593913079298,20.5,21.5
164.0,19.45486300723156,19.641753321481893,8.189666691378525,21.0,1,1.3582466785181069,19.641753321481893,20.5,21.5
165.0,19.457609967968388,19.670755257298,8.190808995376544,21.0,1,1.3292447427019987,19.670755257298,20.5,21.5
166.0,19.46035660777387,19.535623811539555,8.191951041046844,21.0,1,1.4643761884604451,19.535623811539555,20.5,21.5
167.0,19.463102926660525,19.539130177903512,8.193092826843257,21.0,1,1.4608698220964875,19.539130177903512,20.5,21.5
168.0,19.46584892464056,19.63089539647689,8.194234351219972,21.0,1,1.369104603523109,19.63089539647689,20.5,21.5
169.0,19.468594601725876,19.656532460854567,8.19537561263153,21.0,1,1.3434675391454327,19.656532460854567,20.5,21.5
170.0,19.471339957928055,19.61275541953958,8.19651660953283,21.0,1,1.3872445804604183,19.61275541953958,20.5,21.5
171.0,19.474084993258376,19.782175495393055,8.197657340379125,21.0,1,1.217824504606945,19.782175495393055,20.5,21.5
172.0,19.476829707727802,19.856308086922493,8.198797803626034,21.0,1,1.1436919130775074,19.856308086922493,20.5,21.5
173.0,19.47957410134698,19.758066657713123,8.199937997729533,21.0,1,1.2419333422868775,19.758066657713123,20.5,21.5
174.0,19.482318174126256,19.70048096556909,8.201077921145965,21.0,1,1.2995190344309115,19.70048096556909,20.5,21.5
175.0,19.48506192607566,19.66179499308822,8.202217572332039,21.0,1,1.3382050069117817,19.66179499308822,20.5,21.5
176.0,19.48780535720491,19.543923013383814,8.20335694974483,21.0,1,1.4560769866161856,19.543923013383814,20.5,21.5
177.0,19.490548467523418,19.489926636127127,8.20449605184179,21.0,1,1.5100733638728734,19.489926636127127,20.5,21.5
178.0,19.49329125704028,19.580930497588678,8.205634877080739,21.0,1,1.4190695024113218,19.580930497588678,20.5,21.5
179.0,19.49603372576429,19.60976461553222,8.20677342391987,21.0,1,1.390235384467779,19.60976461553222,20.5,21.5
180.0,19.49877587370392,19.688483330670135,8.20791169081776,21.0,1,1.3115166693298654,19.688483330670135,20.5,21.5
181.0,19.501517700867343,19.702382479733746,8.209049676233356,21.0,1,1.2976175202662539,19.702382479733746,20.5,21.5
182.0,19.504259207262415,19.68202664001713,8.210187378625994,21.0,1,1.3179733599828687,19.68202664001713,20.5,21.5
183.0,19.507000392896686,19.6925618458988,8.211324796455388,21.0,1,1.3074381541011988,19.6925618458988,20.5,21.5
184.0,19.509741257777396,19.66729843812984,8.212461928181641,21.0,1,1.3327015618701594,19.66729843812984,20.5,21.5
185.0,19.512481801911477,19.654473588811534,8.21359877226524,21.0,1,1.345526411188466,19.654473588811534,20.5,21.5
186.0,19.515222025305548,19.666922712540735,8.214735327167062,21.0,1,1.3330772874592647,19.666922712540735,20.5,21.5
187.0,19.51796192796592,19.615448126498,8.21587159134838,21.0,1,1.3845518735020015,19.615448126498,20.5,21.5
188.0,19.520701509898597,19.59659988277672,8.217007563270853,21.0,1,1.4034001172232813,19.59659988277672,20.5,21.5
189.0,19.52344077110927,19.621785161566095,8.218143241396543,21.0,1,1.3782148384339052,19.621785161566095,20.5,21.5
190.0,19.52617971160333,19.551569642939644,8.219278624187904,21.0,1,1.4484303570603565,19.551569642939644,20.5,21.5
191.0,19.528918331385846,19.590826762256285,8.220413710107792,21.0,1,1.4091732377437154,19.590826762256285,20.5,21.5
192.0,19.53165663046159,19.717696518721578,8.221548497619468,21.0,1,1.2823034812784222,19.717696518721578,20.5,21.5
193.0,19.534394608835022,19.71008555868114,8.22268298518659,21.0,1,1.2899144413188601,19.71008555868114,20.5,21.5
194.0,19.53713226651029,19.680417304128067,8.22381717127323,21.0,1,1.319582695871933,19.680417304128067,20.5,21.5
195.0,19.539869603491244,19.773491437824696,8.224951054343865,21.0,1,1.2265085621753045,19.773491437824696,20.5,21.5
196.0,19.542606619781413,19.719411534348325,8.226084632863378,21.0,1,1.2805884656516753,19.719411534348325,20.5,21.5
197.0,19.54534331538403,19.64648338383272,8.22721790529707,21.0,1,1.3535166161672798,19.64648338383272,20.5,21.5
198.0,19.548079690302014,19.70333579030781,8.228350870110656,21.0,1,1.2966642096921888,19.70333579030781,20.5,21.5
199.0,19.550815744537974,19.765562550181876,8.229483525770263,21.0,1,1.2344374498181239,19.765562550181876,20.5,21.5
200.0,19.55355147809422,19.789980026862604,8.23061587074244,21.0,1,1.2100199731373955,19.789980026862604,20.5,21.5
201.0,19.55628689097275,19.755897433636925,8.231747903494158,21.0,1,1.2441025663630754,19.755897433636925,20.5,21.5
202.0,19.559021983175253,19.90173458733197,8.232879622492806,21.0,1,1.098265412668031,19.90173458733197,20.5,21.5
203.0,19.561756754703115,19.854927675171858,8.234011026206202,21.0,1,1.145072324828142,19.854927675171858,20.5,21.5
204.0,19.564491205557417,19.9115964233351,8.23514211310259,21.0,1,1.0884035766648985,19.9115964233351,20.5,21.5
205.0,19.567225335738925,19.927564842072794,8.236272881650642,21.0,1,1.072435157927206,19.927564842072794,20.5,21.5
206.0,19.569959145248106,20.044638319839116,8.23740333031946,21.0,1,0.955361680160884,20.044638319839116,20.5,21.5
207.0,19.57269263408512,19.99880813310292,8.238533457578582,21.0,1,1.0011918668970807,19.99880813310292,20.5,21.5
208.0,19.575425802249818,19.93642130524736,8.239663261897977,21.0,1,1.063578694752639,19.93642130524736,20.5,21.5
209.0,19.57815864974175,19.782869620060236,8.240792741748056,21.0,1,1.2171303799397641,19.782869620060236,20.5,21.5
210.0,19.58089117656015,19.739650827714122,8.241921895599667,21.0,1,1.2603491722858777,19.739650827714122,20.5,21.5
211.0,19.58362338270396,19.74219973435016,8.2430507219241,21.0,1,1.2578002656498413,19.74219973435016,20.5,21.5
212.0,19.586355268171804,19.659766763665207,8.244179219193086,21.0,1,1.340233236334793,19.659766763665207,20.5,21.5
213.0,19.589086832962007,19.669120517658577,8.245307385878803,21.0,1,1.3308794823414232,19.669120517658577,20.5,21.5
214.0,19.591818077072592,19.804641654438104,8.246435220453877,21.0,1,1.1953583455618961,19.804641654438104,20.5,21.5
215.0,19.594549000501267,19.826906367296147,8.247562721391386,21.0,1,1.1730936327038535,19.826906367296147,20.5,21.5
216.0,19.597279603245447,19.713934783921506,8.248689887164854,21.0,1,1.2860652160784944,19.713934783921506,20.5,21.5
217.0,19.60000988530223,19.732687791988628,8.249816716248265,21.0,1,1.2673122080113721,19.732687791988628,20.5,21.5
218.0,19.60273984666842,19.750258077592143,8.250943207116054,21.0,1,1.249741922407857,19.750258077592143,20.5,21.5
219.0,19.60546948734051,19.654880228177984,8.252069358243114,21.0,1,1.3451197718220165,19.654880228177984,20.5,21.5
220.0,19.60819880731469,19.71734578193682,8.253195168104801,21.0,1,1.282654218063179,19.71734578193682,20.5,21.5
221.0,19.610927806586847,19.79386152450925,8.254320635176933,21.0,1,1.20613847549075,19.79386152450925,20.5,21.5
222.0,19.613656485152564,19.84375731644976,8.25544575793579,21.0,1,1.1562426835502393,19.84375731644976,20.5,21.5
223.0,19.616384843007122,19.879678827266858,8.256570534858119,21.0,1,1.1203211727331421,19.879678827266858,20.5,21.5
224.0,19.619112880145494,19.907498368414927,8.257694964421134,21.0,1,1.0925016315850726,19.907498368414927,20.5,21.5
225.0,19.62184059656235,19.830650006300996,8.25881904510252,21.0,1,1.1693499936990044,19.830650006300996,20.5,21.5
226.0,19.624567992252057,19.907733765796138,8.259942775380438,21.0,1,1.092266234203862,19.907733765796138,20.5,21.5
227.0,19.62729506720868,19.940120026353547,8.261066153733516,21.0,1,1.0598799736464528,19.940120026353547,20.5,21.5
228.0,19.630021821425988,19.949029127522884,8.262189178640865,21.0,1,1.0509708724771158,19.949029127522884,20.5,21.5
229.0,19.632748254897432,19.874875986072166,8.26331184858207,21.0,1,1.1251240139278345,19.874875986072166,20.5,21.5
230.0,19.63547436761617,19.946541604379266,8.264434162037203,21.0,1,1.0534583956207335,19.946541604379266,20.5,21.5
231.0,19.638200159575053,19.858156435241035,8.265556117486808,21.0,1,1.1418435647589646,19.858156435241035,20.5,21.5
232.0,19.640925630766635,19.836437683132637,8.266677713411926,21.0,1,1.1635623168673632,19.836437683132637,20.5,21.5
233.0,19.643650781183165,19.9162516117804,8.267798948294075,21.0,1,1.0837483882196004,19.9162516117804,20.5,21.5
234.0,19.646375610816587,20.027189740629233,8.268919820615265,21.0,1,0.9728102593707675,20.027189740629233,20.5,21.5
235.0,19.64910011965855,19.871297567432904,8.270040328858,21.0,1,1.1287024325670956,19.871297567432904,20.5,21.5
236.0,19.651824307700387,19.893475383203402,8.271160471505274,21.0,1,1.106524616796598,19.893475383203402,20.5,21.5
237.0,19.654548174933147,19.80500605911437,8.272280247040575,21.0,1,1.194993940885631,19.80500605911437,20.5,21.5
238.0,19.65727172134757,19.74991502976735,8.273399653947887,21.0,1,1.250084970232649,19.74991502976735,20.5,21.5
239.0,19.65999494693409,19.6592394221885,8.274518690711702,21.0,1,1.3407605778115013,19.6592394221885,20.5,21.5
240.0,19.662717851682846,19.750040496560768,8.275637355816999,21.0,1,1.2499595034392321,19.750040496560768,20.5,21.5
241.0,19.665440435583672,19.708950701614647,8.276755647749273,21.0,1,1.291049298385353,19.708950701614647,20.5,21.5
242.0,19.668162698626105,19.76296883216752,8.277873564994515,21.0,1,1.2370311678324803,19.76296883216752,20.5,21.5
243.0,19.67088464079938,19.720710150197306,8.278991106039228,21.0,1,1.2792898498026943,19.720710150197306,20.5,21.5
244.0,19.673606262092427,19.76019842309075,8.280108269370427,21.0,1,1.239801576909251,19.76019842309075,20.5,21.5
245.0,19.67632756249388,19.807130129965074,8.28122505347563,21.0,1,1.1928698700349258,19.807130129965074,20.5,21.5
246.0,19.679048541992078,19.92939986595984,8.282341456842877,21.0,1,1.0706001340401592,19.92939986595984,20.5,21.5
247.0,19.681769200575047,19.91973630874204,8.283457477960717,21.0,1,1.0802636912579615,19.91973630874204,20.5,21.5
248.0,19.684489538230526,19.924663287847203,8.284573115318219,21.0,1,1.0753367121527972,19.924663287847203,20.5,21.5
249.0,19.687209554945944,19.93024865464007,8.285688367404973,21.0,1,1.0697513453599292,19.93024865464007,20.5,21.5
250.0,19.689929250708435,19.890969690287584,8.28680323271109,21.0,1,1.1090303097124163,19.890969690287584,20.5,21.5
251.0,19.692648625504834,19.783570610297517,8.287917709727203,21.0,1,1.2164293897024834,19.783570610297517,20.5,21.5
252.0,19.695367679321677,19.80247332302364,8.289031796944471,21.0,1,1.1975266769763593,19.80247332302364,20.5,21.5
253.0,19.6980864121452,19.83245010442021,8.290145492854583,21.0,1,1.1675498955797892,19.83245010442021,20.5,21.5
254.0,19.700804823961345,19.84462241632695,8.291258795949755,21.0,1,1.1553775836730509,19.84462241632695,20.5,21.5
255.0,19.703522914755744,19.86000579677143,8.292371704722736,21.0,1,1.1399942032285715,19.86000579677143,20.5,21.5
256.0,19.706240684513737,19.940583141147204,8.29348421766681,21.0,1,1.0594168588527957,19.940583141147204,20.5,21.5
257.0,19.708958133220367,20.019316093502734,8.294596333275795,21.0,1,0.9806839064972657,20.019316093502734,20.5,21.5
258.0,19.71167526086038,19.968433136801426,8.295708050044047,21.0,1,1.0315668631985737,19.968433136801426,20.5,21.5
259.0,19.714392067418213,19.964676990765987,8.296819366466464,21.0,1,1.0353230092340127,19.964676990765987,20.5,21.5
260.0,19.717108552878024,20.0184452776287,8.297930281038482,21.0,1,0.9815547223712997,20.0184452776287,20.5,21.5
261.0,19.719824717223656,20.09295543998215,8.299040792256086,21.0,1,0.9070445600178516,20.09295543998215,20.5,21.5
262.0,19.722540560438663,20.084388785493537,8.300150898615806,21.0,1,0.9156112145064625,20.084388785493537,20.5,21.5
263.0,19.7252560825063,20.183357419464535,8.301260598614716,21.0,1,0.8166425805354649,20.183357419464535,20.5,21.5
264.0,19.72797128340952,20.186491132255025,8.302369890750445,21.0,1,0.8135088677449751,20.186491132255025,20.5,21.5
265.0,19.730686163130986,20.06972582611378,8.30347877352117,21.0,1,0.9302741738862217,20.06972582611378,20.5,21.5
266.0,19.733400721653066,20.090001368999953,8.304587245425628,21.0,1,0.9099986310000467,20.090001368999953,20.5,21.5
267.0,19.73611495895782,19.948041908169934,8.305695304963105,21.0,1,1.0519580918300662,19.948041908169934,20.5,21.5
268.0,19.73882887502702,19.87738554645512,8.306802950633452,21.0,1,1.1226144535448803,19.87738554645512,20.5,21.5
269.0,19.74154246984214,19.873241764744773,8.307910180937077,21.0,1,1.1267582352552274,19.873241764744773,20.5,21.5
270.0,19.74425574338436,19.95165694528327,8.309016994374947,21.0,1,1.0483430547167316,19.95165694528327,20.5,21.5
271.0,19.74696869563456,19.881722121569034,8.310123389448602,21.0,1,1.1182778784309662,19.881722121569034,20.5,21.5
272.0,19.749681326573324,20.0531392761577,8.31122936466014,21.0,1,0.946860723842299,20.0531392761577,20.5,21.5
273.0,19.75239363618094,20.030371791503054,8.312334918512233,21.0,1,0.9696282084969461,20.030371791503054,20.5,21.5
274.0,19.755105624437405,20.139213882437467,8.31344004950812,21.0,1,0.8607861175625331,20.139213882437467,20.5,21.5
275.0,19.757817291322418,20.24380522971262,8.314544756151614,21.0,1,0.7561947702873795,20.24380522971262,20.5,21.5
276.0,19.760528636815383,20.215147850665048,8.315649036947102,21.0,1,0.7848521493349523,20.215147850665048,20.5,21.5
277.0,19.763239660895408,20.112137126951374,8.316752890399549,21.0,1,0.8878628730486255,20.112137126951374,20.5,21.5
278.0,19.765950363541307,20.075383632354036,8.317856315014497,21.0,1,0.9246163676459638,20.075383632354036,20.5,21.5
279.0,19.7686607447316,20.053247139314927,8.31895930929807,21.0,1,0.9467528606850735,20.053247139314927,20.5,21.5
280.0,19.771370804444516,20.01239977213683,8.320061871756971,21.0,1,0.9876002278631688,20.01239977213683,20.5,21.5
281.0,19.774080542657977,20.013861512217478,8.321164000898493,21.0,1,0.9861384877825223,20.013861512217478,20.5,21.5
282.0,19.776789959349625,19.933363286965957,8.322265695230511,21.0,1,1.0666367130340433,19.933363286965957,20.5,21.5
283.0,19.7794990544968,20.021708844838283,8.323366953261491,21.0,1,0.9782911551617168,20.021708844838283,20.5,21.5
284.0,19.78220782807655,19.93393966958779,8.32446777350049,21.0,1,1.0660603304122098,19.93393966958779,20.5,21.5
285.0,19.784916280065637,19.88405806813919,8.325568154457157,21.0,1,1.1159419318608101,19.88405806813919,20.5,21.5
286.0,19.787624410440515,19.905948212208205,8.326668094641734,21.0,1,1.0940517877917948,19.905948212208205,20.5,21.5
287.0,19.790332219177355,19.98766377443419,8.327767592565063,21.0,1,1.0123362255658108,19.98766377443419,20.5,21.5
288.0,19.79303970625203,19.99236931599141,8.328866646738582,21.0,1,1.0076306840085891,19.99236931599141,20.5,21.5
289.0,19.79574687164013,20.08908811586777,8.329965255674335,21.0,1,0.9109118841322292,20.08908811586777,20.5,21.5
290.0,19.79845371531694,20.03997709950894,8.331063417884959,21.0,1,0.9600229004910616,20.03997709950894,20.5,21.5
291.0,19.801160237257452,19.98160793852134,8.332161131883703,21.0,1,1.0183920614786608,19.98160793852134,20.5,21.5
292.0,19.803866437436376,19.979575352884005,8.333258396184425,21.0,1,1.0204246471159948,19.979575352884005,20.5,21.5
293.0,19.806572315828127,19.966225722540667,8.334355209301583,21.0,1,1.033774277459333,19.966225722540667,20.5,21.5
294.0,19.80927787240682,19.784634320123665,8.335451569750255,21.0,1,1.215365679876335,19.784634320123665,20.5,21.5
295.0,19.81198310714629,19.71963726766132,8.336547476046126,21.0,1,1.2803627323386806,19.71963726766132,20.5,21.5
296.0,19.81468802002007,19.79433011290495,8.337642926705499,21.0,1,1.2056698870950484,19.79433011290495,20.5,21.5
297.0,19.81739261100141,19.894513623470896,8.338737920245292,21.0,1,1.1054863765291039,19.894513623470896,20.5,21.5
298.0,19.820096880063257,19.912887947302245,8.339832455183041,21.0,1,1.087112052697755,19.912887947302245,20.5,21.5
299.0,19.82280082717828,20.08581323402718,8.340926530036906,21.0,1,0.9141867659728184,20.08581323402718,20.5,21.5
300.0,19.825504452318853,20.163486511436833,8.34202014332567,21.0,1,0.8365134885631669,20.163486511436833,20.5,21.5
301.0,19.828207755457054,20.126055727720104,8.343113293568734,21.0,1,0.8739442722798962,20.126055727720104,20.5,21.5
302.0,19.830910736564675,20.02399851898456,8.344205979286135,21.0,1,0.9760014810154409,20.02399851898456,20.5,21.5
303.0,19.83361339561322,19.976274105850116,8.345298198998535,21.0,1,1.0237258941498837,19.976274105850116,20.5,21.5
304.0,19.836315732573897,19.83788592064523,8.346389951227225,21.0,1,1.1621140793547688,19.83788592064523,20.5,21.5
305.0,19.83901774741763,19.811143105317125,8.347481234494131,21.0,1,1.1888568946828748,19.811143105317125,20.5,21.5
306.0,19.841719440115043,19.74864997561961,8.348572047321815,21.0,1,1.2513500243803897,19.74864997561961,20.5,21.5
307.0,19.844420810636485,19.748705098901006,8.349662388233474,21.0,1,1.2512949010989942,19.748705098901006,20.5,21.5
308.0,19.847121858952004,19.83930753884777,8.350752255752944,21.0,1,1.1606924611522302,19.83930753884777,20.5,21.5
309.0,19.849822585031365,19.890216109076754,8.351841648404703,21.0,1,1.1097838909232465,19.890216109076754,20.5,21.5
310.0,19.85252298884404,20.01538923681563,8.35293056471387,21.0,1,0.9846107631843708,20.01538923681563,20.5,21.5
311.0,19.855223070359212,20.09840566041373,8.35401900320621,21.0,1,0.9015943395862713,20.09840566041373,20.5,21.5
312.0,19.85792282954578,20.135010434995927,8.355106962408136,21.0,1,0.8649895650040733,20.135010434995927,20.5,21.5
313.0,19.860622266372353,20.091216321221534,8.35619444084671,21.0,1,0.908783678778466,20.091216321221534,20.5,21.5
314.0,19.863321380807246,20.097265021706413,8.357281437049643,21.0,1,0.9027349782935872,20.097265021706413,20.5,21.5
315.0,19.866020172818494,19.99099019504829,8.3583679495453,21.0,1,1.0090098049517096,19.99099019504829,20.5,21.5
316.0,19.86871864237384,19.948836612792203,8.3594539768627,21.0,1,1.0511633872077972,19.948836612792203,20.5,21.5
317.0,19.871416789440737,20.000091357858388,8.36053951753152,21.0,1,0.9999086421416123,20.000091357858388,20.5,21.5
318.0,19.874114613986354,19.924030109485223,8.361624570082093,21.0,1,1.0759698905147772,19.924030109485223,20.5,21.5
319.0,19.87681211597757,19.942357980647422,8.362709133045417,21.0,1,1.0576420193525777,19.942357980647422,20.5,21.5
320.0,19.879509295380984,20.051825811724907,8.36379320495315,21.0,1,0.9481741882750931,20.051825811724907,20.5,21.5
321.0,19.882206152162897,20.16203450166149,8.36487678433762,21.0,1,0.8379654983385088,20.16203450166149,20.5,21.5
322.0,19.884902686289333,20.04666319255944,8.365959869731812,21.0,1,0.9533368074405608,20.04666319255944,20.5,21.5
323.0,19.887598897726022,20.183468974959162,8.367042459669388,21.0,1,0.8165310250408382,20.183468974959162,20.5,21.5
324.0,19.89029478643841,20.146576573893235,8.368124552684678,21.0,1,0.8534234261067652,20.146576573893235,20.5,21.5
325.0,19.89299035239166,20.038604719282354,8.369206147312685,21.0,1,0.961395280717646,20.038604719282354,20.5,21.5
326.0,19.895685595550646,20.004288300863188,8.370287242089086,21.0,1,0.9957116991368125,20.004288300863188,20.5,21.5
327.0,19.898380515879953,20.063253797466817,8.371367835550235,21.0,1,0.9367462025331825,20.063253797466817,20.5,21.5
328.0,19.901075113343886,19.93199661437125,8.372447926233166,21.0,1,1.0680033856287494,19.93199661437125,20.5,21.5
329.0,19.903769387906465,20.03421625270686,8.373527512675594,21.0,1,0.9657837472931412,20.03421625270686,20.5,21.5
330.0,19.90646333953142,20.027241487738216,8.374606593415912,21.0,1,0.9727585122617839,20.027241487738216,20.5,21.5
331.0,19.9091569681822,19.982706779248442,8.375685166993204,21.0,1,1.017293220751558,19.982706779248442,20.5,21.5
332.0,19.911850273821962,20.010203685368776,8.376763231947237,21.0,1,0.9897963146312243,20.010203685368776,20.5,21.5
333.0,19.914543256413587,20.077916791627437,8.377840786818467,21.0,1,0.9220832083725625,20.077916791627437,20.5,21.5
334.0,19.91723591591967,19.997206310608426,8.37891783014804,21.0,1,1.0027936893915737,19.997206310608426,20.5,21.5
335.0,19.919928252302515,20.053675900172664,8.379994360477799,21.0,1,0.9463240998273363,20.053675900172664,20.5,21.5
336.0,19.922620265524152,20.03551068116766,8.381070376350275,21.0,1,0.9644893188323387,20.03551068116766,20.5,21.5
337.0,19.925311955546317,20.04755427421418,8.382145876308698,21.0,1,0.9524457257858217,20.04755427421418,20.5,21.5
338.0,19.92800332233047,20.082090543230443,8.383220858896998,21.0,1,0.9179094567695572,20.082090543230443,20.5,21.5
339.0,19.93069436583778,20.131560006942344,8.384295322659804,21.0,1,0.8684399930576561,20.131560006942344,20.5,21.5
340.0,19.933385086029144,20.100247214563883,8.385369266142447,21.0,1,0.8997527854361174,20.100247214563883,20.5,21.5
341.0,19.936075482865167,20.128127165021198,8.386442687890968,21.0,1,0.8718728349788023,20.128127165021198,20.5,21.5
342.0,19.938765556306173,20.165311078922947,8.387515586452103,21.0,1,0.8346889210770527,20.165311078922947,20.5,21.5
343.0,19.941455306312204,20.06957967748899,8.388587960373307,21.0,1,0.9304203225110115,20.06957967748899,20.5,21.5
344.0,19.944144732843014,20.03475437964568,8.389659808202738,21.0,1,0.9652456203543203,20.03475437964568,20.5,21.5
345.0,19.946833835858087,20.134842224541178,8.390731128489273,21.0,1,0.8651577754588224,20.134842224541178,20.5,21.5
346.0,19.949522615316614,20.142251192472912,8.391801919782498,21.0,1,0.8577488075270878,20.142251192472912,20.5,21.5
347.0,19.95221107117751,20.142242271535046,8.392872180632716,21.0,1,0.8577577284649536,20.142242271535046,20.5,21.5
348.0,19.9548992033994,20.267652943152797,8.393941909590952,21.0,1,0.7323470568472032,20.267652943152797,20.5,21.5
349.0,19.95758701194064,20.284282193285797,8.395011105208942,21.0,1,0.7157178067142027,20.284282193285797,20.5,21.5
350.0,19.960274496759293,20.21228202582906,8.396079766039156,21.0,1,0.7877179741709384,20.21228202582906,20.5,21.5
351.0,19.96296165781315,20.180800759347914,8.39714789063478,21.0,1,0.819199240652086,20.180800759347914,20.5,21.5
352.0,19.965648495059714,20.173453284425317,8.398215477549728,21.0,1,0.8265467155746826,20.173453284425317,20.5,21.5
353.0,19.96833500845621,20.160586632435887,8.399282525338643,21.0,1,0.8394133675641129,20.160586632435887,20.5,21.5
354.0,19.971021197959587,20.15759279966838,8.400349032556894,21.0,1,0.8424072003316212,20.15759279966838,20.5,21.5
355.0,19.973707063526508,20.07493097269765,8.40141499776059,21.0,1,0.9250690273023494,20.07493097269765,20.5,21.5
356.0,19.976392605113354,20.148257947385368,8.402480419506563,21.0,1,0.8517420526146324,20.148257947385368,20.5,21.5
357.0,19.97907782267623,20.101440331336548,8.403545296352391,21.0,1,0.8985596686634523,20.101440331336548,20.5,21.5
358.0,19.981762716170966,20.060141892354558,8.40460962685638,21.0,1,0.939858107645442,20.060141892354558,20.5,21.5
359.0,19.984447285553102,20.011883765922978,8.405673409577586,21.0,1,0.9881162340770224,20.011883765922978,20.5,21.5
360.0,19.98713153077791,20.021154939354496,8.406736643075801,21.0,1,0.9788450606455044,20.021154939354496,20.5,21.5
361.0,19.989815451800368,19.89675433184839,8.407799325911556,21.0,1,1.1032456681516116,19.89675433184839,20.5,21.5
362.0,19.99249904857519,19.914246659202604,8.408861456646138,21.0,1,1.085753340797396,19.914246659202604,20.5,21.5
363.0,19.995182321056806,19.944899639157995,8.409923033841572,21.0,1,1.0551003608420046,19.944899639157995,20.5,21.5
364.0,19.997865269199362,20.08383231076183,8.41098405606064,21.0,1,0.9161676892381685,20.08383231076183,20.5,21.5
365.0,20.000547892956735,20.24992462404482,8.412044521866868,21.0,1,0.7500753759551806,20.24992462404482,20.5,21.5
366.0,20.00323019228252,20.315859359827762,8.413104429824541,21.0,1,0.6841406401722381,20.315859359827762,20.5,21.5
367.0,20.005912167130028,20.325031703442075,8.414163778498699,21.0,1,0.6749682965579247,20.325031703442075,20.5,21.5
368.0,20.0085938174523,20.321043394455213,8.415222566455133,21.0,1,0.6789566055447871,20.321043394455213,20.5,21.5
369.0,20.011275143202102,20.289790816485883,8.416280792260402,21.0,1,0.7102091835141167,20.289790816485883,20.5,21.5
370.0,20.013956144331914,20.273126044976486,8.417338454481818,21.0,1,0.7268739550235139,20.273126044976486,20.5,21.5
371.0,20.016636820793945,20.405813130296877,8.418395551687462,21.0,1,0.5941868697031225,20.405813130296877,20.5,21.5
372.0,20.019317172540124,20.411061090606164,8.419452082446178,21.0,1,0.5889389093938355,20.411061090606164,20.5,21.5
373.0,20.021997199522104,20.406053054677237,8.420508045327574,21.0,1,0.593946945322763,20.406053054677237,20.5,21.5
374.0,20.024676901691265,20.400439717807874,8.421563438902032,21.0,1,0.599560282192126,20.400439717807874,20.5,21.5
375.0,20.027356278998706,20.338178380778363,8.4226182617407,21.0,1,0.6618216192216373,20.338178380778363,20.5,21.5
376.0,20.030035331395254,20.23731722389028,8.423672512415502,21.0,1,0.7626827761097204,20.23731722389028,20.5,21.5
377.0,20.03271405883146,20.12985048888538,8.424726189499134,21.0,1,0.8701495111146187,20.12985048888538,20.5,21.5
378.0,20.035392461257594,20.12185863626167,8.425779291565073,21.0,1,0.8781413637383295,20.12185863626167,20.5,21.5
379.0,20.038070538623654,20.084268220391728,8.42683181718757,21.0,1,0.9157317796082722,20.084268220391728,20.5,21.5
380.0,20.040748290879367,20.06670129114726,8.427883764941654,21.0,1,0.9332987088527389,20.06670129114726,20.5,21.5
381.0,20.04342571797418,20.14235920442681,8.428935133403145,21.0,1,0.8576407955731895,20.14235920442681,20.5,21.5
382.0,20.046102819857268,20.28766739543181,8.429985921148642,21.0,1,0.7123326045681893,20.28766739543181,20.5,21.5
383.0,20.048779596477527,20.34547422889315,8.43103612675553,21.0,1,0.6545257711068508,20.34547422889315,20.5,21.5
384.0,20.05145604778358,20.38075754100156,8.432085748801983,21.0,1,0.6192424589984391,20.38075754100156,20.5,21.5
385.0,20.054132173723787,20.447368549630664,8.433134785866963,21.0,1,0.5526314503693364,20.447368549630664,20.5,21.5
386.0,20.056807974246215,20.39706276626291,8.434183236530227,21.0,1,0.6029372337370908,20.39706276626291,20.5,21.5
387.0,20.05948344929867,20.38124162059309,8.435231099372327,21.0,1,0.6187583794069091,20.38124162059309,20.5,21.5
388.0,20.062158598828685,20.41303069341411,8.436278372974607,21.0,1,0.586969306585889,20.41303069341411,20.5,21.5
389.0,20.064833422783515,20.466736227536995,8.437325055919208,21.0,1,0.5332637724630054,20.466736227536995,20.5,21.5
390.0,20.067507921110142,20.401183526742944,8.438371146789077,21.0,1,0.598816473257056,20.401183526742944,20.5,21.5
391.0,20.070182093755278,20.32523095083686,8.439416644167956,21.0,1,0.6747690491631388,20.32523095083686,20.5,21.5
392.0,20.07285594066536,20.393833506083315,8.440461546640394,21.0,1,0.6061664939166853,20.393833506083315,20.5,21.5
393.0,20.075529461786555,20.346139354638105,8.441505852791746,21.0,1,0.6538606453618954,20.346139354638105,20.5,21.5
394.0,20.078202657064757,20.240568240413186,8.44254956120817,21.0,1,0.7594317595868141,20.240568240413186,20.5,21.5
395.0,20.080875526445585,20.23218196434119,8.443592670476637,21.0,1,0.7678180356588094,20.23218196434119,20.5,21.5
396.0,20.08354806987439,20.315493257168878,8.444635179184928,21.0,1,0.6845067428311218,20.315493257168878,20.5,21.5
397.0,20.08622028729625,20.188761438016183,8.445677085921638,21.0,1,0.8112385619838172,20.188761438016183,20.5,21.5
398.0,20.088892178655975,20.263767171578593,8.446718389276176,21.0,1,0.7362328284214072,20.263767171578593,20.5,21.5
399.0,20.0915637438981,20.32942883935328,8.44775908783877,21.0,1,0.6705711606467197,20.32942883935328,20.5,21.5
400.0,20.09423498296689,20.331592771352252,8.448799180200462,21.0,1,0.668407228647748,20.331592771352252,20.5,21.5
401.0,20.096905895806334,20.393134669202063,8.44983866495312,21.0,1,0.6068653307979375,20.393134669202063,20.5,21.5
402.0,20.099576482360163,20.455837684443072,8.450877540689431,21.0,1,0.5441623155569282,20.455837684443072,20.5,21.5
403.0,20.10224674257183,20.454703098062733,8.451915806002908,21.0,1,0.5452969019372667,20.454703098062733,20.5,21.5
404.0,20.104916676384516,20.458455764123844,8.45295345948789,21.0,1,0.541544235876156,20.458455764123844,20.5,21.5
405.0,20.107586283741135,20.535010781969127,8.453990499739547,21.0,1,0.46498921803087256,20.535010781969127,20.5,21.5
406.0,20.110255564584335,20.397222552680397,8.455026925353874,21.0,1,0.6027774473196033,20.397222552680397,20.5,21.5
407.0,20.112924518856488,20.434203597892385,8.456062734927702,21.0,1,0.5657964021076154,20.434203597892385,20.5,21.5
408.0,20.1155931464997,20.385208001604475,8.457097927058694,21.0,1,0.6147919983955248,20.385208001604475,20.5,21.5
409.0,20.118261447455815,20.389872794497045,8.458132500345352,21.0,1,0.6101272055029554,20.389872794497045,20.5,21.5
410.0,20.120929421666393,20.316775593318273,8.459166453387011,21.0,1,0.6832244066817275,20.316775593318273,20.5,21.5
411.0,20.123597069072737,20.371437984453497,8.460199784783851,21.0,1,0.6285620155465033,20.371437984453497,20.5,21.5
412.0,20.12626438961588,20.260771680653047,8.46123249313689,21.0,1,0.7392283193469531,20.260771680653047,20.5,21.5
413.0,20.128931383236583,20.229229446683455,8.462264577047991,21.0,1,0.7707705533165452,20.229229446683455,20.5,21.5
414.0,20.131598049875347,20.147466163214027,8.463296035119862,21.0,1,0.8525338367859732,20.147466163214027,20.5,21.5
415.0,20.134264389472396,20.14374399006975,8.464326865956057,21.0,1,0.8562560099302488,20.14374399006975,20.5,21.5
416.0,20.136930401967692,20.102651117983193,8.465357068160982,21.0,1,0.8973488820168072,20.102651117983193,20.5,21.5
417.0,20.13959608730093,20.146503712491928,8.466386640339891,21.0,1,0.8534962875080723,20.146503712491928,20.5,21.5
418.0,20.14226144541154,20.158669848318794,8.467415581098894,21.0,1,0.8413301516812055,20.158669848318794,20.5,21.5
419.0,20.144926476238677,20.201116293339446,8.468443889044954,21.0,1,0.7988837066605541,20.201116293339446,20.5,21.5
420.0,20.14759117972124,20.282101717662368,8.469471562785891,21.0,1,0.7178982823376323,20.282101717662368,20.5,21.5
421.0,20.15025555579785,20.27301509384422,8.470498600930384,21.0,1,0.7269849061557814,20.27301509384422,20.5,21.5
422.0,20.15291960440688,20.27079301236227,8.47152500208797,21.0,1,0.7292069876377312,20.27079301236227,20.5,21.5
423.0,20.155583325486415,20.33286472175046,8.472550764869053,21.0,1,0.667135278249539,20.33286472175046,20.5,21.5
424.0,20.15824671897429,20.29677763134285,8.4735758878849,21.0,1,0.7032223686571513,20.29677763134285,20.5,21.5
425.0,20.160909784808073,20.223004619107158,8.474600369747641,21.0,1,0.776995380892842,20.223004619107158,20.5,21.5
426.0,20.16357252292506,20.333901780295975,8.475624209070276,21.0,1,0.6660982197040255,20.333901780295975,20.5,21.5
427.0,20.16623493326229,20.331118137264763,8.476647404466675,21.0,1,0.6688818627352369,20.331118137264763,20.5,21.5
428.0,20.16889701575653,20.259332261940195,8.47766995455158,21.0,1,0.7406677380598055,20.259332261940195,20.5,21.5
429.0,20.17155877034429,20.334946929606822,8.478691857940607,21.0,1,0.6650530703931778,20.334946929606822,20.5,21.5
430.0,20.17422019696181,20.42152452312144,8.479713113250247,21.0,1,0.5784754768785589,20.42152452312144,20.5,21.5
431.0,20.176881295545066,20.37228826098133,8.480733719097866,21.0,1,0.6277117390186717,20.37228826098133,20.5,21.5
432.0,20.179542066029775,20.45916507069251,8.481753674101714,21.0,1,0.5408349293074899,20.45916507069251,20.5,21.5
433.0,20.182202508351388,20.379040975756258,8.482772976880922,21.0,1,0.6209590242437422,20.379040975756258,20.5,21.5
434.0,20.184862622445095,20.431311904525973,8.483791626055496,21.0,1,0.5686880954740268,20.431311904525973,20.5,21.5
435.0,20.18752240824582,20.44357517235021,8.484809620246336,21.0,1,0.5564248276497885,20.44357517235021,20.5,21.5
436.0,20.19018186568822,20.584114360889807,8.485826958075227,21.0,1,0.4158856391101935,20.584114360889807,20.5,21.5
437.0,20.1928409947067,20.551378550841182,8.486843638164839,21.0,1,0.44862144915881785,20.551378550841182,20.5,21.5
438.0,20.195499795235392,20.681735073592563,8.487859659138733,21.0,1,0.3182649264074371,20.681735073592563,20.5,21.5
439.0,20.19815826720817,20.617001418421054,8.488875019621366,21.0,1,0.3829985815789456,20.617001418421054,20.5,21.5
440.0,20.200816410558655,20.5182556087276,8.489889718238087,21.0,1,0.4817443912724002,20.5182556087276,20.5,21.5
441.0,20.20347422522019,20.43536280042474,8.490903753615141,21.0,1,0.5646371995752588,20.43536280042474,20.5,21.5
442.0,20.20613171112587,20.440297296234746,8.49191712437967,21.0,1,0.5597027037652538,20.440297296234746,20.5,21.5
443.0,20.208788868208522,20.434252893389747,8.492929829159719,21.0,1,0.5657471066102531,20.434252893389747,20.5,21.5
444.0,20.211445696400713,20.510049042963683,8.493941866584231,21.0,1,0.4899509570363172,20.510049042963683,20.5,21.5
445.0,20.214102195634748,20.52491831467217,8.494953235283054,21.0,1,0.47508168532782946,20.52491831467217,20.5,21.5
446.0,20.21675836584268,20.604814701772987,8.495963933886943,21.0,1,0.39518529822701254,20.604814701772987,20.5,21.5
447.0,20.219414206956287,20.47778087168968,8.496973961027555,21.0,1,0.5222191283103186,20.47778087168968,20.5,21.5
448.0,20.2220697189071,20.461932757923808,8.497983315337464,21.0,1,0.5380672420761918,20.461932757923808,20.5,21.5
449.0,20.224724901626388,20.340994942828114,8.498991995450147,21.0,1,0.6590050571718855,20.340994942828114,20.5,21.5
450.0,20.227379755045153,20.400327798615006,8.5,21.0,1,0.599672201384994,20.400327798615006,20.5,21.5
451.0,20.230034279094145,20.3091655590676,8.501007327622329,21.0,1,0.6908344409323988,20.3091655590676,20.5,21.5
452.0,20.23268847370385,20.360713366054277,8.50201397695336,21.0,1,0.6392866339457228,20.360713366054277,20.5,21.5
453.0,20.2353423388045,20.362311466192033,8.503019946630236,21.0,1,0.6376885338079674,20.362311466192033,20.5,21.5
454.0,20.237995874326064,20.374402542790758,8.504025235291017,21.0,1,0.625597457209242,20.374402542790758,20.5,21.5
455.0,20.240649080198256,20.297785311522887,8.50502984157469,21.0,1,0.7022146884771132,20.297785311522887,20.5,21.5
456.0,20.243301956350532,20.31415091794807,8.506033764121163,21.0,1,0.6858490820519307,20.31415091794807,20.5,21.5
457.0,20.245954502712085,20.30607250667644,8.507037001571273,21.0,1,0.6939274933235602,20.30607250667644,20.5,21.5
458.0,20.248606719211857,20.2239620367206,8.508039552566778,21.0,1,0.7760379632793999,20.2239620367206,20.5,21.5
459.0,20.251258605778528,20.367558437072695,8.50904141575037,21.0,1,0.6324415629273048,20.367558437072695,20.5,21.5
460.0,20.25391016234052,20.425472771308876,8.510042589765675,21.0,1,0.5745272286911245,20.425472771308876,20.5,21.5
461.0,20.256561388826007,20.43036076962192,8.511043073257245,21.0,1,0.5696392303780797,20.43036076962192,20.5,21.5
462.0,20.259212285162892,20.535730845935444,8.51204286487057,21.0,1,0.4642691540645565,20.535730845935444,20.5,21.5
463.0,20.261862851278835,20.599536063352247,8.513041963252082,21.0,1,0.40046393664775337,20.599536063352247,20.5,21.5
464.0,20.26451308710123,20.537554621527185,8.514040367049141,21.0,1,0.46244537847281464,20.537554621527185,20.5,21.5
465.0,20.267162992557218,20.630394069104405,8.515038074910054,21.0,1,0.36960593089559524,20.630394069104405,20.5,21.5
466.0,20.269812567573688,20.576200315794235,8.516035085484072,21.0,1,0.42379968420576475,20.576200315794235,20.5,21.5
467.0,20.27246181207727,20.5387883493268,8.517031397421384,21.0,1,0.46121165067319936,20.5387883493268,20.5,21.5
468.0,20.275110725994338,20.517088094425805,8.51802700937313,21.0,1,0.48291190557419483,20.517088094425805,20.5,21.5
469.0,20.277759309251014,20.470496633483855,8.519021919991395,21.0,1,0.5295033665161455,20.470496633483855,20.5,21.5
470.0,20.280407561773163,20.452500514488726,8.520016127929216,21.0,1,0.547499485511274,20.452500514488726,20.5,21.5
471.0,20.283055483486393,20.33908576627367,8.521009631840576,21.0,1,0.6609142337263307,20.33908576627367,20.5,21.5
472.0,20.285703074316064,20.36401081287369,8.522002430380418,21.0,1,0.6359891871263095,20.36401081287369,20.5,21.5
473.0,20.288350334187278,20.449655976930693,8.522994522204636,21.0,1,0.5503440230693073,20.449655976930693,20.5,21.5
474.0,20.29099726302488,20.4982793736669,8.523985905970079,21.0,1,0.5017206263330998,20.4982793736669,20.5,21.5
475.0,20.29364386075347,20.47496621329311,8.52497658033456,21.0,1,0.5250337867068886,20.47496621329311,20.5,21.5
476.0,20.296290127297386,20.58217755971569,8.525966543956848,21.0,1,0.41782244028431137,20.58217755971569,20.5,21.5
477.0,20.29893606258072,20.66231251346033,8.526955795496677,21.0,1,0.3376874865396715,20.66231251346033,20.5,21.5
478.0,20.3015816665273,20.64451564313436,8.527944333614743,21.0,1,0.3554843568656416,20.64451564313436,20.5,21.5
479.0,20.30422693906072,20.661772211916794,8.52893215697271,21.0,1,0.33822778808320564,20.661772211916794,20.5,21.5
480.0,20.3068718801043,20.687222680464032,8.529919264233206,21.0,1,0.312777319535968,20.687222680464032,20.5,21.5
481.0,20.309516489581124,20.74815986676911,8.530905654059831,21.0,1,0.25184013323088905,20.74815986676911,20.5,21.5
482.0,20.31216076741402,20.702762069272264,8.531891325117158,21.0,1,0.29723793072773574,20.702762069272264,20.5,21.5
483.0,20.31480471352556,20.718488851445933,8.53287627607073,21.0,1,0.2815111485540669,20.718488851445933,20.5,21.5
484.0,20.31744832783807,20.72178731439066,8.533860505587066,21.0,1,0.27821268560933987,20.72178731439066,20.5,21.5
485.0,20.320091610273618,20.676566968002867,8.534844012333664,21.0,1,0.32343303199713347,20.676566968002867,20.5,21.5
486.0,20.32273456075403,20.708402762428108,8.535826794978997,21.0,1,0.29159723757189226,20.708402762428108,20.5,21.5
487.0,20.325377179200874,20.753205586021572,8.536808852192518,21.0,1,0.24679441397842794,20.753205586021572,20.5,21.5
488.0,20.328019465535473,20.80928726630638,8.537790182644667,21.0,1,0.19071273369361919,20.80928726630638,20.5,21.5
489.0,20.330661419678894,20.717897642392074,8.538770785006863,21.0,1,0.28210235760792557,20.717897642392074,20.5,21.5
490.0,20.333303041551957,20.691846186532576,8.539750657951513,21.0,1,0.308153813467424,20.691846186532576,20.5,21.5
491.0,20.335944331075236,20.683308589420033,8.540729800152011,21.0,1,0.31669141057996697,20.683308589420033,20.5,21.5
492.0,20.338585288169053,20.61718910836153,8.54170821028274,21.0,1,0.3828108916384707,20.61718910836153,20.5,21.5
493.0,20.341225912753476,20.522668642652498,8.542685887019076,21.0,1,0.4773313573475022,20.522668642652498,20.5,21.5
494.0,20.34386620474833,20.546463613609564,8.543662829037384,21.0,1,0.4535363863904358,20.546463613609564,20.5,21.5
495.0,20.346506164073187,20.601998417725973,8.544639035015027,21.0,1,0.39800158227402704,20.601998417725973,20.5,21.5
496.0,20.349145790647373,20.539340574653117,8.545614503630365,21.0,1,0.46065942534688276,20.539340574653117,20.5,21.5
497.0,20.35178508438997,20.565170159718612,8.546589233562754,21.0,1,0.43482984028138816,20.565170159718612,20.5,21.5
498.0,20.354424045219805,20.590940135467715,8.547563223492551,21.0,1,0.40905986453228493,20.590940135467715,20.5,21.5
499.0,20.35706267305546,20.611596737563104,8.548536472101114,21.0,1,0.3884032624368956,20.611596737563104,20.5,21.5
500.0,20.359700967815268,20.624655219579303,8.549508978070806,21.0,1,0.3753447804206971,20.624655219579303,20.5,21.5
501.0,20.36233892941732,20.6348212093718,8.550480740084996,21.0,1,0.3651787906281996,20.6348212093718,20.5,21.5
502.0,20.364976557779453,20.573836296955704,8.551451756828058,21.0,1,0.4261637030442955,20.573836296955704,20.5,21.5
503.0,20.367613852819265,20.5505344929265,8.552422026985376,21.0,1,0.4494655070735014,20.5505344929265,20.5,21.5
504.0,20.3702508144541,20.58600996813889,8.553391549243344,21.0,1,0.41399003186111116,20.58600996813889,20.5,21.5
505.0,20.37288744260106,20.661248618126475,8.554360322289371,21.0,1,0.33875138187352505,20.661248618126475,20.5,21.5
506.0,20.375523737176994,20.73973314003155,8.55532834481188,21.0,1,0.2602668599684499,20.73973314003155,20.5,21.5
507.0,20.37815969809852,20.632199034355946,8.556295615500305,21.0,1,0.3678009656440544,20.632199034355946,20.5,21.5
508.0,20.380795325282,20.678301039940745,8.557262133045104,21.0,1,0.3216989600592548,20.678301039940745,20.5,21.5
509.0,20.383430618643555,20.679153573478974,8.558227896137753,21.0,1,0.320846426521026,20.679153573478974,20.5,21.5
510.0,20.386065578099053,20.604357093456315,8.559192903470747,21.0,1,0.39564290654368506,20.604357093456315,20.5,21.5
511.0,20.388700203564127,20.5427126267353,8.560157153737606,21.0,1,0.45728737326469826,20.5427126267353,20.5,21.5
512.0,20.39133449495416,20.709977638599092,8.561120645632878,21.0,1,0.29002236140090787,20.709977638599092,20.5,21.5
513.0,20.393968452184296,20.593799583927414,8.562083377852131,21.0,1,0.4062004160725863,20.593799583927414,20.5,21.5
514.0,20.39660207516943,20.506500921233947,8.563045349091967,21.0,1,0.49349907876605315,20.506500921233947,20.5,21.5
515.0,20.399235363824214,20.531290024665196,8.564006558050014,21.0,1,0.46870997533480363,20.531290024665196,20.5,21.5
516.0,20.40186831806306,20.54697686920532,8.564967003424938,21.0,1,0.45302313079467993,20.54697686920532,20.5,21.5
517.0,20.40450093780013,20.456943319959976,8.565926683916432,21.0,1,0.5430566800400243,20.456943319959976,20.5,21.5
518.0,20.40713322294935,20.46237191623597,8.56688559822523,21.0,1,0.5376280837640302,20.46237191623597,20.5,21.5
519.0,20.409765173424407,20.565680674110563,8.567843745053102,21.0,1,0.43431932588943667,20.565680674110563,20.5,21.5
520.0,20.412396789138732,20.48464684800921,8.568801123102851,21.0,1,0.5153531519907908,20.48464684800921,20.5,21.5
521.0,20.415028070005526,20.428671607353124,8.569757731078331,21.0,1,0.5713283926468762,20.428671607353124,20.5,21.5
522.0,20.41765901593774,20.49344636322828,8.570713567684432,21.0,1,0.50655363677172,20.49344636322828,20.5,21.5
523.0,20.42028962684809,20.554561546124994,8.57166863162709,21.0,1,0.44543845387500625,20.554561546124994,20.5,21.5
524.0,20.422919902649046,20.59573948160571,8.572622921613283,21.0,1,0.4042605183942882,20.59573948160571,20.5,21.5
525.0,20.42554984325284,20.638208659964175,8.573576436351047,21.0,1,0.36179134003582547,20.638208659964175,20.5,21.5
526.0,20.42817944857146,20.59850646333963,8.574529174549456,21.0,1,0.4014935366603716,20.59850646333963,20.5,21.5
527.0,20.430808718516655,20.64386296875096,8.575481134918643,21.0,1,0.35613703124904106,20.64386296875096,20.5,21.5
528.0,20.433437652999935,20.68429534416988,8.576432316169793,21.0,1,0.3157046558301211,20.68429534416988,20.5,21.5
529.0,20.43606625193257,20.646873355405084,8.577382717015142,21.0,1,0.3531266445949157,20.646873355405084,20.5,21.5
530.0,20.438694515225585,20.64480358452194,8.578332336167987,21.0,1,0.35519641547805847,20.64480358452194,20.5,21.5
531.0,20.441322442789772,20.701375904062683,8.579281172342679,21.0,1,0.298624095937317,20.701375904062683,20.5,21.5
532.0,20.443950034535682,20.599035253863196,8.580229224254632,21.0,1,0.400964746136804,20.599035253863196,20.5,21.5
533.0,20.446577290373625,20.564278175229994,8.581176490620324,21.0,1,0.4357218247700061,20.564278175229994,20.5,21.5
534.0,20.449204210213676,20.488186390289776,8.58212297015729,21.0,1,0.5118136097102237,20.488186390289776,20.5,21.5
535.0,20.451830793965666,20.580074094895842,8.583068661584134,21.0,1,0.41992590510415795,20.580074094895842,20.5,21.5
536.0,20.45445704153919,20.712653028363064,8.58401356362053,21.0,1,0.2873469716369357,20.712653028363064,20.5,21.5
537.0,20.457082952843606,20.799387916798327,8.584957674987216,21.0,1,0.20061208320167268,20.799387916798327,20.5,21.5
538.0,20.459708527788035,20.82808639955499,8.585900994406,21.0,1,0.17191360044500925,20.82808639955499,20.5,21.5
539.0,20.462333766281358,20.908736695244933,8.586843520599768,21.0,1,0.09126330475506705,20.908736695244933,20.5,21.5
540.0,20.46495866823222,20.81029592485601,8.587785252292473,21.0,1,0.18970407514398957,20.81029592485601,20.5,21.5
541.0,20.467583233549032,20.65411037210801,8.588726188209149,21.0,1,0.34588962789198874,20.65411037210801,20.5,21.5
542.0,20.470207462139964,20.62353398321605,8.589666327075903,21.0,1,0.37646601678395086,20.62353398321605,20.5,21.5
543.0,20.47283135391295,20.607887228123285,8.590605667619926,21.0,1,0.39211277187671456,20.607887228123285,20.5,21.5
544.0,20.475454908775692,20.508848997428895,8.591544208569484,21.0,1,0.49115100257110456,20.508848997428895,20.5,21.5
545.0,20.47807812663565,20.53619809950012,8.59248194865393,21.0,1,0.463801900499881,20.53619809950012,20.5,21.5
546.0,20.480701007400054,20.63091365610931,8.593418886603702,21.0,1,0.3690863438906895,20.63091365610931,20.5,21.5
547.0,20.483323550975893,20.60197365720086,8.594355021150317,21.0,1,0.39802634279914173,20.60197365720086,20.5,21.5
548.0,20.485945757269928,20.60624583425008,8.59529035102639,21.0,1,0.3937541657499217,20.60624583425008,20.5,21.5
549.0,20.48856762618868,20.651646494634686,8.596224874965616,21.0,1,0.3483535053653135,20.651646494634686,20.5,21.5
550.0,20.491189157638434,20.61128695195482,8.597158591702787,21.0,1,0.3887130480451795,20.61128695195482,20.5,21.5
551.0,20.493810351525248,20.50663488978919,8.598091499973783,21.0,1,0.4933651102108101,20.50663488978919,20.5,21.5
552.0,20.496431207754938,20.543513077383032,8.599023598515586,21.0,1,0.45648692261696766,20.543513077383032,20.5,21.5
553.0,20.49905172623309,20.58350842363573,8.599954886066266,21.0,1,0.4164915763642689,20.58350842363573,20.5,21.5
554.0,20.50167190686506,20.538343632198075,8.600885361364996,21.0,1,0.4616563678019254,20.538343632198075,20.5,21.5
555.0,20.50429174955596,20.5476185157967,8.601815023152048,21.0,1,0.4523814842033005,20.5476185157967,20.5,21.5
556.0,20.50691125421068,20.591937355701397,8.602743870168794,21.0,1,0.40806264429860306,20.591937355701397,20.5,21.5
557.0,20.509530420733874,20.606064936077342,8.603671901157709,21.0,1,0.3939350639226582,20.606064936077342,20.5,21.5
558.0,20.51214924902996,20.54163749833382,8.604599114862374,21.0,1,0.45836250166617987,20.54163749833382,20.5,21.5
559.0,20.514767739003126,20.624847824296342,8.605525510027478,21.0,1,0.3751521757036578,20.624847824296342,20.5,21.5
560.0,20.517385890557332,20.65349203985325,8.606451085398813,21.0,1,0.3465079601467487,20.65349203985325,20.5,21.5
561.0,20.5200037035963,20.729818160920722,8.607375839723286,21.0,1,0.27018183907927806,20.729818160920722,20.5,21.5
562.0,20.522621178023524,20.741089981827,8.608299771748914,21.0,1,0.2589100181730011,20.741089981827,20.5,21.5
563.0,20.525238313742268,20.75761278468576,8.609222880224827,21.0,1,0.24238721531423835,20.75761278468576,20.5,21.5
564.0,20.527855110655565,20.731121148216005,8.610145163901267,21.0,1,0.2688788517839953,20.731121148216005,20.5,21.5
565.0,20.530471568666215,20.763036848726507,8.6110666215296,21.0,1,0.23696315127349266,20.763036848726507,20.5,21.5
566.0,20.533087687676787,20.790437313440115,8.611987251862303,21.0,1,0.20956268655988453,20.790437313440115,20.5,21.5
567.0,20.535703467589624,20.839314334156047,8.612907053652977,21.0,1,0.16068566584395327,20.839314334156047,20.5,21.5
568.0,20.538318908306838,20.865676327842078,8.613826025656342,21.0,1,0.1343236721579224,20.865676327842078,20.5,21.5
569.0,20.540934009730307,20.839308572600192,8.614744166628247,21.0,1,0.1606914273998079,20.839308572600192,20.5,21.5
570.0,20.543548771761685,20.82056936468167,8.615661475325659,21.0,1,0.17943063531832948,20.82056936468167,20.5,21.5
571.0,20.546163194302398,20.825327753878483,8.616577950506676,21.0,1,0.1746722461215171,20.825327753878483,20.5,21.5
572.0,20.548777277253638,20.808505781953432,8.617493590930522,21.0,1,0.19149421804656797,20.808505781953432,20.5,21.5
573.0,20.551391020516373,20.80797592477588,8.618408395357553,21.0,1,0.19202407522411846,20.80797592477588,20.5,21.5
574.0,20.55400442399134,20.933248697395623,8.61932236254926,21.0,1,0.06675130260437712,20.933248697395623,20.5,21.5
575.0,20.556617487579054,20.95086996089036,8.62023549126826,21.0,1,0.04913003910964164,20.95086996089036,20.5,21.5
576.0,20.55923021117979,20.913867908450538,8.62114778027831,21.0,1,0.08613209154946233,20.913867908450538,20.5,21.5
577.0,20.561842594693612,20.8837826515614,8.622059228344304,21.0,1,0.11621734843859954,20.8837826515614,20.5,21.5
578.0,20.564454638020344,20.96207081067152,8.622969834232272,21.0,1,0.037929189328480106,20.96207081067152,20.5,21.5
579.0,20.567066341059586,20.90629343132213,8.623879596709386,21.0,1,0.0937065686778702,20.90629343132213,20.5,21.5
580.0,20.569677703710717,20.956731619163392,8.62478851454396,21.0,1,0.04326838083660789,20.956731619163392,20.5,21.5
581.0,20.572288725872884,20.971567261784493,8.625696586505452,21.0,1,0.02843273821550696,20.971567261784493,20.5,21.5
582.0,20.57489940744501,20.956551925545977,8.626603811364461,21.0,1,0.0434480744540231,20.956551925545977,20.5,21.5
583.0,20.577509748325795,20.80187519919127,8.627510187892739,21.0,1,0.1981248008087313,20.80187519919127,20.5,21.5
584.0,20.580119748413708,20.804711137267596,8.62841571486318,21.0,1,0.1952888627324043,20.804711137267596,20.5,21.5
585.0,20.582729407606998,20.667921299608267,8.629320391049838,21.0,1,0.33207870039173315,20.667921299608267,20.5,21.5
586.0,20.585338725803688,20.68172256581058,8.630224215227907,21.0,1,0.3182774341894188,20.68172256581058,20.5,21.5
587.0,20.587947702901573,20.64671068480664,8.631127186173742,21.0,1,0.3532893151933614,20.64671068480664,20.5,21.5
588.0,20.590556338798226,20.686075007952255,8.63202930266485,21.0,1,0.3139249920477454,20.686075007952255,20.5,21.5
589.0,20.593164633390998,20.713558909980243,8.6329305634799,21.0,1,0.2864410900197569,20.713558909980243,20.5,21.5
590.0,20.595772586577016,20.81571675436503,8.63383096739871,21.0,1,0.184283245634969,20.81571675436503,20.5,21.5
591.0,20.59838019825318,20.76740834990347,8.634730513202268,21.0,1,0.2325916500965306,20.76740834990347,20.5,21.5
592.0,20.60098746831617,20.769607061467365,8.635629199672717,21.0,1,0.23039293853263487,20.769607061467365,20.5,21.5
593.0,20.60359439666244,20.818633438803232,8.636527025593367,21.0,1,0.18136656119676786,20.818633438803232,20.5,21.5
594.0,20.606200983188227,20.73097483542335,8.63742398974869,21.0,1,0.26902516457665016,20.73097483542335,20.5,21.5
595.0,20.60880722778954,20.638332794875158,8.638320090924328,21.0,1,0.3616672051248422,20.638332794875158,20.5,21.5
596.0,20.611413130362166,20.627023071143906,8.63921532790709,21.0,1,0.3729769288560938,20.627023071143906,20.5,21.5
597.0,20.614018690801675,20.642705082458512,8.640109699484956,21.0,1,0.3572949175414877,20.642705082458512,20.5,21.5
598.0,20.616623909003412,20.651456724173414,8.641003204447074,21.0,1,0.34854327582658584,20.651456724173414,20.5,21.5
599.0,20.6192287848625,20.744876607263087,8.641895841583768,21.0,1,0.25512339273691254,20.744876607263087,20.5,21.5
600.0,20.621833318273843,20.84477882480651,8.64278760968654,21.0,1,0.1552211751934891,20.84477882480651,20.5,21.5
601.0,20.624437509132125,20.83707818541431,8.643678507548062,21.0,1,0.16292181458569033,20.83707818541431,20.5,21.5
602.0,20.62704135733181,20.831555644972287,8.644568533962186,21.0,1,0.16844435502771304,20.831555644972287,20.5,21.5
603.0,20.629644862767133,20.82724740539006,8.645457687723951,21.0,1,0.17275259460993908,20.82724740539006,20.5,21.5
604.0,20.632248025332125,20.768943144525206,8.646345967629566,21.0,1,0.23105685547479382,20.768943144525206,20.5,21.5
605.0,20.634850844920585,20.731793067739098,8.647233372476432,21.0,1,0.2682069322609024,20.731793067739098,20.5,21.5
606.0,20.637453321426097,20.83141870749917,8.648119901063131,21.0,1,0.16858129250082854,20.83141870749917,20.5,21.5
607.0,20.640055454742026,20.849404302919687,8.649005552189431,21.0,1,0.15059569708031262,20.849404302919687,20.5,21.5
608.0,20.642657244761516,20.855993209094926,8.649890324656289,21.0,1,0.14400679090507396,20.855993209094926,20.5,21.5
609.0,20.645258691377496,20.858892355855005,8.650774217265852,21.0,1,0.141107644144995,20.858892355855005,20.5,21.5
610.0,20.647859794482674,20.904460106972103,8.651657228821456,21.0,1,0.09553989302789745,20.904460106972103,20.5,21.5
611.0,20.65046055396954,20.893352886839892,8.652539358127632,21.0,1,0.10664711316010766,20.893352886839892,20.5,21.5
612.0,20.653060969730372,20.92862424084659,8.653420603990105,21.0,1,0.07137575915340832,20.92862424084659,20.5,21.5
613.0,20.655661041657225,20.956231615892367,8.654300965215796,21.0,1,0.04376838410763284,20.956231615892367,20.5,21.5
614.0,20.658260769641938,21.001134458897685,8.655180440612826,21.0,1,-0.0011344588976847092,21.001134458897685,20.5,21.5
615.0,20.66086015357613,20.964494527703305,8.656059028990507,21.0,1,0.03550547229669476,20.964494527703305,20.5,21.5
616.0,20.663459193351216,20.915112001817306,8.656936729159362,21.0,1,0.08488799818269399,20.915112001817306,20.5,21.5
617.0,20.666057888858376,20.97532340662217,8.657813539931112,21.0,1,0.024676593377829903,20.97532340662217,20.5,21.5
618.0,20.66865623998859,20.890409587273005,8.65868946011868,21.0,1,0.10959041272699466,20.890409587273005,20.5,21.5
619.0,20.671254246632614,20.94258552316268,8.6595644885362,21.0,1,0.057414476837319484,20.94258552316268,20.5,21.5
620.0,20.673851908680994,20.964736519519043,8.660438623999008,21.0,1,0.035263480480956844,20.964736519519043,20.5,21.5
621.0,20.676449226024058,20.912022338642338,8.661311865323652,21.0,1,0.08797766135766238,20.912022338642338,20.5,21.5
622.0,20.67904619855192,20.752943497947104,8.66218421132789,21.0,1,0.24705650205289587,20.752943497947104,20.5,21.5
623.0,20.681642826154473,20.914373683705147,8.663055660830691,21.0,1,0.08562631629485296,20.914373683705147,20.5,21.5
624.0,20.684239108721407,20.727429576131705,8.663926212652242,21.0,1,0.2725704238682951,20.727429576131705,20.5,21.5
625.0,20.686835046142193,20.725537753782625,8.664795865613938,21.0,1,0.27446224621737514,20.725537753782625,20.5,21.5
626.0,20.68943063830609,20.71978774339837,8.665664618538397,21.0,1,0.2802122566016294,20.71978774339837,20.5,21.5
627.0,20.692025885102137,20.825676658265085,8.666532470249452,21.0,1,0.17432334173491526,20.825676658265085,20.5,21.5
628.0,20.694620786419165,20.818494406018736,8.66739941957216,21.0,1,0.18150559398126376,20.818494406018736,20.5,21.5
629.0,20.697215342145796,20.991271734597937,8.668265465332794,21.0,1,0.008728265402062618,20.991271734597937,20.5,21.5
630.0,20.699809552170432,21.020814602179303,8.66913060635886,21.0,1,-0.02081460217930342,21.020814602179303,20.5,21.5
631.0,20.70240341638127,21.07716014251262,8.669994841479072,21.0,1,-0.07716014251262138,21.07716014251262,20.5,21.5
632.0,20.70499693466629,21.059747710354337,8.67085816952339,21.0,1,-0.0597477103543369,21.059747710354337,20.5,21.5
633.0,20.707590106913262,20.983692858665574,8.671720589322991,21.0,1,0.016307141334426234,20.983692858665574,20.5,21.5
634.0,20.710182933009744,20.948331079411197,8.67258209971028,21.0,1,0.05166892058880279,20.948331079411197,20.5,21.5
635.0,20.712775412843083,20.95929492932952,8.673442699518901,21.0,1,0.040705070670480126,20.95929492932952,20.5,21.5
636.0,20.715367546300417,20.98904858918303,8.674302387583724,21.0,1,0.010951410816968377,20.98904858918303,20.5,21.5
637.0,20.717959333268674,20.97985926987187,8.675161162740856,21.0,1,0.020140730128130002,20.97985926987187,20.5,21.5
638.0,20.720550773634567,20.946159799503683,8.676019023827642,21.0,1,0.053840200496317436,20.946159799503683,20.5,21.5
639.0,20.723141867284607,20.94279930467432,8.67687596968266,21.0,1,0.05720069532567962,20.94279930467432,20.5,21.5
640.0,20.725732614105087,20.861022535801304,8.677731999145733,21.0,1,0.13897746419869605,20.861022535801304,20.5,21.5
641.0,20.728323013982095,20.80676672922767,8.678587111057917,21.0,1,0.19323327077232832,20.80676672922767,20.5,21.5
642.0,20.73091306680151,20.86721330049068,8.679441304261516,21.0,1,0.13278669950932098,20.86721330049068,20.5,21.5
643.0,20.733502772449,20.789790130817014,8.680294577600078,21.0,1,0.2102098691829859,20.789790130817014,20.5,21.5
644.0,20.736092130810032,20.799598647292697,8.681146929918393,21.0,1,0.20040135270730275,20.799598647292697,20.5,21.5
645.0,20.738681141769852,20.87435149773009,8.681998360062499,21.0,1,0.12564850226991098,20.87435149773009,20.5,21.5
646.0,20.741269805213513,20.980082202624953,8.682848866879683,21.0,1,0.019917797375047286,20.980082202624953,20.5,21.5
647.0,20.743858121025845,20.897002915313408,8.683698449218484,21.0,1,0.10299708468659219,20.897002915313408,20.5,21.5
648.0,20.746446089091485,20.949252785654927,8.684547105928688,21.0,1,0.05074721434507268,20.949252785654927,20.5,21.5
649.0,20.749033709294853,20.95743954399065,8.68539483586134,21.0,1,0.0425604560093511,20.95743954399065,20.5,21.5
650.0,20.751620981520166,20.939106186599705,8.686241637868733,21.0,1,0.06089381340029476,20.939106186599705,20.5,21.5
651.0,20.754207905651434,20.955387913409027,8.687087510804423,21.0,1,0.04461208659097338,20.955387913409027,20.5,21.5
652.0,20.756794481572463,21.090857531748046,8.687932453523219,21.0,1,-0.09085753174804623,21.090857531748046,20.5,21.5
653.0,20.75938070916685,21.124396129769494,8.68877646488119,21.0,1,-0.12439612976949377,21.124396129769494,20.5,21.5
654.0,20.761966588317996,21.184391875667494,8.68961954373567,21.0,1,-0.18439187566749382,21.184391875667494,20.5,21.5
655.0,20.76455211890908,21.194913262625143,8.69046168894525,21.0,1,-0.19491326262514264,21.194913262625143,20.5,21.5
656.0,20.767137300823087,21.039243494280413,8.691302899369788,21.0,1,-0.03924349428041296,21.039243494280413,20.5,21.5
657.0,20.769722133942796,20.891673742015364,8.692143173870408,21.0,1,0.10832625798463624,20.891673742015364,20.5,21.5
658.0,20.772306618150782,20.900319434749417,8.692982511309497,21.0,1,0.09968056525058344,20.900319434749417,20.5,21.5
659.0,20.774890753329416,20.78965871150053,8.693820910550718,21.0,1,0.2103412884994711,20.78965871150053,20.5,21.5
660.0,20.77747453936086,20.839019039875428,8.694658370458997,21.0,1,0.1609809601245722,20.839019039875428,20.5,21.5
661.0,20.78005797612708,20.94948699003811,8.695494889900537,21.0,1,0.050513009961889566,20.94948699003811,20.5,21.5
662.0,20.782641063509832,20.966654697533265,8.69633046774281,21.0,1,0.03334530246673495,20.966654697533265,20.5,21.5
663.0,20.78522380139068,21.07461970313981,8.697165102854564,21.0,1,-0.0746197031398097,21.07461970313981,20.5,21.5
664.0,20.787806189650972,21.20463417960574,8.697998794105827,21.0,1,-0.20463417960574048,21.20463417960574,20.5,21.5
665.0,20.790388228171864,21.19808785499874,8.6988315403679,21.0,1,-0.1980878549987395,21.19808785499874,20.5,21.5
666.0,20.792969916834302,21.146285126101237,8.699663340513366,21.0,1,-0.14628512610123678,21.146285126101237,20.5,21.5
667.0,20.795551255519037,21.182753922997883,8.700494193416086,21.0,1,-0.1827539229978825,21.182753922997883,20.5,21.5
668.0,20.798132244106615,21.169114360289512,8.70132409795121,21.0,1,-0.16911436028951243,21.169114360289512,20.5,21.5
669.0,20.800712882477384,21.1163563625634,8.702153052995163,21.0,1,-0.1163563625634012,21.1163563625634,20.5,21.5
670.0,20.803293170511488,21.147509530388653,8.702981057425662,21.0,1,-0.14750953038865333,21.147509530388653,20.5,21.5
671.0,20.80587310808887,21.182925995104092,8.70380811012171,21.0,1,-0.18292599510409246,21.182925995104092,20.5,21.5
672.0,20.80845269508928,21.16290585187294,8.704634209963595,21.0,1,-0.1629058518729387,21.16290585187294,20.5,21.5
673.0,20.811031931392254,21.06335736136004,8.7054593558329,21.0,1,-0.06335736136004044,21.06335736136004,20.5,21.5
674.0,20.81361081687714,20.997567237370042,8.706283546612495,21.0,1,0.002432762629958063,20.997567237370042,20.5,21.5
675.0,20.816189351423088,20.924246827009757,8.707106781186548,21.0,1,0.0757531729902432,20.924246827009757,20.5,21.5
676.0,20.81876753490904,20.971988064226405,8.707929058440516,21.0,1,0.028011935773594843,20.971988064226405,20.5,21.5
677.0,20.821345367213745,21.04997945519664,8.708750377261156,21.0,1,-0.04997945519664171,21.04997945519664,20.5,21.5
678.0,20.823922848215755,21.094078772644252,8.70957073653652,21.0,1,-0.09407877264425224,21.094078772644252,20.5,21.5
679.0,20.826499977793418,21.20181480465495,8.710390135155963,21.0,1,-0.20181480465495127,21.20181480465495,20.5,21.5
680.0,20.82907675582489,21.099254477357885,8.711208572010138,21.0,1,-0.09925447735788495,21.099254477357885,20.5,21.5
681.0,20.831653182188127,21.013076197991854,8.712026045990996,21.0,1,-0.013076197991853888,21.013076197991854,20.5,21.5
682.0,20.83422925676089,20.93394383425284,8.7128425559918,21.0,1,0.06605616574715967,20.93394383425284,20.5,21.5
683.0,20.836804979420734,20.90145092401017,8.713658100907113,21.0,1,0.09854907598982976,20.90145092401017,20.5,21.5
684.0,20.83938035004503,20.736288848659633,8.714472679632804,21.0,1,0.2637111513403667,20.736288848659633,20.5,21.5
685.0,20.84195536851095,20.855859063126914,8.715286291066052,21.0,1,0.14414093687308593,20.855859063126914,20.5,21.5
686.0,20.84453003469546,20.918469284343384,8.716098934105345,21.0,1,0.08153071565661563,20.918469284343384,20.5,21.5
687.0,20.84710434847534,20.934748061742244,8.716910607650483,21.0,1,0.06525193825775588,20.934748061742244,20.5,21.5
688.0,20.849678309727175,20.97431671936966,8.717721310602577,21.0,1,0.02568328063033931,20.97431671936966,20.5,21.5
689.0,20.85225191832735,21.13065970700887,8.718531041864052,21.0,1,-0.13065970700887064,21.13065970700887,20.5,21.5
690.0,20.854825174152058,21.00928142887313,8.719339800338652,21.0,1,-0.009281428873130437,21.00928142887313,20.5,21.5
691.0,20.857398077077296,20.91342975321387,8.720147584931432,21.0,1,0.08657024678613112,20.91342975321387,20.5,21.5
692.0,20.859970626978868,20.945394978169066,8.72095439454877,21.0,1,0.054605021830933964,20.945394978169066,20.5,21.5
693.0,20.862542823732383,20.907136839818133,8.721760228098361,21.0,1,0.09286316018186724,20.907136839818133,20.5,21.5
694.0,20.865114667213255,20.81758448997119,8.722565084489228,21.0,1,0.18241551002881096,20.81758448997119,20.5,21.5
695.0,20.86768615729671,20.90154426425763,8.723368962631708,21.0,1,0.09845573574236965,20.90154426425763,20.5,21.5
696.0,20.870257293857776,20.960489029373953,8.724171861437467,21.0,1,0.039510970626047026,20.960489029373953,20.5,21.5
697.0,20.87282807677129,20.910320381364933,8.724973779819498,21.0,1,0.08967961863506702,20.910320381364933,20.5,21.5
698.0,20.8753985059119,20.941071621329055,8.725774716692118,21.0,1,0.058928378670945136,20.941071621329055,20.5,21.5
699.0,20.877968581154057,20.978422966976943,8.726574670970976,21.0,1,0.021577033023056913,20.978422966976943,20.5,21.5
700.0,20.88053830237202,21.095657500830537,8.727373641573049,21.0,1,-0.09565750083053715,21.095657500830537,20.5,21.5
701.0,20.88310766943986,21.054193402601523,8.728171627416646,21.0,1,-0.05419340260152339,21.054193402601523,20.5,21.5
702.0,20.885676682231455,21.12448214775398,8.72896862742141,21.0,1,-0.12448214775398014,21.12448214775398,20.5,21.5
703.0,20.888245340620493,21.0535447671442,8.729764640508321,21.0,1,-0.05354476714419931,21.0535447671442,20.5,21.5
704.0,20.89081364448047,21.086391646374558,8.73055966559969,21.0,1,-0.0863916463745582,21.086391646374558,20.5,21.5
705.0,20.893381593684694,21.01486268242673,8.73135370161917,21.0,1,-0.014862682426731055,21.01486268242673,20.5,21.5
706.0,20.895949188106282,21.08972475797379,8.73214674749175,21.0,1,-0.08972475797379076,21.08972475797379,20.5,21.5
707.0,20.89851642761816,20.997272459491253,8.732938802143762,21.0,1,0.0027275405087472393,20.997272459491253,20.5,21.5
708.0,20.901083312093064,21.059943114114304,8.733729864502877,21.0,1,-0.05994311411430431,21.059943114114304,20.5,21.5
709.0,20.903649841403546,21.091352392050407,8.734519933498111,21.0,1,-0.0913523920504069,21.091352392050407,20.5,21.5
710.0,20.906216015421965,21.075358556527366,8.73530900805983,21.0,1,-0.075358556527366,21.075358556527366,20.5,21.5
711.0,20.90878183402049,21.112683439668707,8.736097087119735,21.0,1,-0.11268343966870731,21.112683439668707,20.5,21.5
712.0,20.91134729707111,21.20625621852897,8.736884169610883,21.0,1,-0.2062562185289707,21.20625621852897,20.5,21.5
713.0,20.913912404445618,21.28296268663866,8.737670254467682,21.0,1,-0.2829626866386583,21.28296268663866,20.5,21.5
714.0,20.916477156015624,21.202709160473553,8.738455340625883,21.0,1,-0.20270916047355314,21.202709160473553,20.5,21.5
715.0,20.919041551652548,21.204722287483758,8.739239427022596,21.0,1,-0.20472228748375798,21.204722287483758,20.5,21.5
716.0,20.92160559122762,21.228956798600287,8.74002251259628,21.0,1,-0.2289567986002865,21.228956798600287,20.5,21.5
717.0,20.924169274611895,21.278138891782724,8.74080459628675,21.0,1,-0.27813889178272433,21.278138891782724,20.5,21.5
718.0,20.92673260167623,21.198917499535202,8.741585677035179,21.0,1,-0.19891749953520232,21.198917499535202,20.5,21.5
719.0,20.9292955722913,21.20473134381843,8.742365753784098,21.0,1,-0.2047313438184304,21.20473134381843,20.5,21.5
720.0,20.9318581863276,21.214024366420453,8.743144825477394,21.0,1,-0.2140243664204533,21.214024366420453,20.5,21.5
721.0,20.93442044365543,21.11842077197191,8.743922891060318,21.0,1,-0.11842077197190903,21.11842077197191,20.5,21.5
722.0,20.936982344144912,21.061461490978488,8.744699949479482,21.0,1,-0.06146149097848763,21.061461490978488,20.5,21.5
723.0,20.93954388766598,21.073097495926454,8.745475999682862,21.0,1,-0.07309749592645431,21.073097495926454,20.5,21.5
724.0,20.942105074088385,21.122247696057304,8.746251040619798,21.0,1,-0.12224769605730401,21.122247696057304,20.5,21.5
725.0,20.94466590328169,21.133259128827095,8.747025071240996,21.0,1,-0.13325912882709545,21.133259128827095,20.5,21.5
726.0,20.947226375115285,21.205103949304338,8.747798090498533,21.0,1,-0.20510394930433762,21.205103949304338,20.5,21.5
727.0,20.94978648945836,21.28885110181207,8.74857009734585,21.0,1,-0.28885110181207097,21.28885110181207,20.5,21.5
728.0,20.95234624617994,21.277772642085978,8.749341090737763,21.0,1,-0.27777264208597785,21.277772642085978,20.5,21.5
729.0,20.954905645148852,21.27803560572346,8.75011106963046,21.0,1,-0.27803560572345987,21.27803560572346,20.5,21.5
730.0,20.95746468623375,21.292300418296165,8.750880032981499,21.0,1,-0.2923004182961648,21.292300418296165,20.5,21.5
731.0,20.960023369303098,21.24192582252119,8.751647979749817,21.0,1,-0.2419258225211891,21.24192582252119,20.5,21.5
732.0,20.962581694225186,21.166775000320104,8.752414908895725,21.0,1,-0.16677500032010428,21.166775000320104,20.5,21.5
733.0,20.96513966086812,21.25055001194109,8.75318081938091,21.0,1,-0.2505500119410904,21.25055001194109,20.5,21.5
734.0,20.967697269099823,21.261311240891178,8.753945710168443,21.0,1,-0.2613112408911782,21.261311240891178,20.5,21.5
735.0,20.970254518788035,21.2585764398672,8.754709580222771,21.0,1,-0.25857643986719836,21.2585764398672,20.5,21.5
736.0,20.97281140980032,21.27670550156075,8.755472428509727,21.0,1,-0.27670550156074825,21.27670550156075,20.5,21.5
737.0,20.975367942004063,21.289669174145054,8.756234253996523,21.0,1,-0.2896691741450539,21.289669174145054,20.5,21.5
738.0,20.97792411526646,21.214178195588666,8.756995055651757,21.0,1,-0.2141781955886657,21.214178195588666,20.5,21.5
739.0,20.98047992945454,21.19417218221876,8.757754832445414,21.0,1,-0.19417218221876098,21.19417218221876,20.5,21.5
740.0,20.983035384435137,21.19660292292433,8.758513583348869,21.0,1,-0.19660292292433112,21.19660292292433,20.5,21.5
741.0,20.98559048007492,21.244339526166574,8.759271307334881,21.0,1,-0.2443395261665735,21.244339526166574,20.5,21.5
742.0,20.98814521624037,21.21243069270906,8.760028003377602,21.0,1,-0.21243069270905934,21.21243069270906,20.5,21.5
743.0,20.990699592797796,21.116656066199532,8.760783670452575,21.0,1,-0.11665606619953195,21.116656066199532,20.5,21.5
744.0,20.993253609613326,21.148998642110016,8.761538307536737,21.0,1,-0.14899864211001557,21.148998642110016,20.5,21.5
745.0,20.995807266552912,21.079932084426108,8.762291913608419,21.0,1,-0.07993208442610822,21.079932084426108,20.5,21.5
746.0,20.998360563482322,20.989654335689448,8.763044487647345,21.0,1,0.010345664310552394,20.989654335689448,20.5,21.5
747.0,21.000913500267156,21.089817314402232,8.763796028634642,21.0,1,-0.08981731440223228,21.089817314402232,20.5,21.5
748.0,21.00346607677283,21.090223270034528,8.764546535552832,21.0,1,-0.09022327003452801,21.090223270034528,20.5,21.5
749.0,21.00601829286459,20.938157752998336,8.765296007385835,21.0,1,0.061842247001663964,20.938157752998336,20.5,21.5
750.0,21.008570148407493,20.922294887363797,8.766044443118979,21.0,1,0.0777051126362025,20.922294887363797,20.5,21.5
751.0,21.011121643266435,20.95155023090143,8.766791841738986,21.0,1,0.04844976909857124,20.95155023090143,20.5,21.5
752.0,21.01367277730613,20.930797146814314,8.767538202233988,21.0,1,0.06920285318568631,20.930797146814314,20.5,21.5
753.0,21.016223550391114,21.051475282079235,8.768283523593523,21.0,1,-0.051475282079234574,21.051475282079235,20.5,21.5
754.0,21.018773962385755,21.219135305708807,8.769027804808532,21.0,1,-0.21913530570880724,21.219135305708807,20.5,21.5
755.0,21.02132401315424,21.250987427355263,8.769771044871367,21.0,1,-0.2509874273552626,21.250987427355263,20.5,21.5
756.0,21.023873702560582,21.318362114947305,8.77051324277579,21.0,1,-0.3183621149473055,21.318362114947305,20.5,21.5
757.0,21.026423030468624,21.2383090862911,8.77125439751697,21.0,1,-0.2383090862910997,21.2383090862911,20.5,21.5
758.0,21.028971996742033,21.25285964523284,8.77199450809149,21.0,1,-0.25285964523283866,21.25285964523284,20.5,21.5
759.0,21.031520601244303,21.214522782738452,8.772733573497352,21.0,1,-0.21452278273845238,21.214522782738452,20.5,21.5
760.0,21.034068843838753,21.261921396283988,8.773471592733964,21.0,1,-0.2619213962839879,21.261921396283988,20.5,21.5
761.0,21.036616724388534,21.222223001522035,8.774208564802159,21.0,1,-0.22222300152203545,21.222223001522035,20.5,21.5
762.0,21.039164242756616,21.227918894637703,8.774944488704179,21.0,1,-0.22791889463770332,21.227918894637703,20.5,21.5
763.0,21.041711398805806,21.186886770045756,8.775679363443695,21.0,1,-0.18688677004575638,21.186886770045756,20.5,21.5
764.0,21.044258192398733,21.19440017175325,8.776413188025789,21.0,1,-0.19440017175325153,21.19440017175325,20.5,21.5
765.0,21.046804623397858,21.165247664935585,8.77714596145697,21.0,1,-0.16524766493558474,21.165247664935585,20.5,21.5
766.0,21.04935069166547,21.114339410699372,8.77787768274517,21.0,1,-0.11433941069937248,21.114339410699372,20.5,21.5
767.0,21.051896397063686,21.12685125473918,8.778608350899745,21.0,1,-0.12685125473917935,21.12685125473918,20.5,21.5
768.0,21.054441739454454,21.19711805950975,8.779337964931473,21.0,1,-0.19711805950975148,21.19711805950975,20.5,21.5
769.0,21.056986718699548,21.253550299453273,8.780066523852566,21.0,1,-0.25355029945327345,21.253550299453273,20.5,21.5
770.0,21.05953133466058,21.19192825711081,8.78079402667666,21.0,1,-0.19192825711080985,21.19192825711081,20.5,21.5
771.0,21.062075587198983,21.1562672521792,8.78152047241882,21.0,1,-0.15626725217920168,21.1562672521792,20.5,21.5
772.0,21.064619476176027,21.193512009309902,8.782245860095543,21.0,1,-0.1935120093099023,21.193512009309902,20.5,21.5
773.0,21.067163001452812,21.207828910938794,8.782970188724763,21.0,1,-0.20782891093879385,21.207828910938794,20.5,21.5
774.0,21.069706162890267,21.15085964005531,8.783693457325839,21.0,1,-0.15085964005530883,21.15085964005531,20.5,21.5
775.0,21.072248960349153,21.299758137180234,8.784415664919576,21.0,1,-0.29975813718023403,21.299758137180234,20.5,21.5
776.0,21.074791393690067,21.378599012473483,8.785136810528206,21.0,1,-0.37859901247348304,21.378599012473483,20.5,21.5
777.0,21.077333462773435,21.359965555427504,8.785856893175401,21.0,1,-0.35996555542750386,21.359965555427504,20.5,21.5
778.0,21.079875167459516,21.322152867169844,8.786575911886278,21.0,1,-0.32215286716984437,21.322152867169844,20.5,21.5
779.0,21.0824165076084,21.447354478498806,8.787293865687387,21.0,1,-0.4473544784988057,21.447354478498806,20.5,21.5
780.0,21.084957483080014,21.407614592162602,8.788010753606722,21.0,1,-0.4076145921626022,21.407614592162602,20.5,21.5
781.0,21.08749809373412,21.43806929403013,8.788726574673722,21.0,1,-0.43806929403012873,21.43806929403013,20.5,21.5
782.0,21.090038339430308,21.418534242666123,8.789441327919269,21.0,1,-0.41853424266612294,21.418534242666123,20.5,21.5
783.0,21.092578220028006,21.464006560849047,8.79015501237569,21.0,1,-0.4640065608490467,21.464006560849047,20.5,21.5
784.0,21.095117735386477,21.383686962174142,8.79086762707676,21.0,1,-0.3836869621741421,21.383686962174142,20.5,21.5
785.0,21.097656885364817,21.401138346431598,8.791579171057704,21.0,1,-0.4011383464315976,21.401138346431598,20.5,21.5
786.0,21.100195669821954,21.490832090386526,8.79228964335519,21.0,1,-0.490832090386526,21.490832090386526,20.5,21.5
787.0,21.10273408861666,21.48462966035472,8.792999043007345,21.0,1,-0.4846296603547202,21.48462966035472,20.5,21.5
788.0,21.10527214160754,21.354418077428143,8.793707369053745,21.0,1,-0.3544180774281429,21.354418077428143,20.5,21.5
789.0,21.10780982865303,21.328204840199838,8.794414620535418,21.0,1,-0.3282048401998381,21.328204840199838,20.5,21.5
790.0,21.110347149611403,21.24358374275935,8.795120796494848,21.0,1,-0.24358374275934835,21.24358374275935,20.5,21.5
791.0,21.11288410434078,21.226590399468982,8.795825895975975,21.0,1,-0.22659039946898218,21.226590399468982,20.5,21.5
792.0,21.115420692699107,21.213166861488883,8.796529918024197,21.0,1,-0.21316686148888309,21.213166861488883,20.5,21.5
793.0,21.117956914544173,21.283327107611832,8.79723286168637,21.0,1,-0.2833271076118322,21.283327107611832,20.5,21.5
794.0,21.120492769733602,21.36114217362557,8.797934726010809,21.0,1,-0.36114217362557,21.36114217362557,20.5,21.5
795.0,21.123028258124858,21.475449839177514,8.798635510047292,21.0,1,-0.4754498391775144,21.475449839177514,20.5,21.5
796.0,21.125563379575244,21.337024747172254,8.799335212847062,21.0,1,-0.3370247471722543,21.337024747172254,20.5,21.5
797.0,21.128098133941897,21.437297997636495,8.80003383346282,21.0,1,-0.43729799763649524,21.437297997636495,20.5,21.5
798.0,21.1306325210818,21.416747087263442,8.800731370948734,21.0,1,-0.4167470872634418,21.416747087263442,20.5,21.5
799.0,21.133166540851775,21.30906433438228,8.801427824360442,21.0,1,-0.3090643343822812,21.30906433438228,20.5,21.5
800.0,21.135700193108477,21.24691895900156,8.802123192755044,21.0,1,-0.2469189590015617,21.24691895900156,20.5,21.5
801.0,21.138233477708408,21.264927298241624,8.802817475191114,21.0,1,-0.26492729824162353,21.264927298241624,20.5,21.5
802.0,21.140766394507903,21.225595913629874,8.803510670728695,21.0,1,-0.2255959136298742,21.225595913629874,20.5,21.5
803.0,21.143298943363146,21.33781410471636,8.8042027784293,21.0,1,-0.33781410471636164,21.33781410471636,20.5,21.5
804.0,21.145831124130158,21.360604200165973,8.804893797355914,21.0,1,-0.36060420016597305,21.360604200165973,20.5,21.5
805.0,21.148362936664803,21.520856596551685,8.805583726573,21.0,0,-0.5208565965516847,21.520856596551685,20.5,21.5
806.0,21.145894380822785,21.569812573248168,8.806272565146491,21.0,0,-0.5698125732481678,21.569812573248168,20.5,21.5
807.0,21.14342645645965,21.593499538636593,8.806960312143802,21.0,0,-0.5934995386365927,21.593499538636593,20.5,21.5
808.0,21.140959163230786,21.54916779622107,8.807646966633822,21.0,0,-0.5491677962210701,21.54916779622107,20.5,21.5
809.0,21.138492500791468,21.56655406508078,8.80833252768692,21.0,0,-0.5665540650807799,21.56655406508078,20.5,21.5
810.0,21.136026468796846,21.399473427353552,8.809016994374947,21.0,0,-0.39947342735355207,21.399473427353552,20.5,21.5
811.0,21.13356106690196,21.37663207548156,8.809700365771233,21.0,0,-0.3766320754815595,21.37663207548156,20.5,21.5
812.0,21.131096294761736,21.345672868340436,8.810382640950595,21.0,0,-0.3456728683404364,21.345672868340436,20.5,21.5
813.0,21.128632152030974,21.259873727103404,8.811063818989327,21.0,0,-0.25987372710340395,21.259873727103404,20.5,21.5
814.0,21.126168638364366,21.323011233181298,8.811743898965215,21.0,0,-0.32301123318129754,21.323011233181298,20.5,21.5
815.0,21.123705753416484,21.365550626564083,8.812422879957529,21.0,0,-0.3655506265640831,21.365550626564083,20.5,21.5
816.0,21.121243496841792,21.426454258284586,8.813100761047028,21.0,0,-0.4264542582845863,21.426454258284586,20.5,21.5
817.0,21.118781868294633,21.42553275093277,8.813777541315957,21.0,0,-0.42553275093277065,21.42553275093277,20.5,21.5
818.0,21.116320867429238,21.551740471274012,8.814453219848057,21.0,0,-0.5517404712740124,21.551740471274012,20.5,21.5
819.0,21.113860493899722,21.429350565218062,8.815127795728554,21.0,0,-0.42935056521806203,21.429350565218062,20.5,21.5
820.0,21.111400747360086,21.44764083659535,8.815801268044172,21.0,0,-0.44764083659535103,21.44764083659535,20.5,21.5
821.0,21.108941627464223,21.456078583489024,8.816473635883126,21.0,0,-0.45607858348902397,21.456078583489024,20.5,21.5
822.0,21.106483133865908,21.483184866376366,8.817144898335128,21.0,0,-0.4831848663763658,21.483184866376366,20.5,21.5
823.0,21.1040252662188,21.53293595538732,8.817815054491387,21.0,0,-0.5329359553873196,21.53293595538732,20.5,21.5
824.0,21.101568024176455,21.568306511090917,8.818484103444606,21.0,0,-0.5683065110909169,21.568306511090917,20.5,21.5
825.0,21.099111407392307,21.527389966711734,8.819152044288991,21.0,0,-0.5273899667117341,21.527389966711734,20.5,21.5
826.0,21.096655415519688,21.476412487372052,8.819818876120248,21.0,0,-0.4764124873720519,21.476412487372052,20.5,21.5
827.0,21.094200048211807,21.502332980934902,8.820484598035582,21.0,0,-0.5023329809349022,21.502332980934902,20.5,21.5
828.0,21.091745305121773,21.326284377750135,8.821149209133704,21.0,0,-0.3262843777501345,21.326284377750135,20.5,21.5
829.0,21.089291185902574,21.323553554647184,8.821812708514825,21.0,0,-0.3235535546471837,21.323553554647184,20.5,21.5
830.0,21.086837690207098,21.291715983615113,8.822475095280662,21.0,0,-0.29171598361511286,21.291715983615113,20.5,21.5
831.0,21.08438481768811,21.25000362589782,8.823136368534442,21.0,0,-0.25000362589781844,21.25000362589782,20.5,21.5
832.0,21.08193256799828,21.25855940386888,8.823796527380896,21.0,0,-0.25855940386887966,21.25855940386888,20.5,21.5
833.0,21.079480940790155,21.285436543229125,8.824455570926263,21.0,0,-0.2854365432291246,21.285436543229125,20.5,21.5
834.0,21.077029935716183,21.26005779886674,8.825113498278295,21.0,0,-0.26005779886673963,21.26005779886674,20.5,21.5
835.0,21.074579552428695,21.299870214728323,8.825770308546254,21.0,0,-0.29987021472832254,21.299870214728323,20.5,21.5
836.0,21.07212979057992,21.314582723000814,8.826426000840915,21.0,0,-0.31458272300081447,21.314582723000814,20.5,21.5
837.0,21.069680649821972,21.270316743821894,8.827080574274563,21.0,0,-0.2703167438218941,21.270316743821894,20.5,21.5
838.0,21.06723212980686,21.257992651660395,8.827734027961,21.0,0,-0.25799265166039476,21.257992651660395,20.5,21.5
839.0,21.064784230186493,21.26960490532133,8.828386361015548,21.0,0,-0.2696049053213301,21.26960490532133,20.5,21.5
840.0,21.06233695061266,21.22724895674975,8.829037572555041,21.0,0,-0.22724895674975087,21.22724895674975,20.5,21.5
841.0,21.059890290737048,21.250432176734556,8.829687661697834,21.0,0,-0.25043217673455587,21.250432176734556,20.5,21.5
842.0,21.05744425021124,21.25302894066354,8.830336627563797,21.0,0,-0.2530289406635404,21.25302894066354,20.5,21.5
843.0,21.05499882868671,21.271184287568328,8.830984469274329,21.0,0,-0.27118428756832813,21.271184287568328,20.5,21.5
844.0,21.05255402581483,21.236842635800404,8.831631185952341,21.0,0,-0.23684263580040366,21.236842635800404,20.5,21.5
845.0,21.050109841246854,21.23832108300774,8.832276776722278,21.0,0,-0.23832108300774024,21.23832108300774,20.5,21.5
846.0,21.04766627463395,21.212664316787595,8.8329212407101,21.0,0,-0.21266431678759545,21.212664316787595,20.5,21.5
847.0,21.045223325627166,21.141619330593908,8.833564577043296,21.0,0,-0.1416193305939082,21.141619330593908,20.5,21.5
848.0,21.04278099387745,21.12336206516078,8.834206784850885,21.0,0,-0.12336206516078008,21.12336206516078,20.5,21.5
849.0,21.040339279035646,21.12983382988904,8.834847863263407,21.0,0,-0.12983382988904069,21.12983382988904,20.5,21.5
850.0,21.037898180752492,21.172504158747444,8.835487811412936,21.0,0,-0.17250415874744363,21.172504158747444,20.5,21.5
851.0,21.035457698678623,21.116073209636518,8.836126628433076,21.0,0,-0.11607320963651802,21.116073209636518,20.5,21.5
852.0,21.033017832464573,21.06863650623925,8.836764313458962,21.0,0,-0.0686365062392511,21.06863650623925,20.5,21.5
853.0,21.03057858176077,21.02714047618155,8.837400865627258,21.0,0,-0.027140476181550355,21.02714047618155,20.5,21.5
854.0,21.028139946217543,20.99670919239984,8.838036284076168,21.0,0,0.0032908076001589848,20.99670919239984,20.5,21.5
855.0,21.025701925485116,21.003906352684982,8.838670567945424,21.0,0,-0.003906352684982295,21.003906352684982,20.5,21.5
856.0,21.02326451921361,21.033714439433492,8.8393037163763,21.0,0,-0.03371443943349206,21.033714439433492,20.5,21.5
857.0,21.020827727053042,21.062751603872744,8.839935728511605,21.0,0,-0.06275160387274425,21.062751603872744,20.5,21.5
858.0,21.018391548653334,21.12747946599445,8.840566603495684,21.0,0,-0.12747946599445115,21.12747946599445,20.5,21.5
859.0,21.015955983664302,21.18114258184017,8.841196340474426,21.0,0,-0.18114258184017018,21.18114258184017,20.5,21.5
860.0,21.013521031735664,21.14717697959162,8.841824938595257,21.0,0,-0.14717697959162024,21.14717697959162,20.5,21.5
861.0,21.011086692517036,21.21619483928405,8.842452397007147,21.0,0,-0.21619483928405003,21.21619483928405,20.5,21.5
862.0,21.008652965657934,21.213798060641714,8.843078714860608,21.0,0,-0.21379806064171447,21.213798060641714,20.5,21.5
863.0,21.006219850807774,21.17392825407229,8.843703891307698,21.0,0,-0.1739282540722904,21.17392825407229,20.5,21.5
864.0,21.003787347615873,21.291655726704544,8.844327925502014,21.0,0,-0.2916557267045441,21.291655726704544,20.5,21.5
865.0,21.00135545573145,21.159104230243663,8.844950816598711,21.0,0,-0.15910423024366338,21.159104230243663,20.5,21.5
866.0,20.998924174803623,21.094776096588483,8.845572563754478,21.0,0,-0.09477609658848252,21.094776096588483,20.5,21.5
867.0,20.996493504481414,21.270718229711527,8.846193166127565,21.0,0,-0.2707182297115267,21.270718229711527,20.5,21.5
868.0,20.994063444413744,21.318050483263622,8.846812622877762,21.0,0,-0.3180504832636224,21.318050483263622,20.5,21.5
869.0,20.991633994249437,21.172273135374237,8.847430933166416,21.0,0,-0.17227313537423683,21.172273135374237,20.5,21.5
870.0,20.98920515363722,21.239145837696622,8.848048096156425,21.0,0,-0.239145837696622,21.239145837696622,20.5,21.5
871.0,20.986776922225722,21.329418935230148,8.84866411101224,21.0,0,-0.329418935230148,21.329418935230148,20.5,21.5
872.0,20.984349299663478,21.147175256824955,8.849278976899868,21.0,0,-0.14717525682495491,21.147175256824955,20.5,21.5
873.0,20.981922285598927,21.14805281588671,8.849892692986863,21.0,0,-0.14805281588671093,21.14805281588671,20.5,21.5
874.0,20.979495879680403,21.209612703956783,8.85050525844235,21.0,0,-0.20961270395678255,21.209612703956783,20.5,21.5
875.0,20.977070081556157,21.247851774615594,8.851116672437,21.0,0,-0.2478517746155937,21.247851774615594,20.5,21.5
876.0,20.974644890874334,21.212856438378765,8.851726934143048,21.0,0,-0.21285643837876478,21.212856438378765,20.5,21.5
877.0,20.97222030728299,21.273223315688234,8.852336042734288,21.0,0,-0.27322331568823444,21.273223315688234,20.5,21.5
878.0,20.96979633043008,21.246653202322246,8.852943997386076,21.0,0,-0.2466532023222463,21.246653202322246,20.5,21.5
879.0,20.96737295996347,21.326575122758534,8.853550797275327,21.0,0,-0.32657512275853406,21.326575122758534,20.5,21.5
880.0,20.964950195530932,21.26666867419868,8.854156441580525,21.0,0,-0.2666686741986801,21.26666867419868,20.5,21.5
881.0,20.962528036780142,21.270205328731954,8.854760929481715,21.0,0,-0.27020532873195435,21.270205328731954,20.5,21.5
882.0,20.960106483358683,21.339243861467573,8.855364260160506,21.0,0,-0.33924386146757257,21.339243861467573,20.5,21.5
883.0,20.95768553491404,21.376973323634076,8.855966432800079,21.0,0,-0.37697332363407554,21.376973323634076,20.5,21.5
884.0,20.95526519109362,21.29772001725909,8.856567446585176,21.0,0,-0.29772001725908837,21.29772001725909,20.5,21.5
885.0,20.952845451544718,21.329083691408258,8.857167300702113,21.0,0,-0.32908369140825755,21.329083691408258,20.5,21.5
886.0,20.950426315914548,21.303154411879156,8.857765994338774,21.0,0,-0.3031544118791558,21.303154411879156,20.5,21.5
887.0,20.948007783850233,21.215356239950058,8.858363526684615,21.0,0,-0.21535623995005793,21.215356239950058,20.5,21.5
888.0,20.9455898549988,21.197417519442475,8.858959896930664,21.0,0,-0.19741751944247454,21.197417519442475,20.5,21.5
889.0,20.943172529007185,21.153019490478805,8.859555104269523,21.0,0,-0.1530194904788047,21.153019490478805,20.5,21.5
890.0,20.940755805522237,21.210300829187542,8.860149147895365,21.0,0,-0.2103008291875419,21.210300829187542,20.5,21.5
891.0,20.938339684190712,21.179195328577755,8.860742027003944,21.0,0,-0.17919532857775522,21.179195328577755,20.5,21.5
892.0,20.935924164659276,21.089053125409784,8.861333740792585,21.0,0,-0.08905312540978372,21.089053125409784,20.5,21.5
893.0,20.933509246574502,20.997979037971366,8.861924288460195,21.0,0,0.002020962028634443,20.997979037971366,20.5,21.5
894.0,20.93109492958288,20.95963419709758,8.862513669207257,21.0,0,0.04036580290242142,20.95963419709758,20.5,21.5
895.0,20.928681213330805,20.881239812197286,8.863101882235837,21.0,0,0.1187601878027138,20.881239812197286,20.5,21.5
896.0,20.926268097464586,20.914013572053882,8.863688926749576,21.0,0,0.08598642794611777,20.914013572053882,20.5,21.5
897.0,20.923855581630445,21.049844288961513,8.864274801953705,21.0,0,-0.04984428896151272,21.049844288961513,20.5,21.5
898.0,20.92144366547451,21.12775383510634,8.86485950705503,21.0,0,-0.12775383510633986,21.12775383510634,20.5,21.5
899.0,20.919032348642826,21.103642931321176,8.86544304126195,21.0,0,-0.10364293132117552,21.103642931321176,20.5,21.5
900.0,20.91662163078135,21.1416921610671,-16.13397459621556,21.0,0,-0.14169216106709825,21.1416921610671,20.5,21.5
901.0,20.90921151153595,21.110159297986264,-16.133393406165936,21.0,0,-0.11015929798626445,21.110159297986264,20.5,21.5
902.0,20.90180299055241,21.015357395885776,-16.132813389376018,21.0,0,-0.01535739588577556,21.015357395885776,20.5,21.5
903.0,20.894396067276425,20.99194250195862,-16.13223454663107,21.0,0,0.00805749804138145,20.99194250195862,20.5,21.5
904.0,20.886990741153642,21.084858889954507,-16.131656878714765,21.0,0,-0.08485888995450708,21.084858889954507,20.5,21.5
905.0,20.87958701162967,21.014079986643953,-16.13108038640917,21.0,0,-0.014079986643952935,21.014079986643953,20.5,21.5
906.0,20.872184878150062,20.914366526513994,-16.13050507049478,21.0,0,0.08563347348600558,20.914366526513994,20.5,21.5
907.0,20.864784340160334,21.04147244303685,-16.12993093175049,21.0,0,-0.041472443036848716,21.04147244303685,20.5,21.5
908.0,20.85738539710595,21.139702523637826,-16.1293579709536,21.0,0,-0.1397025236378262,21.139702523637826,20.5,21.5
909.0,20.849988048432337,21.182672562107896,-16.12878618887981,21.0,0,-0.1826725621078964,21.182672562107896,20.5,21.5
910.0,20.842592293584875,21.210927047538895,-16.128215586303238,21.0,0,-0.21092704753889535,21.210927047538895,20.5,21.5
911.0,20.835198132008898,21.146665433292657,-16.127646163996392,21.0,0,-0.14666543329265735,21.146665433292657,20.5,21.5
912.0,20.827805563149695,21.09166150883133,-16.12707792273019,21.0,0,-0.09166150883132929,21.09166150883133,20.5,21.5
913.0,20.820414586452518,21.018074701349224,-16.12651086327395,21.0,0,-0.018074701349224398,21.018074701349224,20.5,21.5
914.0,20.813025201362574,20.92167486531506,-16.125944986395382,21.0,0,0.07832513468493829,20.92167486531506,20.5,21.5
915.0,20.805637407325023,20.868656117139665,-16.125380292860605,21.0,0,0.13134388286033527,20.868656117139665,20.5,21.5
916.0,20.798251203784986,21.003336280023788,-16.124816783434134,21.0,0,-0.003336280023788163,21.003336280023788,20.5,21.5
917.0,20.79086659018754,21.006673001621756,-16.124254458878873,21.0,0,-0.006673001621756214,21.006673001621756,20.5,21.5
918.0,20.78348356597773,20.875850937852903,-16.123693319956136,21.0,0,0.12414906214709731,20.875850937852903,20.5,21.5
919.0,20.776102130600542,20.85596555687666,-16.12313336742562,21.0,0,0.14403444312333846,20.85596555687666,20.5,21.5
920.0,20.768722283500935,20.9655086443475,-16.122574602045418,21.0,0,0.03449135565249861,20.9655086443475,20.5,21.5
921.0,20.761344024123826,20.91859719957291,-16.122017024572017,21.0,0,0.0814028004270888,20.91859719957291,20.5,21.5
922.0,20.75396735191409,20.906231594061428,-16.1214606357603,21.0,0,0.09376840593857239,20.906231594061428,20.5,21.5
923.0,20.746592266316554,20.943384755394547,-16.120905436363536,21.0,0,0.056615244605453086,20.943384755394547,20.5,21.5
924.0,20.73921876677602,20.946261204722315,-16.120351427133386,21.0,0,0.05373879527768466,20.946261204722315,20.5,21.5
925.0,20.731846852737238,20.851160802911195,-16.119798608819888,21.0,0,0.14883919708880455,20.851160802911195,20.5,21.5
926.0,20.724476523644928,20.86033896435863,-16.11924698217149,21.0,0,0.139661035641371,20.86033896435863,20.5,21.5
927.0,20.717107778943763,20.68705400084419,-16.11869654793501,21.0,0,0.31294599915581145,20.68705400084419,20.5,21.5
928.0,20.70974061807839,20.684692491993083,-16.118147306855654,21.0,0,0.3153075080069172,20.684692491993083,20.5,21.5
929.0,20.7023750404934,20.70783872039282,-16.117599259677014,21.0,0,0.2921612796071784,20.70783872039282,20.5,21.5
930.0,20.69501104563337,20.680207686388922,-16.117052407141074,21.0,0,0.31979231361107807,20.680207686388922,20.5,21.5
931.0,20.687648632942814,20.63871561604103,-16.116506749988183,21.0,0,0.3612843839589708,20.63871561604103,20.5,21.5
932.0,20.68028780186623,20.687554985853318,-16.115962288957093,21.0,0,0.31244501414668235,20.687554985853318,20.5,21.5
933.0,20.672928551848063,20.73443887751794,-16.115419024784917,21.0,0,0.26556112248206176,20.73443887751794,20.5,21.5
934.0,20.665570882332737,20.781859815689714,-16.114876958207155,21.0,0,0.21814018431028614,20.781859815689714,20.5,21.5
935.0,20.65821479276463,20.677781055129703,-16.114336089957696,21.0,0,0.322218944870297,20.677781055129703,20.5,21.5
936.0,20.650860282588084,20.76897602658975,-16.113796420768786,21.0,0,0.23102397341024883,20.76897602658975,20.5,21.5
937.0,20.64350735124741,20.846356950974247,-16.113257951371065,21.0,0,0.153643049025753,20.846356950974247,20.5,21.5
938.0,20.636155998186887,20.75601235928149,-16.11272068249354,21.0,0,0.24398764071851176,20.75601235928149,20.5,21.5
939.0,20.628806222850752,20.635606071720197,-16.1121846148636,21.0,0,0.364393928279803,20.635606071720197,20.5,21.5
940.0,20.62145802468321,20.77490731560861,-16.111649749206997,21.0,0,0.22509268439139163,20.77490731560861,20.5,21.5
941.0,20.614111403128433,20.69636173232014,-16.11111608624786,21.0,0,0.3036382676798617,20.69636173232014,20.5,21.5
942.0,20.60676635763056,20.7264219777758,-16.110583626708703,21.0,0,0.2735780222241999,20.7264219777758,20.5,21.5
943.0,20.59942288763369,20.788472034195365,-16.11005237131039,21.0,0,0.21152796580463473,20.788472034195365,20.5,21.5
944.0,20.592080992581902,20.874889998164775,-16.109522320772157,21.0,0,0.1251100018352247,20.874889998164775,20.5,21.5
945.0,20.58474067191923,20.849429839624054,-16.10899347581163,21.0,0,0.1505701603759455,20.849429839624054,20.5,21.5
946.0,20.577401925089685,20.89032395344108,-16.108465837144784,21.0,0,0.1096760465589206,20.89032395344108,20.5,21.5
947.0,20.570064751537238,20.802641762410587,-16.10793940548596,21.0,0,0.1973582375894125,20.802641762410587,20.5,21.5
948.0,20.562729150705835,20.769230040782993,-16.107414181547874,21.0,0,0.23076995921700671,20.769230040782993,20.5,21.5
949.0,20.555395122039382,20.641627774323233,-16.1068901660416,21.0,0,0.3583722256767672,20.641627774323233,20.5,21.5
950.0,20.548062664981767,20.70968899947436,-16.10636735967659,21.0,0,0.29031100052564085,20.70968899947436,20.5,21.5
951.0,20.540731778976834,20.684530923343843,-16.10584576316063,21.0,0,0.3154690766561572,20.684530923343843,20.5,21.5
952.0,20.533402463468406,20.76738190806753,-16.105325377199904,21.0,0,0.23261809193246918,20.76738190806753,20.5,21.5
953.0,20.526074717900272,20.784167426289933,-16.104806202498924,21.0,0,0.2158325737100668,20.784167426289933,20.5,21.5
954.0,20.518748541716192,20.845432743004938,-16.104288239760585,21.0,0,0.1545672569950618,20.845432743004938,20.5,21.5
955.0,20.511423934359897,20.8267715144119,-16.10377148968614,21.0,0,0.17322848558810122,20.8267715144119,20.5,21.5
956.0,20.504100895275087,20.805909416464708,-16.103255952975175,21.0,0,0.19409058353529218,20.805909416464708,20.5,21.5
957.0,20.496779423905437,20.73462523550114,-16.10274163032567,21.0,0,0.26537476449885844,20.73462523550114,20.5,21.5
958.0,20.48945951969459,20.63821083220274,-16.10222852243394,21.0,0,0.36178916779725867,20.63821083220274,20.5,21.5
959.0,20.482141182086167,20.601329326966727,-16.101716629994648,21.0,0,0.39867067303327275,20.601329326966727,20.5,21.5
960.0,20.474824410523752,20.640018223529346,-16.101205953700834,21.0,0,0.3599817764706543,20.640018223529346,20.5,21.5
961.0,20.467509204450906,20.64184715782941,-16.100696494243874,21.0,0,0.35815284217058974,20.64184715782941,20.5,21.5
962.0,20.460195563311167,20.686327296085466,-16.1001882523135,21.0,0,0.31367270391453417,20.686327296085466,20.5,21.5
963.0,20.452883486548043,20.7226100791247,-16.099681228597806,21.0,0,0.2773899208753008,20.7226100791247,20.5,21.5
964.0,20.445572973605014,20.72422739108265,-16.099175423783223,21.0,0,0.2757726089173502,20.72422739108265,20.5,21.5
965.0,20.438264023925537,20.641452078573472,-16.09867083855454,21.0,0,0.3585479214265277,20.641452078573472,20.5,21.5
966.0,20.43095663695304,20.640414125810526,-16.098167473594884,21.0,0,0.35958587418947374,20.640414125810526,20.5,21.5
967.0,20.423650812130933,20.58232215828617,-16.09766532958575,21.0,0,0.4176778417138287,20.58232215828617,20.5,21.5
968.0,20.41634654890259,20.696304836508183,-16.097164407206964,21.0,0,0.3036951634918168,20.696304836508183,20.5,21.5
969.0,20.40904384671137,20.699751380081004,-16.0966647071367,21.0,0,0.300248619918996,20.699751380081004,20.5,21.5
970.0,20.4017427050006,20.730436113849926,-16.09616623005148,21.0,0,0.269563886150074,20.730436113849926,20.5,21.5
971.0,20.39444312321359,20.76425182760582,-16.095668976626172,21.0,0,0.23574817239418167,20.76425182760582,20.5,21.5
972.0,20.387145100793624,20.677193146845383,-16.09517294753398,21.0,0,0.3228068531546171,20.677193146845383,20.5,21.5
973.0,20.379848637183958,20.525319608219668,-16.094678143446462,21.0,0,0.47468039178033195,20.525319608219668,20.5,21.5
974.0,20.372553731827832,20.60712363110062,-16.09418456503351,21.0,0,0.3928763688993797,20.60712363110062,20.5,21.5
975.0,20.365260384168458,20.625689248969813,-16.09369221296335,21.0,0,0.37431075103018685,20.625689248969813,20.5,21.5
976.0,20.35796859364903,20.567237895546576,-16.093201087902564,21.0,0,0.432762104453424,20.567237895546576,20.5,21.5
977.0,20.35067835971272,20.629112261280746,-16.092711190516063,21.0,0,0.3708877387192544,20.629112261280746,20.5,21.5
978.0,20.343389681802673,20.769314833322227,-16.092222521467093,21.0,0,0.23068516667777317,20.769314833322227,20.5,21.5
979.0,20.33610255936202,20.73702136019017,-16.09173508141724,21.0,0,0.2629786398098304,20.73702136019017,20.5,21.5
980.0,20.32881699183386,20.707128898971717,-16.091248871026437,21.0,0,0.2928711010282825,20.707128898971717,20.5,21.5
981.0,20.32153297866129,20.759450326412423,-16.090763890952932,21.0,0,0.2405496735875765,20.759450326412423,20.5,21.5
982.0,20.314250519287366,20.719746211290914,-16.09028014185332,21.0,0,0.2802537887090857,20.719746211290914,20.5,21.5
983.0,20.30696961315514,20.707252323788783,-16.089797624382534,21.0,0,0.2927476762112171,20.707252323788783,20.5,21.5
984.0,20.29969025970763,20.509276342885517,-16.08931633919382,21.0,0,0.49072365711448285,20.509276342885517,20.5,21.5
985.0,20.29241245838785,20.51612226420125,-16.088836286938783,21.0,0,0.4838777357987496,20.51612226420125,20.5,21.5
986.0,20.285136208638786,20.515328241695777,-16.088357468267333,21.0,0,0.4846717583042235,20.515328241695777,20.5,21.5
987.0,20.277861509903406,20.599930239811307,-16.087879883827725,21.0,0,0.40006976018869267,20.599930239811307,20.5,21.5
988.0,20.27058836162466,20.509387039603304,-16.087403534266542,21.0,0,0.490612960396696,20.509387039603304,20.5,21.5
989.0,20.263316763245484,20.64769322020382,-16.086928420228688,21.0,0,0.3523067797961801,20.64769322020382,20.5,21.5
990.0,20.25604671420879,20.601072555741123,-16.0864545423574,21.0,0,0.3989274442588773,20.601072555741123,20.5,21.5
991.0,20.248778213957475,20.52033329986394,-16.08598190129424,21.0,0,0.47966670013606105,20.52033329986394,20.5,21.5
992.0,20.241511261934424,20.45500526983076,-16.085510497679095,21.0,1,0.5449947301692397,20.45500526983076,20.5,21.5
993.0,20.2392458575825,20.509953261050846,-16.085040332150175,21.0,1,0.49004673894915385,20.509953261050846,20.5,21.5
994.0,20.236981000344553,20.525969001858506,-16.084571405344022,21.0,1,0.47403099814149385,20.525969001858506,20.5,21.5
995.0,20.234716689863415,20.48848375296792,-16.084103717895488,21.0,1,0.5115162470320804,20.48848375296792,20.5,21.5
996.0,20.232452925781864,20.557172229922806,-16.083637270437762,21.0,1,0.4428277700771943,20.557172229922806,20.5,21.5
997.0,20.23018970774262,20.548277056779817,-16.083172063602337,21.0,1,0.451722943220183,20.548277056779817,20.5,21.5
998.0,20.22792703538835,20.485748536793825,-16.082708098019044,21.0,1,0.5142514632061754,20.485748536793825,20.5,21.5
999.0,20.22566490836167,20.291426856897772,-16.082245374316017,21.0,1,0.7085731431022282,20.291426856897772,20.5,21.5
1000.0,20.22340332630513,20.349142628290195,-16.081783893119727,21.0,1,0.6508573717098045,20.349142628290195,20.5,21.5
1001.0,20.221142288861248,20.300233663616826,-16.081323655054945,21.0,1,0.6997663363831741,20.300233663616826,20.5,21.5
1002.0,20.218881795672466,20.307101736312298,-16.080864660744766,21.0,1,0.6928982636877024,20.307101736312298,20.5,21.5
1003.0,20.216621846381184,20.364189182116586,-16.080406910810606,21.0,1,0.6358108178834136,20.364189182116586,20.5,21.5
1004.0,20.214362440629746,20.580374146711307,-16.07995040587219,21.0,1,0.41962585328869295,20.580374146711307,20.5,21.5
1005.0,20.212103578060447,20.523415912788682,-16.079495146547558,21.0,1,0.47658408721131806,20.523415912788682,20.5,21.5
1006.0,20.209845258315525,20.477649066125423,-16.07904113345307,21.0,1,0.5223509338745771,20.477649066125423,20.5,21.5
1007.0,20.207587481037173,20.45901014650827,-16.07858836720339,21.0,1,0.5409898534917303,20.45901014650827,20.5,21.5
1008.0,20.205330245867525,20.457762508312378,-16.0781368484115,21.0,1,0.5422374916876223,20.457762508312378,20.5,21.5
1009.0,20.203073552448668,20.31076183066788,-16.077686577688688,21.0,1,0.6892381693321212,20.31076183066788,20.5,21.5
1010.0,20.20081740042264,20.25378822863515,-16.077237555644558,21.0,1,0.7462117713648517,20.25378822863515,20.5,21.5
1011.0,20.198561789431427,20.253347970208267,-16.07678978288702,21.0,1,0.7466520297917327,20.253347970208267,20.5,21.5
1012.0,20.19630671911696,20.281184756907837,-16.07634326002229,21.0,1,0.7188152430921626,20.281184756907837,20.5,21.5
1013.0,20.194052189121134,20.29167544283006,-16.075897987654905,21.0,1,0.7083245571699415,20.29167544283006,20.5,21.5
1014.0,20.191798199085778,20.30530967861828,-16.075453966387688,21.0,1,0.6946903213817208,20.30530967861828,20.5,21.5
1015.0,20.189544748652683,20.326161932873358,-16.075011196821784,21.0,1,0.673838067126642,20.326161932873358,20.5,21.5
1016.0,20.187291837463587,20.403600434015186,-16.07456967955664,21.0,1,0.5963995659848145,20.403600434015186,20.5,21.5
1017.0,20.185039465160184,20.420089645869062,-16.074129415190008,21.0,1,0.5799103541309378,20.420089645869062,20.5,21.5
1018.0,20.182787631384112,20.304919525268673,-16.073690404317936,21.0,1,0.6950804747313271,20.304919525268673,20.5,21.5
1019.0,20.18053633577697,20.30061949837557,-16.073252647534783,21.0,1,0.6993805016244288,20.30061949837557,20.5,21.5
1020.0,20.178285577980308,20.345411286000335,-16.07281614543321,21.0,1,0.6545887139996651,20.345411286000335,20.5,21.5
1021.0,20.176035357635627,20.28298074168722,-16.07238089860418,21.0,1,0.7170192583127815,20.28298074168722,20.5,21.5
1022.0,20.17378567438438,20.309704571733896,-16.071946907636953,21.0,1,0.6902954282661042,20.309704571733896,20.5,21.5
1023.0,20.171536527867975,20.373231700037415,-16.071514173119084,21.0,1,0.6267682999625848,20.373231700037415,20.5,21.5
1024.0,20.16928791772778,20.382198779199637,-16.07108269563644,21.0,1,0.6178012208003629,20.382198779199637,20.5,21.5
1025.0,20.167039843605107,20.43589387066025,-16.07065247577318,21.0,1,0.5641061293397485,20.43589387066025,20.5,21.5
1026.0,20.16479230514123,20.444667585283064,-16.07022351411175,21.0,1,0.5553324147169363,20.444667585283064,20.5,21.5
1027.0,20.162545301977378,20.377675884471373,-16.069795811232908,21.0,1,0.6223241155286274,20.377675884471373,20.5,21.5
1028.0,20.160298833754737,20.334815590755433,-16.0693693677157,21.0,1,0.6651844092445671,20.334815590755433,20.5,21.5
1029.0,20.158052900114445,20.404105140721306,-16.06894418413747,21.0,1,0.5958948592786939,20.404105140721306,20.5,21.5
1030.0,20.155807500697595,20.34075629811213,-16.068520261073857,21.0,1,0.6592437018878705,20.34075629811213,20.5,21.5
1031.0,20.153562635145242,20.36206249790026,-16.068097599098788,21.0,1,0.6379375020997387,20.36206249790026,20.5,21.5
1032.0,20.151318303098392,20.298313871745496,-16.06767619878449,21.0,1,0.7016861282545044,20.298313871745496,20.5,21.5
1033.0,20.149074504198015,20.259280877118872,-16.06725606070147,21.0,1,0.7407191228811278,20.259280877118872,20.5,21.5
1034.0,20.146831238085035,20.252507521649793,-16.066837185418542,21.0,1,0.7474924783502068,20.252507521649793,20.5,21.5
1035.0,20.144588504400335,20.20091142569077,-16.0664195735028,21.0,1,0.7990885743092306,20.20091142569077,20.5,21.5
1036.0,20.142346302784755,20.17927442372639,-16.066003225519626,21.0,1,0.8207255762736096,20.17927442372639,20.5,21.5
1037.0,20.140104632879094,20.31105716168923,-16.065588142032702,21.0,1,0.6889428383107692,20.31105716168923,20.5,21.5
1038.0,20.13786349432411,20.389374834102664,-16.065174323603983,21.0,1,0.6106251658973356,20.389374834102664,20.5,21.5
1039.0,20.135622886760526,20.395002639554395,-16.06476177079373,21.0,1,0.6049973604456049,20.395002639554395,20.5,21.5
1040.0,20.133382809829016,20.481323406025613,-16.06435048416047,21.0,1,0.5186765939743871,20.481323406025613,20.5,21.5
1041.0,20.131143263170216,20.540496384154917,-16.063940464261027,21.0,1,0.45950361584508315,20.540496384154917,20.5,21.5
1042.0,20.128904246424728,20.481956503649236,-16.063531711650512,21.0,1,0.5180434963507636,20.481956503649236,20.5,21.5
1043.0,20.126665759233113,20.57177998588173,-16.063124226882316,21.0,1,0.4282200141182706,20.57177998588173,20.5,21.5
1044.0,20.12442780123589,20.608012974158598,-16.062718010508107,21.0,1,0.3919870258414022,20.608012974158598,20.5,21.5
1045.0,20.12219037207354,20.5900126820623,-16.062313063077855,21.0,1,0.4099873179376985,20.5900126820623,20.5,21.5
1046.0,20.11995347138651,20.502778331342352,-16.061909385139792,21.0,1,0.49722166865764805,20.502778331342352,20.5,21.5
1047.0,20.117717098815206,20.519533540977836,-16.061506977240445,21.0,1,0.4804664590221641,20.519533540977836,20.5,21.5
1048.0,20.115481253999995,20.44928233298453,-16.061105839924608,21.0,1,0.5507176670154692,20.44928233298453,20.5,21.5
1049.0,20.11324593658121,20.33090462312896,-16.060705973735374,21.0,1,0.6690953768710415,20.33090462312896,20.5,21.5
1050.0,20.11101114619915,20.295254433150212,-16.06030737921409,21.0,1,0.7047455668497875,20.295254433150212,20.5,21.5
1051.0,20.108776882494066,20.337017164479747,-16.059910056900407,21.0,1,0.6629828355202534,20.337017164479747,20.5,21.5
1052.0,20.106543145106187,20.326851692666715,-16.05951400733224,21.0,1,0.6731483073332853,20.326851692666715,20.5,21.5
1053.0,20.1043099336757,20.330924717815243,-16.059119231045777,21.0,1,0.6690752821847568,20.330924717815243,20.5,21.5
1054.0,20.102077247842757,20.311032493590453,-16.05872572857549,21.0,1,0.6889675064095471,20.311032493590453,20.5,21.5
1055.0,20.099845087247473,20.307497803219853,-16.058333500454125,21.0,1,0.692502196780147,20.307497803219853,20.5,21.5
1056.0,20.097613451529934,20.19804425779675,-16.057942547212704,21.0,1,0.8019557422032513,20.19804425779675,20.5,21.5
1057.0,20.095382340330186,20.21712263241301,-16.05755286938052,21.0,1,0.7828773675869911,20.21712263241301,20.5,21.5
1058.0,20.093151753288243,20.18592142976166,-16.057164467485137,21.0,1,0.8140785702383404,20.18592142976166,20.5,21.5
1059.0,20.090921690044087,20.25103680268989,-16.0567773420524,21.0,1,0.7489631973101112,20.25103680268989,20.5,21.5
1060.0,20.08869215023767,20.320578551311836,-16.056391493606416,21.0,1,0.6794214486881636,20.320578551311836,20.5,21.5
1061.0,20.0864631335089,20.426259003802006,-16.056006922669575,21.0,1,0.5737409961979942,20.426259003802006,20.5,21.5
1062.0,20.084234639497666,20.377780721818347,-16.05562362976252,21.0,1,0.6222192781816531,20.377780721818347,20.5,21.5
1063.0,20.082006667843814,20.28907098120218,-16.055241615404178,21.0,1,0.7109290187978203,20.28907098120218,20.5,21.5
1064.0,20.079779218187163,20.192267904519326,-16.054860880111747,21.0,1,0.8077320954806737,20.192267904519326,20.5,21.5
1065.0,20.077552290167503,20.16340620130565,-16.054481424400684,21.0,1,0.8365937986943486,20.16340620130565,20.5,21.5
1066.0,20.07532588342459,20.147443493108028,-16.054103248784713,21.0,1,0.8525565068919718,20.147443493108028,20.5,21.5
1067.0,20.07309999759815,20.043429860365123,-16.053726353775833,21.0,1,0.9565701396348771,20.043429860365123,20.5,21.5
1068.0,20.070874632327875,20.11598435880348,-16.0533507398843,21.0,1,0.8840156411965197,20.11598435880348,20.5,21.5
1069.0,20.06864978725343,20.20883829618382,-16.05297640761865,21.0,1,0.7911617038161793,20.20883829618382,20.5,21.5
1070.0,20.066425462014458,20.12885787079627,-16.052603357485673,21.0,1,0.8711421292037294,20.12885787079627,20.5,21.5
1071.0,20.064201656250557,20.06983690113834,-16.052231589990413,21.0,1,0.9301630988616587,20.06983690113834,20.5,21.5
1072.0,20.06197836960131,20.25187499620713,-16.051861105636203,21.0,1,0.7481250037928717,20.25187499620713,20.5,21.5
1073.0,20.05975560170626,20.322789664301883,-16.051491904924617,21.0,1,0.677210335698117,20.322789664301883,20.5,21.5
1074.0,20.057533352204935,20.41276719113298,-16.051123988355503,21.0,1,0.5872328088670216,20.41276719113298,20.5,21.5
1075.0,20.055311620736823,20.389433128339565,-16.050757356426967,21.0,1,0.6105668716604349,20.389433128339565,20.5,21.5
1076.0,20.05309040694139,20.461930589644503,-16.050392009635374,21.0,1,0.5380694103554973,20.461930589644503,20.5,21.5
1077.0,20.050869710458073,20.367481213316374,-16.050027948475346,21.0,1,0.6325187866836259,20.367481213316374,20.5,21.5
1078.0,20.048649530926287,20.373701707354076,-16.049665173439777,21.0,1,0.6262982926459237,20.373701707354076,20.5,21.5
1079.0,20.046429867985413,20.246377615822155,-16.04930368501981,21.0,1,0.7536223841778451,20.246377615822155,20.5,21.5
1080.0,20.044210721274812,20.286577093322286,-16.048943483704846,21.0,1,0.7134229066777138,20.286577093322286,20.5,21.5
1081.0,20.041992090433816,20.276363257511164,-16.048584569982545,21.0,1,0.7236367424888357,20.276363257511164,20.5,21.5
1082.0,20.03977397510173,20.22301256701096,-16.04822694433883,21.0,1,0.7769874329890385,20.22301256701096,20.5,21.5
1083.0,20.037556374917845,20.21376235384057,-16.047870607257863,21.0,1,0.7862376461594316,20.21376235384057,20.5,21.5
1084.0,20.03533928952141,20.292493623896735,-16.047515559222077,21.0,1,0.7075063761032645,20.292493623896735,20.5,21.5
1085.0,20.03312271855166,20.24895260702822,-16.047161800712164,21.0,1,0.7510473929717811,20.24895260702822,20.5,21.5
1086.0,20.03090666164781,20.274243440053258,-16.046809332207054,21.0,1,0.7257565599467419,20.274243440053258,20.5,21.5
1087.0,20.028691118449036,20.29577710003262,-16.046458154183938,21.0,1,0.7042228999673803,20.29577710003262,20.5,21.5
1088.0,20.02647608859451,20.313278392892748,-16.046108267118264,21.0,1,0.6867216071072519,20.313278392892748,20.5,21.5
1089.0,20.02426157172337,20.299261069658648,-16.045759671483722,21.0,1,0.7007389303413518,20.299261069658648,20.5,21.5
1090.0,20.022047567474726,20.329085146567262,-16.04541236775227,21.0,1,0.6709148534327376,20.329085146567262,20.5,21.5
1091.0,20.01983407548768,20.25237268530659,-16.045066356394095,21.0,1,0.7476273146934105,20.25237268530659,20.5,21.5
1092.0,20.017621095401303,20.259695690348277,-16.044721637877657,21.0,1,0.740304309651723,20.259695690348277,20.5,21.5
1093.0,20.015408626854647,20.054089688892468,-16.04437821266965,21.0,1,0.9459103111075322,20.054089688892468,20.5,21.5
1094.0,20.013196669486742,19.936349499625187,-16.04403608123502,21.0,1,1.0636505003748127,19.936349499625187,20.5,21.5
1095.0,20.010985222936597,20.064972496034212,-16.043695244036964,21.0,1,0.935027503965788,20.064972496034212,20.5,21.5
1096.0,20.008774286843202,20.088354567114646,-16.04335570153693,21.0,1,0.9116454328853543,20.088354567114646,20.5,21.5
1097.0,20.006563860845528,20.099479150913027,-16.043017454194608,21.0,1,0.9005208490869734,20.099479150913027,20.5,21.5
1098.0,20.00435394458252,20.243408122611747,-16.04268050246793,21.0,1,0.756591877388253,20.243408122611747,20.5,21.5
1099.0,20.00214453769311,20.35749014182289,-16.04234484681309,21.0,1,0.6425098581771103,20.35749014182289,20.5,21.5
1100.0,19.999935639816208,20.317923790925033,-16.04201048768451,21.0,1,0.6820762090749675,20.317923790925033,20.5,21.5
1101.0,19.997727250590707,20.426621554757187,-16.041677425534864,21.0,1,0.5733784452428132,20.426621554757187,20.5,21.5
1102.0,19.995519369655483,20.40325159000205,-16.041345660815075,21.0,1,0.5967484099979501,20.40325159000205,20.5,21.5
1103.0,19.99331199664939,20.38984310855511,-16.0410151939743,21.0,1,0.6101568914448912,20.38984310855511,20.5,21.5
1104.0,19.991105131211263,20.39047687501097,-16.04068602545994,21.0,1,0.6095231249890283,20.39047687501097,20.5,21.5
1105.0,19.98889877297993,20.32101562870498,-16.04035815571765,21.0,1,0.6789843712950194,20.32101562870498,20.5,21.5
1106.0,19.98669292159419,20.257003466694776,-16.040031585191315,21.0,1,0.7429965333052237,20.257003466694776,20.5,21.5
1107.0,19.984487576692835,20.312945041852704,-16.039706314323055,21.0,1,0.6870549581472964,20.312945041852704,20.5,21.5
1108.0,19.982282737914634,20.191127605067713,-16.039382343553253,21.0,1,0.8088723949322869,20.191127605067713,20.5,21.5
1109.0,19.98007840489834,20.167449043883174,-16.039059673320512,21.0,1,0.8325509561168261,20.167449043883174,20.5,21.5
1110.0,19.977874577282694,20.18986247048898,-16.03873830406168,21.0,1,0.8101375295110209,20.18986247048898,20.5,21.5
1111.0,19.975671254706427,20.16389656558632,-16.038418236211847,21.0,1,0.8361034344136797,20.16389656558632,20.5,21.5
1112.0,19.973468436808243,20.19087576089023,-16.038099470204337,21.0,1,0.8091242391097708,20.19087576089023,20.5,21.5
1113.0,19.97126612322684,20.30603813830035,-16.037782006470714,21.0,1,0.6939618616996484,20.30603813830035,20.5,21.5
1114.0,19.9690643136009,20.25380519330019,-16.037465845440778,21.0,1,0.7461948066998083,20.25380519330019,20.5,21.5
1115.0,19.966863007569092,20.187611762773436,-16.03715098754256,21.0,1,0.8123882372265641,20.187611762773436,20.5,21.5
1116.0,19.964662204770068,20.125088115424795,-16.036837433202344,21.0,1,0.8749118845752051,20.125088115424795,20.5,21.5
1117.0,19.962461904842474,20.088928826940577,-16.03652518284462,21.0,1,0.9110711730594225,20.088928826940577,20.5,21.5
1118.0,19.960262107424935,20.035483364479518,-16.036214236892146,21.0,1,0.9645166355204822,20.035483364479518,20.5,21.5
1119.0,19.958062812156072,20.11228029896443,-16.035904595765892,21.0,1,0.8877197010355715,20.11228029896443,20.5,21.5
1120.0,19.955864018674486,20.204589578538542,-16.03559625988506,21.0,1,0.7954104214614581,20.204589578538542,20.5,21.5
1121.0,19.953665726618773,20.11358444478237,-16.0352892296671,21.0,1,0.8864155552176314,20.11358444478237,20.5,21.5
1122.0,19.951467935627516,20.144750660543576,-16.034983505527688,21.0,1,0.8552493394564245,20.144750660543576,20.5,21.5
1123.0,19.949270645339286,20.075173134621323,-16.034679087880725,21.0,1,0.9248268653786766,20.075173134621323,20.5,21.5
1124.0,19.94707385539264,19.930567410660128,-16.03437597713835,21.0,1,1.069432589339872,19.930567410660128,20.5,21.5
1125.0,19.944877565426136,19.805006401665217,-16.034074173710934,21.0,1,1.1949935983347828,19.805006401665217,20.5,21.5
1126.0,19.94268177507831,19.992493219298858,-16.033773678007066,21.0,1,1.0075067807011422,19.992493219298858,20.5,21.5
1127.0,19.94048648398769,20.001595579663306,-16.033474490433584,21.0,1,0.9984044203366942,20.001595579663306,20.5,21.5
1128.0,19.938291691792806,20.102533073744546,-16.03317661139554,21.0,1,0.8974669262554542,20.102533073744546,20.5,21.5
1129.0,19.93609739813217,20.150058876444188,-16.03288004129622,21.0,1,0.8499411235558121,20.150058876444188,20.5,21.5
1130.0,19.933903602644282,20.195654212196228,-16.032584780537135,21.0,1,0.8043457878037721,20.195654212196228,20.5,21.5
1131.0,19.931710304967645,20.19477635117754,-16.03229082951803,21.0,1,0.8052236488224587,20.19477635117754,20.5,21.5
1132.0,19.929517504740748,20.208114124288198,-16.031998188636866,21.0,1,0.7918858757118024,20.208114124288198,20.5,21.5
1133.0,19.927325201602073,20.25689852324671,-16.031706858289837,21.0,1,0.7431014767532886,20.25689852324671,20.5,21.5
1134.0,19.925133395190095,20.236033273915055,-16.03141683887137,21.0,1,0.763966726084945,20.236033273915055,20.5,21.5
1135.0,19.922942085143283,20.204124645325955,-16.0311281307741,21.0,1,0.7958753546740454,20.204124645325955,20.5,21.5
1136.0,19.9207512711001,20.09962362699755,-16.0308407343889,21.0,1,0.9003763730024517,20.09962362699755,20.5,21.5
1137.0,19.918560952699004,20.0062220526746,-16.03055465010486,21.0,1,0.9937779473253983,20.0062220526746,20.5,21.5
1138.0,19.916371129578444,19.924214105975278,-16.030269878309305,21.0,1,1.0757858940247225,19.924214105975278,20.5,21.5
1139.0,19.914181801376866,19.930038319431286,-16.02998641938776,21.0,1,1.0699616805687135,19.930038319431286,20.5,21.5
1140.0,19.911992967732715,19.949588794453156,-16.029704273724004,21.0,1,1.050411205546844,19.949588794453156,20.5,21.5
1141.0,19.909804628284423,19.9682522128633,-16.02942344170001,21.0,1,1.0317477871366982,19.9682522128633,20.5,21.5
1142.0,19.907616782670427,20.07926650407806,-16.02914392369599,21.0,1,0.9207334959219402,20.07926650407806,20.5,21.5
1143.0,19.905429430529153,20.079109938546335,-16.028865720090366,21.0,1,0.9208900614536653,20.079109938546335,20.5,21.5
1144.0,19.903242571499028,20.066279049273394,-16.028588831259786,21.0,1,0.933720950726606,20.066279049273394,20.5,21.5
1145.0,19.901056205218477,20.084027919966278,-16.02831325757912,21.0,1,0.9159720800337219,20.084027919966278,20.5,21.5
1146.0,19.898870331325917,20.119766550271446,-16.028038999421454,21.0,1,0.8802334497285536,20.119766550271446,20.5,21.5
1147.0,19.896684949459768,20.058524395388165,-16.027766057158093,21.0,1,0.9414756046118349,20.058524395388165,20.5,21.5
1148.0,19.894500059258444,20.119098241079207,-16.027494431158562,21.0,1,0.8809017589207926,20.119098241079207,20.5,21.5
1149.0,19.89231566036036,20.205082690785762,-16.027224121790603,21.0,1,0.7949173092142381,20.205082690785762,20.5,21.5
1150.0,19.89013175240393,20.178938357952365,-16.026955129420177,21.0,1,0.8210616420476349,20.178938357952365,20.5,21.5
1151.0,19.887948335027566,20.184129098059763,-16.02668745441146,21.0,1,0.8158709019402366,20.184129098059763,20.5,21.5
1152.0,19.885765407869677,20.170722115729642,-16.02642109712684,21.0,1,0.8292778842703576,20.170722115729642,20.5,21.5
1153.0,19.88358297056868,20.067529577817123,-16.026156057926933,21.0,1,0.9324704221828775,20.067529577817123,20.5,21.5
1154.0,19.88140102276298,20.093916017008976,-16.02589233717056,21.0,1,0.9060839829910243,20.093916017008976,20.5,21.5
1155.0,19.87921956409099,20.151896825134173,-16.025629935214766,21.0,1,0.8481031748658268,20.151896825134173,20.5,21.5
1156.0,19.87703859419113,20.17474864702253,-16.025368852414797,21.0,1,0.825251352977471,20.17474864702253,20.5,21.5
1157.0,19.87485811270181,20.220245424376014,-16.02510908912413,21.0,1,0.7797545756239863,20.220245424376014,20.5,21.5
1158.0,19.872678119261444,20.263025739097074,-16.024850645694436,21.0,1,0.736974260902926,20.263025739097074,20.5,21.5
1159.0,19.870498613508452,20.156056120379944,-16.02459352247562,21.0,1,0.8439438796200562,20.156056120379944,20.5,21.5
1160.0,19.868319595081257,20.119465984301485,-16.024337719815787,21.0,1,0.8805340156985153,20.119465984301485,20.5,21.5
1161.0,19.866141063618276,20.056996082477955,-16.02408323806125,21.0,1,0.943003917522045,20.056996082477955,20.5,21.5
1162.0,19.86396301875794,19.976098242972746,-16.023830077556553,21.0,1,1.0239017570272537,19.976098242972746,20.5,21.5
1163.0,19.861785460138677,20.099184222362794,-16.023578238644426,21.0,1,0.9008157776372059,20.099184222362794,20.5,21.5
1164.0,19.85960838739892,20.12388224645477,-16.023327721665833,21.0,1,0.8761177535452305,20.12388224645477,20.5,21.5
1165.0,19.857431800177107,20.048108204249477,-16.023078526959928,21.0,1,0.9518917957505231,20.048108204249477,20.5,21.5
1166.0,19.85525569811168,20.016994882550755,-16.022830654864094,21.0,1,0.9830051174492453,20.016994882550755,20.5,21.5
1167.0,19.853080080841085,20.039513491036995,-16.022584105713904,21.0,1,0.9604865089630046,20.039513491036995,20.5,21.5
1168.0,19.850904948003773,19.919527203241103,-16.022338879843158,21.0,1,1.0804727967588974,19.919527203241103,20.5,21.5
1169.0,19.848730299238206,19.825907350382092,-16.02209497758385,21.0,1,1.1740926496179078,19.825907350382092,20.5,21.5
1170.0,19.84655613418284,19.965329362551184,-16.021852399266194,21.0,1,1.0346706374488157,19.965329362551184,20.5,21.5
1171.0,19.84438245247615,20.01307413042156,-16.021611145218603,21.0,1,0.9869258695784389,20.01307413042156,20.5,21.5
1172.0,19.84220925375661,19.93845439611217,-16.0213712157677,21.0,1,1.0615456038878293,19.93845439611217,20.5,21.5
1173.0,19.840036537662705,19.949780110161633,-16.021132611238315,21.0,1,1.0502198898383668,19.949780110161633,20.5,21.5
1174.0,19.837864303832927,20.101221624785484,-16.020895331953483,21.0,1,0.8987783752145155,20.101221624785484,20.5,21.5
1175.0,19.83569255190577,20.04976406378016,-16.02065937823445,21.0,1,0.9502359362198405,20.04976406378016,20.5,21.5
1176.0,19.83352128151974,20.037819438874628,-16.020424750400657,21.0,1,0.962180561125372,20.037819438874628,20.5,21.5
1177.0,19.831350492313355,20.153694362106215,-16.020191448769758,21.0,1,0.846305637893785,20.153694362106215,20.5,21.5
1178.0,19.82918018392514,20.121305157067717,-16.019959473657615,21.0,1,0.8786948429322834,20.121305157067717,20.5,21.5
1179.0,19.82701035599362,20.148613277437207,-16.01972882537828,21.0,1,0.8513867225627934,20.148613277437207,20.5,21.5
1180.0,19.824841008157346,20.08112802798974,-16.01949950424402,21.0,1,0.9188719720102583,20.08112802798974,20.5,21.5
1181.0,19.822672140054866,20.114778553787257,-16.019271510565307,21.0,1,0.8852214462127428,20.114778553787257,20.5,21.5
1182.0,19.820503751324743,20.008933576386184,-16.019044844650807,21.0,1,0.991066423613816,20.008933576386184,20.5,21.5
1183.0,19.81833584160555,19.972916510961063,-16.018819506807397,21.0,1,1.0270834890389366,19.972916510961063,20.5,21.5
1184.0,19.816168410535866,19.939204986364295,-16.018595497340147,21.0,1,1.0607950136357047,19.939204986364295,20.5,21.5
1185.0,19.81400145775429,20.114670345918803,-16.018372816552336,21.0,1,0.8853296540811968,20.114670345918803,20.5,21.5
1186.0,19.81183498289943,20.105106712384284,-16.01815146474544,21.0,1,0.8948932876157158,20.105106712384284,20.5,21.5
1187.0,19.8096689856099,20.20486262301095,-16.01793144221914,21.0,1,0.7951373769890502,20.20486262301095,20.5,21.5
1188.0,19.807503465524334,20.30419540451477,-16.01771274927131,21.0,1,0.6958045954852317,20.30419540451477,20.5,21.5
1189.0,19.805338422281377,20.256746800797856,-16.017495386198036,21.0,1,0.7432531992021438,20.256746800797856,20.5,21.5
1190.0,19.80317385551968,20.130762138395003,-16.01727935329359,21.0,1,0.8692378616049972,20.130762138395003,20.5,21.5
1191.0,19.801009764877918,20.139233717022087,-16.017064650850443,21.0,1,0.860766282977913,20.139233717022087,20.5,21.5
1192.0,19.798846149994773,20.055753898500353,-16.016851279159287,21.0,1,0.9442461014996475,20.055753898500353,20.5,21.5
1193.0,19.796683010508943,19.963738559479772,-16.016639238508986,21.0,1,1.036261440520228,19.963738559479772,20.5,21.5
1194.0,19.79452034605914,19.952142891245252,-16.016428529186612,21.0,1,1.047857108754748,19.952142891245252,20.5,21.5
1195.0,19.79235815628409,19.995749910777473,-16.016219151477443,21.0,1,1.004250089222527,19.995749910777473,20.5,21.5
1196.0,19.790196440822537,20.008551549960664,-16.016011105664937,21.0,1,0.9914484500393357,20.008551549960664,20.5,21.5
1197.0,19.78803519931324,20.02944158567353,-16.01580439203076,21.0,1,0.9705584143264687,20.02944158567353,20.5,21.5
1198.0,19.78587443139497,20.084237133815076,-16.01559901085477,21.0,1,0.9157628661849238,20.084237133815076,20.5,21.5
1199.0,19.783714136706518,20.057692329580522,-16.01539496241503,21.0,1,0.9423076704194777,20.057692329580522,20.5,21.5
1200.0,19.781554314886694,20.03933265964728,-16.015192246987795,21.0,1,0.960667340352721,20.03933265964728,20.5,21.5
1201.0,19.77939496557432,19.98956065849999,-16.014990864847498,21.0,1,1.0104393415000104,19.98956065849999,20.5,21.5
1202.0,19.777236088408234,19.95264231117501,-16.01479081626679,21.0,1,1.0473576888249916,19.95264231117501,20.5,21.5
1203.0,19.7750776830273,19.94137058203824,-16.01459210151651,21.0,1,1.058629417961761,19.94137058203824,20.5,21.5
1204.0,19.77291974907039,19.86315918302485,-16.014394720865685,21.0,1,1.1368408169751483,19.86315918302485,20.5,21.5
1205.0,19.770762286176403,19.90356483756168,-16.01419867458154,21.0,1,1.0964351624383184,19.90356483756168,20.5,21.5
1206.0,19.76860529398425,19.88931350795891,-16.014003962929493,21.0,1,1.11068649204109,19.88931350795891,20.5,21.5
1207.0,19.76644877213287,19.867775350226584,-16.01381058617316,21.0,1,1.1322246497734163,19.867775350226584,20.5,21.5
1208.0,19.764292720261206,19.910389465194363,-16.013618544574342,21.0,1,1.0896105348056366,19.910389465194363,20.5,21.5
1209.0,19.76213713800824,20.025176034582593,-16.01342783839303,21.0,1,0.9748239654174071,20.025176034582593,20.5,21.5
1210.0,19.75998202501296,20.064249831887125,-16.01323846788742,21.0,1,0.9357501681128753,20.064249831887125,20.5,21.5
1211.0,19.757827380914378,20.056311878877715,-16.013050433313893,21.0,1,0.9436881211222854,20.056311878877715,20.5,21.5
1212.0,19.75567320535153,20.093105238629164,-16.012863734927013,21.0,1,0.906894761370836,20.093105238629164,20.5,21.5
1213.0,19.753519497963474,20.04437802822349,-16.012678372979547,21.0,1,0.9556219717765089,20.04437802822349,20.5,21.5
1214.0,19.751366258389286,20.070679625072124,-16.012494347722452,21.0,1,0.929320374927876,20.070679625072124,20.5,21.5
1215.0,19.749213486268065,19.92643616674809,-16.012311659404862,21.0,1,1.0735638332519102,19.92643616674809,20.5,21.5
1216.0,19.74706118123893,19.942857005637407,-16.01213030827412,21.0,1,1.057142994362593,19.942857005637407,20.5,21.5
1217.0,19.74490934294103,19.93134687899964,-16.011950294575744,21.0,1,1.0686531210003594,19.93134687899964,20.5,21.5
1218.0,19.742757971013525,19.874805643761743,-16.011771618553446,21.0,1,1.1251943562382571,19.874805643761743,20.5,21.5
1219.0,19.740607065095613,19.92995959096693,-16.01159428044913,21.0,1,1.0700404090330693,19.92995959096693,20.5,21.5
1220.0,19.738456624826505,19.98542664250746,-16.011418280502888,21.0,1,1.0145733574925409,19.98542664250746,20.5,21.5
1221.0,19.73630664984544,20.030763574404236,-16.011243618952996,21.0,1,0.9692364255957635,20.030763574404236,20.5,21.5
1222.0,19.73415713979168,20.051157824232906,-16.011070296035918,21.0,1,0.9488421757670942,20.051157824232906,20.5,21.5
1223.0,19.732008094304515,20.100334129289035,-16.01089831198631,21.0,1,0.8996658707109653,20.100334129289035,20.5,21.5
1224.0,19.729859513023257,20.03791639820443,-16.01072766703701,21.0,1,0.9620836017955696,20.03791639820443,20.5,21.5
1225.0,19.727711395587246,20.032904750944596,-16.010558361419058,21.0,1,0.9670952490554043,20.032904750944596,20.5,21.5
1226.0,19.725563741635845,19.837937173288843,-16.010390395361654,21.0,1,1.162062826711157,19.837937173288843,20.5,21.5
1227.0,19.723416550808444,19.867886301779112,-16.01022376909221,21.0,1,1.1321136982208877,19.867886301779112,20.5,21.5
1228.0,19.721269822744464,19.812783187084793,-16.010058482836314,21.0,1,1.1872168129152065,19.812783187084793,20.5,21.5
1229.0,19.719123557083346,19.77927290891537,-16.009894536817733,21.0,1,1.2207270910846297,19.77927290891537,20.5,21.5
1230.0,19.716977753464565,19.77583695282656,-16.00973193125843,21.0,1,1.224163047173441,19.77583695282656,20.5,21.5
1231.0,19.71483241152762,19.865423354173117,-16.00957066637855,21.0,1,1.1345766458268827,19.865423354173117,20.5,21.5
1232.0,19.71268753091204,19.87875446226328,-16.00941074239642,21.0,1,1.1212455377367192,19.87875446226328,20.5,21.5
1233.0,19.710543111257376,19.908124681702414,-16.009252159528558,21.0,1,1.0918753182975856,19.908124681702414,20.5,21.5
1234.0,19.70839915220322,19.935065618830492,-16.009094917989657,21.0,1,1.0649343811695076,19.935065618830492,20.5,21.5
1235.0,19.70625565338918,19.931252367777173,-16.008939017992603,21.0,1,1.068747632222827,19.931252367777173,20.5,21.5
1236.0,19.704112614454907,20.05632827958233,-16.00878445974846,21.0,1,0.9436717204176688,20.05632827958233,20.5,21.5
1237.0,19.701970035040066,20.0133330408972,-16.008631243466475,21.0,1,0.9866669591027986,20.0133330408972,20.5,21.5
1238.0,19.699827914784365,19.97049647048267,-16.008479369354088,21.0,1,1.0295035295173314,19.97049647048267,20.5,21.5
1239.0,19.697686253327536,20.052775647960527,-16.008328837616908,21.0,1,0.9472243520394734,20.052775647960527,20.5,21.5
1240.0,19.695545050309345,20.000389808198115,-16.008179648458736,21.0,1,0.9996101918018852,20.000389808198115,20.5,21.5
1241.0,19.69340430536959,19.88107750483183,-16.008031802081554,21.0,1,1.1189224951681709,19.88107750483183,20.5,21.5
1242.0,19.6912640181481,19.83921292652904,-16.007885298685522,21.0,1,1.16078707347096,19.83921292652904,20.5,21.5
1243.0,19.689124188284733,19.858414868333753,-16.007740138468982,21.0,1,1.1415851316662469,19.858414868333753,20.5,21.5
1244.0,19.686984815419382,19.788573259439342,-16.00759632162847,21.0,1,1.2114267405606576,19.788573259439342,20.5,21.5
1245.0,19.684845899191973,19.863037395912528,-16.00745384835868,21.0,1,1.136962604087472,19.863037395912528,20.5,21.5
1246.0,19.682707439242463,19.880308701505843,-16.007312718852504,21.0,1,1.119691298494157,19.880308701505843,20.5,21.5
1247.0,19.680569435210845,19.829824638323874,-16.007172933301018,21.0,1,1.170175361676126,19.829824638323874,20.5,21.5
1248.0,19.678431886737144,19.920320068098736,-16.007034491893464,21.0,1,1.0796799319012642,19.920320068098736,20.5,21.5
1249.0,19.676294793461416,19.91375981531245,-16.006897394817273,21.0,1,1.0862401846875507,19.91375981531245,20.5,21.5
1250.0,19.67415815502376,19.860844428830738,-16.006761642258056,21.0,1,1.1391555711692618,19.860844428830738,20.5,21.5
1251.0,19.672021971064304,19.924625713612144,-16.006627234399602,21.0,1,1.0753742863878557,19.924625713612144,20.5,21.5
1252.0,19.66988624122321,19.954807060115748,-16.00649417142388,21.0,1,1.0451929398842523,19.954807060115748,20.5,21.5
1253.0,19.66775096514068,19.85168944666367,-16.006362453511038,21.0,1,1.14831055333633,19.85168944666367,20.5,21.5
1254.0,19.66561614245695,19.850493815834575,-16.006232080839403,21.0,1,1.1495061841654248,19.850493815834575,20.5,21.5
1255.0,19.663481772812293,19.880199392859026,-16.00610305358548,21.0,1,1.1198006071409736,19.880199392859026,20.5,21.5
1256.0,19.661347855847012,19.905080665926825,-16.005975371923952,21.0,1,1.0949193340731753,19.905080665926825,20.5,21.5
1257.0,19.65921439120146,19.98766266445256,-16.005849036027683,21.0,1,1.0123373355474392,19.98766266445256,20.5,21.5
1258.0,19.657081378516015,20.054771005638074,-16.005724046067716,21.0,1,0.9452289943619263,20.054771005638074,20.5,21.5
1259.0,19.654948817431098,19.991919719965843,-16.005600402213265,21.0,1,1.0080802800341573,19.991919719965843,20.5,21.5
1260.0,19.65281670758717,19.97028460532432,-16.005478104631727,21.0,1,1.02971539467568,19.97028460532432,20.5,21.5
1261.0,19.650685048624727,19.937934999431324,-16.005357153488674,21.0,1,1.0620650005686763,19.937934999431324,20.5,21.5
1262.0,19.648553840184302,19.82225983231732,-16.00523754894786,21.0,1,1.1777401676826784,19.82225983231732,20.5,21.5
1263.0,19.646423081906477,19.857783365955886,-16.005119291171212,21.0,1,1.1422166340441144,19.857783365955886,20.5,21.5
1264.0,19.64429277343186,19.797246136068583,-16.005002380318828,21.0,1,1.2027538639314166,19.797246136068583,20.5,21.5
1265.0,19.642162914401112,19.802308879012735,-16.004886816548996,21.0,1,1.1976911209872654,19.802308879012735,20.5,21.5
1266.0,19.640033504454923,19.714334212525078,-16.00477260001817,21.0,1,1.2856657874749224,19.714334212525078,20.5,21.5
1267.0,19.63790454323403,19.800596366228685,-16.00465973088098,21.0,1,1.1994036337713148,19.800596366228685,20.5,21.5
1268.0,19.635776030379205,19.75113347651995,-16.004548209290235,21.0,1,1.24886652348005,19.75113347651995,20.5,21.5
1269.0,19.63364796553127,19.88558777620409,-16.00443803539692,21.0,1,1.1144122237959095,19.88558777620409,20.5,21.5
1270.0,19.631520348331087,19.808630126209668,-16.004329209350196,21.0,1,1.1913698737903324,19.808630126209668,20.5,21.5
1271.0,19.62939317841955,19.92162269273216,-16.004221731297395,21.0,1,1.0783773072678393,19.92162269273216,20.5,21.5
1272.0,19.627266455437606,19.960701190241494,-16.00411560138403,21.0,1,1.039298809758506,19.960701190241494,20.5,21.5
1273.0,19.625140179026243,19.987692631206333,-16.00401081975378,21.0,1,1.0123073687936675,19.987692631206333,20.5,21.5
1274.0,19.623014348826487,19.921394242774063,-16.003907386548512,21.0,1,1.0786057572259367,19.921394242774063,20.5,21.5
1275.0,19.620888964479413,19.99253040281357,-16.003805301908255,21.0,1,1.0074695971864287,19.99253040281357,20.5,21.5
1276.0,19.618764025626135,19.93085543515331,-16.003704565971216,21.0,1,1.0691445648466917,19.93085543515331,20.5,21.5
1277.0,19.616639531907815,19.840214510068243,-16.003605178873777,21.0,1,1.1597854899317568,19.840214510068243,20.5,21.5
1278.0,19.614515482965658,19.854407030626582,-16.003507140750497,21.0,1,1.1455929693734177,19.854407030626582,20.5,21.5
1279.0,19.612391878440913,19.901542792031307,-16.003410451734098,21.0,1,1.0984572079686927,19.901542792031307,20.5,21.5
1280.0,19.61026871797488,19.84348265011462,-16.003315111955494,21.0,1,1.1565173498853802,19.84348265011462,20.5,21.5
1281.0,19.608146001208894,19.79818981198189,-16.003221121543753,21.0,1,1.2018101880181113,19.79818981198189,20.5,21.5
1282.0,19.606023727784343,19.816816113867286,-16.003128480626124,21.0,1,1.1831838861327135,19.816816113867286,20.5,21.5
1283.0,19.603901897342663,19.849102234788003,-16.003037189328037,21.0,1,1.1508977652119974,19.849102234788003,20.5,21.5
1284.0,19.60178050952533,19.809882964519584,-16.00294724777308,21.0,1,1.1901170354804158,19.809882964519584,20.5,21.5
1285.0,19.59965956397387,19.843680977915472,-16.00285865608302,21.0,1,1.1563190220845279,19.843680977915472,20.5,21.5
1286.0,19.597539060329858,19.92904511244063,-16.002771414377804,21.0,1,1.0709548875593704,19.92904511244063,20.5,21.5
1287.0,19.595418998234916,19.962185111854957,-16.002685522775543,21.0,1,1.0378148881450429,19.962185111854957,20.5,21.5
1288.0,19.593299377330712,19.925830776635564,-16.002600981392515,21.0,1,1.0741692233644358,19.925830776635564,20.5,21.5
1289.0,19.591180197258968,19.832003647085866,-16.002517790343184,21.0,1,1.167996352914134,19.832003647085866,20.5,21.5
1290.0,19.589061457661447,19.888081191000094,-16.002435949740175,21.0,1,1.1119188089999064,19.888081191000094,20.5,21.5
1291.0,19.586943158179967,19.784037346163018,-16.002355459694293,21.0,1,1.215962653836982,19.784037346163018,20.5,21.5
1292.0,19.58482529845639,19.74234207960004,-16.0022763203145,21.0,1,1.2576579203999607,19.74234207960004,20.5,21.5
1293.0,19.582707878132638,19.648384795427855,-16.00219853170795,21.0,1,1.3516152045721448,19.648384795427855,20.5,21.5
1294.0,19.58059089685067,19.71904872961517,-16.002122093979953,21.0,1,1.2809512703848291,19.71904872961517,20.5,21.5
1295.0,19.578474354252503,19.71032381460848,-16.00204700723399,21.0,1,1.2896761853915208,19.71032381460848,20.5,21.5
1296.0,19.576358249980206,19.74622689619179,-16.001973271571728,21.0,1,1.2537731038082107,19.74622689619179,20.5,21.5
1297.0,19.574242583675897,19.692891891059727,-16.001900887092987,21.0,1,1.3071081089402732,19.692891891059727,20.5,21.5
1298.0,19.572127354981742,19.726474307536513,-16.001829853895764,21.0,1,1.2735256924634868,19.726474307536513,20.5,21.5
1299.0,19.570012563539965,19.79062860368339,-16.001760172076235,21.0,1,1.2093713963166088,19.79062860368339,20.5,21.5
1300.0,19.56789820899284,19.74456928757953,8.998308158271268,21.0,1,1.2554307124204698,19.74456928757953,20.5,21.5
1301.0,19.570784290982697,19.778294335309873,8.998375137054234,21.0,1,1.221705664690127,19.778294335309873,20.5,21.5
1302.0,19.573669809151912,19.76493658554923,8.99844076418198,21.0,1,1.2350634144507708,19.76493658554923,20.5,21.5
1303.0,19.57655476334292,19.73746019748615,8.99850503956566,21.0,1,1.2625398025138495,19.73746019748615,20.5,21.5
1304.0,19.579439153398162,19.708168638274085,8.998567963118255,21.0,1,1.2918313617259152,19.708168638274085,20.5,21.5
1305.0,19.582322979160107,19.779248838498955,8.998629534754574,21.0,1,1.2207511615010453,19.779248838498955,20.5,21.5
1306.0,19.585206240471226,19.7708376469146,8.998689754391258,21.0,1,1.2291623530853997,19.7708376469146,20.5,21.5
1307.0,19.58808893717401,19.88902890494585,8.998748621946776,21.0,1,1.1109710950541505,19.88902890494585,20.5,21.5
1308.0,19.590971069110964,19.885309745713833,8.998806137341434,21.0,1,1.1146902542861667,19.885309745713833,20.5,21.5
1309.0,19.59385263612461,19.87160778659175,8.998862300497363,21.0,1,1.128392213408251,19.87160778659175,20.5,21.5
1310.0,19.596733638057483,19.768950766788706,8.998917111338525,21.0,1,1.2310492332112943,19.768950766788706,20.5,21.5
1311.0,19.59961407475214,19.70000376798685,8.998970569790714,21.0,1,1.2999962320131502,19.70000376798685,20.5,21.5
1312.0,19.602493946051148,19.66202002633438,8.999022675781557,21.0,1,1.3379799736656217,19.66202002633438,20.5,21.5
1313.0,19.605373251797094,19.675897454830505,8.99907342924051,21.0,1,1.3241025451694952,19.675897454830505,20.5,21.5
1314.0,19.60825199183258,19.763582488428533,8.999122830098859,21.0,1,1.2364175115714673,19.763582488428533,20.5,21.5
1315.0,19.611130166000233,19.9591357056703,8.999170878289721,21.0,1,1.040864294329701,19.9591357056703,20.5,21.5
1316.0,19.614007774142692,19.95210676341977,8.999217573748048,21.0,1,1.0478932365802294,19.95210676341977,20.5,21.5
1317.0,19.616884816102612,19.898597808588143,8.999262916410622,21.0,1,1.1014021914118572,19.898597808588143,20.5,21.5
1318.0,19.619761291722675,19.847563143927566,8.999306906216052,21.0,1,1.152436856072434,19.847563143927566,20.5,21.5
1319.0,19.622637200845574,19.721475670332627,8.999349543104785,21.0,1,1.2785243296673734,19.721475670332627,20.5,21.5
1320.0,19.625512543314027,19.4799493819199,8.999390827019095,21.0,1,1.5200506180800986,19.4799493819199,20.5,21.5
1321.0,19.62838731897077,19.560549542499565,8.999430757903092,21.0,1,1.4394504575004348,19.560549542499565,20.5,21.5
1322.0,19.631261527658555,19.662388256233783,8.999469335702713,21.0,1,1.3376117437662174,19.662388256233783,20.5,21.5
1323.0,19.634135169220166,19.65051886283009,8.999506560365731,21.0,1,1.34948113716991,19.65051886283009,20.5,21.5
1324.0,19.637008243498396,19.751177867366387,8.999542431841748,21.0,1,1.248822132633613,19.751177867366387,20.5,21.5
1325.0,19.639880750336065,19.787191328708246,8.9995769500822,21.0,1,1.2128086712917536,19.787191328708246,20.5,21.5
1326.0,19.642752689576014,19.80262624873534,8.999610115040355,21.0,1,1.19737375126466,19.80262624873534,20.5,21.5
1327.0,19.645624061061106,19.78939240368137,8.999641926671309,21.0,1,1.2106075963186314,19.78939240368137,20.5,21.5
1328.0,19.648494864634227,19.903131508801557,8.999672384931998,21.0,1,1.0968684911984425,19.903131508801557,20.5,21.5
1329.0,19.651365100138285,19.808507603784616,8.999701489781183,21.0,1,1.1914923962153843,19.808507603784616,20.5,21.5
1330.0,19.654234767416213,19.910802443773047,8.999729241179462,21.0,1,1.089197556226953,19.910802443773047,20.5,21.5
1331.0,19.657103866310965,19.962318670139588,8.999755639089262,21.0,1,1.037681329860412,19.962318670139588,20.5,21.5
1332.0,19.65997239666552,19.82650247394302,8.999780683474846,21.0,1,1.1734975260569804,19.82650247394302,20.5,21.5
1333.0,19.66284035832288,19.79644481302709,8.999804374302306,21.0,1,1.2035551869729098,19.79644481302709,20.5,21.5
1334.0,19.665707751126078,19.775416642151338,8.999826711539567,21.0,1,1.2245833578486618,19.775416642151338,20.5,21.5
1335.0,19.66857457491816,19.672760792707134,8.999847695156392,21.0,1,1.327239207292866,19.672760792707134,20.5,21.5
1336.0,19.67144082954221,19.672730698344218,8.999867325124367,21.0,1,1.3272693016557824,19.672730698344218,20.5,21.5
1337.0,19.674306514841327,19.788961328787423,8.999885601416919,21.0,1,1.2110386712125774,19.788961328787423,20.5,21.5
1338.0,19.67717163065864,19.871739602193998,8.999902524009304,21.0,1,1.1282603978060024,19.871739602193998,20.5,21.5
1339.0,19.680036176837312,19.891245780124212,8.99991809287861,21.0,1,1.108754219875788,19.891245780124212,20.5,21.5
1340.0,19.68290015322052,19.955503544792045,8.999932308003762,21.0,1,1.0444964552079554,19.955503544792045,20.5,21.5
1341.0,19.685763559651477,19.894207235404345,8.999945169365512,21.0,1,1.1057927645956553,19.894207235404345,20.5,21.5
1342.0,19.68862639597342,19.885638050913727,8.999956676946448,21.0,1,1.1143619490862733,19.885638050913727,20.5,21.5
1343.0,19.691488662029613,19.801528237771027,8.999966830730992,21.0,1,1.198471762228973,19.801528237771027,20.5,21.5
1344.0,19.694350357663353,19.93803260968361,8.999975630705395,21.0,1,1.06196739031639,19.93803260968361,20.5,21.5
1345.0,19.69721148271796,19.95586014898421,8.999983076857744,21.0,1,1.0441398510157889,19.95586014898421,20.5,21.5
1346.0,19.70007203703679,19.93403693458222,8.999989169177958,21.0,1,1.0659630654177796,19.93403693458222,20.5,21.5
1347.0,19.70293202046322,19.962613567809534,8.99999390765779,21.0,1,1.0373864321904662,19.962613567809534,20.5,21.5
1348.0,19.70579143284066,20.054212564013117,8.999997292290823,21.0,1,0.9457874359868832,20.054212564013117,20.5,21.5
1349.0,19.708650274012548,20.031320124801532,8.999999323072476,21.0,1,0.9686798751984682,20.031320124801532,20.5,21.5
1350.0,19.71150854382236,20.006504148939023,9.0,21.0,1,0.9934958510609775,20.006504148939023,20.5,21.5
1351.0,19.7143662421136,20.088700656230593,8.999999323072476,21.0,1,0.9112993437694072,20.088700656230593,20.5,21.5
1352.0,19.71722336872979,20.12752623230297,8.999997292290823,21.0,1,0.8724737676970307,20.12752623230297,20.5,21.5
1353.0,19.720079923514504,20.110084135348224,8.99999390765779,21.0,1,0.8899158646517762,20.110084135348224,20.5,21.5
1354.0,19.72293590631133,20.053963275827826,8.999989169177958,21.0,1,0.9460367241721741,20.053963275827826,20.5,21.5
1355.0,19.725791316963903,20.04679763439703,8.999983076857744,21.0,1,0.9532023656029693,20.04679763439703,20.5,21.5
1356.0,19.728646155315882,20.045235697131247,8.999975630705395,21.0,1,0.9547643028687531,20.045235697131247,20.5,21.5
1357.0,19.73150042121096,19.946557325620287,8.999966830730992,21.0,1,1.0534426743797134,19.946557325620287,20.5,21.5
1358.0,19.734354114492863,19.952888713744635,8.999956676946448,21.0,1,1.0471112862553653,19.952888713744635,20.5,21.5
1359.0,19.737207235005354,19.86356137769833,8.999945169365512,21.0,1,1.1364386223016716,19.86356137769833,20.5,21.5
1360.0,19.740059782592226,20.001998249562714,8.999932308003762,21.0,1,0.998001750437286,20.001998249562714,20.5,21.5
1361.0,19.742911757097307,19.941659696542537,8.99991809287861,21.0,1,1.058340303457463,19.941659696542537,20.5,21.5
1362.0,19.745763158364465,20.05761542761942,8.999902524009304,21.0,1,0.942384572380579,20.05761542761942,20.5,21.5
1363.0,19.748613986237594,20.017949492730196,8.999885601416919,21.0,1,0.982050507269804,20.017949492730196,20.5,21.5
1364.0,19.75146424056063,20.136045213616548,8.999867325124367,21.0,1,0.8639547863834522,20.136045213616548,20.5,21.5
1365.0,19.75431392117754,19.964137405069035,8.999847695156392,21.0,1,1.0358625949309648,19.964137405069035,20.5,21.5
1366.0,19.757163027932336,19.953729083988527,8.999826711539567,21.0,1,1.0462709160114727,19.953729083988527,20.5,21.5
1367.0,19.760011560669057,19.90685742182088,8.999804374302306,21.0,1,1.093142578179119,19.90685742182088,20.5,21.5
1368.0,19.76285951923178,19.90383994738494,8.999780683474846,21.0,1,1.0961600526150583,19.90383994738494,20.5,21.5
1369.0,19.76570690346463,19.960919865276928,8.999755639089262,21.0,1,1.039080134723072,19.960919865276928,20.5,21.5
1370.0,19.768553713211755,20.01296581222155,8.999729241179462,21.0,1,0.9870341877784483,20.01296581222155,20.5,21.5
1371.0,19.77139994831735,20.08845211494931,8.999701489781183,21.0,1,0.9115478850506911,20.08845211494931,20.5,21.5
1372.0,19.77424560862564,20.089901216715482,8.999672384931998,21.0,1,0.9100987832845178,20.089901216715482,20.5,21.5
1373.0,19.777090693980902,20.078247080617075,8.999641926671309,21.0,1,0.921752919382925,20.078247080617075,20.5,21.5
1374.0,19.779935204227442,20.002212416978047,8.999610115040355,21.0,1,0.9977875830219531,20.002212416978047,20.5,21.5
1375.0,19.782779139209605,20.089770955250685,8.9995769500822,21.0,1,0.9102290447493147,20.089770955250685,20.5,21.5
1376.0,19.78562249877178,20.075966171827407,8.999542431841748,21.0,1,0.9240338281725933,20.075966171827407,20.5,21.5
1377.0,19.788465282758395,20.05574796874262,8.999506560365731,21.0,1,0.9442520312573812,20.05574796874262,20.5,21.5
1378.0,19.791307491013917,20.075825881070553,8.999469335702713,21.0,1,0.9241741189294466,20.075825881070553,20.5,21.5
1379.0,19.794149123382855,20.01855448600796,8.999430757903092,21.0,1,0.981445513992039,20.01855448600796,20.5,21.5
1380.0,19.79699017970976,19.973045415725487,8.999390827019095,21.0,1,1.0269545842745131,19.973045415725487,20.5,21.5
1381.0,19.79983065983922,19.923680595322345,8.999349543104785,21.0,1,1.0763194046776547,19.923680595322345,20.5,21.5
1382.0,19.802670563615873,19.851863076525326,8.999306906216052,21.0,1,1.1481369234746737,19.851863076525326,20.5,21.5
1383.0,19.805509890884395,19.777812460232195,8.999262916410622,21.0,1,1.2221875397678055,19.777812460232195,20.5,21.5
1384.0,19.8083486414895,19.84781024939408,8.999217573748048,21.0,1,1.1521897506059204,19.84781024939408,20.5,21.5
1385.0,19.81118681527595,19.926306311878253,8.999170878289721,21.0,1,1.0736936881217467,19.926306311878253,20.5,21.5
1386.0,19.814024412088553,19.89667089895469,8.999122830098859,21.0,1,1.1033291010453112,19.89667089895469,20.5,21.5
1387.0,19.816861431772157,19.94704406555706,8.99907342924051,21.0,1,1.0529559344429416,19.94704406555706,20.5,21.5
1388.0,19.819697874171652,19.949457108367483,8.999022675781557,21.0,1,1.0505428916325172,19.949457108367483,20.5,21.5
1389.0,19.822533739131973,19.927599661268495,8.998970569790714,21.0,1,1.072400338731505,19.927599661268495,20.5,21.5
1390.0,19.825369026498105,19.827308976223875,8.998917111338525,21.0,1,1.1726910237761246,19.827308976223875,20.5,21.5
1391.0,19.828203736115075,19.829902181283558,8.998862300497363,21.0,1,1.1700978187164424,19.829902181283558,20.5,21.5
1392.0,19.831037867827952,19.834658409478642,8.998806137341434,21.0,1,1.1653415905213578,19.834658409478642,20.5,21.5
1393.0,19.833871421481856,19.893630763790796,8.998748621946776,21.0,1,1.1063692362092041,19.893630763790796,20.5,21.5
1394.0,19.83670439692195,19.973741913897065,8.998689754391258,21.0,1,1.026258086102935,19.973741913897065,20.5,21.5
1395.0,19.839536793993442,20.044602144009858,8.998629534754574,21.0,1,0.9553978559901424,20.044602144009858,20.5,21.5
1396.0,19.842368612541595,20.06341407045059,8.998567963118255,21.0,1,0.936585929549409,20.06341407045059,20.5,21.5
1397.0,19.84519985241171,20.160912967341652,8.998505039565662,21.0,1,0.8390870326583482,20.160912967341652,20.5,21.5
1398.0,19.848030513449142,20.22729503562324,8.99844076418198,21.0,1,0.7727049643767607,20.22729503562324,20.5,21.5
1399.0,19.850860595499288,20.19372368358767,8.998375137054234,21.0,1,0.8062763164123297,20.19372368358767,20.5,21.5
1400.0,19.8536900984076,20.065180954710627,8.998308158271268,21.0,1,0.9348190452893732,20.065180954710627,20.5,21.5
1401.0,19.856519022019572,20.023854768715854,8.998239827923765,21.0,1,0.9761452312841463,20.023854768715854,20.5,21.5
1402.0,19.859347366180753,20.002357705884002,8.998170146104234,21.0,1,0.9976422941159981,20.002357705884002,20.5,21.5
1403.0,19.862175130736738,19.933565233870343,8.998099112907013,21.0,1,1.0664347661296567,19.933565233870343,20.5,21.5
1404.0,19.86500231553317,19.965665392359682,8.998026728428272,21.0,1,1.034334607640318,19.965665392359682,20.5,21.5
1405.0,19.86782892041575,19.974995292269355,8.997952992766008,21.0,1,1.0250047077306448,19.974995292269355,20.5,21.5
1406.0,19.87065494523022,20.0230279662381,8.997877906020047,21.0,1,0.9769720337618999,20.0230279662381,20.5,21.5
1407.0,19.87348038982238,19.934928492935008,8.99780146829205,21.0,1,1.0650715070649923,19.934928492935008,20.5,21.5
1408.0,19.876305254038073,19.908244043589082,8.9977236796855,21.0,1,1.0917559564109176,19.908244043589082,20.5,21.5
1409.0,19.879129537723202,19.882287970620904,8.997644540305709,21.0,1,1.1177120293790956,19.882287970620904,20.5,21.5
1410.0,19.881953240723718,19.90506487491239,8.997564050259824,21.0,1,1.0949351250876092,19.90506487491239,20.5,21.5
1411.0,19.884776362885624,19.92217040995157,8.997482209656816,21.0,1,1.077829590048431,19.92217040995157,20.5,21.5
1412.0,19.88759890405498,20.030756485546696,8.997399018607485,21.0,1,0.9692435144533036,20.030756485546696,20.5,21.5
1413.0,19.89042086407789,20.159693113362312,8.997314477224458,21.0,1,0.8403068866376877,20.159693113362312,20.5,21.5
1414.0,19.89324224280052,20.118238746243023,8.997228585622194,21.0,1,0.8817612537569772,20.118238746243023,20.5,21.5
1415.0,19.896063040069084,20.15924603374393,8.997141343916978,21.0,1,0.8407539662560701,20.15924603374393,20.5,21.5
1416.0,19.898883255729853,20.28197517391603,8.99705275222692,21.0,1,0.718024826083969,20.28197517391603,20.5,21.5
1417.0,19.901702889629153,20.234784415262386,8.996962810671963,21.0,1,0.7652155847376143,20.234784415262386,20.5,21.5
1418.0,19.90452194161336,20.20179942585522,8.996871519373874,21.0,1,0.7982005741447793,20.20179942585522,20.5,21.5
1419.0,19.907340411528914,20.241975532015555,8.996778878456247,21.0,1,0.7580244679844448,20.241975532015555,20.5,21.5
1420.0,19.9101582992223,20.28698153856726,8.996684888044506,21.0,1,0.7130184614327391,20.28698153856726,20.5,21.5
1421.0,19.912975604540065,20.25240115193302,8.9965895482659,21.0,1,0.7475988480669784,20.25240115193302,20.5,21.5
1422.0,19.91579232732881,20.257992236467214,8.996492859249503,21.0,1,0.7420077635327864,20.257992236467214,20.5,21.5
1423.0,19.91860846743519,20.21395075710482,8.996394821126223,21.0,1,0.7860492428951815,20.21395075710482,20.5,21.5
1424.0,19.92142402470593,20.187354957517236,8.996295434028784,21.0,1,0.8126450424827638,20.187354957517236,20.5,21.5
1425.0,19.924238998987796,20.173037231307326,8.996194698091745,21.0,1,0.8269627686926739,20.173037231307326,20.5,21.5
1426.0,19.927053390127618,20.17830900837233,8.996092613451488,21.0,1,0.8216909916276691,20.17830900837233,20.5,21.5
1427.0,19.929867197972282,20.12251346211888,8.995989180246218,21.0,1,0.8774865378811185,20.12251346211888,20.5,21.5
1428.0,19.932680422368737,20.133935681676597,8.99588439861597,21.0,1,0.8660643183234029,20.133935681676597,20.5,21.5
1429.0,19.935493063163985,20.210298374025548,8.995778268702605,21.0,1,0.7897016259744518,20.210298374025548,20.5,21.5
1430.0,19.938305120205094,20.109816680538636,8.995670790649804,21.0,1,0.8901833194613644,20.109816680538636,20.5,21.5
1431.0,19.94111659333918,20.123604905388,8.99556196460308,21.0,1,0.8763950946120005,20.123604905388,20.5,21.5
1432.0,19.943927482413436,20.262849025957557,8.995451790709765,21.0,1,0.7371509740424429,20.262849025957557,20.5,21.5
1433.0,19.946737787275094,20.225423734671942,8.995340269119021,21.0,1,0.7745762653280579,20.225423734671942,20.5,21.5
1434.0,19.949547507771463,20.27473586186172,8.99522739998183,21.0,1,0.7252641381382787,20.27473586186172,20.5,21.5
1435.0,19.952356643749905,20.35821067809448,8.995113183451004,21.0,1,0.6417893219055202,20.35821067809448,20.5,21.5
1436.0,19.955165195057845,20.309166412300932,8.99499761968117,21.0,1,0.6908335876990677,20.309166412300932,20.5,21.5
1437.0,19.957973161542768,20.22913248753067,8.994880708828788,21.0,1,0.77086751246933,20.22913248753067,20.5,21.5
1438.0,19.960780543052223,20.23833280317366,8.994762451052138,21.0,1,0.7616671968263411,20.23833280317366,20.5,21.5
1439.0,19.963587339433822,20.243643409383957,8.994642846511324,21.0,1,0.7563565906160434,20.243643409383957,20.5,21.5
1440.0,19.966393550535237,20.41855236365048,8.994521895368273,21.0,1,0.5814476363495196,20.41855236365048,20.5,21.5
1441.0,19.969199176204203,20.373720933701925,8.994399597786735,21.0,1,0.6262790662980748,20.373720933701925,20.5,21.5
1442.0,19.972004216288518,20.380988787276628,8.994275953932284,21.0,1,0.6190112127233718,20.380988787276628,20.5,21.5
1443.0,19.974808670636047,20.409430674136342,8.994150963972315,21.0,1,0.5905693258636582,20.409430674136342,20.5,21.5
1444.0,19.977612539094714,20.332730685381495,8.994024628076048,21.0,1,0.6672693146185047,20.332730685381495,20.5,21.5
1445.0,19.980415821512512,20.114371972259782,8.99389694641452,21.0,1,0.8856280277402178,20.114371972259782,20.5,21.5
1446.0,19.98321851773749,20.12457134620849,8.993767919160597,21.0,1,0.8754286537915092,20.12457134620849,20.5,21.5
1447.0,19.986020627617776,20.16250297159285,8.99363754648896,21.0,1,0.8374970284071495,20.16250297159285,20.5,21.5
1448.0,19.98882215100155,20.11549881433844,8.993505828576119,21.0,1,0.8845011856615592,20.11549881433844,20.5,21.5
1449.0,19.991623087737064,20.048555138358957,8.993372765600396,21.0,1,0.9514448616410434,20.048555138358957,20.5,21.5
1450.0,19.994423437672637,20.149816112598124,8.993238357741943,21.0,1,0.8501838874018759,20.149816112598124,20.5,21.5
1451.0,19.997223200656652,20.167337580310864,8.993102605182727,21.0,1,0.8326624196891359,20.167337580310864,20.5,21.5
1452.0,20.000022376537558,20.160526067846632,8.992965508106536,21.0,1,0.8394739321533677,20.160526067846632,20.5,21.5
1453.0,20.00282096516387,20.155144748514722,8.992827066698982,21.0,1,0.8448552514852778,20.155144748514722,20.5,21.5
1454.0,20.005618966384176,20.166455962455856,8.992687281147495,21.0,1,0.8335440375441436,20.166455962455856,20.5,21.5
1455.0,20.00841638004713,20.14314081211566,8.992546151641323,21.0,1,0.8568591878843392,20.14314081211566,20.5,21.5
1456.0,20.01121320600145,20.129909621721378,8.992403678371533,21.0,1,0.870090378278622,20.129909621721378,20.5,21.5
1457.0,20.014009444095926,20.14744577692408,8.992259861531016,21.0,1,0.85255422307592,20.14744577692408,20.5,21.5
1458.0,20.016805094179414,20.192557997795955,8.992114701314478,21.0,1,0.8074420022040449,20.192557997795955,20.5,21.5
1459.0,20.019600156100843,20.151594322925796,8.991968197918444,21.0,1,0.8484056770742043,20.151594322925796,20.5,21.5
1460.0,20.022394629709208,20.212330498391502,8.991820351541262,21.0,1,0.787669501608498,20.212330498391502,20.5,21.5
1461.0,20.025188514853575,20.190874132813335,8.99167116238309,21.0,1,0.8091258671866655,20.190874132813335,20.5,21.5
1462.0,20.027981811383082,20.092105815545366,8.991520630645912,21.0,1,0.9078941844546335,20.092105815545366,20.5,21.5
1463.0,20.030774519146934,20.155285236575153,8.991368756533523,21.0,1,0.8447147634248466,20.155285236575153,20.5,21.5
1464.0,20.03356663799441,20.260950144760706,8.991215540251542,21.0,1,0.7390498552392941,20.260950144760706,20.5,21.5
1465.0,20.036358167774864,20.131844102908513,8.991060982007399,21.0,1,0.8681558970914871,20.131844102908513,20.5,21.5
1466.0,20.03914910833771,20.09713829053865,8.990905082010343,21.0,1,0.9028617094613516,20.09713829053865,20.5,21.5
1467.0,20.041939459532443,20.23850717092164,8.990747840471444,21.0,1,0.7614928290783602,20.23850717092164,20.5,21.5
1468.0,20.04472922120863,20.23685982603881,8.99058925760358,21.0,1,0.7631401739611903,20.23685982603881,20.5,21.5
1469.0,20.04751839321591,20.274403664594068,8.990429333621451,21.0,1,0.7255963354059318,20.274403664594068,20.5,21.5
1470.0,20.05030697540399,20.243349531232766,8.990268068741571,21.0,1,0.7566504687672335,20.243349531232766,20.5,21.5
1471.0,20.05309496762266,20.34994578522941,8.990105463182267,21.0,1,0.6500542147705914,20.34994578522941,20.5,21.5
1472.0,20.055882369721772,20.233854621391487,8.989941517163688,21.0,1,0.7661453786085133,20.233854621391487,20.5,21.5
1473.0,20.05866918155126,20.294340185577205,8.98977623090779,21.0,1,0.7056598144227948,20.294340185577205,20.5,21.5
1474.0,20.06145540296113,20.18738450824545,8.989609604638344,21.0,1,0.8126154917545492,20.18738450824545,20.5,21.5
1475.0,20.064241033801466,20.372835052434805,8.989441638580944,21.0,1,0.6271649475651948,20.372835052434805,20.5,21.5
1476.0,20.06702607392242,20.278599477333337,8.989272332962988,21.0,1,0.7214005226666629,20.278599477333337,20.5,21.5
1477.0,20.06981052317423,20.261270781926584,8.989101688013692,21.0,1,0.7387292180734164,20.261270781926584,20.5,21.5
1478.0,20.072594381407196,20.23814634478019,8.988929703964084,21.0,1,0.7618536552198094,20.23814634478019,20.5,21.5
1479.0,20.075377648471708,20.304231855385638,8.988756381047006,21.0,1,0.6957681446143624,20.304231855385638,20.5,21.5
1480.0,20.078160324218224,20.230377148565417,8.988581719497112,21.0,1,0.7696228514345833,20.230377148565417,20.5,21.5
1481.0,20.08094240849728,20.252941371899908,8.988405719550867,21.0,1,0.7470586281000919,20.252941371899908,20.5,21.5
1482.0,20.08372390115949,20.33234532970976,8.988228381446552,21.0,1,0.66765467029024,20.33234532970976,20.5,21.5
1483.0,20.086504802055547,20.2302335802381,8.988049705424256,21.0,1,0.7697664197619005,20.2302335802381,20.5,21.5
1484.0,20.089285111036222,20.168715561526106,8.98786969172588,21.0,1,0.8312844384738938,20.168715561526106,20.5,21.5
1485.0,20.09206482795236,20.157202385399057,8.987688340595138,21.0,1,0.8427976146009435,20.157202385399057,20.5,21.5
1486.0,20.094843952654887,20.21297731271274,8.98750565227755,21.0,1,0.7870226872872585,20.21297731271274,20.5,21.5
1487.0,20.09762248499481,20.234654443382944,8.987321627020453,21.0,1,0.7653455566170564,20.234654443382944,20.5,21.5
1488.0,20.100400424823217,20.41505013150792,8.987136265072987,21.0,1,0.5849498684920817,20.41505013150792,20.5,21.5
1489.0,20.103177771991266,20.471417233450655,8.986949566686109,21.0,1,0.528582766549345,20.471417233450655,20.5,21.5
1490.0,20.105954526350207,20.424643197946974,8.98676153211258,21.0,1,0.575356802053026,20.424643197946974,20.5,21.5
1491.0,20.108730687751358,20.48126746491458,8.98657216160697,21.0,1,0.5187325350854195,20.48126746491458,20.5,21.5
1492.0,20.11150625604613,20.34331795325022,8.98638145542566,21.0,1,0.6566820467497791,20.34331795325022,20.5,21.5
1493.0,20.114281231086007,20.190346533458698,8.986189413826839,21.0,1,0.8096534665413024,20.190346533458698,20.5,21.5
1494.0,20.117055612722556,20.172485868753217,8.985996037070505,21.0,1,0.8275141312467831,20.172485868753217,20.5,21.5
1495.0,20.119829400807426,20.22290757334857,8.98580132541846,21.0,1,0.7770924266514285,20.22290757334857,20.5,21.5
1496.0,20.122602595192348,20.225759689278537,8.985605279134315,21.0,1,0.7742403107214635,20.225759689278537,20.5,21.5
1497.0,20.125375195729134,20.394033253270806,8.98540789848349,21.0,1,0.6059667467291945,20.394033253270806,20.5,21.5
1498.0,20.128147202269684,20.440372197265738,8.98520918373321,21.0,1,0.559627802734262,20.440372197265738,20.5,21.5
1499.0,20.130918614665976,20.46696378073927,8.985009135152502,21.0,1,0.5330362192607296,20.46696378073927,20.5,21.5
1500.0,20.133689432770073,20.504098255607623,8.984807753012207,21.0,1,0.495901744392377,20.504098255607623,20.5,21.5
1501.0,20.13645965643412,20.41963832250952,8.984605037584968,21.0,1,0.5803616774904796,20.41963832250952,20.5,21.5
1502.0,20.13922928551035,20.38790356748307,8.984400989145229,21.0,1,0.6120964325169282,20.38790356748307,20.5,21.5
1503.0,20.141998319851076,20.32460791928087,8.984195607969243,21.0,1,0.6753920807191314,20.32460791928087,20.5,21.5
1504.0,20.1447667593087,20.34367901743302,8.983988894335065,21.0,1,0.6563209825669816,20.34367901743302,20.5,21.5
1505.0,20.147534603735703,20.314591852238888,8.983780848522558,21.0,1,0.6854081477611125,20.314591852238888,20.5,21.5
1506.0,20.15030185298466,20.39185610366566,8.983571470813386,21.0,1,0.6081438963343402,20.39185610366566,20.5,21.5
1507.0,20.153068506908227,20.334492979692186,8.983360761491014,21.0,1,0.665507020307814,20.334492979692186,20.5,21.5
1508.0,20.155834565359143,20.372972360079697,8.983148720840713,21.0,1,0.6270276399203034,20.372972360079697,20.5,21.5
1509.0,20.15860002819024,20.3716253091335,8.982935349149555,21.0,1,0.6283746908665009,20.3716253091335,20.5,21.5
1510.0,20.16136489525443,20.344976736168384,8.982720646706413,21.0,1,0.655023263831616,20.344976736168384,20.5,21.5
1511.0,20.16412916640472,20.268277057575872,8.982504613801966,21.0,1,0.7317229424241276,20.268277057575872,20.5,21.5
1512.0,20.1668928414942,20.375216655125723,8.982287250728689,21.0,1,0.6247833448742774,20.375216655125723,20.5,21.5
1513.0,20.169655920376048,20.395592100930187,8.98206855778086,21.0,1,0.6044078990698125,20.395592100930187,20.5,21.5
1514.0,20.172418402903528,20.30769727683433,8.98184853525456,21.0,1,0.6923027231656711,20.30769727683433,20.5,21.5
1515.0,20.175180288929997,20.354849620936967,8.981627183447664,21.0,1,0.6451503790630326,20.354849620936967,20.5,21.5
1516.0,20.1779415783089,20.426935884775055,8.981404502659853,21.0,1,0.5730641152249447,20.426935884775055,20.5,21.5
1517.0,20.18070227089377,20.33267138634789,8.981180493192603,21.0,1,0.6673286136521099,20.33267138634789,20.5,21.5
1518.0,20.18346236653823,20.28443084321849,8.980955155349191,21.0,1,0.715569156781509,20.28443084321849,20.5,21.5
1519.0,20.18622186509599,20.386285746241104,8.980728489434693,21.0,1,0.6137142537588964,20.386285746241104,20.5,21.5
1520.0,20.18898076642086,20.330328318903145,8.98050049575598,21.0,1,0.6696716810968546,20.330328318903145,20.5,21.5
1521.0,20.191739070366726,20.324049477131,8.980271174621722,21.0,1,0.6759505228690017,20.324049477131,20.5,21.5
1522.0,20.194496776787577,20.389424843783388,8.980040526342387,21.0,1,0.610575156216612,20.389424843783388,20.5,21.5
1523.0,20.19725388553749,20.424406569794023,8.979808551230242,21.0,1,0.5755934302059771,20.424406569794023,20.5,21.5
1524.0,20.200010396470628,20.382993032065354,8.979575249599344,21.0,1,0.6170069679346462,20.382993032065354,20.5,21.5
1525.0,20.20276630944125,20.381160178912705,8.979340621765552,21.0,1,0.6188398210872954,20.381160178912705,20.5,21.5
1526.0,20.205521624303717,20.423344358080083,8.979104668046515,21.0,1,0.5766556419199169,20.423344358080083,20.5,21.5
1527.0,20.208276340912466,20.4185961763923,8.978867388761685,21.0,1,0.581403823607701,20.4185961763923,20.5,21.5
1528.0,20.211030459122036,20.451753211183064,8.9786287842323,21.0,1,0.548246788816936,20.451753211183064,20.5,21.5
1529.0,20.213783978787056,20.477047064576865,8.978388854781397,21.0,1,0.5229529354231346,20.477047064576865,20.5,21.5
1530.0,20.216536899762254,20.528141703008462,8.978147600733806,21.0,1,0.47185829699153814,20.528141703008462,20.5,21.5
1531.0,20.219289221902446,20.453623556366654,8.977905022416149,21.0,1,0.5463764436333456,20.453623556366654,20.5,21.5
1532.0,20.22204094506255,20.43087592173567,8.977661120156842,21.0,1,0.5691240782643305,20.43087592173567,20.5,21.5
1533.0,20.224792069097568,20.472497199031828,8.977415894286096,21.0,1,0.5275028009681719,20.472497199031828,20.5,21.5
1534.0,20.227542593862605,20.467222326996154,8.977169345135907,21.0,1,0.5327776730038458,20.467222326996154,20.5,21.5
1535.0,20.23029251921286,20.47884764448146,8.976921473040072,21.0,1,0.5211523555185416,20.47884764448146,20.5,21.5
1536.0,20.233041845003626,20.51146276611561,8.976672278334167,21.0,1,0.4885372338843901,20.51146276611561,20.5,21.5
1537.0,20.23579057109029,20.490655814034284,8.976421761355573,21.0,1,0.5093441859657162,20.490655814034284,20.5,21.5
1538.0,20.238538697328345,20.41642614988562,8.976169922443448,21.0,1,0.5835738501143801,20.41642614988562,20.5,21.5
1539.0,20.24128622357337,20.332914305797672,8.975916761938748,21.0,1,0.6670856942023278,20.332914305797672,20.5,21.5
1540.0,20.24403314968104,20.306896102370892,8.975662280184213,21.0,1,0.6931038976291077,20.306896102370892,20.5,21.5
1541.0,20.246779475507143,20.25250185955606,8.97540647752438,21.0,1,0.7474981404439411,20.25250185955606,20.5,21.5
1542.0,20.249525200907545,20.33733034895075,8.975149354305563,21.0,1,0.6626696510492494,20.33733034895075,20.5,21.5
1543.0,20.252270325738223,20.400416043362227,8.974890910875873,21.0,1,0.5995839566377725,20.400416043362227,20.5,21.5
1544.0,20.25501484985525,20.543992249942015,8.974631147585203,21.0,1,0.4560077500579851,20.543992249942015,20.5,21.5
1545.0,20.257758773114798,20.63827108754856,8.974370064785235,21.0,1,0.36172891245144,20.63827108754856,20.5,21.5
1546.0,20.26050209537313,20.615990242917153,8.97410766282944,21.0,1,0.3840097570828469,20.615990242917153,20.5,21.5
1547.0,20.263244816486623,20.597587789655996,8.973843942073067,21.0,1,0.40241221034400354,20.597587789655996,20.5,21.5
1548.0,20.26598693631174,20.50114304539907,8.973578902873161,21.0,1,0.4988569546009316,20.50114304539907,20.5,21.5
1549.0,20.26872845470505,20.406661840931925,8.973312545588543,21.0,1,0.5933381590680753,20.406661840931925,20.5,21.5
1550.0,20.271469371523228,20.42503891489034,8.973044870579823,21.0,1,0.5749610851096598,20.42503891489034,20.5,21.5
1551.0,20.27420968662304,20.406497749424442,8.972775878209397,21.0,1,0.5935022505755576,20.406497749424442,20.5,21.5
1552.0,20.276949399861355,20.31436503405748,8.972505568841438,21.0,1,0.6856349659425192,20.31436503405748,20.5,21.5
1553.0,20.279688511095152,20.377230697043878,8.972233942841907,21.0,1,0.6227693029561223,20.377230697043878,20.5,21.5
1554.0,20.2824270201815,20.35986640979767,8.971961000578546,21.0,1,0.6401335902023284,20.35986640979767,20.5,21.5
1555.0,20.28516492697758,20.292284036409676,8.97168674242088,21.0,1,0.7077159635903243,20.292284036409676,20.5,21.5
1556.0,20.287902231340667,20.397482452667425,8.971411168740214,21.0,1,0.6025175473325746,20.397482452667425,20.5,21.5
1557.0,20.290638933128147,20.41580882419579,8.971134279909636,21.0,1,0.5841911758042109,20.41580882419579,20.5,21.5
1558.0,20.293375032197503,20.448697855117327,8.970856076304011,21.0,1,0.5513021448826727,20.448697855117327,20.5,21.5
1559.0,20.296110528406324,20.574370156384916,8.97057655829999,21.0,1,0.42562984361508427,20.574370156384916,20.5,21.5
1560.0,20.298845421612302,20.537840569982897,8.970295726275996,21.0,1,0.4621594300171026,20.537840569982897,20.5,21.5
1561.0,20.301579711673234,20.533886470840635,8.970013580612237,21.0,1,0.4661135291593652,20.533886470840635,20.5,21.5
1562.0,20.30431339844702,20.56156862002338,8.969730121690697,21.0,1,0.4384313799766204,20.56156862002338,20.5,21.5
1563.0,20.30704648179167,20.531758747785283,8.969445349895139,21.0,1,0.46824125221471746,20.531758747785283,20.5,21.5
1564.0,20.30977896156529,20.52338665338943,8.9691592656111,21.0,1,0.47661334661057,20.52338665338943,20.5,21.5
1565.0,20.3125108376261,20.46817913066021,8.9688718692259,21.0,1,0.5318208693397892,20.46817913066021,20.5,21.5
1566.0,20.31524210983242,20.49372747656476,8.968583161128631,21.0,1,0.5062725234352392,20.49372747656476,20.5,21.5
1567.0,20.317972778042677,20.554337930083086,8.968293141710161,21.0,1,0.4456620699169136,20.554337930083086,20.5,21.5
1568.0,20.32070284211541,20.537321213511696,8.968001811363134,21.0,1,0.4626787864883042,20.537321213511696,20.5,21.5
1569.0,20.323432301909257,20.552530257136404,8.967709170481971,21.0,1,0.4474697428635963,20.552530257136404,20.5,21.5
1570.0,20.32616115728297,20.656916638321867,8.967415219462865,21.0,1,0.3430833616781328,20.656916638321867,20.5,21.5
1571.0,20.328889408095407,20.617404522975505,8.96711995870378,21.0,1,0.3825954770244948,20.617404522975505,20.5,21.5
1572.0,20.331617054205527,20.537093467102608,8.96682338860446,21.0,1,0.46290653289739225,20.537093467102608,20.5,21.5
1573.0,20.334344095472407,20.55187486747841,8.966525509566415,21.0,1,0.44812513252158936,20.55187486747841,20.5,21.5
1574.0,20.337070531755227,20.430797036869116,8.966226321992933,21.0,1,0.5692029631308841,20.430797036869116,20.5,21.5
1575.0,20.339796362913276,20.42047738104427,8.965925826289068,21.0,1,0.5795226189557283,20.42047738104427,20.5,21.5
1576.0,20.34252158880595,20.43515422188864,8.96562402286165,21.0,1,0.5648457781113585,20.43515422188864,20.5,21.5
1577.0,20.345246209292764,20.477462773078198,8.965320912119275,21.0,1,0.522537226921802,20.477462773078198,20.5,21.5
1578.0,20.34797022423333,20.46588431706715,8.965016494472312,21.0,1,0.5341156829328497,20.46588431706715,20.5,21.5
1579.0,20.350693633487378,20.57782763831107,8.964710770332898,21.0,1,0.42217236168892924,20.57782763831107,20.5,21.5
1580.0,20.353416436914745,20.64184143571151,8.964403740114939,21.0,1,0.358158564288491,20.64184143571151,20.5,21.5
1581.0,20.356138634375384,20.63272753939114,8.96409540423411,21.0,1,0.3672724606088593,20.63272753939114,20.5,21.5
1582.0,20.358860225729355,20.70063493161095,8.963785763107854,21.0,1,0.29936506838905075,20.70063493161095,20.5,21.5
1583.0,20.36158121083683,20.719925360192384,8.963474817155378,21.0,1,0.2800746398076157,20.719925360192384,20.5,21.5
1584.0,20.364301589558096,20.697657267566633,8.963162566797658,21.0,1,0.30234273243336673,20.697657267566633,20.5,21.5
1585.0,20.367021361753544,20.706549981951394,8.962849012457438,21.0,1,0.29345001804860615,20.706549981951394,20.5,21.5
1586.0,20.369740527283685,20.71200406024004,8.962534154559222,21.0,1,0.2879959397599592,20.71200406024004,20.5,21.5
1587.0,20.37245908600914,20.63488368560485,8.962217993529286,21.0,1,0.3651163143951486,20.63488368560485,20.5,21.5
1588.0,20.375177037790646,20.662998908681264,8.961900529795662,21.0,1,0.33700109131873646,20.662998908681264,20.5,21.5
1589.0,20.377894382489046,20.691018953112994,8.961581763788152,21.0,1,0.30898104688700556,20.691018953112994,20.5,21.5
1590.0,20.380611119965305,20.657235972434567,8.961261695938319,21.0,1,0.34276402756543334,20.657235972434567,20.5,21.5
1591.0,20.3833272500805,20.664346707223075,8.960940326679488,21.0,1,0.3356532927769251,20.664346707223075,20.5,21.5
1592.0,20.38604277269582,20.69397302629804,8.960617656446747,21.0,1,0.30602697370196097,20.69397302629804,20.5,21.5
1593.0,20.38875768767257,20.779904431133865,8.960293685676943,21.0,1,0.22009556886613524,20.779904431133865,20.5,21.5
1594.0,20.39147199487217,20.72980565687027,8.959968414808687,21.0,1,0.2701943431297309,20.72980565687027,20.5,21.5
1595.0,20.394185694156157,20.654707932162715,8.959641844282348,21.0,1,0.34529206783728483,20.654707932162715,20.5,21.5
1596.0,20.39689878538618,20.74841924887492,8.959313974540057,21.0,1,0.25158075112507916,20.74841924887492,20.5,21.5
1597.0,20.39961126842401,20.834406526002823,8.9589848060257,21.0,1,0.16559347399717694,20.834406526002823,20.5,21.5
1598.0,20.402323143131532,20.734514996527004,8.958654339184925,21.0,1,0.2654850034729961,20.734514996527004,20.5,21.5
1599.0,20.405034409370742,20.860525939845452,8.958322574465134,21.0,1,0.13947406015454789,20.860525939845452,20.5,21.5
1600.0,20.407745067003763,20.929580787913828,8.95798951231549,21.0,1,0.07041921208617197,20.929580787913828,20.5,21.5
1601.0,20.410455115892827,20.83421147492577,8.95765515318691,21.0,1,0.16578852507423036,20.83421147492577,20.5,21.5
1602.0,20.413164555900284,20.838839335230045,8.957319497532067,21.0,1,0.16116066476995528,20.838839335230045,20.5,21.5
1603.0,20.41587338688861,20.8152924103543,8.956982545805392,21.0,1,0.18470758964570066,20.8152924103543,20.5,21.5
1604.0,20.418581608720395,20.71177521813952,8.95664429846307,21.0,1,0.2882247818604817,20.71177521813952,20.5,21.5
1605.0,20.421289221258345,20.62586172830181,8.956304755963036,21.0,1,0.3741382716981896,20.62586172830181,20.5,21.5
1606.0,20.423996224365286,20.60709357207533,8.955963918764981,21.0,1,0.3929064279246717,20.60709357207533,20.5,21.5
1607.0,20.426702617904166,20.51730145694807,8.955621787330353,21.0,1,0.4826985430519315,20.51730145694807,20.5,21.5
1608.0,20.42940840173805,20.46686992156353,8.955278362122344,21.0,1,0.5331300784364714,20.46686992156353,20.5,21.5
1609.0,20.432113575730128,20.457818592976338,8.954933643605903,21.0,1,0.5421814070236621,20.457818592976338,20.5,21.5
1610.0,20.434818139743705,20.532116775256092,8.954587632247732,21.0,1,0.46788322474390753,20.532116775256092,20.5,21.5
1611.0,20.437522093642205,20.657894703138023,8.954240328516278,21.0,1,0.3421052968619769,20.657894703138023,20.5,21.5
1612.0,20.44022543728918,20.58401975756232,8.953891732881738,21.0,1,0.41598024243767995,20.58401975756232,20.5,21.5
1613.0,20.442928170548296,20.659999416253722,8.953541845816062,21.0,1,0.34000058374627784,20.659999416253722,20.5,21.5
1614.0,20.44563029328335,20.593059307275688,8.953190667792947,21.0,1,0.4069406927243122,20.593059307275688,20.5,21.5
1615.0,20.448331805358254,20.580946407776572,8.952838199287836,21.0,1,0.41905359222342753,20.580946407776572,20.5,21.5
1616.0,20.45103270663704,20.374301412905993,8.952484440777921,21.0,1,0.625698587094007,20.374301412905993,20.5,21.5
1617.0,20.453732996983867,20.505983611623215,8.952129392742139,21.0,1,0.4940163883767852,20.505983611623215,20.5,21.5
1618.0,20.456432676263017,20.54991637670731,8.951773055661175,21.0,1,0.45008362329269147,20.54991637670731,20.5,21.5
1619.0,20.459131744338897,20.627839317803954,8.951415430017454,21.0,1,0.37216068219604637,20.627839317803954,20.5,21.5
1620.0,20.461830201076033,20.648615876400704,8.951056516295154,21.0,1,0.3513841235992956,20.648615876400704,20.5,21.5
1621.0,20.464528046339076,20.78688769699382,8.950696314980188,21.0,1,0.21311230300618078,20.78688769699382,20.5,21.5
1622.0,20.467225279992803,20.809932236832974,8.950334826560221,21.0,1,0.19006776316702556,20.809932236832974,20.5,21.5
1623.0,20.469921901902115,20.693380675977757,8.949972051524652,21.0,1,0.30661932402224323,20.693380675977757,20.5,21.5
1624.0,20.47261791193204,20.686270873930948,8.949607990364628,21.0,1,0.31372912606905246,20.686270873930948,20.5,21.5
1625.0,20.475313309947726,20.703030783916027,8.949242643573033,21.0,1,0.29696921608397275,20.703030783916027,20.5,21.5
1626.0,20.478008095814452,20.740272712597992,8.948876011644497,21.0,1,0.2597272874020078,20.740272712597992,20.5,21.5
1627.0,20.480702269397618,20.73082221637362,8.948508095075383,21.0,1,0.2691777836263789,20.73082221637362,20.5,21.5
1628.0,20.483395830562753,20.830882680162272,8.948138894363797,21.0,1,0.16911731983772782,20.830882680162272,20.5,21.5
1629.0,20.486088779175514,20.87167424320408,8.947768410009585,21.0,1,0.1283257567959204,20.87167424320408,20.5,21.5
1630.0,20.48878111510168,20.808919000022062,8.94739664251433,21.0,1,0.19108099997793815,20.808919000022062,20.5,21.5
1631.0,20.491472838207162,20.695490459151124,8.947023592381347,21.0,1,0.30450954084887627,20.695490459151124,20.5,21.5
1632.0,20.494163948357997,20.648899202777237,8.946649260115697,21.0,1,0.3511007972227631,20.648899202777237,20.5,21.5
1633.0,20.496854445420347,20.611808195973556,8.946273646224167,21.0,1,0.3881918040264445,20.611808195973556,20.5,21.5
1634.0,20.49954432926051,20.5948864002789,8.945896751215287,21.0,1,0.4051135997211013,20.5948864002789,20.5,21.5
1635.0,20.5022335997449,20.638559755214857,8.945518575599317,21.0,1,0.36144024478514325,20.638559755214857,20.5,21.5
1636.0,20.504922256740073,20.615466408214722,8.945139119888251,21.0,1,0.3845335917852779,20.615466408214722,20.5,21.5
1637.0,20.507610300112702,20.652736587109704,8.94475838459582,21.0,1,0.34726341289029605,20.652736587109704,20.5,21.5
1638.0,20.5102977297296,20.68457089034818,8.944376370237482,21.0,1,0.31542910965182,20.68457089034818,20.5,21.5
1639.0,20.5129845454577,20.7293935013869,8.943993077330427,21.0,1,0.27060649861309827,20.7293935013869,20.5,21.5
1640.0,20.515670747164076,20.70974376163758,8.943608506393584,21.0,1,0.29025623836242076,20.70974376163758,20.5,21.5
1641.0,20.51835633471592,20.820106797712008,8.9432226579476,21.0,1,0.17989320228799244,20.820106797712008,20.5,21.5
1642.0,20.521041307980568,20.800087949832154,8.942835532514863,21.0,1,0.1999120501678462,20.800087949832154,20.5,21.5
1643.0,20.523725666825474,20.807348276140576,8.942447130619481,21.0,1,0.19265172385942364,20.807348276140576,20.5,21.5
1644.0,20.526409411118234,20.75460002841965,8.942057452787296,21.0,1,0.2453999715803512,20.75460002841965,20.5,21.5
1645.0,20.529092540726566,20.766863063451606,8.941666499545875,21.0,1,0.2331369365483944,20.766863063451606,20.5,21.5
1646.0,20.53177505551833,20.757872851324375,8.941274271424511,21.0,1,0.24212714867562468,20.757872851324375,20.5,21.5
1647.0,20.534456955361513,20.761998895136582,8.940880768954225,21.0,1,0.23800110486341808,20.761998895136582,20.5,21.5
1648.0,20.537138240124232,20.801733819694817,8.940485992667762,21.0,1,0.19826618030518262,20.801733819694817,20.5,21.5
1649.0,20.53981890967474,20.81944409280651,8.940089943099592,21.0,1,0.18055590719349013,20.81944409280651,20.5,21.5
1650.0,20.542498963881425,20.887569969890883,8.939692620785909,21.0,1,0.11243003010911679,20.887569969890883,20.5,21.5
1651.0,20.545178402612805,20.8191201721719,8.939294026264628,21.0,1,0.1808798278281003,20.8191201721719,20.5,21.5
1652.0,20.547857225737534,20.792897524769,8.93889416007539,21.0,1,0.20710247523100023,20.792897524769,20.5,21.5
1653.0,20.550535433124402,20.8212533016925,8.938493022759555,21.0,1,0.17874669830749923,20.8212533016925,20.5,21.5
1654.0,20.55321302464233,20.866701528717734,8.938090614860206,21.0,1,0.13329847128226646,20.866701528717734,20.5,21.5
1655.0,20.55589000016037,20.738797340227414,8.937686936922145,21.0,1,0.26120265977258583,20.738797340227414,20.5,21.5
1656.0,20.558566359547722,20.813533636898423,8.937281989491892,21.0,1,0.1864663631015766,20.813533636898423,20.5,21.5
1657.0,20.56124210267371,20.847548065491416,8.936875773117688,21.0,1,0.15245193450858352,20.847548065491416,20.5,21.5
1658.0,20.5639172294078,20.78637502036382,8.93646828834949,21.0,1,0.21362497963617955,20.78637502036382,20.5,21.5
1659.0,20.56659173961959,20.785510781949387,8.936059535738973,21.0,1,0.2144892180506126,20.785510781949387,20.5,21.5
1660.0,20.569265633178812,20.969905476684303,8.93564951583953,21.0,1,0.03009452331569662,20.969905476684303,20.5,21.5
1661.0,20.571938909955346,20.85089973649963,8.935238229206272,21.0,1,0.14910026350036887,20.85089973649963,20.5,21.5
1662.0,20.574611569819197,20.914274665998366,8.934825676396015,21.0,1,0.08572533400163351,20.914274665998366,20.5,21.5
1663.0,20.577283612640514,20.95996719164848,8.934411857967298,21.0,1,0.04003280835151912,20.95996719164848,20.5,21.5
1664.0,20.57995503828958,20.883579093328322,8.933996774480374,21.0,1,0.11642090667167793,20.883579093328322,20.5,21.5
1665.0,20.582625846636816,20.75190798219284,8.933580426497201,21.0,1,0.24809201780715995,20.75190798219284,20.5,21.5
1666.0,20.585296037552787,20.848865731007628,8.933162814581458,21.0,1,0.15113426899237226,20.848865731007628,20.5,21.5
1667.0,20.587965610908192,20.834357757549625,8.93274393929853,21.0,1,0.1656422424503745,20.834357757549625,20.5,21.5
1668.0,20.590634566573872,20.768938933098106,8.932323801215512,21.0,1,0.2310610669018942,20.768938933098106,20.5,21.5
1669.0,20.5933029044208,20.81047789545478,8.931902400901212,21.0,1,0.1895221045452189,20.81047789545478,20.5,21.5
1670.0,20.595970624320096,20.794971426878515,8.931479738926143,21.0,1,0.20502857312148492,20.794971426878515,20.5,21.5
1671.0,20.598637726143018,20.78229070089872,8.931055815862528,21.0,1,0.2177092991012799,20.78229070089872,20.5,21.5
1672.0,20.60130420976096,20.788907306072325,8.9306306322843,21.0,1,0.21109269392767516,20.788907306072325,20.5,21.5
1673.0,20.603970075045467,20.826187939199137,8.930204188767092,21.0,1,0.17381206080086287,20.826187939199137,20.5,21.5
1674.0,20.60663532186821,20.898593810511592,8.929776485888251,21.0,1,0.10140618948840796,20.898593810511592,20.5,21.5
1675.0,20.609299950101015,20.999956302061012,8.929347524226822,21.0,1,4.36979389881742e-05,20.999956302061012,20.5,21.5
1676.0,20.61196395961584,21.04973281892329,8.928917304363559,21.0,1,-0.049732818923288846,21.04973281892329,20.5,21.5
1677.0,20.61462735028479,21.023858631142765,8.928485826880914,21.0,1,-0.02385863114276532,21.023858631142765,20.5,21.5
1678.0,20.61729012198011,20.99310138809566,8.928053092363047,21.0,1,0.006898611904340157,20.99310138809566,20.5,21.5
1679.0,20.619952274574185,20.90242958134741,8.927619101395818,21.0,1,0.09757041865259097,20.90242958134741,20.5,21.5
1680.0,20.62261380793955,20.932897062457783,8.927183854566788,21.0,1,0.06710293754221652,20.932897062457783,20.5,21.5
1681.0,20.625274721948877,20.831591522779597,8.926747352465217,21.0,1,0.16840847722040309,20.831591522779597,20.5,21.5
1682.0,20.62793501647498,20.798794587044316,8.926309595682065,21.0,1,0.20120541295568373,20.798794587044316,20.5,21.5
1683.0,20.63059469139082,20.796730846146485,8.925870584809994,21.0,1,0.2032691538535154,20.796730846146485,20.5,21.5
1684.0,20.6332537465695,20.866508693704464,8.92543032044336,21.0,1,0.13349130629553585,20.866508693704464,20.5,21.5
1685.0,20.635912181884276,20.86101861155533,8.924988803178216,21.0,1,0.13898138844466956,20.86101861155533,20.5,21.5
1686.0,20.638569997208535,20.95268715868945,8.924546033612312,21.0,1,0.047312841310549913,20.95268715868945,20.5,21.5
1687.0,20.641227192415815,20.93870501449125,8.924102012345097,21.0,1,0.06129498550874857,20.93870501449125,20.5,21.5
1688.0,20.6438837673798,21.067643025345504,8.923656739977709,21.0,1,-0.06764302534550382,21.067643025345504,20.5,21.5
1689.0,20.64653972197432,20.991316565359565,8.923210217112981,21.0,1,0.008683434640435195,20.991316565359565,20.5,21.5
1690.0,20.64919505607335,20.88343508483809,8.922762444355442,21.0,1,0.11656491516190925,20.88343508483809,20.5,21.5
1691.0,20.651849769551006,20.83020407137006,8.922313422311312,21.0,1,0.16979592862994153,20.83020407137006,20.5,21.5
1692.0,20.654503862281558,20.766095872291295,8.9218631515885,21.0,1,0.23390412770870483,20.766095872291295,20.5,21.5
1693.0,20.65715733413942,20.652315425915464,8.921411632796609,21.0,1,0.34768457408453557,20.652315425915464,20.5,21.5
1694.0,20.659810184999152,20.720540909193726,8.920958866546929,21.0,1,0.27945909080627374,20.720540909193726,20.5,21.5
1695.0,20.66246241473546,20.819496841870563,8.92050485345244,21.0,1,0.18050315812943651,20.819496841870563,20.5,21.5
1696.0,20.665114023223204,20.765860149818213,8.92004959412781,21.0,1,0.23413985018178707,20.765860149818213,20.5,21.5
1697.0,20.667765010337384,20.819188471268394,8.919593089189394,21.0,1,0.18081152873160633,20.819188471268394,20.5,21.5
1698.0,20.670415375953155,20.806013020433067,8.919135339255234,21.0,1,0.19398697956693312,20.806013020433067,20.5,21.5
1699.0,20.673065119945814,20.830549539085993,8.918676344945057,21.0,1,0.16945046091400684,20.830549539085993,20.5,21.5
1700.0,20.675714242190814,20.79373880222058,8.918216106880275,21.0,1,0.2062611977794191,20.79373880222058,20.5,21.5
1701.0,20.678362742563753,20.96892611476683,8.917754625683981,21.0,1,0.031073885233169563,20.96892611476683,20.5,21.5
1702.0,20.681010620940377,21.02032363839392,8.917291901980956,21.0,1,-0.020323638393918486,21.02032363839392,20.5,21.5
1703.0,20.683657877196584,21.108474321396336,8.916827936397663,21.0,1,-0.10847432139633639,21.108474321396336,20.5,21.5
1704.0,20.686304511208423,21.02492570188326,8.91636272956224,21.0,1,-0.02492570188325871,21.02492570188326,20.5,21.5
1705.0,20.688950522852092,20.94260755369157,8.91589628210451,21.0,1,0.05739244630843032,20.94260755369157,20.5,21.5
1706.0,20.691595912003944,20.914026569696208,8.91542859465598,21.0,1,0.08597343030379179,20.914026569696208,20.5,21.5
1707.0,20.694240678540474,20.894226223244402,8.914959667849825,21.0,1,0.10577377675559774,20.894226223244402,20.5,21.5
1708.0,20.696884822338337,20.827718830297034,8.914489502320906,21.0,1,0.17228116970296625,20.827718830297034,20.5,21.5
1709.0,20.699528343274334,20.843539640872756,8.914018098705762,21.0,1,0.15646035912724443,20.843539640872756,20.5,21.5
1710.0,20.70217124122542,20.93417370843907,8.9135454576426,21.0,1,0.06582629156093134,20.93417370843907,20.5,21.5
1711.0,20.704813516068704,20.898149882155906,8.913071579771312,21.0,1,0.10185011784409426,20.898149882155906,20.5,21.5
1712.0,20.707455167681445,20.904729971041803,8.912596465733458,21.0,1,0.09527002895819692,20.904729971041803,20.5,21.5
1713.0,20.710096195941055,20.945537804261228,8.912120116172273,21.0,1,0.05446219573877187,20.945537804261228,20.5,21.5
1714.0,20.7127366007251,20.8513204925055,8.911642531732666,21.0,1,0.14867950749449932,20.8513204925055,20.5,21.5
1715.0,20.7153763819113,20.80663507463092,8.911163713061217,21.0,1,0.19336492536908167,20.80663507463092,20.5,21.5
1716.0,20.718015539377532,20.790826503803054,8.910683660806177,21.0,1,0.20917349619694647,20.790826503803054,20.5,21.5
1717.0,20.720654073001818,20.803930101358095,8.910202375617468,21.0,1,0.19606989864190538,20.803930101358095,20.5,21.5
1718.0,20.723291982662342,20.816548718039986,8.909719858146678,21.0,1,0.18345128196001426,20.816548718039986,20.5,21.5
1719.0,20.72592926823744,20.95137854233338,8.909236109047068,21.0,1,0.04862145766661996,20.95137854233338,20.5,21.5
1720.0,20.7285659296056,20.969317689643592,8.908751128973565,21.0,1,0.030682310356407783,20.969317689643592,20.5,21.5
1721.0,20.731201966645475,20.949371089604632,8.908264918582757,21.0,1,0.050628910395367654,20.949371089604632,20.5,21.5
1722.0,20.73383737923586,20.899322629119226,8.907777478532909,21.0,1,0.10067737088077422,20.899322629119226,20.5,21.5
1723.0,20.73647216725572,20.808109893517535,8.907288809483939,21.0,1,0.19189010648246452,20.808109893517535,20.5,21.5
1724.0,20.739106330584164,20.823328815949576,8.906798912097436,21.0,1,0.1766711840504236,20.823328815949576,20.5,21.5
1725.0,20.741739869100467,20.915869268689637,8.90630778703665,21.0,1,0.08413073131036342,20.915869268689637,20.5,21.5
1726.0,20.744372782684053,20.880894383731917,8.905815434966494,21.0,1,0.11910561626808303,20.880894383731917,20.5,21.5
1727.0,20.74700507121451,20.84094460487674,8.905321856553538,21.0,1,0.15905539512326072,20.84094460487674,20.5,21.5
1728.0,20.749636734571578,20.852844359581077,8.90482705246602,21.0,1,0.14715564041892293,20.852844359581077,20.5,21.5
1729.0,20.752267772635157,20.7997363315664,8.90433102337383,21.0,1,0.20026366843359966,20.7997363315664,20.5,21.5
1730.0,20.754898185285306,20.717144124084395,8.90383376994852,21.0,1,0.28285587591560457,20.717144124084395,20.5,21.5
1731.0,20.75752797240224,20.765229280155907,8.9033352928633,21.0,1,0.23477071984409292,20.765229280155907,20.5,21.5
1732.0,20.760157133866333,20.907797545673677,8.902835592793036,21.0,1,0.09220245432632268,20.907797545673677,20.5,21.5
1733.0,20.762785669558117,20.95468239106525,8.902334670414248,21.0,1,0.04531760893474868,20.95468239106525,20.5,21.5
1734.0,20.765413579358288,21.049481824650677,8.901832526405114,21.0,1,-0.04948182465067674,21.049481824650677,20.5,21.5
1735.0,20.768040863147696,21.1075940405775,8.901329161445462,21.0,1,-0.10759404057749933,21.1075940405775,20.5,21.5
1736.0,20.770667520807358,21.11582378082792,8.900824576216777,21.0,1,-0.11582378082792033,21.11582378082792,20.5,21.5
1737.0,20.77329355221844,21.05723178672478,8.900318771402194,21.0,1,-0.05723178672478113,21.05723178672478,20.5,21.5
1738.0,20.775918957262277,21.003886370056136,8.899811747686497,21.0,1,-0.0038863700561364567,21.003886370056136,20.5,21.5
1739.0,20.778543735820364,20.905109717559235,8.899303505756126,21.0,1,0.09489028244076536,20.905109717559235,20.5,21.5
1740.0,20.78116788777435,20.79719182270195,8.898794046299168,21.0,1,0.20280817729804923,20.79719182270195,20.5,21.5
1741.0,20.783791413006057,20.76382573227449,8.898283370005352,21.0,1,0.23617426772550942,20.76382573227449,20.5,21.5
1742.0,20.786414311397458,20.74377246418654,8.897771477566064,21.0,1,0.2562275358134585,20.74377246418654,20.5,21.5
1743.0,20.78903658283069,20.74401340356374,8.89725836967433,21.0,1,0.25598659643625865,20.74401340356374,20.5,21.5
1744.0,20.79165822718806,20.661137710605544,8.896744047024823,21.0,1,0.33886228939445573,20.661137710605544,20.5,21.5
1745.0,20.794279244352026,20.74298811724233,8.896228510313863,21.0,1,0.25701188275766995,20.74298811724233,20.5,21.5
1746.0,20.796899634205218,20.85845942339652,8.895711760239413,21.0,1,0.14154057660347874,20.85845942339652,20.5,21.5
1747.0,20.799519396630426,20.87719628343246,8.895193797501076,21.0,1,0.12280371656753886,20.87719628343246,20.5,21.5
1748.0,20.8021385315106,20.89805455673687,8.894674622800098,21.0,1,0.10194544326312993,20.89805455673687,20.5,21.5
1749.0,20.80475703872886,21.04766567858056,8.894154236839368,21.0,1,-0.04766567858056092,21.04766567858056,20.5,21.5
1750.0,20.80737491816848,21.054768636674737,8.893632640323412,21.0,1,-0.05476863667473708,21.054768636674737,20.5,21.5
1751.0,20.809992169712913,20.969957056418913,8.893109833958396,21.0,1,0.030042943581086945,20.969957056418913,20.5,21.5
1752.0,20.81260879324576,20.921112763149,8.892585818452126,21.0,1,0.07888723685099919,20.921112763149,20.5,21.5
1753.0,20.815224788650802,20.908687525898657,8.89206059451404,21.0,1,0.09131247410134335,20.908687525898657,20.5,21.5
1754.0,20.817840155811975,20.907508859585487,8.891534162855217,21.0,1,0.09249114041451278,20.907508859585487,20.5,21.5
1755.0,20.820454894613384,20.943424073306534,8.891006524188368,21.0,1,0.05657592669346556,20.943424073306534,20.5,21.5
1756.0,20.8230690049393,20.992047283612234,8.89047767922784,21.0,1,0.007952716387766401,20.992047283612234,20.5,21.5
1757.0,20.825682486674157,21.07327653648952,8.889947628689614,21.0,1,-0.07327653648951937,21.07327653648952,20.5,21.5
1758.0,20.82829533970256,21.15239064998835,8.889416373291297,21.0,1,-0.1523906499883516,21.15239064998835,20.5,21.5
1759.0,20.83090756390928,21.032169041017198,8.888883913752137,21.0,1,-0.0321690410171982,21.032169041017198,20.5,21.5
1760.0,20.833519159179247,21.00830568757491,8.888350250793003,21.0,1,-0.008305687574910792,21.00830568757491,20.5,21.5
1761.0,20.83613012539757,21.046951809737735,8.8878153851364,21.0,1,-0.04695180973773461,21.046951809737735,20.5,21.5
1762.0,20.83874046244952,21.013550330841404,8.88727931750646,21.0,1,-0.013550330841404445,21.013550330841404,20.5,21.5
1763.0,20.84135017022053,20.99505403033731,8.886742048628935,21.0,1,0.004945969662689009,20.99505403033731,20.5,21.5
1764.0,20.84395924859621,21.129663677665256,8.886203579231214,21.0,1,-0.12966367766525622,21.129663677665256,20.5,21.5
1765.0,20.846567697462337,21.165064126399947,8.885663910042306,21.0,1,-0.1650641263999475,21.165064126399947,20.5,21.5
1766.0,20.849175516704854,21.178222525427078,8.885123041792843,21.0,1,-0.17822252542707773,21.178222525427078,20.5,21.5
1767.0,20.85178270620987,21.22430770783753,8.884580975215083,21.0,1,-0.22430770783752862,21.22430770783753,20.5,21.5
1768.0,20.854389265863674,21.224141728862453,8.884037711042907,21.0,1,-0.22414172886245254,21.224141728862453,20.5,21.5
1769.0,20.85699519555271,21.26215938985472,8.883493250011815,21.0,1,-0.26215938985471965,21.26215938985472,20.5,21.5
1770.0,20.8596004951636,21.248752973516957,8.882947592858928,21.0,1,-0.24875297351695735,21.248752973516957,20.5,21.5
1771.0,20.86220516458314,21.189154901001334,8.882400740322986,21.0,1,-0.18915490100133425,21.189154901001334,20.5,21.5
1772.0,20.86480920369829,21.130613532035387,8.881852693144348,21.0,1,-0.13061353203538673,21.130613532035387,20.5,21.5
1773.0,20.86741261239618,21.09748866408132,8.881303452064992,21.0,1,-0.09748866408132173,21.09748866408132,20.5,21.5
1774.0,20.870015390564113,20.99842517708999,8.88075301782851,21.0,1,0.0015748229100083222,20.99842517708999,20.5,21.5
1775.0,20.872617538089568,20.978586517635655,8.880201391180112,21.0,1,0.021413482364344816,20.978586517635655,20.5,21.5
1776.0,20.875219054860185,20.913396349515967,8.879648572866616,21.0,1,0.08660365048403307,20.913396349515967,20.5,21.5
1777.0,20.877819940763786,21.054047348932976,8.879094563636462,21.0,1,-0.05404734893297558,21.054047348932976,20.5,21.5
1778.0,20.88042019568836,21.11857253806712,8.878539364239698,21.0,1,-0.11857253806712009,21.11857253806712,20.5,21.5
1779.0,20.88301981952207,21.258833190786962,8.877982975427981,21.0,1,-0.2588331907869623,21.258833190786962,20.5,21.5
1780.0,20.88561881215325,21.187386329764376,8.877425397954582,21.0,1,-0.18738632976437586,21.187386329764376,20.5,21.5
1781.0,20.888217173470412,21.254427099177214,8.87686663257438,21.0,1,-0.25442709917721373,21.254427099177214,20.5,21.5
1782.0,20.890814903362234,21.173938088220833,8.876306680043864,21.0,1,-0.173938088220833,21.173938088220833,20.5,21.5
1783.0,20.89341200171757,21.132350304076787,8.875745541121127,21.0,1,-0.1323503040767875,21.132350304076787,20.5,21.5
1784.0,20.896008468425453,21.095683601087682,8.875183216565867,21.0,1,-0.09568360108768204,21.095683601087682,20.5,21.5
1785.0,20.89860430337508,21.17203540789206,8.874619707139395,21.0,1,-0.17203540789206073,21.17203540789206,20.5,21.5
1786.0,20.901199506455832,21.22970391014043,8.87405501360462,21.0,1,-0.22970391014042946,21.22970391014043,20.5,21.5
1787.0,20.90379407755726,21.265425692007614,8.873489136726052,21.0,1,-0.26542569200761434,21.265425692007614,20.5,21.5
1788.0,20.906388016569096,21.402868192131496,8.87292207726981,21.0,1,-0.40286819213149627,21.402868192131496,20.5,21.5
1789.0,20.908981323381237,21.343087963867042,8.872353836003608,21.0,1,-0.3430879638670419,21.343087963867042,20.5,21.5
1790.0,20.91157399788376,21.271361060541473,8.871784413696762,21.0,1,-0.2713610605414729,21.271361060541473,20.5,21.5
1791.0,20.914166039966922,21.261662208222177,8.871213811120189,21.0,1,-0.2616622082221767,21.261662208222177,20.5,21.5
1792.0,20.916757449521153,21.299285004944235,8.870642029046401,21.0,1,-0.2992850049442346,21.299285004944235,20.5,21.5
1793.0,20.91934822643706,21.23049385124795,8.87006906824951,21.0,1,-0.23049385124794952,21.23049385124795,20.5,21.5
1794.0,20.92193837060542,21.171087668058533,8.869494929505219,21.0,1,-0.17108766805853293,21.171087668058533,20.5,21.5
1795.0,20.9245278819172,21.159319366424818,8.86891961359083,21.0,1,-0.1593193664248176,21.159319366424818,20.5,21.5
1796.0,20.927116760263534,21.22501721721511,8.868343121285237,21.0,1,-0.22501721721511103,21.22501721721511,20.5,21.5
1797.0,20.929705005535737,21.100208814553564,8.867765453368929,21.0,1,-0.10020881455356445,21.100208814553564,20.5,21.5
1798.0,20.932292617625304,21.039723211443917,8.867186610623982,21.0,1,-0.039723211443916995,21.039723211443917,20.5,21.5
1799.0,20.934879596423905,21.06504314609509,8.866606593834065,21.0,1,-0.0650431460950891,21.06504314609509,20.5,21.5
1800.0,20.937465941823387,21.11797324957008,8.86602540378444,21.0,1,-0.11797324957008115,21.11797324957008,20.5,21.5
1801.0,20.94005165371578,21.06052250299333,8.86544304126195,21.0,1,-0.0605225029933294,21.06052250299333,20.5,21.5
1802.0,20.94263673199329,21.10416125793398,8.86485950705503,21.0,1,-0.10416125793398123,21.10416125793398,20.5,21.5
1803.0,20.9452211765483,21.183830455347252,8.864274801953705,21.0,1,-0.18383045534725184,21.183830455347252,20.5,21.5
1804.0,20.947804987273383,21.2629796456713,8.863688926749576,21.0,1,-0.26297964567130094,21.2629796456713,20.5,21.5
1805.0,20.950388164061277,21.269790399399678,8.863101882235837,21.0,1,-0.2697903993996782,21.269790399399678,20.5,21.5
1806.0,20.952970706804912,21.26129176093226,8.862513669207258,21.0,1,-0.26129176093225936,21.26129176093226,20.5,21.5
1807.0,20.95555261539739,21.337204095025527,8.861924288460195,21.0,1,-0.33720409502552684,21.337204095025527,20.5,21.5
1808.0,20.958133889732004,21.298677462831023,8.861333740792585,21.0,1,-0.2986774628310229,21.298677462831023,20.5,21.5
1809.0,20.960714529702216,21.208504091828985,8.860742027003944,21.0,1,-0.20850409182898488,21.208504091828985,20.5,21.5
1810.0,20.963294535201676,21.10093311378298,8.860149147895365,21.0,1,-0.10093311378297898,21.10093311378298,20.5,21.5
1811.0,20.965873906124216,21.08386985525505,8.859555104269523,21.0,1,-0.08386985525504898,21.08386985525505,20.5,21.5
1812.0,20.968452642363847,21.120875165739776,8.858959896930665,21.0,1,-0.12087516573977553,21.120875165739776,20.5,21.5
1813.0,20.97103074381476,21.215706806016904,8.858363526684615,21.0,1,-0.21570680601690384,21.215706806016904,20.5,21.5
1814.0,20.973608210371335,21.271160244976194,8.857765994338774,21.0,1,-0.27116024497619406,21.271160244976194,20.5,21.5
1815.0,20.97618504192813,21.436230352728654,8.857167300702113,21.0,1,-0.4362303527286535,21.436230352728654,20.5,21.5
1816.0,20.978761238379885,21.385465604280434,8.856567446585176,21.0,1,-0.38546560428043364,21.385465604280434,20.5,21.5
1817.0,20.981336799621527,21.252475947828554,8.855966432800079,21.0,1,-0.25247594782855387,21.252475947828554,20.5,21.5
1818.0,20.98391172554816,21.112044984130947,8.855364260160506,21.0,1,-0.11204498413094655,21.112044984130947,20.5,21.5
1819.0,20.986486016055082,21.134342793454465,8.854760929481715,21.0,1,-0.13434279345446498,21.134342793454465,20.5,21.5
1820.0,20.98905967103777,21.027684667397445,8.854156441580525,21.0,1,-0.027684667397444684,21.027684667397445,20.5,21.5
1821.0,20.991632690391878,21.095977941639056,8.853550797275327,21.0,1,-0.09597794163905604,21.095977941639056,20.5,21.5
1822.0,20.994205074013255,21.128876657385522,8.852943997386076,21.0,1,-0.128876657385522,21.128876657385522,20.5,21.5
1823.0,20.99677682179793,21.17814663241598,8.852336042734288,21.0,1,-0.17814663241598083,21.17814663241598,20.5,21.5
1824.0,20.999347933642117,21.221762539644775,8.851726934143048,21.0,1,-0.2217625396447751,21.221762539644775,20.5,21.5
1825.0,21.00191840944222,21.216559735579345,8.851116672437,21.0,1,-0.21655973557934516,21.216559735579345,20.5,21.5
1826.0,21.004488249094816,21.258887506631886,8.85050525844235,21.0,1,-0.2588875066318863,21.258887506631886,20.5,21.5
1827.0,21.007057452496685,21.241725009852892,8.849892692986863,21.0,1,-0.24172500985289247,21.241725009852892,20.5,21.5
1828.0,21.009626019544783,21.194270324357728,8.849278976899868,21.0,1,-0.19427032435772773,21.194270324357728,20.5,21.5
1829.0,21.012193950136254,21.0379830135327,8.84866411101224,21.0,1,-0.03798301353269906,21.0379830135327,20.5,21.5
1830.0,21.01476124416843,21.151561538261664,8.848048096156425,21.0,1,-0.15156153826166374,21.151561538261664,20.5,21.5
1831.0,21.017327901538827,21.07056224232713,8.847430933166416,21.0,1,-0.07056224232713149,21.07056224232713,20.5,21.5
1832.0,21.019893922145155,21.072025540511426,8.846812622877762,21.0,1,-0.07202554051142585,21.072025540511426,20.5,21.5
1833.0,21.022459305885302,21.034359422737243,8.846193166127565,21.0,1,-0.034359422737242795,21.034359422737243,20.5,21.5
1834.0,21.02502405265735,21.217201047973205,8.845572563754478,21.0,1,-0.21720104797320516,21.217201047973205,20.5,21.5
1835.0,21.02758816235957,21.220741584913846,8.844950816598711,21.0,1,-0.22074158491384566,21.220741584913846,20.5,21.5
1836.0,21.03015163489042,21.359242084888603,8.844327925502014,21.0,1,-0.3592420848886029,21.359242084888603,20.5,21.5
1837.0,21.03271447014854,21.407234924982447,8.843703891307698,21.0,1,-0.40723492498244696,21.407234924982447,20.5,21.5
1838.0,21.035276668032772,21.439475157254464,8.843078714860608,21.0,1,-0.4394751572544635,21.439475157254464,20.5,21.5
1839.0,21.037838228442137,21.348041399161456,8.842452397007147,21.0,1,-0.34804139916145616,21.348041399161456,20.5,21.5
1840.0,21.04039915127585,21.319594019299007,8.841824938595257,21.0,1,-0.3195940192990072,21.319594019299007,20.5,21.5
1841.0,21.042959436433314,21.17082096660599,8.841196340474426,21.0,1,-0.17082096660599078,21.17082096660599,20.5,21.5
1842.0,21.04551908381412,21.084645883193897,8.840566603495684,21.0,1,-0.08464588319389676,21.084645883193897,20.5,21.5
1843.0,21.048078093318058,21.153771239965046,8.839935728511605,21.0,1,-0.15377123996504594,21.153771239965046,20.5,21.5
1844.0,21.050636464845095,21.157742437300886,8.8393037163763,21.0,1,-0.157742437300886,21.157742437300886,20.5,21.5
1845.0,21.0531941982954,21.184190627211184,8.838670567945424,21.0,1,-0.1841906272111835,21.184190627211184,20.5,21.5
1846.0,21.05575129356933,21.271256606799863,8.838036284076168,21.0,1,-0.27125660679986296,21.271256606799863,20.5,21.5
1847.0,21.05830775056743,21.331273477649624,8.83740086562726,21.0,1,-0.3312734776496242,21.331273477649624,20.5,21.5
1848.0,21.060863569190442,21.16592144714197,8.836764313458962,21.0,1,-0.16592144714196877,21.16592144714197,20.5,21.5
1849.0,21.063418749339295,21.1719361773947,8.836126628433076,21.0,1,-0.17193617739469857,21.1719361773947,20.5,21.5
1850.0,21.065973290915114,21.08511546181685,8.835487811412936,21.0,1,-0.08511546181685148,21.08511546181685,20.5,21.5
1851.0,21.068527193819214,21.06561258750927,8.834847863263407,21.0,1,-0.06561258750927124,21.06561258750927,20.5,21.5
1852.0,21.071080457953105,21.017395119888256,8.834206784850885,21.0,1,-0.01739511988825626,21.017395119888256,20.5,21.5
1853.0,21.073633083218485,21.13624241398329,8.833564577043296,21.0,1,-0.13624241398328962,21.13624241398329,20.5,21.5
1854.0,21.07618506951725,21.06858493000303,8.8329212407101,21.0,1,-0.06858493000303056,21.06858493000303,20.5,21.5
1855.0,21.07873641675149,21.10619002278687,8.832276776722278,21.0,1,-0.10619002278686906,21.10619002278687,20.5,21.5
1856.0,21.081287124823483,21.18923495710503,8.831631185952341,21.0,1,-0.1892349571050289,21.18923495710503,20.5,21.5
1857.0,21.08383719363571,21.179801889303047,8.830984469274329,21.0,1,-0.17980188930304664,21.179801889303047,20.5,21.5
1858.0,21.08638662309084,21.20470201772529,8.830336627563797,21.0,1,-0.20470201772528895,21.20470201772529,20.5,21.5
1859.0,21.088935413091733,21.28786812388785,8.829687661697832,21.0,1,-0.28786812388785066,21.28786812388785,20.5,21.5
1860.0,21.091483563541455,21.354353226359787,8.829037572555041,21.0,1,-0.3543532263597875,21.354353226359787,20.5,21.5
1861.0,21.09403107434326,21.280812609675117,8.828386361015548,21.0,1,-0.2808126096751167,21.280812609675117,20.5,21.5
1862.0,21.096577945400593,21.410050173161338,8.827734027961,21.0,1,-0.41005017316133774,21.410050173161338,20.5,21.5
1863.0,21.099124176617106,21.409813278346327,8.827080574274563,21.0,1,-0.4098132783463271,21.409813278346327,20.5,21.5
1864.0,21.101669767896638,21.342939767555297,8.826426000840915,21.0,1,-0.342939767555297,21.342939767555297,20.5,21.5
1865.0,21.104214719143226,21.268910216119252,8.825770308546254,21.0,1,-0.26891021611925225,21.268910216119252,20.5,21.5
1866.0,21.106759030261106,21.18813177566323,8.825113498278295,21.0,1,-0.18813177566322992,21.18813177566323,20.5,21.5
1867.0,21.10930270115471,21.152040842688994,8.824455570926263,21.0,1,-0.15204084268899365,21.152040842688994,20.5,21.5
1868.0,21.111845731728664,21.14999170627474,8.823796527380896,21.0,1,-0.14999170627474,21.14999170627474,20.5,21.5
1869.0,21.114388121887796,21.23449157624498,8.823136368534442,21.0,1,-0.23449157624498085,21.23449157624498,20.5,21.5
1870.0,21.116929871537124,21.253560000434952,8.822475095280662,21.0,1,-0.25356000043495186,21.253560000434952,20.5,21.5
1871.0,21.119470980581873,21.39998370662001,8.821812708514825,21.0,1,-0.39998370662000937,21.39998370662001,20.5,21.5
1872.0,21.12201144892746,21.428608479499935,8.821149209133704,21.0,1,-0.4286084794999354,21.428608479499935,20.5,21.5
1873.0,21.1245512764795,21.470491295923345,8.820484598035582,21.0,1,-0.4704912959233454,21.470491295923345,20.5,21.5
1874.0,21.127090463143812,21.490090719422817,8.819818876120248,21.0,1,-0.4900907194228168,21.490090719422817,20.5,21.5
1875.0,21.129629008826406,21.502059800165846,8.819152044288991,21.0,0,-0.5020598001658456,21.502059800165846,20.5,21.5
1876.0,21.1271669134335,21.423730534801276,8.818484103444606,21.0,0,-0.4237305348012761,21.423730534801276,20.5,21.5
1877.0,21.1247051768715,21.35135352975782,8.817815054491387,21.0,0,-0.3513535297578194,21.35135352975782,20.5,21.5
1878.0,21.122243798847023,21.256592273124063,8.817144898335128,21.0,0,-0.2565922731240633,21.256592273124063,20.5,21.5
1879.0,21.11978277906692,21.22911900845072,8.816473635883126,21.0,0,-0.22911900845071997,21.22911900845072,20.5,21.5
1880.0,21.117322117238285,21.237112945624762,8.815801268044172,21.0,0,-0.23711294562476226,21.237112945624762,20.5,21.5
1881.0,21.114861813068444,21.316092519431784,8.815127795728554,21.0,0,-0.31609251943178407,21.316092519431784,20.5,21.5
1882.0,21.112401866264975,21.348747511532203,8.814453219848057,21.0,0,-0.34874751153220274,21.348747511532203,20.5,21.5
1883.0,21.10994227653569,21.4212899573857,8.813777541315957,21.0,0,-0.4212899573856994,21.4212899573857,20.5,21.5
1884.0,21.107483043588648,21.44595926373333,8.813100761047028,21.0,0,-0.4459592637333287,21.44595926373333,20.5,21.5
1885.0,21.10502416713214,21.47422751723613,8.812422879957529,21.0,0,-0.4742275172361303,21.47422751723613,20.5,21.5
1886.0,21.102565646874705,21.392642594318126,8.811743898965215,21.0,0,-0.39264259431812576,21.392642594318126,20.5,21.5
1887.0,21.10010748252512,21.263648332022846,8.811063818989327,21.0,0,-0.26364833202284643,21.263648332022846,20.5,21.5
1888.0,21.097649673792414,21.28908173573913,8.810382640950595,21.0,0,-0.2890817357391313,21.28908173573913,20.5,21.5
1889.0,21.095192220385847,21.12614809312118,8.809700365771235,21.0,0,-0.1261480931211807,21.12614809312118,20.5,21.5
1890.0,21.092735122014926,21.076770775168438,8.809016994374947,21.0,0,-0.07677077516843767,21.076770775168438,20.5,21.5
1891.0,21.090278378389396,21.019350225426457,8.80833252768692,21.0,0,-0.019350225426457257,21.019350225426457,20.5,21.5
1892.0,21.087821989219254,21.145906123993615,8.807646966633822,21.0,0,-0.14590612399361547,21.145906123993615,20.5,21.5
1893.0,21.085365954214737,21.033669662856134,8.806960312143802,21.0,0,-0.03366966285613415,21.033669662856134,20.5,21.5
1894.0,21.082910273086323,21.14507553969701,8.806272565146491,21.0,0,-0.14507553969701092,21.14507553969701,20.5,21.5
1895.0,21.080454945544734,21.23370278247442,8.805583726573,21.0,0,-0.23370278247442045,21.23370278247442,20.5,21.5
1896.0,21.07799997130094,21.249071003681347,8.804893797355914,21.0,0,-0.2490710036813475,21.249071003681347,20.5,21.5
1897.0,21.07554535006615,21.35605860476121,8.8042027784293,21.0,0,-0.3560586047612091,21.35605860476121,20.5,21.5
1898.0,21.073091081551823,21.556997079261226,8.803510670728695,21.0,0,-0.556997079261226,21.556997079261226,20.5,21.5
1899.0,21.07063716546966,21.640502460259487,8.802817475191114,21.0,0,-0.6405024602594871,21.640502460259487,20.5,21.5
1900.0,21.068183601531604,21.58473181009422,8.802123192755044,21.0,0,-0.5847318100942189,21.58473181009422,20.5,21.5
1901.0,21.06573038944985,21.576325471317002,8.801427824360442,21.0,0,-0.5763254713170021,21.576325471317002,20.5,21.5
1902.0,21.063277528936833,21.389858247111484,8.800731370948734,21.0,0,-0.38985824711148354,21.389858247111484,20.5,21.5
1903.0,21.060825019705234,21.38314350436333,8.80003383346282,21.0,0,-0.38314350436332845,21.38314350436333,20.5,21.5
1904.0,21.058372861467987,21.302581290122937,8.799335212847062,21.0,0,-0.3025812901229372,21.302581290122937,20.5,21.5
1905.0,21.055921053938263,21.32015594639547,8.798635510047292,21.0,0,-0.3201559463954702,21.32015594639547,20.5,21.5
1906.0,21.053469596829483,21.34742604538089,8.797934726010809,21.0,0,-0.34742604538088884,21.34742604538089,20.5,21.5
1907.0,21.05101848985532,21.37514755849901,8.79723286168637,21.0,0,-0.37514755849900894,21.37514755849901,20.5,21.5
1908.0,21.048567732729687,21.361214661425333,8.796529918024197,21.0,0,-0.36121466142533265,21.361214661425333,20.5,21.5
1909.0,21.046117325166747,21.3889126321722,8.795825895975975,21.0,0,-0.3889126321722003,21.3889126321722,20.5,21.5
1910.0,21.04366726688091,21.31403933780104,8.795120796494848,21.0,0,-0.31403933780104154,21.31403933780104,20.5,21.5
1911.0,21.041217557586833,21.39200056424756,8.794414620535418,21.0,0,-0.39200056424756013,21.39200056424756,20.5,21.5
1912.0,21.038768196999424,21.385591214407775,8.793707369053745,21.0,0,-0.3855912144077749,21.385591214407775,20.5,21.5
1913.0,21.036319184833836,21.27516460489872,8.792999043007347,21.0,0,-0.27516460489871974,21.27516460489872,20.5,21.5
1914.0,21.033870520805472,21.241297236844026,8.79228964335519,21.0,0,-0.24129723684402649,21.241297236844026,20.5,21.5
1915.0,21.031422204629983,21.338241860643592,8.791579171057704,21.0,0,-0.33824186064359196,21.338241860643592,20.5,21.5
1916.0,21.02897423602327,21.253225786987613,8.79086762707676,21.0,0,-0.25322578698761333,21.253225786987613,20.5,21.5
1917.0,21.02652661470148,21.295495082520453,8.79015501237569,21.0,0,-0.2954950825204534,21.295495082520453,20.5,21.5
1918.0,21.024079340381014,21.326070368941938,8.789441327919269,21.0,0,-0.32607036894193797,21.326070368941938,20.5,21.5
1919.0,21.021632412778523,21.29844778724184,8.788726574673722,21.0,0,-0.29844778724184096,21.29844778724184,20.5,21.5
1920.0,21.0191858316109,21.266894965448362,8.788010753606722,21.0,0,-0.2668949654483619,21.266894965448362,20.5,21.5
1921.0,21.0167395965953,21.324538348823886,8.787293865687387,21.0,0,-0.32453834882388577,21.324538348823886,20.5,21.5
1922.0,21.01429370744912,21.248282957324253,8.786575911886278,21.0,0,-0.24828295732425332,21.248282957324253,20.5,21.5
1923.0,21.011848163890008,21.237846469132297,8.785856893175403,21.0,0,-0.2378464691322968,21.237846469132297,20.5,21.5
1924.0,21.009402965635864,21.19423991641326,8.785136810528206,21.0,0,-0.19423991641325955,21.19423991641326,20.5,21.5
1925.0,21.006958112404842,21.13896584859297,8.784415664919576,21.0,0,-0.1389658485929708,21.13896584859297,20.5,21.5
1926.0,21.004513603915345,21.094743239727897,8.783693457325839,21.0,0,-0.09474323972789733,21.094743239727897,20.5,21.5
1927.0,21.00206943988603,21.120340810824775,8.782970188724763,21.0,0,-0.12034081082477499,21.120340810824775,20.5,21.5
1928.0,20.999625620035797,21.042849288905394,8.782245860095543,21.0,0,-0.04284928890539419,21.042849288905394,20.5,21.5
1929.0,20.99718214408381,21.092584003171588,8.78152047241882,21.0,0,-0.09258400317158788,21.092584003171588,20.5,21.5
1930.0,20.994739011749477,21.151229992624742,8.78079402667666,21.0,0,-0.15122999262474224,21.151229992624742,20.5,21.5
1931.0,20.99229622275246,21.201677776149783,8.780066523852566,21.0,0,-0.20167777614978277,21.201677776149783,20.5,21.5
1932.0,20.98985377681268,21.25829952735701,8.779337964931473,21.0,0,-0.25829952735701056,21.25829952735701,20.5,21.5
1933.0,20.987411673650303,21.277294565279345,8.778608350899745,21.0,0,-0.2772945652793446,21.277294565279345,20.5,21.5
1934.0,20.984969912985754,21.299327103367503,8.77787768274517,21.0,0,-0.2993271033675029,21.299327103367503,20.5,21.5
1935.0,20.982528494539707,21.243283068943732,8.777145961456972,21.0,0,-0.24328306894373242,21.243283068943732,20.5,21.5
1936.0,20.98008741803309,21.15126244786926,8.776413188025789,21.0,0,-0.1512624478692608,21.15126244786926,20.5,21.5
1937.0,20.97764668318709,21.135908815719453,8.775679363443695,21.0,0,-0.13590881571945346,21.135908815719453,20.5,21.5
1938.0,20.97520628972314,21.234209960165206,8.774944488704179,21.0,0,-0.2342099601652059,21.234209960165206,20.5,21.5
1939.0,20.972766237362936,21.186235190604762,8.774208564802159,21.0,0,-0.18623519060476212,21.186235190604762,20.5,21.5
1940.0,20.970326525828423,21.25688512925591,8.773471592733964,21.0,0,-0.25688512925590956,21.25688512925591,20.5,21.5
1941.0,20.967887154841804,21.33981737190087,8.772733573497352,21.0,0,-0.339817371900871,21.33981737190087,20.5,21.5
1942.0,20.965448124125537,21.4628882962582,8.77199450809149,21.0,0,-0.4628882962581997,21.4628882962582,20.5,21.5
1943.0,20.96300943340233,21.460461047347852,8.77125439751697,21.0,0,-0.4604610473478523,21.460461047347852,20.5,21.5
1944.0,20.960571082395152,21.558494796264725,8.77051324277579,21.0,0,-0.5584947962647249,21.558494796264725,20.5,21.5
1945.0,20.958133070827227,21.478298302788655,8.769771044871367,21.0,0,-0.47829830278865515,21.478298302788655,20.5,21.5
1946.0,20.955695398422037,21.50550002440194,8.769027804808532,21.0,0,-0.5055000244019396,21.50550002440194,20.5,21.5
1947.0,20.953258064903313,21.37434992935109,8.768283523593523,21.0,0,-0.3743499293510908,21.37434992935109,20.5,21.5
1948.0,20.95082106999505,21.373775810888922,8.76753820223399,21.0,0,-0.3737758108889224,21.373775810888922,20.5,21.5
1949.0,20.9483844134215,21.33219699835168,8.766791841738986,21.0,0,-0.33219699835168015,21.33219699835168,20.5,21.5
1950.0,20.945948094907163,21.297284273820317,8.766044443118979,21.0,0,-0.29728427382031697,21.297284273820317,20.5,21.5
1951.0,20.943512114176805,21.18950683059782,8.765296007385835,21.0,0,-0.18950683059782136,21.18950683059782,20.5,21.5
1952.0,20.941076470955448,21.206515816555637,8.764546535552832,21.0,0,-0.2065158165556369,21.206515816555637,20.5,21.5
1953.0,20.938641164968367,21.15730232310542,8.763796028634642,21.0,0,-0.15730232310541936,21.15730232310542,20.5,21.5
1954.0,20.9362061959411,21.137782579890665,8.763044487647345,21.0,0,-0.1377825798906649,21.137782579890665,20.5,21.5
1955.0,20.933771563599443,21.22825881044634,8.762291913608419,21.0,0,-0.22825881044634144,21.22825881044634,20.5,21.5
1956.0,20.931337267669445,21.263055837971166,8.761538307536737,21.0,0,-0.26305583797116583,21.263055837971166,20.5,21.5
1957.0,20.92890330787742,21.28591115830571,8.760783670452575,21.0,0,-0.28591115830570857,21.28591115830571,20.5,21.5
1958.0,20.926469683949936,21.186437923471107,8.760028003377602,21.0,0,-0.18643792347110733,21.186437923471107,20.5,21.5
1959.0,20.924036395613822,21.13881989913299,8.759271307334881,21.0,0,-0.1388198991329901,21.13881989913299,20.5,21.5
1960.0,20.921603442596165,21.04309253913571,8.758513583348869,21.0,0,-0.043092539135709984,21.04309253913571,20.5,21.5
1961.0,20.919170824624317,21.009381410406583,8.757754832445414,21.0,0,-0.009381410406582802,21.009381410406583,20.5,21.5
1962.0,20.916738541425882,20.939909982550432,8.756995055651757,21.0,0,0.06009001744956777,20.939909982550432,20.5,21.5
1963.0,20.914306592728728,20.993613651242615,8.756234253996523,21.0,0,0.006386348757384752,20.993613651242615,20.5,21.5
1964.0,20.911874978260983,21.00747204362978,8.755472428509727,21.0,0,-0.007472043629778824,21.00747204362978,20.5,21.5
1965.0,20.909443697751033,20.98552443920089,8.754709580222773,21.0,0,0.014475560799109388,20.98552443920089,20.5,21.5
1966.0,20.907012750927528,21.006892092295853,8.753945710168443,21.0,0,-0.006892092295853303,21.006892092295853,20.5,21.5
1967.0,20.904582137519377,21.063978593407786,8.75318081938091,21.0,0,-0.06397859340778567,21.063978593407786,20.5,21.5
1968.0,20.90215185725575,21.111234532130215,8.752414908895725,21.0,0,-0.11123453213021506,21.111234532130215,20.5,21.5
1969.0,20.899721909866077,21.19916047189064,8.751647979749817,21.0,0,-0.19916047189063946,21.19916047189064,20.5,21.5
1970.0,20.897292295080053,21.282007346049106,8.750880032981499,21.0,0,-0.28200734604910593,21.282007346049106,20.5,21.5
1971.0,20.894863012627635,21.287807521915063,8.75011106963046,21.0,0,-0.2878075219150631,21.287807521915063,20.5,21.5
1972.0,20.892434062239037,21.24334167211156,8.749341090737763,21.0,0,-0.24334167211155844,21.24334167211156,20.5,21.5
1973.0,20.890005443644736,21.355935851831028,8.74857009734585,21.0,0,-0.3559358518310276,21.355935851831028,20.5,21.5
1974.0,20.887577156575475,21.244076369024363,8.747798090498533,21.0,0,-0.2440763690243628,21.244076369024363,20.5,21.5
1975.0,20.88514920076226,21.231605230333763,8.747025071240996,21.0,0,-0.2316052303337628,21.231605230333763,20.5,21.5
1976.0,20.882721575936355,21.208091736951786,8.746251040619798,21.0,0,-0.2080917369517863,21.208091736951786,20.5,21.5
1977.0,20.88029428182929,21.15867892087438,8.745475999682862,21.0,0,-0.15867892087437951,21.15867892087438,20.5,21.5
1978.0,20.87786731817286,21.010697529773513,8.744699949479482,21.0,0,-0.01069752977351257,21.010697529773513,20.5,21.5
1979.0,20.87544068469912,20.913058832468,8.743922891060318,21.0,0,0.08694116753200021,20.913058832468,20.5,21.5
1980.0,20.873014381140393,20.979563777533933,8.743144825477394,21.0,0,0.020436222466067022,20.979563777533933,20.5,21.5
1981.0,20.87058840722926,21.00182578538155,8.742365753784098,21.0,0,-0.0018257853815484282,21.00182578538155,20.5,21.5
1982.0,20.86816276269857,20.986155341126103,8.741585677035179,21.0,0,0.01384465887389652,20.986155341126103,20.5,21.5
1983.0,20.86573744728144,21.08224722705325,8.74080459628675,21.0,0,-0.08224722705325149,21.08224722705325,20.5,21.5
1984.0,20.863312460711242,21.183850681223042,8.74002251259628,21.0,0,-0.18385068122304205,21.183850681223042,20.5,21.5
1985.0,20.86088780272162,21.08948185697549,8.739239427022596,21.0,0,-0.08948185697548894,21.08948185697549,20.5,21.5
1986.0,20.85846347304648,21.062100115901522,8.738455340625883,21.0,0,-0.0621001159015222,21.062100115901522,20.5,21.5
1987.0,20.856039471419997,21.049178120525625,8.737670254467682,21.0,0,-0.049178120525624536,21.049178120525625,20.5,21.5
1988.0,20.853615797576605,20.876720198688055,8.736884169610883,21.0,0,0.12327980131194494,20.876720198688055,20.5,21.5
1989.0,20.851192451251013,20.905819946643724,8.736097087119735,21.0,0,0.09418005335627555,20.905819946643724,20.5,21.5
1990.0,20.848769432178187,20.96532798029734,8.73530900805983,21.0,0,0.034672019702661316,20.96532798029734,20.5,21.5
1991.0,20.846346740093363,21.040527630067107,8.734519933498111,21.0,0,-0.04052763006710691,21.040527630067107,20.5,21.5
1992.0,20.843924374732044,21.110703147709426,8.733729864502877,21.0,0,-0.11070314770942602,21.110703147709426,20.5,21.5
1993.0,20.841502335829997,21.145460814573614,8.732938802143762,21.0,0,-0.14546081457361382,21.145460814573614,20.5,21.5
1994.0,20.83908062312326,21.101429837276978,8.73214674749175,21.0,0,-0.10142983727697796,21.101429837276978,20.5,21.5
1995.0,20.836659236348133,21.008064849453415,8.73135370161917,21.0,0,-0.008064849453415235,21.008064849453415,20.5,21.5
1996.0,20.834238175241186,20.95018224780325,8.73055966559969,21.0,0,0.049817752196748444,20.95018224780325,20.5,21.5
1997.0,20.831817439539257,20.951825798078282,8.729764640508321,21.0,0,0.04817420192171795,20.951825798078282,20.5,21.5
1998.0,20.82939702897945,21.00997992466091,8.728968627421413,21.0,0,-0.00997992466091091,21.00997992466091,20.5,21.5
1999.0,20.826976943299137,21.013964742022686,8.728171627416646,21.0,0,-0.013964742022686494,21.013964742022686,20.5,21.5
2000.0,20.82455718223596,21.046267804509206,8.727373641573049,21.0,0,-0.0462678045092062,21.046267804509206,20.5,21.5
2001.0,20.822137745527826,21.0499460346455,8.726574670970976,21.0,0,-0.04994603464550096,21.0499460346455,20.5,21.5
2002.0,20.819718632912913,21.095835922731304,8.725774716692118,21.0,0,-0.09583592273130392,21.095835922731304,20.5,21.5
2003.0,20.817299844129668,20.995095481278142,8.724973779819498,21.0,0,0.004904518721858153,20.995095481278142,20.5,21.5
2004.0,20.814881378916805,20.986685000075394,8.724171861437467,21.0,0,0.013314999924606497,20.986685000075394,20.5,21.5
2005.0,20.812463237013308,20.928751333160033,8.723368962631708,21.0,0,0.071248666839967,20.928751333160033,20.5,21.5
2006.0,20.81004541815843,20.952704933089883,8.722565084489228,21.0,0,0.047295066910116645,20.952704933089883,20.5,21.5
2007.0,20.807627922091697,20.936632775690164,8.721760228098363,21.0,0,0.06336722430983599,20.936632775690164,20.5,21.5
2008.0,20.8052107485529,21.019253984403576,8.72095439454877,21.0,0,-0.019253984403576396,21.019253984403576,20.5,21.5
2009.0,20.802793897282097,21.109135053495304,8.720147584931432,21.0,0,-0.10913505349530439,21.109135053495304,20.5,21.5
2010.0,20.800377368019628,21.115904275837476,8.719339800338652,21.0,0,-0.11590427583747598,21.115904275837476,20.5,21.5
2011.0,20.79796116050609,21.037162772247225,8.718531041864052,21.0,0,-0.03716277224722475,21.037162772247225,20.5,21.5
2012.0,20.79554527448236,20.945571604985307,8.717721310602577,21.0,0,0.054428395014692654,20.945571604985307,20.5,21.5
2013.0,20.793129709689584,20.909843870167887,8.716910607650483,21.0,0,0.09015612983211341,20.909843870167887,20.5,21.5
2014.0,20.790714465869176,20.79329525770463,8.716098934105345,21.0,0,0.2067047422953685,20.79329525770463,20.5,21.5
2015.0,20.78829954276282,20.865456616235438,8.715286291066052,21.0,0,0.1345433837645622,20.865456616235438,20.5,21.5
2016.0,20.78588494011248,20.87971885781962,8.714472679632804,21.0,0,0.12028114218038155,20.87971885781962,20.5,21.5
2017.0,20.783470657660384,20.91360458966478,8.713658100907113,21.0,0,0.08639541033522136,20.91360458966478,20.5,21.5
2018.0,20.781056695149033,20.964105434860393,8.7128425559918,21.0,0,0.03589456513960698,20.964105434860393,20.5,21.5
2019.0,20.7786430523212,21.021215613760013,8.712026045990996,21.0,0,-0.02121561376001324,21.021215613760013,20.5,21.5
2020.0,20.776229728919933,21.042636474420284,8.711208572010138,21.0,0,-0.04263647442028429,21.042636474420284,20.5,21.5
2021.0,20.77381672468855,21.089465794225397,8.710390135155963,21.0,0,-0.08946579422539713,21.089465794225397,20.5,21.5
2022.0,20.771404039370644,21.06246420149052,8.709570736536522,21.0,0,-0.062464201490520566,21.06246420149052,20.5,21.5
2023.0,20.768991672710076,20.979151031643372,8.708750377261156,21.0,0,0.02084896835662775,20.979151031643372,20.5,21.5
2024.0,20.766579624450987,20.96013803823216,8.707929058440516,21.0,0,0.039861961767840626,20.96013803823216,20.5,21.5
2025.0,20.764167894337785,20.897906439254673,8.707106781186548,21.0,0,0.1020935607453275,20.897906439254673,20.5,21.5
2026.0,20.761756482115153,20.841973395203826,8.706283546612495,21.0,0,0.1580266047961736,20.841973395203826,20.5,21.5
2027.0,20.759345387528054,20.940132119922684,8.7054593558329,21.0,0,0.05986788007731647,20.940132119922684,20.5,21.5
2028.0,20.756934610321714,20.96053371294948,8.704634209963595,21.0,0,0.039466287050519355,20.96053371294948,20.5,21.5
2029.0,20.754524150241643,20.975826215289644,8.70380811012171,21.0,0,0.024173784710356472,20.975826215289644,20.5,21.5
2030.0,20.75211400703362,20.886939081012773,8.702981057425662,21.0,0,0.1130609189872267,20.886939081012773,20.5,21.5
2031.0,20.749704180443697,20.934111863999338,8.702153052995163,21.0,0,0.06588813600066246,20.934111863999338,20.5,21.5
2032.0,20.747294670218206,20.871488743156245,8.70132409795121,21.0,0,0.12851125684375475,20.871488743156245,20.5,21.5
2033.0,20.744885476103754,20.90497352838342,8.700494193416088,21.0,0,0.09502647161658118,20.90497352838342,20.5,21.5
2034.0,20.742476597847215,20.889758841121427,8.699663340513366,21.0,0,0.11024115887857278,20.889758841121427,20.5,21.5
2035.0,20.740068035195748,20.948001677839525,8.6988315403679,21.0,0,0.051998322160475396,20.948001677839525,20.5,21.5
2036.0,20.73765978789678,20.989964155757615,8.697998794105827,21.0,0,0.010035844242384684,20.989964155757615,20.5,21.5
2037.0,20.735251855698024,21.05655543707482,8.697165102854564,21.0,0,-0.05655543707482025,21.05655543707482,20.5,21.5
2038.0,20.732844238347457,21.048014784737134,8.69633046774281,21.0,0,-0.048014784737134164,21.048014784737134,20.5,21.5
2039.0,20.730436935593335,21.073876195382038,8.695494889900537,21.0,0,-0.07387619538203793,21.073876195382038,20.5,21.5
2040.0,20.728029947184197,21.0617442462028,8.694658370458997,21.0,0,-0.0617442462027995,21.0617442462028,20.5,21.5
2041.0,20.72562327286885,21.005404626847067,8.693820910550718,21.0,0,-0.005404626847067107,21.005404626847067,20.5,21.5
2042.0,20.72321691239639,21.020294054461907,8.692982511309497,21.0,0,-0.020294054461906796,21.020294054461907,20.5,21.5
2043.0,20.72081086551617,21.017799407694703,8.692143173870408,21.0,0,-0.017799407694703007,21.017799407694703,20.5,21.5
2044.0,20.718405131977843,20.95777927134302,8.691302899369788,21.0,0,0.04222072865697868,20.95777927134302,20.5,21.5
2045.0,20.71599971153132,21.009901526371312,8.69046168894525,21.0,0,-0.00990152637131203,21.009901526371312,20.5,21.5
2046.0,20.713594603926804,20.97989882446551,8.68961954373567,21.0,0,0.020101175534488647,20.97989882446551,20.5,21.5
2047.0,20.711189808914767,20.844382672379776,8.68877646488119,21.0,0,0.15561732762022373,20.844382672379776,20.5,21.5
2048.0,20.70878532624596,20.831787303518198,8.687932453523219,21.0,0,0.16821269648180248,20.831787303518198,20.5,21.5
2049.0,20.706381155671416,21.017262386378636,8.687087510804423,21.0,0,-0.017262386378636307,21.017262386378636,20.5,21.5
2050.0,20.703977296942444,20.999114919581803,8.686241637868733,21.0,0,0.0008850804181967931,20.999114919581803,20.5,21.5
2051.0,20.701573749810628,20.97900120563517,8.68539483586134,21.0,0,0.020998794364828655,20.97900120563517,20.5,21.5
2052.0,20.699170514027838,21.055185162833027,8.684547105928688,21.0,0,-0.05518516283302688,21.055185162833027,20.5,21.5
2053.0,20.69676758934622,21.041225217213963,8.683698449218484,21.0,0,-0.041225217213963106,21.041225217213963,20.5,21.5
2054.0,20.694364975518194,20.860502939255078,8.682848866879683,21.0,0,0.1394970607449224,20.860502939255078,20.5,21.5
2055.0,20.691962672296466,20.81289763295673,8.681998360062499,21.0,0,0.18710236704326988,20.81289763295673,20.5,21.5
2056.0,20.68956067943402,20.80066823171601,8.681146929918393,21.0,0,0.19933176828399013,20.80066823171601,20.5,21.5
2057.0,20.68715899668412,20.758339394166647,8.680294577600078,21.0,0,0.2416606058333528,20.758339394166647,20.5,21.5
2058.0,20.6847576238003,20.75754497552395,8.679441304261516,21.0,0,0.24245502447605105,20.75754497552395,20.5,21.5
2059.0,20.682356560536395,20.803422488812192,8.678587111057917,21.0,0,0.19657751118780808,20.803422488812192,20.5,21.5
2060.0,20.6799558066465,20.8114933650075,8.677731999145733,21.0,0,0.18850663499249976,20.8114933650075,20.5,21.5
2061.0,20.677555361885002,20.699838744050044,8.67687596968266,21.0,0,0.3001612559499556,20.699838744050044,20.5,21.5
2062.0,20.675155226006563,20.724141835091917,8.676019023827642,21.0,0,0.2758581649080831,20.724141835091917,20.5,21.5
2063.0,20.672755398766128,20.72372609215043,8.675161162740856,21.0,0,0.2762739078495713,20.72372609215043,20.5,21.5
2064.0,20.670355879918922,20.762901358386195,8.674302387583724,21.0,0,0.23709864161380523,20.762901358386195,20.5,21.5
2065.0,20.667956669220455,20.767247391953536,8.673442699518901,21.0,0,0.23275260804646436,20.767247391953536,20.5,21.5
2066.0,20.665557766426517,20.901781066036136,8.67258209971028,21.0,0,0.09821893396386372,20.901781066036136,20.5,21.5
2067.0,20.663159171293174,20.863799788826718,8.671720589322991,21.0,0,0.13620021117328207,20.863799788826718,20.5,21.5
2068.0,20.66076088357678,20.903162328724534,8.67085816952339,21.0,0,0.09683767127546616,20.903162328724534,20.5,21.5
2069.0,20.65836290303397,20.84680611716943,8.669994841479074,21.0,0,0.15319388283057123,20.84680611716943,20.5,21.5
2070.0,20.65596522942166,20.92154449177867,8.66913060635886,21.0,0,0.07845550822133163,20.92154449177867,20.5,21.5
2071.0,20.65356786249705,20.854421346570913,8.668265465332796,21.0,0,0.14557865342908727,20.854421346570913,20.5,21.5
2072.0,20.651170802017617,20.81498592439913,8.66739941957216,21.0,0,0.18501407560086847,20.81498592439913,20.5,21.5
2073.0,20.648774047741128,20.82969410549161,8.666532470249452,21.0,0,0.17030589450839173,20.82969410549161,20.5,21.5
2074.0,20.64637759942563,20.842573430099502,8.665664618538397,21.0,0,0.15742656990049753,20.842573430099502,20.5,21.5
2075.0,20.643981456829454,20.818587437531246,8.664795865613938,21.0,0,0.18141256246875415,20.818587437531246,20.5,21.5
2076.0,20.64158561971121,20.8414290788673,8.663926212652242,21.0,0,0.1585709211327,20.8414290788673,20.5,21.5
2077.0,20.6391900878298,20.88942330298412,8.663055660830691,21.0,0,0.11057669701587969,20.88942330298412,20.5,21.5
2078.0,20.6367948609444,20.903447150854895,8.66218421132789,21.0,0,0.09655284914510531,20.903447150854895,20.5,21.5
2079.0,20.634399938814475,20.889048844250546,8.661311865323652,21.0,0,0.11095115574945424,20.889048844250546,20.5,21.5
2080.0,20.632005321199777,20.837376732350116,8.660438623999008,21.0,0,0.16262326764988444,20.837376732350116,20.5,21.5
2081.0,20.629611007860337,20.867295884562065,8.6595644885362,21.0,0,0.13270411543793514,20.867295884562065,20.5,21.5
2082.0,20.627216998556474,20.885448114054576,8.65868946011868,21.0,0,0.1145518859454242,20.885448114054576,20.5,21.5
2083.0,20.624823293048784,20.845261439035845,8.657813539931112,21.0,0,0.15473856096415517,20.845261439035845,20.5,21.5
2084.0,20.62242989109816,20.866003869447386,8.656936729159362,21.0,0,0.13399613055261383,20.866003869447386,20.5,21.5
2085.0,20.620036792465772,20.883521511232594,8.656059028990507,21.0,0,0.11647848876740596,20.883521511232594,20.5,21.5
2086.0,20.617643996913078,20.942214374210863,8.655180440612826,21.0,0,0.05778562578913693,20.942214374210863,20.5,21.5
2087.0,20.61525150420182,20.90674650096091,8.654300965215796,21.0,0,0.09325349903908986,20.90674650096091,20.5,21.5
2088.0,20.61285931409402,20.849307955322956,8.653420603990106,21.0,0,0.15069204467704367,20.849307955322956,20.5,21.5
2089.0,20.610467426352,20.82765061462117,8.652539358127632,21.0,0,0.17234938537882982,20.82765061462117,20.5,21.5
2090.0,20.608075840738355,20.849334286836644,8.651657228821456,21.0,0,0.15066571316335597,20.849334286836644,20.5,21.5
2091.0,20.605684557015973,20.76129063293328,8.650774217265852,21.0,0,0.23870936706671841,20.76129063293328,20.5,21.5
2092.0,20.603293574948022,20.773087021437853,8.649890324656289,21.0,0,0.22691297856214732,20.773087021437853,20.5,21.5
2093.0,20.600902894297963,20.781976254886505,8.649005552189431,21.0,0,0.21802374511349498,20.781976254886505,20.5,21.5
2094.0,20.59851251482954,20.79656489662769,8.648119901063131,21.0,0,0.20343510337231052,20.79656489662769,20.5,21.5
2095.0,20.596122436306786,20.760205064015278,8.647233372476432,21.0,0,0.23979493598472246,20.760205064015278,20.5,21.5
2096.0,20.59373265849402,20.761148205006506,8.646345967629566,21.0,0,0.23885179499349363,20.761148205006506,20.5,21.5
2097.0,20.591343181155846,20.782457679999236,8.645457687723951,21.0,0,0.21754232000076357,20.782457679999236,20.5,21.5
2098.0,20.58895400405716,20.818697003103498,8.644568533962186,21.0,0,0.18130299689650187,20.818697003103498,20.5,21.5
2099.0,20.58656512696314,20.746128701368157,8.643678507548062,21.0,0,0.253871298631843,20.746128701368157,20.5,21.5
2100.0,20.584176549639256,20.80015945392175,8.64278760968654,21.0,0,0.1998405460782493,20.80015945392175,20.5,21.5
2101.0,20.581788271851266,20.698877293293812,8.641895841583768,21.0,0,0.3011227067061881,20.698877293293812,20.5,21.5
2102.0,20.579400293365214,20.567738583343477,8.641003204447074,21.0,0,0.43226141665652307,20.567738583343477,20.5,21.5
2103.0,20.57701261394743,20.504092563788898,8.640109699484956,21.0,0,0.4959074362111018,20.504092563788898,20.5,21.5
2104.0,20.57462523336454,20.49152801077862,8.63921532790709,21.0,1,0.5084719892213805,20.49152801077862,20.5,21.5
2105.0,20.577238151383447,20.354485836511877,8.638320090924328,21.0,1,0.645514163488123,20.354485836511877,20.5,21.5
2106.0,20.579850367771357,20.52674748154095,8.63742398974869,21.0,1,0.4732525184590486,20.52674748154095,20.5,21.5
2107.0,20.582461882495753,20.629716485833004,8.636527025593367,21.0,1,0.3702835141669958,20.629716485833004,20.5,21.5
2108.0,20.585072695524374,20.69102992268699,8.635629199672717,21.0,1,0.30897007731300974,20.69102992268699,20.5,21.5
2109.0,20.587682806825203,20.758127422551457,8.634730513202268,21.0,1,0.24187257744854307,20.758127422551457,20.5,21.5
2110.0,20.59029221636648,20.923246918412183,8.63383096739871,21.0,1,0.07675308158781746,20.923246918412183,20.5,21.5
2111.0,20.592900924116684,20.822255793097767,8.6329305634799,21.0,1,0.1777442069022328,20.822255793097767,20.5,21.5
2112.0,20.595508930044556,20.864112910616225,8.63202930266485,21.0,1,0.13588708938377536,20.864112910616225,20.5,21.5
2113.0,20.59811623411908,20.800409163389894,8.631127186173742,21.0,1,0.19959083661010624,20.800409163389894,20.5,21.5
2114.0,20.60072283630949,20.74676912917655,8.630224215227907,21.0,1,0.25323087082345097,20.74676912917655,20.5,21.5
2115.0,20.603328736585276,20.64494474683479,8.629320391049838,21.0,1,0.3550552531652116,20.64494474683479,20.5,21.5
2116.0,20.60593393491617,20.686880566953892,8.62841571486318,21.0,1,0.3131194330461078,20.686880566953892,20.5,21.5
2117.0,20.60853843127216,20.742515654431607,8.627510187892739,21.0,1,0.2574843455683933,20.742515654431607,20.5,21.5
2118.0,20.61114222562348,20.776526519778425,8.626603811364461,21.0,1,0.22347348022157476,20.776526519778425,20.5,21.5
2119.0,20.61374531794063,20.812408313750378,8.625696586505452,21.0,1,0.18759168624962186,20.812408313750378,20.5,21.5
2120.0,20.616347708194343,20.837752100258363,8.62478851454396,21.0,1,0.16224789974163656,20.837752100258363,20.5,21.5
2121.0,20.618949396355614,20.867482967216983,8.623879596709386,21.0,1,0.13251703278301719,20.867482967216983,20.5,21.5
2122.0,20.621550382395686,20.830889119296426,8.622969834232272,21.0,1,0.16911088070357394,20.830889119296426,20.5,21.5
2123.0,20.624150666286052,20.82553912400487,8.622059228344304,21.0,1,0.1744608759951305,20.82553912400487,20.5,21.5
2124.0,20.626750247998466,20.842261186099627,8.62114778027831,21.0,1,0.15773881390037303,20.842261186099627,20.5,21.5
2125.0,20.62934912750492,20.862742168121788,8.62023549126826,21.0,1,0.1372578318782125,20.862742168121788,20.5,21.5
2126.0,20.631947304777672,20.861426840947143,8.61932236254926,21.0,1,0.13857315905285716,20.861426840947143,20.5,21.5
2127.0,20.634544779789227,20.87313265137133,8.618408395357555,21.0,1,0.12686734862867155,20.87313265137133,20.5,21.5
2128.0,20.63714155251234,20.889721151648374,8.617493590930522,21.0,1,0.11027884835162638,20.889721151648374,20.5,21.5
2129.0,20.639737622920023,20.819033798201982,8.616577950506674,21.0,1,0.18096620179801803,20.819033798201982,20.5,21.5
2130.0,20.64233299098554,20.83949643662736,8.615661475325659,21.0,1,0.1605035633726395,20.83949643662736,20.5,21.5
2131.0,20.64492765668241,20.774770649053373,8.614744166628247,21.0,1,0.225229350946627,20.774770649053373,20.5,21.5
2132.0,20.6475216199844,20.63211373811269,8.613826025656342,21.0,1,0.36788626188731044,20.63211373811269,20.5,21.5
2133.0,20.650114880865534,20.63086977752255,8.612907053652977,21.0,1,0.36913022247745175,20.63086977752255,20.5,21.5
2134.0,20.65270743930009,20.65735678911367,8.611987251862303,21.0,1,0.34264321088632954,20.65735678911367,20.5,21.5
2135.0,20.655299295262605,20.751268154948995,8.6110666215296,21.0,1,0.24873184505100454,20.751268154948995,20.5,21.5
2136.0,20.65789044872786,20.815689661962416,8.610145163901267,21.0,1,0.18431033803758368,20.815689661962416,20.5,21.5
2137.0,20.660480899670894,20.966377762242413,8.609222880224827,21.0,1,0.033622237757587214,20.966377762242413,20.5,21.5
2138.0,20.663070648067006,20.98183954307577,8.608299771748914,21.0,1,0.018160456924231738,20.98183954307577,20.5,21.5
2139.0,20.66565969389174,20.988927743251324,8.607375839723286,21.0,1,0.011072256748676068,20.988927743251324,20.5,21.5
2140.0,20.668248037120907,20.932571720438105,8.606451085398813,21.0,1,0.06742827956189501,20.932571720438105,20.5,21.5
2141.0,20.67083567773056,20.99457341304524,8.605525510027478,21.0,1,0.0054265869547585055,20.99457341304524,20.5,21.5
2142.0,20.67342261569702,20.903303389640207,8.604599114862374,21.0,1,0.0966966103597926,20.903303389640207,20.5,21.5
2143.0,20.676008850996855,20.893542949757624,8.603671901157709,21.0,1,0.10645705024237628,20.893542949757624,20.5,21.5
2144.0,20.678594383606885,20.951988787458895,8.602743870168794,21.0,1,0.04801121254110541,20.951988787458895,20.5,21.5
2145.0,20.681179213504198,20.93732050820659,8.601815023152048,21.0,1,0.06267949179341059,20.93732050820659,20.5,21.5
2146.0,20.683763340666125,20.87296665543809,8.600885361364996,21.0,1,0.12703334456190873,20.87296665543809,20.5,21.5
2147.0,20.686346765070265,21.01931253510211,8.599954886066266,21.0,1,-0.019312535102109507,21.01931253510211,20.5,21.5
2148.0,20.688929486694466,20.953815944416284,8.599023598515586,21.0,1,0.04618405558371563,20.953815944416284,20.5,21.5
2149.0,20.69151150551683,20.9542353200989,8.598091499973783,21.0,1,0.04576467990110089,20.9542353200989,20.5,21.5
2150.0,20.69409282151572,20.890667948519585,8.597158591702787,21.0,1,0.1093320514804148,20.890667948519585,20.5,21.5
2151.0,20.69667343466976,20.95344475633933,8.596224874965616,21.0,1,0.04655524366066999,20.95344475633933,20.5,21.5
2152.0,20.699253344957818,20.78852733468403,8.59529035102639,21.0,1,0.21147266531596998,20.78852733468403,20.5,21.5
2153.0,20.701832552359033,20.8172636304383,8.594355021150317,21.0,1,0.1827363695616988,20.8172636304383,20.5,21.5
2154.0,20.70441105685279,20.80953091399382,8.593418886603702,21.0,1,0.1904690860061784,20.80953091399382,20.5,21.5
2155.0,20.706988858418743,20.899460661156425,8.59248194865393,21.0,1,0.10053933884357491,20.899460661156425,20.5,21.5
2156.0,20.70956595703679,20.93979044903198,8.591544208569484,21.0,1,0.06020955096801828,20.93979044903198,20.5,21.5
2157.0,20.712142352687096,21.041748898782906,8.590605667619926,21.0,1,-0.041748898782906,21.041748898782906,20.5,21.5
2158.0,20.714718045350082,21.141321916409535,8.589666327075903,21.0,1,-0.1413219164095345,21.141321916409535,20.5,21.5
2159.0,20.717293035006428,21.143489269567016,8.588726188209149,21.0,1,-0.14348926956701646,21.143489269567016,20.5,21.5
2160.0,20.719867321637068,21.11213855917201,8.587785252292473,21.0,1,-0.11213855917200988,21.11213855917201,20.5,21.5
2161.0,20.7224409052232,21.01473519353469,8.586843520599768,21.0,1,-0.014735193534690438,21.01473519353469,20.5,21.5
2162.0,20.725013785746274,20.927940563545143,8.585900994406,21.0,1,0.07205943645485746,20.927940563545143,20.5,21.5
2163.0,20.727585963188005,20.843531365679894,8.584957674987216,21.0,1,0.15646863432010605,20.843531365679894,20.5,21.5
2164.0,20.730157437530366,20.809064580465595,8.58401356362053,21.0,1,0.19093541953440507,20.809064580465595,20.5,21.5
2165.0,20.732728208755585,20.789636382366602,8.583068661584134,21.0,1,0.21036361763339784,20.789636382366602,20.5,21.5
2166.0,20.73529827684615,20.7688198562272,8.58212297015729,21.0,1,0.23118014377280005,20.7688198562272,20.5,21.5
2167.0,20.737867641784813,20.782844248557062,8.581176490620324,21.0,1,0.21715575144293808,20.782844248557062,20.5,21.5
2168.0,20.74043630355458,20.772955687019035,8.580229224254634,21.0,1,0.22704431298096495,20.772955687019035,20.5,21.5
2169.0,20.743004262138722,20.775449144382314,8.579281172342679,21.0,1,0.22455085561768584,20.775449144382314,20.5,21.5
2170.0,20.745571517520762,20.82561675426702,8.578332336167986,21.0,1,0.17438324573297947,20.82561675426702,20.5,21.5
2171.0,20.74813806968449,20.920232965462098,8.577382717015142,21.0,1,0.0797670345379018,20.920232965462098,20.5,21.5
2172.0,20.750703918613958,21.029003034780043,8.576432316169793,21.0,1,-0.02900303478004318,21.029003034780043,20.5,21.5
2173.0,20.75326906429347,21.134147402026137,8.575481134918643,21.0,1,-0.13414740202613729,21.134147402026137,20.5,21.5
2174.0,20.755833506707596,21.207452065805626,8.574529174549456,21.0,1,-0.2074520658056258,21.207452065805626,20.5,21.5
2175.0,20.758397245841163,21.15375003147019,8.573576436351045,21.0,1,-0.15375003147018873,21.15375003147019,20.5,21.5
2176.0,20.760960281679264,21.0880413213863,8.572622921613283,21.0,1,-0.08804132138629939,21.0880413213863,20.5,21.5
2177.0,20.76352261420725,21.062275396421082,8.57166863162709,21.0,1,-0.06227539642108226,21.062275396421082,20.5,21.5
2178.0,20.766084243410734,20.96643728896877,8.570713567684432,21.0,1,0.03356271103123021,20.96643728896877,20.5,21.5
2179.0,20.76864516927559,20.97525547545405,8.569757731078331,21.0,1,0.024744524545951663,20.97525547545405,20.5,21.5
2180.0,20.77120539178795,20.98154868543818,8.568801123102851,21.0,1,0.018451314561819032,20.98154868543818,20.5,21.5
2181.0,20.773764910934215,20.952314292481148,8.567843745053102,21.0,1,0.04768570751885193,20.952314292481148,20.5,21.5
2182.0,20.77632372670104,20.920071948002384,8.56688559822523,21.0,1,0.07992805199761577,20.920071948002384,20.5,21.5
2183.0,20.778881839075346,20.935348607485974,8.565926683916434,21.0,1,0.06465139251402618,20.935348607485974,20.5,21.5
2184.0,20.781439248044315,20.928190891921805,8.564967003424938,21.0,1,0.0718091080781953,20.928190891921805,20.5,21.5
2185.0,20.78399595359539,20.95291371985321,8.564006558050014,21.0,1,0.047086280146789505,20.95291371985321,20.5,21.5
2186.0,20.78655195571628,20.908093981792696,8.563045349091967,21.0,1,0.09190601820730393,20.908093981792696,20.5,21.5
2187.0,20.789107254394956,20.912283744658712,8.562083377852131,21.0,1,0.08771625534128802,20.912283744658712,20.5,21.5
2188.0,20.791661849619647,20.964129387010605,8.561120645632878,21.0,1,0.03587061298939531,20.964129387010605,20.5,21.5
2189.0,20.79421574137885,20.95085259084787,8.560157153737608,21.0,1,0.04914740915213045,20.95085259084787,20.5,21.5
2190.0,20.796768929661322,20.882404440020526,8.559192903470747,21.0,1,0.11759555997947402,20.882404440020526,20.5,21.5
2191.0,20.799321414456085,20.983943781424546,8.558227896137753,21.0,1,0.016056218575453585,20.983943781424546,20.5,21.5
2192.0,20.80187319575242,20.941626710657697,8.557262133045104,21.0,1,0.05837328934230257,20.941626710657697,20.5,21.5
2193.0,20.80442427353988,20.915435404047194,8.556295615500305,21.0,1,0.08456459595280563,20.915435404047194,20.5,21.5
2194.0,20.80697464780827,20.87989177751518,8.55532834481188,21.0,1,0.12010822248482,20.87989177751518,20.5,21.5
2195.0,20.809524318547673,20.91521030016025,8.554360322289371,21.0,1,0.08478969983974949,20.91521030016025,20.5,21.5
2196.0,20.812073285748422,20.934871868061897,8.553391549243344,21.0,1,0.06512813193810274,20.934871868061897,20.5,21.5
2197.0,20.81462154940112,20.955689104667506,8.552422026985376,21.0,1,0.04431089533249377,20.955689104667506,20.5,21.5
2198.0,20.81716910949664,20.989473718913537,8.551451756828056,21.0,1,0.01052628108646303,20.989473718913537,20.5,21.5
2199.0,20.819715966026106,21.043224092706012,8.550480740084996,21.0,1,-0.04322409270601213,21.043224092706012,20.5,21.5
2200.0,20.822262118980916,21.073544948169197,8.549508978070806,21.0,1,-0.07354494816919654,21.073544948169197,20.5,21.5
2201.0,20.824807568352735,21.048033961448528,8.548536472101114,21.0,1,-0.04803396144852812,21.048033961448528,20.5,21.5
2202.0,20.827352314133485,21.00236252649084,8.547563223492551,21.0,1,-0.002362526490838235,21.00236252649084,20.5,21.5
2203.0,20.829896356315356,21.080334046851362,8.546589233562754,21.0,1,-0.08033404685136247,21.080334046851362,20.5,21.5
2204.0,20.832439694890805,21.080284224925606,8.545614503630365,21.0,1,-0.08028422492560594,21.080284224925606,20.5,21.5
2205.0,20.834982329852554,21.09528437433046,8.544639035015027,21.0,1,-0.09528437433046122,21.09528437433046,20.5,21.5
2206.0,20.837524261193586,21.162629677825926,8.543662829037384,21.0,1,-0.16262967782592597,21.162629677825926,20.5,21.5
2207.0,20.840065488907154,21.262152915074164,8.542685887019076,21.0,1,-0.2621529150741644,21.262152915074164,20.5,21.5
2208.0,20.842606012986778,21.25193337435386,8.54170821028274,21.0,1,-0.251933374353861,21.25193337435386,20.5,21.5
2209.0,20.845145833426237,21.305663205781308,8.540729800152011,21.0,1,-0.30566320578130757,21.305663205781308,20.5,21.5
2210.0,20.84768495021958,21.329677143417015,8.539750657951513,21.0,1,-0.3296771434170154,21.329677143417015,20.5,21.5
2211.0,20.850223363361128,21.328585047375164,8.538770785006863,21.0,1,-0.3285850473751637,21.328585047375164,20.5,21.5
2212.0,20.852761072845457,21.283540141596678,8.537790182644667,21.0,1,-0.28354014159667784,21.283540141596678,20.5,21.5
2213.0,20.855298078667417,21.158152861846418,8.536808852192518,21.0,1,-0.15815286184641764,21.158152861846418,20.5,21.5
2214.0,20.857834380822123,21.07851184236481,8.535826794978997,21.0,1,-0.07851184236481146,21.07851184236481,20.5,21.5
2215.0,20.860369979304956,20.98336149547993,8.534844012333664,21.0,1,0.01663850452007054,20.98336149547993,20.5,21.5
2216.0,20.86290487411156,20.94529764847062,8.533860505587068,21.0,1,0.054702351529378745,20.94529764847062,20.5,21.5
2217.0,20.865439065237855,20.964027815834562,8.53287627607073,21.0,1,0.03597218416543768,20.964027815834562,20.5,21.5
2218.0,20.867972552680023,21.067618547862118,8.531891325117158,21.0,1,-0.06761854786211785,21.067618547862118,20.5,21.5
2219.0,20.87050533643451,21.092657670374372,8.530905654059831,21.0,1,-0.092657670374372,21.092657670374372,20.5,21.5
2220.0,20.873037416498033,21.187616042511703,8.529919264233206,21.0,1,-0.18761604251170283,21.187616042511703,20.5,21.5
2221.0,20.87556879286758,21.217322870583267,8.52893215697271,21.0,1,-0.21732287058326705,21.217322870583267,20.5,21.5
2222.0,20.8780994655404,21.1933345937041,8.527944333614743,21.0,1,-0.1933345937041011,21.1933345937041,20.5,21.5
2223.0,20.880629434514017,21.00135084643792,8.526955795496677,21.0,1,-0.001350846437919273,21.00135084643792,20.5,21.5
2224.0,20.883158699786215,20.976377960086587,8.525966543956848,21.0,1,0.023622039913412607,20.976377960086587,20.5,21.5
2225.0,20.88568726135505,20.94630690373443,8.52497658033456,21.0,1,0.05369309626556884,20.94630690373443,20.5,21.5
2226.0,20.888215119218845,20.865643296899158,8.523985905970079,21.0,1,0.1343567031008419,20.865643296899158,20.5,21.5
2227.0,20.890742273376194,20.86235174249914,8.522994522204636,21.0,1,0.13764825750086018,20.86235174249914,20.5,21.5
2228.0,20.89326872382596,21.01613303192527,8.522002430380418,21.0,1,-0.01613303192527127,21.01613303192527,20.5,21.5
2229.0,20.895794470567267,21.035708809683207,8.521009631840577,21.0,1,-0.03570880968320722,21.035708809683207,20.5,21.5
2230.0,20.89831951359952,21.044068276010577,8.520016127929216,21.0,1,-0.04406827601057728,21.044068276010577,20.5,21.5
2231.0,20.900843852922385,20.956523820192302,8.519021919991395,21.0,1,0.04347617980769769,20.956523820192302,20.5,21.5
2232.0,20.9033674885358,20.850013589562785,8.51802700937313,21.0,1,0.14998641043721506,20.850013589562785,20.5,21.5
2233.0,20.905890420439967,20.709350430634476,8.517031397421384,21.0,1,0.2906495693655238,20.709350430634476,20.5,21.5
2234.0,20.908412648635363,20.713464092082294,8.516035085484072,21.0,1,0.2865359079177061,20.713464092082294,20.5,21.5
2235.0,20.910934173122733,20.79650826642855,8.515038074910054,21.0,1,0.20349173357145034,20.79650826642855,20.5,21.5
2236.0,20.91345499390309,20.934914923541108,8.514040367049141,21.0,1,0.06508507645889239,20.934914923541108,20.5,21.5
2237.0,20.91597511097772,21.103633640176604,8.513041963252082,21.0,1,-0.10363364017660359,21.103633640176604,20.5,21.5
2238.0,20.918494524348173,21.29254581862312,8.51204286487057,21.0,1,-0.29254581862311824,21.29254581862312,20.5,21.5
2239.0,20.92101323401628,21.27168652353155,8.511043073257245,21.0,1,-0.27168652353154954,21.27168652353155,20.5,21.5
2240.0,20.923531239984126,21.247270113157793,8.510042589765675,21.0,1,-0.2472701131577928,21.247270113157793,20.5,21.5
2241.0,20.926048542254083,21.282006212121267,8.50904141575037,21.0,1,-0.2820062121212672,21.282006212121267,20.5,21.5
2242.0,20.928565140828784,21.280833370709026,8.508039552566778,21.0,1,-0.2808333707090256,21.280833370709026,20.5,21.5
2243.0,20.93108103571113,21.157099920785278,8.507037001571273,21.0,1,-0.1570999207852779,21.157099920785278,20.5,21.5
2244.0,20.933596226904303,21.239669679579595,8.506033764121163,21.0,1,-0.2396696795795954,21.239669679579595,20.5,21.5
2245.0,20.936110714411747,21.175950402461957,8.50502984157469,21.0,1,-0.17595040246195737,21.175950402461957,20.5,21.5
2246.0,20.93862449823718,21.155520252874297,8.504025235291017,21.0,1,-0.15552025287429672,21.155520252874297,20.5,21.5
2247.0,20.941137578384588,21.19034330212282,8.503019946630236,21.0,1,-0.19034330212281958,21.19034330212282,20.5,21.5
2248.0,20.943649954858238,21.244522433070546,8.50201397695336,21.0,1,-0.24452243307054644,21.244522433070546,20.5,21.5
2249.0,20.946161627662658,21.188882504622928,8.501007327622329,21.0,1,-0.18888250462292788,21.188882504622928,20.5,21.5
2250.0,20.94867259680265,21.163384920078983,8.5,21.0,1,-0.16338492007898253,21.163384920078983,20.5,21.5
2251.0,20.95118286228329,21.080355717959403,8.498991995450147,21.0,1,-0.080355717959403,21.080355717959403,20.5,21.5
2252.0,20.953692424109924,21.067675402984413,8.497983315337464,21.0,1,-0.06767540298441332,21.067675402984413,20.5,21.5
2253.0,20.95620128228817,21.09589539128577,8.496973961027555,21.0,1,-0.09589539128576874,21.09589539128577,20.5,21.5
2254.0,20.958709436823916,21.007303967306456,8.495963933886943,21.0,1,-0.007303967306455661,21.007303967306456,20.5,21.5
2255.0,20.961216887723328,20.989391569719277,8.494953235283054,21.0,1,0.010608430280722558,20.989391569719277,20.5,21.5
2256.0,20.96372363499284,21.09288351245265,8.493941866584231,21.0,1,-0.09288351245265147,21.09288351245265,20.5,21.5
2257.0,20.966229678639156,20.999436145024553,8.492929829159719,21.0,1,0.0005638549754465316,20.999436145024553,20.5,21.5
2258.0,20.96873501866926,21.02334981831448,8.49191712437967,21.0,1,-0.02334981831447891,21.02334981831448,20.5,21.5
2259.0,20.971239655090404,21.161988954918066,8.490903753615141,21.0,1,-0.16198895491806553,21.161988954918066,20.5,21.5
2260.0,20.973743587910107,21.148748232564238,8.489889718238087,21.0,1,-0.14874823256423753,21.148748232564238,20.5,21.5
2261.0,20.976246817136172,21.150678237572492,8.488875019621366,21.0,1,-0.15067823757249243,21.150678237572492,20.5,21.5
2262.0,20.97874934277667,21.19455492919113,8.487859659138733,21.0,1,-0.19455492919113127,21.19455492919113,20.5,21.5
2263.0,20.981251164839943,21.15504354566023,8.486843638164839,21.0,1,-0.15504354566023082,21.15504354566023,20.5,21.5
2264.0,20.983752283334606,21.08253438228953,8.485826958075227,21.0,1,-0.08253438228953058,21.08253438228953,20.5,21.5
2265.0,20.986252698269553,21.136594713373313,8.484809620246336,21.0,1,-0.13659471337331297,21.136594713373313,20.5,21.5
2266.0,20.988752409653948,21.11590506578209,8.483791626055496,21.0,1,-0.11590506578209059,21.11590506578209,20.5,21.5
2267.0,20.991251417497228,21.182542852431055,8.482772976880922,21.0,1,-0.18254285243105528,21.182542852431055,20.5,21.5
2268.0,20.993749721809106,21.13935428896972,8.481753674101714,21.0,1,-0.13935428896972013,21.13935428896972,20.5,21.5
2269.0,20.996247322599565,21.12090513597555,8.480733719097866,21.0,1,-0.1209051359755513,21.12090513597555,20.5,21.5
2270.0,20.998744219878866,21.167871184295393,8.479713113250247,21.0,1,-0.16787118429539305,21.167871184295393,20.5,21.5
2271.0,21.00124041365754,21.163279512779283,8.478691857940607,21.0,1,-0.1632795127792832,21.163279512779283,20.5,21.5
2272.0,21.0037359039464,21.154071448099092,8.47766995455158,21.0,1,-0.15407144809909212,21.154071448099092,20.5,21.5
2273.0,21.00623069075652,21.2265914213639,8.476647404466675,21.0,1,-0.22659142136389931,21.2265914213639,20.5,21.5
2274.0,21.008724774099264,21.324763073656086,8.475624209070276,21.0,1,-0.3247630736560865,21.324763073656086,20.5,21.5
2275.0,21.01121815398626,21.258914698627343,8.474600369747641,21.0,1,-0.2589146986273434,21.258914698627343,20.5,21.5
2276.0,21.01371083042941,21.312577747738693,8.4735758878849,21.0,1,-0.3125777477386933,21.312577747738693,20.5,21.5
2277.0,21.0162028034409,21.328891018400775,8.472550764869053,21.0,1,-0.3288910184007747,21.328891018400775,20.5,21.5
2278.0,21.01869407303319,21.268464207799674,8.47152500208797,21.0,1,-0.26846420779967417,21.268464207799674,20.5,21.5
2279.0,21.021184639218998,21.26610039012,8.470498600930384,21.0,1,-0.2661003901199983,21.26610039012,20.5,21.5
2280.0,21.02367450201134,21.293076818548546,8.469471562785891,21.0,1,-0.2930768185485455,21.293076818548546,20.5,21.5
2281.0,21.026163661423492,21.27453393303875,8.468443889044954,21.0,1,-0.2745339330387502,21.27453393303875,20.5,21.5
2282.0,21.028652117469015,21.268254647219734,8.467415581098894,21.0,1,-0.26825464721973447,21.268254647219734,20.5,21.5
2283.0,21.03113987016174,21.355058772256076,8.466386640339891,21.0,1,-0.3550587722560756,21.355058772256076,20.5,21.5
2284.0,21.033626919515775,21.408589856178374,8.465357068160982,21.0,1,-0.4085898561783736,21.408589856178374,20.5,21.5
2285.0,21.036113265545506,21.457308155184396,8.464326865956057,21.0,1,-0.45730815518439627,21.457308155184396,20.5,21.5
2286.0,21.038598908265588,21.464353688545927,8.463296035119862,21.0,1,-0.46435368854592696,21.464353688545927,20.5,21.5
2287.0,21.04108384769096,21.568874703715345,8.462264577047991,21.0,0,-0.5688747037153448,21.568874703715345,20.5,21.5
2288.0,21.038568083836832,21.51375516329484,8.46123249313689,21.0,0,-0.5137551632948387,21.51375516329484,20.5,21.5
2289.0,21.036052616718692,21.3164934618454,8.460199784783851,21.0,0,-0.3164934618454005,21.3164934618454,20.5,21.5
2290.0,21.033537446152305,21.20161303765554,8.459166453387011,21.0,0,-0.20161303765554095,21.20161303765554,20.5,21.5
2291.0,21.031022571953752,21.22016163920939,8.458132500345352,21.0,0,-0.22016163920939036,21.22016163920939,20.5,21.5
2292.0,21.02850799393943,21.03253300863876,8.457097927058694,21.0,0,-0.03253300863876163,21.03253300863876,20.5,21.5
2293.0,21.025993711926056,21.055949237185292,8.456062734927702,21.0,0,-0.05594923718529188,21.055949237185292,20.5,21.5
2294.0,21.023479725730656,21.0949848502816,8.455026925353874,21.0,0,-0.09498485028160175,21.0949848502816,20.5,21.5
2295.0,21.02096603517058,21.243002057821666,8.453990499739547,21.0,0,-0.24300205782166628,21.243002057821666,20.5,21.5
2296.0,21.018452640063494,21.226546525782993,8.45295345948789,21.0,0,-0.22654652578299306,21.226546525782993,20.5,21.5
2297.0,21.01593954022738,21.18543438422103,8.451915806002908,21.0,0,-0.1854343842210291,21.18543438422103,20.5,21.5
2298.0,21.013426735480532,21.119810342652716,8.450877540689431,21.0,0,-0.11981034265271617,21.119810342652716,20.5,21.5
2299.0,21.010914225641574,21.214077310820535,8.44983866495312,21.0,0,-0.21407731082053516,21.214077310820535,20.5,21.5
2300.0,21.008402010529437,21.135519707285848,8.448799180200462,21.0,0,-0.13551970728584806,21.135519707285848,20.5,21.5
2301.0,21.005890089963373,21.116923645297284,8.44775908783877,21.0,0,-0.11692364529728394,21.116923645297284,20.5,21.5
2302.0,21.00337846376295,21.17786048201529,8.446718389276176,21.0,0,-0.1778604820152907,21.17786048201529,20.5,21.5
2303.0,21.000867131748052,21.246787100878844,8.445677085921638,21.0,0,-0.24678710087884426,21.246787100878844,20.5,21.5
2304.0,20.998356093738888,21.252598001691215,8.444635179184928,21.0,0,-0.25259800169121505,21.252598001691215,20.5,21.5
2305.0,20.995845349555978,21.246020850117624,8.443592670476635,21.0,0,-0.24602085011762398,21.246020850117624,20.5,21.5
2306.0,20.993334899020162,21.192958662088564,8.44254956120817,21.0,0,-0.19295866208856438,21.192958662088564,20.5,21.5
2307.0,20.9908247419526,21.243906402617235,8.441505852791746,21.0,0,-0.24390640261723462,21.243906402617235,20.5,21.5
2308.0,20.98831487817477,21.297316898655946,8.440461546640394,21.0,0,-0.29731689865594646,21.297316898655946,20.5,21.5
2309.0,20.985805307508464,21.247367323504882,8.439416644167958,21.0,0,-0.2473673235048821,21.247367323504882,20.5,21.5
2310.0,20.983296029775797,21.303038223421574,8.438371146789077,21.0,0,-0.3030382234215736,21.303038223421574,20.5,21.5
2311.0,20.9807870447992,21.32571244031566,8.437325055919208,21.0,0,-0.3257124403156588,21.32571244031566,20.5,21.5
2312.0,20.978278352401425,21.33546625779185,8.436278372974607,21.0,0,-0.33546625779185035,21.33546625779185,20.5,21.5
2313.0,20.97576995240554,21.15065607395383,8.435231099372327,21.0,0,-0.1506560739538294,21.15065607395383,20.5,21.5
2314.0,20.973261844634933,21.230824016232937,8.43418323653023,21.0,0,-0.2308240162329369,21.230824016232937,20.5,21.5
2315.0,20.970754028913312,21.177572026593346,8.433134785866963,21.0,0,-0.1775720265933458,21.177572026593346,20.5,21.5
2316.0,20.968246505064702,21.200453041949054,8.432085748801983,21.0,0,-0.20045304194905356,21.200453041949054,20.5,21.5
2317.0,20.96573927291345,21.100105384329073,8.431036126755531,21.0,0,-0.10010538432907268,21.100105384329073,20.5,21.5
2318.0,20.963232332284218,21.185862314888393,8.429985921148642,21.0,0,-0.1858623148883929,21.185862314888393,20.5,21.5
2319.0,20.96072568300199,21.142702743442783,8.428935133403145,21.0,0,-0.14270274344278278,21.142702743442783,20.5,21.5
2320.0,20.95821932489207,21.13031450783843,8.427883764941654,21.0,0,-0.13031450783843113,21.13031450783843,20.5,21.5
2321.0,20.95571325778008,21.174864241487846,8.426831817187567,21.0,0,-0.17486424148784607,21.174864241487846,20.5,21.5
2322.0,20.95320748149196,21.193979531375692,8.425779291565073,21.0,0,-0.19397953137569246,21.193979531375692,20.5,21.5
2323.0,20.950701995853976,21.257731669499798,8.424726189499134,21.0,0,-0.25773166949979753,21.257731669499798,20.5,21.5
2324.0,20.948196800692706,21.22945226067872,8.423672512415502,21.0,0,-0.2294522606787197,21.22945226067872,20.5,21.5
2325.0,20.94569189583505,21.283032281502393,8.4226182617407,21.0,0,-0.28303228150239335,21.283032281502393,20.5,21.5
2326.0,20.94318728110823,21.152471447072774,8.42156343890203,21.0,0,-0.1524714470727737,21.152471447072774,20.5,21.5
2327.0,20.94068295633979,21.15963245850487,8.420508045327574,21.0,0,-0.15963245850486985,21.15963245850487,20.5,21.5
2328.0,20.938178921357586,21.102726585717082,8.419452082446178,21.0,0,-0.10272658571708249,21.102726585717082,20.5,21.5
2329.0,20.935675175989804,21.037411582864287,8.418395551687462,21.0,0,-0.03741158286428714,21.037411582864287,20.5,21.5
2330.0,20.933171720064944,21.047064281835567,8.417338454481818,21.0,0,-0.0470642818355671,21.047064281835567,20.5,21.5
2331.0,20.930668553411827,21.129722607422657,8.416280792260402,21.0,0,-0.12972260742265718,21.129722607422657,20.5,21.5
2332.0,20.928165675859596,21.161056047544825,8.415222566455133,21.0,0,-0.16105604754482528,21.161056047544825,20.5,21.5
2333.0,20.925663087237716,21.165784888269556,8.414163778498699,21.0,0,-0.16578488826955606,21.165784888269556,20.5,21.5
2334.0,20.923160787375966,21.13964843839273,8.413104429824543,21.0,0,-0.13964843839272945,21.13964843839273,20.5,21.5
2335.0,20.920658776104457,21.053486550846266,8.412044521866868,21.0,0,-0.05348655084626586,21.053486550846266,20.5,21.5
2336.0,20.91815705325361,21.06257189980847,8.41098405606064,21.0,0,-0.06257189980847144,21.06257189980847,20.5,21.5
2337.0,20.91565561865417,21.11601820612179,8.409923033841572,21.0,0,-0.11601820612179026,21.11601820612179,20.5,21.5
2338.0,20.913154472137208,21.11864122205005,8.408861456646138,21.0,0,-0.11864122205005145,21.11864122205005,20.5,21.5
2339.0,20.91065361353411,21.15872680075035,8.407799325911556,21.0,0,-0.15872680075035106,21.15872680075035,20.5,21.5
2340.0,20.908153042676584,21.194047600884357,8.406736643075801,21.0,0,-0.1940476008843568,21.194047600884357,20.5,21.5
2341.0,20.905652759396663,21.194329399130538,8.405673409577588,21.0,0,-0.19432939913053815,21.194329399130538,20.5,21.5
2342.0,20.9031527635267,21.07876634240507,8.40460962685638,21.0,0,-0.0787663424050713,21.07876634240507,20.5,21.5
2343.0,20.900653054899365,21.12077794224934,8.403545296352391,21.0,0,-0.12077794224934024,21.12077794224934,20.5,21.5
2344.0,20.898153633347654,21.074395503161917,8.402480419506563,21.0,0,-0.07439550316191657,21.074395503161917,20.5,21.5
2345.0,20.895654498704886,21.11774392023591,8.40141499776059,21.0,0,-0.11774392023590963,21.11774392023591,20.5,21.5
2346.0,20.893155650804697,21.081366115202435,8.400349032556894,21.0,0,-0.0813661152024352,21.081366115202435,20.5,21.5
2347.0,20.89065708948105,21.151153265881156,8.399282525338643,21.0,0,-0.15115326588115607,21.151153265881156,20.5,21.5
2348.0,20.88815881456822,21.060727456155348,8.398215477549728,21.0,0,-0.060727456155348136,21.060727456155348,20.5,21.5
2349.0,20.885660825900818,21.172727036934234,8.39714789063478,21.0,0,-0.17272703693423352,21.172727036934234,20.5,21.5
2350.0,20.883163123313764,21.16331871703143,8.396079766039158,21.0,0,-0.16331871703143008,21.16331871703143,20.5,21.5
2351.0,20.880665706642308,21.129977807163932,8.395011105208942,21.0,0,-0.12997780716393237,21.129977807163932,20.5,21.5
2352.0,20.87816857572202,21.12675010624605,8.393941909590952,21.0,0,-0.12675010624604965,21.12675010624605,20.5,21.5
2353.0,20.875671730388795,21.08998953245146,8.392872180632716,21.0,0,-0.08998953245146168,21.08998953245146,20.5,21.5
2354.0,20.873175170478845,21.05678721794779,8.391801919782498,21.0,0,-0.056787217947789514,21.05678721794779,20.5,21.5
2355.0,20.870678895828707,21.02293038199094,8.390731128489275,21.0,0,-0.022930381990938997,21.02293038199094,20.5,21.5
2356.0,20.86818290627524,20.936377386454314,8.389659808202738,21.0,0,0.06362261354568588,20.936377386454314,20.5,21.5
2357.0,20.865687201655625,20.91621395118774,8.388587960373306,21.0,0,0.08378604881226082,20.91621395118774,20.5,21.5
2358.0,20.86319178180737,20.900992668322257,8.387515586452103,21.0,0,0.09900733167774334,20.900992668322257,20.5,21.5
2359.0,20.8606966465683,20.8906202508391,8.386442687890968,21.0,0,0.10937974916090099,20.8906202508391,20.5,21.5
2360.0,20.858201795776566,20.852862043228562,8.385369266142447,21.0,0,0.14713795677143793,20.852862043228562,20.5,21.5
2361.0,20.85570722927064,21.0233370499767,8.384295322659804,21.0,0,-0.02333704997669983,21.0233370499767,20.5,21.5
2362.0,20.853212946889318,21.02284066336729,8.383220858896998,21.0,0,-0.022840663367290404,21.02284066336729,20.5,21.5
2363.0,20.85071894847172,21.18410385342476,8.382145876308698,21.0,0,-0.18410385342475877,21.18410385342476,20.5,21.5
2364.0,20.84822523385729,21.232839056684963,8.381070376350275,21.0,0,-0.23283905668496274,21.232839056684963,20.5,21.5
2365.0,20.845731802885787,21.3145536507625,8.379994360477799,21.0,0,-0.31455365076250175,21.3145536507625,20.5,21.5
2366.0,20.843238655397304,21.23522273400859,8.37891783014804,21.0,0,-0.23522273400859106,21.23522273400859,20.5,21.5
2367.0,20.840745791232255,21.184252462066294,8.377840786818467,21.0,0,-0.18425246206629353,21.184252462066294,20.5,21.5
2368.0,20.838253210231372,21.089041864533662,8.376763231947237,21.0,0,-0.08904186453366236,21.089041864533662,20.5,21.5
2369.0,20.835760912235713,21.06501393241682,8.375685166993204,21.0,0,-0.06501393241682152,21.06501393241682,20.5,21.5
2370.0,20.833268897086665,21.09623184890547,8.374606593415912,21.0,0,-0.09623184890547165,21.09623184890547,20.5,21.5
2371.0,20.830777164625932,21.097418364525172,8.373527512675594,21.0,0,-0.09741836452517205,21.097418364525172,20.5,21.5
2372.0,20.828285714695543,21.124046228796153,8.372447926233166,21.0,0,-0.12404622879615346,21.124046228796153,20.5,21.5
2373.0,20.82579454713785,21.16500636503843,8.371367835550235,21.0,0,-0.1650063650384297,21.16500636503843,20.5,21.5
2374.0,20.82330366179553,21.109681958542666,8.370287242089086,21.0,0,-0.10968195854266583,21.109681958542666,20.5,21.5
2375.0,20.82081305851159,21.135725061234645,8.369206147312685,21.0,0,-0.13572506123464478,21.135725061234645,20.5,21.5
2376.0,20.81832273712935,21.101402975606376,8.368124552684678,21.0,0,-0.10140297560637634,21.101402975606376,20.5,21.5
2377.0,20.81583269749246,21.175122569762618,8.367042459669388,21.0,0,-0.17512256976261753,21.175122569762618,20.5,21.5
2378.0,20.813342939444897,21.120224406667646,8.365959869731812,21.0,0,-0.12022440666764567,21.120224406667646,20.5,21.5
2379.0,20.810853462830956,21.139232199928053,8.36487678433762,21.0,0,-0.13923219992805258,21.139232199928053,20.5,21.5
2380.0,20.808364267495257,21.005422149759404,8.363793204953152,21.0,0,-0.005422149759404249,21.005422149759404,20.5,21.5
2381.0,20.805875353282747,21.081858192745266,8.362709133045417,21.0,0,-0.08185819274526551,21.081858192745266,20.5,21.5
2382.0,20.8033867200387,21.02101023104357,8.361624570082093,21.0,0,-0.021010231043568695,21.02101023104357,20.5,21.5
2383.0,20.800898367608706,21.002338537005876,8.36053951753152,21.0,0,-0.0023385370058761623,21.002338537005876,20.5,21.5
2384.0,20.79841029583869,20.93951552876351,8.3594539768627,21.0,0,0.0604844712364887,20.93951552876351,20.5,21.5
2385.0,20.795922504574893,20.974650530382075,8.3583679495453,21.0,0,0.02534946961792528,20.974650530382075,20.5,21.5
2386.0,20.793434993663887,21.000648479721956,8.357281437049645,21.0,0,-0.0006484797219563632,21.000648479721956,20.5,21.5
2387.0,20.790947762952563,21.00248913713529,8.35619444084671,21.0,0,-0.0024891371352886438,21.00248913713529,20.5,21.5
2388.0,20.788460812288143,21.021791538390158,8.355106962408136,21.0,0,-0.021791538390157683,21.021791538390158,20.5,21.5
2389.0,20.785974141518167,21.078179252542068,8.35401900320621,21.0,0,-0.0781792525420677,21.078179252542068,20.5,21.5
2390.0,20.783487750490504,20.974369190675894,8.35293056471387,21.0,0,0.025630809324105996,20.974369190675894,20.5,21.5
2391.0,20.78100163905335,20.91225216269106,8.351841648404703,21.0,0,0.08774783730893887,20.91225216269106,20.5,21.5
2392.0,20.77851580705522,20.79329489990881,8.350752255752944,21.0,0,0.2067051000911917,20.79329489990881,20.5,21.5
2393.0,20.77603025434496,20.8308188495751,8.349662388233474,21.0,0,0.169181150424901,20.8308188495751,20.5,21.5
2394.0,20.77354498077174,20.810160126454637,8.348572047321815,21.0,0,0.18983987354536325,20.810160126454637,20.5,21.5
2395.0,20.771059986185048,20.860341074937544,8.347481234494131,21.0,0,0.1396589250624558,20.860341074937544,20.5,21.5
2396.0,20.76857527043471,20.817630935834995,8.346389951227225,21.0,0,0.1823690641650053,20.817630935834995,20.5,21.5
2397.0,20.766090833370868,20.908490139111482,8.345298198998535,21.0,0,0.09150986088851809,20.908490139111482,20.5,21.5
2398.0,20.76360667484399,20.96966462570449,8.344205979286135,21.0,0,0.03033537429551103,20.96966462570449,20.5,21.5
2399.0,20.76112279470488,21.004108881539246,8.343113293568734,21.0,0,-0.004108881539245601,21.004108881539246,20.5,21.5
2400.0,20.758639192804655,21.07239519844594,8.34202014332567,21.0,0,-0.072395198445939,21.07239519844594,20.5,21.5
2401.0,20.75615586899476,21.13153868091794,8.340926530036906,21.0,0,-0.13153868091794152,21.13153868091794,20.5,21.5
2402.0,20.75367282312697,21.108587821594156,8.339832455183041,21.0,0,-0.10858782159415625,21.108587821594156,20.5,21.5
2403.0,20.75119005505338,20.995808302695128,8.338737920245292,21.0,0,0.004191697304872122,20.995808302695128,20.5,21.5
2404.0,20.74870756462642,20.82345400660594,8.337642926705499,21.0,0,0.17654599339406118,20.82345400660594,20.5,21.5
2405.0,20.746225351698836,20.758336244004603,8.336547476046126,21.0,0,0.2416637559953969,20.758336244004603,20.5,21.5
2406.0,20.743743416123706,20.756724556954644,8.335451569750255,21.0,0,0.24327544304535564,20.756724556954644,20.5,21.5
2407.0,20.741261757754433,20.795075224041394,8.334355209301583,21.0,0,0.20492477595860592,20.795075224041394,20.5,21.5
2408.0,20.738780376444744,20.855420828454974,8.333258396184425,21.0,0,0.14457917154502553,20.855420828454974,20.5,21.5
2409.0,20.736299272048694,21.04332471809348,8.332161131883703,21.0,0,-0.04332471809347993,21.04332471809348,20.5,21.5
2410.0,20.73381844442066,21.039598357241474,8.331063417884959,21.0,0,-0.039598357241473536,21.039598357241474,20.5,21.5
2411.0,20.731337893415354,20.931812460176946,8.329965255674335,21.0,0,0.06818753982305381,20.931812460176946,20.5,21.5
2412.0,20.728857618887805,20.910191868914005,8.328866646738584,21.0,0,0.08980813108599506,20.910191868914005,20.5,21.5
2413.0,20.726377620693373,20.903215928030804,8.327767592565063,21.0,0,0.09678407196919636,20.903215928030804,20.5,21.5
2414.0,20.72389789868775,20.85245923988676,8.326668094641734,21.0,0,0.14754076011324102,20.85245923988676,20.5,21.5
2415.0,20.72141845272694,20.862826342091555,8.325568154457157,21.0,0,0.13717365790844482,20.862826342091555,20.5,21.5
2416.0,20.718939282667286,20.95717887813571,8.32446777350049,21.0,0,0.042821121864289324,20.95717887813571,20.5,21.5
2417.0,20.71646038836545,20.99317755513,8.323366953261491,21.0,0,0.006822444870000055,20.99317755513,20.5,21.5
2418.0,20.71398176967843,20.944211563327286,8.322265695230511,21.0,0,0.055788436672713715,20.944211563327286,20.5,21.5
2419.0,20.71150342646354,20.957359721705423,8.321164000898493,21.0,0,0.04264027829457717,20.957359721705423,20.5,21.5
2420.0,20.709025358578426,20.948630339960218,8.320061871756971,21.0,0,0.05136966003978216,20.948630339960218,20.5,21.5
2421.0,20.706547565881063,20.907233448951747,8.318959309298071,21.0,0,0.09276655104825338,20.907233448951747,20.5,21.5
2422.0,20.704070048229745,20.867860055888457,8.317856315014499,21.0,0,0.13213994411154317,20.867860055888457,20.5,21.5
2423.0,20.701592805483102,20.896066331188162,8.31675289039955,21.0,0,0.10393366881183752,20.896066331188162,20.5,21.5
2424.0,20.699115837500084,20.914674025651422,8.315649036947102,21.0,0,0.08532597434857792,20.914674025651422,20.5,21.5
2425.0,20.696639144139972,20.898888424041683,8.314544756151614,21.0,0,0.10111157595831699,20.898888424041683,20.5,21.5
2426.0,20.694162725262373,20.933607770123167,8.31344004950812,21.0,0,0.06639222987683269,20.933607770123167,20.5,21.5
2427.0,20.69168658072722,20.923374292696824,8.312334918512233,21.0,0,0.07662570730317597,20.923374292696824,20.5,21.5
2428.0,20.68921071039478,20.943460004930092,8.31122936466014,21.0,0,0.056539995069908144,20.943460004930092,20.5,21.5
2429.0,20.686735114125632,20.88315599444474,8.310123389448602,21.0,0,0.11684400555526153,20.88315599444474,20.5,21.5
2430.0,20.684259791780697,20.894695755988174,8.309016994374948,21.0,0,0.10530424401182614,20.894695755988174,20.5,21.5
2431.0,20.681784743221215,20.857834045840992,8.307910180937077,21.0,0,0.14216595415900812,20.857834045840992,20.5,21.5
2432.0,20.679309968308758,20.8627976693985,8.306802950633452,21.0,0,0.13720233060150022,20.8627976693985,20.5,21.5
2433.0,20.67683546690522,20.879115716310565,8.305695304963105,21.0,0,0.12088428368943482,20.879115716310565,20.5,21.5
2434.0,20.674361238872834,20.91345806722377,8.304587245425628,21.0,0,0.08654193277622824,20.91345806722377,20.5,21.5
2435.0,20.671887284074145,20.914655949210488,8.30347877352117,21.0,0,0.08534405078951224,20.914655949210488,20.5,21.5
2436.0,20.669413602372035,20.950446873987403,8.302369890750445,21.0,0,0.049553126012597204,20.950446873987403,20.5,21.5
2437.0,20.66694019362971,20.919014972927123,8.301260598614716,21.0,0,0.08098502707287736,20.919014972927123,20.5,21.5
2438.0,20.664467057710706,20.833719179489197,8.300150898615806,21.0,0,0.16628082051080284,20.833719179489197,20.5,21.5
2439.0,20.661994194478886,20.78663733907655,8.299040792256086,21.0,0,0.21336266092345113,20.78663733907655,20.5,21.5
2440.0,20.659521603798442,20.670567545344547,8.297930281038482,21.0,0,0.32943245465545345,20.670567545344547,20.5,21.5
2441.0,20.65704928553389,20.659751493979208,8.296819366466464,21.0,0,0.34024850602079226,20.659751493979208,20.5,21.5
2442.0,20.654577239550076,20.658042589616933,8.295708050044047,21.0,0,0.34195741038306693,20.658042589616933,20.5,21.5
2443.0,20.652105465712175,20.71230207728124,8.294596333275795,21.0,0,0.2876979227187597,20.71230207728124,20.5,21.5
2444.0,20.649633963885687,20.74709465552056,8.29348421766681,21.0,0,0.2529053444794407,20.74709465552056,20.5,21.5
2445.0,20.647162733936444,20.836473852105474,8.292371704722736,21.0,0,0.16352614789452602,20.836473852105474,20.5,21.5
2446.0,20.6446917757306,20.8821790881915,8.291258795949755,21.0,0,0.11782091180850074,20.8821790881915,20.5,21.5
2447.0,20.642221089134644,20.941996692803123,8.290145492854583,21.0,0,0.058003307196877074,20.941996692803123,20.5,21.5
2448.0,20.63975067401539,20.91322561575012,8.289031796944471,21.0,0,0.08677438424987827,20.91322561575012,20.5,21.5
2449.0,20.637280530239973,20.944449134620506,8.287917709727203,21.0,0,0.055550865379494496,20.944449134620506,20.5,21.5
2450.0,20.63481065767587,20.959170877095776,8.28680323271109,21.0,0,0.040829122904224135,20.959170877095776,20.5,21.5
2451.0,20.632341056190878,20.949238292915986,8.285688367404973,21.0,0,0.05076170708401406,20.949238292915986,20.5,21.5
2452.0,20.62987172565312,20.902522014540047,8.284573115318219,21.0,0,0.09747798545995323,20.902522014540047,20.5,21.5
2453.0,20.627402665931054,21.04545590117525,8.283457477960717,21.0,0,-0.04545590117524867,21.04545590117525,20.5,21.5
2454.0,20.62493387689346,21.058780270373735,8.282341456842877,21.0,0,-0.05878027037373457,21.058780270373735,20.5,21.5
2455.0,20.62246535840945,21.01405625630489,8.28122505347563,21.0,0,-0.014056256304890269,21.01405625630489,20.5,21.5
2456.0,20.619997110348464,21.00798390885423,8.280108269370427,21.0,0,-0.007983908854228616,21.00798390885423,20.5,21.5
2457.0,20.61752913258027,21.07873931238982,8.27899110603923,21.0,0,-0.07873931238982124,21.07873931238982,20.5,21.5
2458.0,20.61506142497496,20.904384115703273,8.277873564994515,21.0,0,0.09561588429672696,20.904384115703273,20.5,21.5
2459.0,20.612593987402963,20.80522908963518,8.276755647749273,21.0,0,0.19477091036482008,20.80522908963518,20.5,21.5
2460.0,20.610126819735033,20.882501345779872,8.275637355816999,21.0,0,0.11749865422012817,20.882501345779872,20.5,21.5
2461.0,20.60765992184225,20.848646922881873,8.274518690711702,21.0,0,0.1513530771181273,20.848646922881873,20.5,21.5
2462.0,20.605193293596024,20.805246970864612,8.273399653947887,21.0,0,0.19475302913538783,20.805246970864612,20.5,21.5
2463.0,20.602726934868095,20.826784965405814,8.272280247040575,21.0,0,0.17321503459418608,20.826784965405814,20.5,21.5
2464.0,20.600260845530528,20.804806839065513,8.271160471505274,21.0,0,0.1951931609344868,20.804806839065513,20.5,21.5
2465.0,20.597795025455724,20.69592594184854,8.270040328858,21.0,0,0.3040740581514605,20.69592594184854,20.5,21.5
2466.0,20.595329474516404,20.651550145508615,8.268919820615265,21.0,0,0.34844985449138477,20.651550145508615,20.5,21.5
2467.0,20.592864192585623,20.631728380885583,8.267798948294075,21.0,0,0.36827161911441664,20.631728380885583,20.5,21.5
2468.0,20.590399179536764,20.750800843306116,8.266677713411926,21.0,0,0.2491991566938836,20.750800843306116,20.5,21.5
2469.0,20.58793443524354,20.706773806202325,8.26555611748681,21.0,0,0.29322619379767545,20.706773806202325,20.5,21.5
2470.0,20.58546995957999,20.814659366306508,8.264434162037203,21.0,0,0.1853406336934924,20.814659366306508,20.5,21.5
2471.0,20.58300575242048,20.833627642299195,8.26331184858207,21.0,0,0.16637235770080494,20.833627642299195,20.5,21.5
2472.0,20.580541813639712,20.86296746093182,8.262189178640865,21.0,0,0.13703253906817991,20.86296746093182,20.5,21.5
2473.0,20.578078143112712,20.7315371365641,8.261066153733516,21.0,0,0.2684628634359001,20.7315371365641,20.5,21.5
2474.0,20.575614740714837,20.836460715964947,8.259942775380438,21.0,0,0.16353928403505336,20.836460715964947,20.5,21.5
2475.0,20.57315160632177,20.75905685117454,8.258819045102522,21.0,0,0.2409431488254583,20.75905685117454,20.5,21.5
2476.0,20.570688739809526,20.78330715331777,8.257694964421134,21.0,0,0.21669284668222843,20.78330715331777,20.5,21.5
2477.0,20.56822614105445,20.74664285129681,8.256570534858119,21.0,0,0.25335714870319137,20.74664285129681,20.5,21.5
2478.0,20.56576380993321,20.801468700724396,8.25544575793579,21.0,0,0.1985312992756043,20.801468700724396,20.5,21.5
2479.0,20.56330174632281,20.76990419815102,8.254320635176935,21.0,0,0.2300958018489787,20.76990419815102,20.5,21.5
2480.0,20.560839950100583,20.918519347737597,8.253195168104803,21.0,0,0.0814806522624032,20.918519347737597,20.5,21.5
2481.0,20.558378421144184,20.87916811364599,8.252069358243114,21.0,0,0.12083188635401143,20.87916811364599,20.5,21.5
2482.0,20.555917159331603,20.901093366675433,8.250943207116054,21.0,0,0.0989066333245674,20.901093366675433,20.5,21.5
2483.0,20.55345616454116,20.95810566752226,8.249816716248265,21.0,0,0.04189433247773877,20.95810566752226,20.5,21.5
2484.0,20.5509954366515,21.085651697327183,8.248689887164854,21.0,0,-0.08565169732718303,21.085651697327183,20.5,21.5
2485.0,20.548534975541603,20.952660636562026,8.247562721391386,21.0,0,0.04733936343797396,20.952660636562026,20.5,21.5
2486.0,20.546074781090773,21.00397860679415,8.246435220453877,21.0,0,-0.0039786067941491865,21.00397860679415,20.5,21.5
2487.0,20.543614853178646,20.93501438626848,8.245307385878803,21.0,0,0.06498561373151901,20.93501438626848,20.5,21.5
2488.0,20.541155191685185,20.796823444280847,8.244179219193086,21.0,0,0.20317655571915338,20.796823444280847,20.5,21.5
2489.0,20.538695796490686,20.710657813882673,8.2430507219241,21.0,0,0.2893421861173273,20.710657813882673,20.5,21.5
2490.0,20.536236667475773,20.74333311887826,8.241921895599669,21.0,0,0.2566668811217383,20.74333311887826,20.5,21.5
2491.0,20.5337778045214,20.749597099779887,8.240792741748056,21.0,0,0.2504029002201129,20.749597099779887,20.5,21.5
2492.0,20.531319207508844,20.719044041674962,8.239663261897977,21.0,0,0.2809559583250376,20.719044041674962,20.5,21.5
2493.0,20.528860876319722,20.724548932212247,8.238533457578582,21.0,0,0.27545106778775263,20.724548932212247,20.5,21.5
2494.0,20.526402810835975,20.70113034138187,8.23740333031946,21.0,0,0.29886965861813053,20.70113034138187,20.5,21.5
2495.0,20.523945010939872,20.58597167760891,8.236272881650642,21.0,0,0.4140283223910899,20.58597167760891,20.5,21.5
2496.0,20.521487476514015,20.512197244014704,8.23514211310259,21.0,0,0.487802755985296,20.512197244014704,20.5,21.5
2497.0,20.519030207441332,20.525209434464777,8.234011026206202,21.0,0,0.4747905655352227,20.525209434464777,20.5,21.5
2498.0,20.516573203605084,20.575090345210675,8.232879622492806,21.0,0,0.4249096547893245,20.575090345210675,20.5,21.5
2499.0,20.51411646488886,20.601869425734783,8.231747903494158,21.0,0,0.3981305742652168,20.601869425734783,20.5,21.5
2500.0,20.511659991176582,20.638910489609735,8.23061587074244,21.0,0,0.36108951039026493,20.638910489609735,20.5,21.5
2501.0,20.509203782352497,20.663563869301722,8.229483525770263,21.0,0,0.33643613069827794,20.663563869301722,20.5,21.5
2502.0,20.50674783830118,20.78385090944447,8.228350870110656,21.0,0,0.216149090555529,20.78385090944447,20.5,21.5
2503.0,20.504292158907543,20.75073734400372,8.22721790529707,21.0,0,0.2492626559962794,20.75073734400372,20.5,21.5
2504.0,20.50183674405682,20.717814118157975,8.22608463286338,21.0,0,0.2821858818420253,20.717814118157975,20.5,21.5
2505.0,20.49938159363458,20.734014073877642,8.224951054343865,21.0,0,0.26598592612235805,20.734014073877642,20.5,21.5
2506.0,20.496926707526722,20.68592313454934,8.22381717127323,21.0,0,0.3140768654506587,20.68592313454934,20.5,21.5
2507.0,20.49447208561947,20.658089550712845,8.22268298518659,21.0,0,0.3419104492871554,20.658089550712845,20.5,21.5
2508.0,20.492017727799386,20.57313416911981,8.221548497619468,21.0,0,0.4268658308801889,20.57313416911981,20.5,21.5
2509.0,20.48956363395335,20.63969061779281,8.220413710107792,21.0,0,0.3603093822071912,20.63969061779281,20.5,21.5
2510.0,20.48710980396858,20.669166886262996,8.219278624187904,21.0,0,0.33083311373700397,20.669166886262996,20.5,21.5
2511.0,20.484656237732622,20.6950508820182,8.218143241396543,21.0,0,0.30494911798179913,20.6950508820182,20.5,21.5
2512.0,20.482202935133355,20.5943231420572,8.217007563270855,21.0,0,0.40567685794280095,20.5943231420572,20.5,21.5
2513.0,20.479749896058983,20.6571199658472,8.21587159134838,21.0,0,0.3428800341527989,20.6571199658472,20.5,21.5
2514.0,20.477297120398042,20.572690666704183,8.214735327167062,21.0,0,0.4273093332958169,20.572690666704183,20.5,21.5
2515.0,20.474844608039394,20.55871968871876,8.21359877226524,21.0,0,0.4412803112812398,20.55871968871876,20.5,21.5
2516.0,20.472392358872238,20.58772899639076,8.212461928181641,21.0,0,0.4122710036092414,20.58772899639076,20.5,21.5
2517.0,20.4699403727861,20.562605906210827,8.211324796455388,21.0,0,0.43739409378917316,20.562605906210827,20.5,21.5
2518.0,20.46748864967083,20.572949963470172,8.210187378625994,21.0,0,0.42705003652982754,20.572949963470172,20.5,21.5
2519.0,20.46503718941662,20.66736251041595,8.209049676233356,21.0,0,0.3326374895840516,20.66736251041595,20.5,21.5
2520.0,20.462585991913983,20.702824692569067,8.20791169081776,21.0,0,0.29717530743093334,20.702824692569067,20.5,21.5
2521.0,20.460135057053762,20.707577697715365,8.206773423919872,21.0,0,0.29242230228463484,20.707577697715365,20.5,21.5
2522.0,20.457684384727134,20.857491568353733,8.205634877080739,21.0,0,0.1425084316462666,20.857491568353733,20.5,21.5
2523.0,20.455233974825603,20.901851887477033,8.20449605184179,21.0,0,0.09814811252296707,20.901851887477033,20.5,21.5
2524.0,20.452783827241007,20.868847779600294,8.20335694974483,21.0,0,0.13115222039970575,20.868847779600294,20.5,21.5
2525.0,20.45033394186551,20.821870376008427,8.202217572332039,21.0,0,0.17812962399157328,20.821870376008427,20.5,21.5
2526.0,20.4478843185916,20.739927624155776,8.201077921145965,21.0,0,0.26007237584422427,20.739927624155776,20.5,21.5
2527.0,20.445434957312113,20.69411751851001,8.199937997729533,21.0,0,0.3058824814899914,20.69411751851001,20.5,21.5
2528.0,20.442985857920196,20.623409099520792,8.198797803626034,21.0,0,0.37659090047920785,20.623409099520792,20.5,21.5
2529.0,20.440537020309336,20.53410783035405,8.197657340379127,21.0,0,0.4658921696459508,20.53410783035405,20.5,21.5
2530.0,20.43808844437335,20.611188285842424,8.19651660953283,21.0,0,0.3888117141575762,20.611188285842424,20.5,21.5
2531.0,20.43564013000638,20.66420735898593,8.19537561263153,21.0,0,0.3357926410140699,20.66420735898593,20.5,21.5
2532.0,20.433192077102905,20.60977793141152,8.194234351219972,21.0,0,0.3902220685884785,20.60977793141152,20.5,21.5
2533.0,20.43074428555773,20.56921827948677,8.193092826843257,21.0,0,0.43078172051323094,20.56921827948677,20.5,21.5
2534.0,20.428296755265986,20.607895535807053,8.191951041046844,21.0,0,0.392104464192947,20.607895535807053,20.5,21.5
2535.0,20.42584948612314,20.578319143560147,8.190808995376544,21.0,0,0.42168085643985265,20.578319143560147,20.5,21.5
2536.0,20.423402478024993,20.600319821870137,8.189666691378525,21.0,0,0.3996801781298629,20.600319821870137,20.5,21.5
2537.0,20.420955730867664,20.678522787357984,8.188524130599298,21.0,0,0.3214772126420158,20.678522787357984,20.5,21.5
2538.0,20.41850924454761,20.76310123812842,8.187381314585725,21.0,0,0.2368987618715792,20.76310123812842,20.5,21.5
2539.0,20.41606301896162,20.84878462474248,8.186238244885013,21.0,0,0.1512153752575216,20.84878462474248,20.5,21.5
2540.0,20.413617054006803,20.737692670140383,8.185094923044716,21.0,0,0.2623073298596168,20.737692670140383,20.5,21.5
2541.0,20.41117134958061,20.808184386791442,8.18395135061272,21.0,0,0.19181561320855778,20.808184386791442,20.5,21.5
2542.0,20.408725905580816,20.7914318440828,8.18280752913726,21.0,0,0.2085681559171988,20.7914318440828,20.5,21.5
2543.0,20.406280721905528,20.78653826474008,8.181663460166908,21.0,0,0.2134617352599193,20.78653826474008,20.5,21.5
2544.0,20.40383579845318,20.746714092690958,8.18051914525056,21.0,0,0.2532859073090421,20.746714092690958,20.5,21.5
2545.0,20.40139113512254,20.997406542157442,8.179374585937458,21.0,0,0.0025934578425577115,20.997406542157442,20.5,21.5
2546.0,20.398946731812703,20.833587935452304,8.178229783777166,21.0,0,0.1664120645476963,20.833587935452304,20.5,21.5
2547.0,20.396502588423097,20.682713371914765,8.177084740319584,21.0,0,0.31728662808523467,20.682713371914765,20.5,21.5
2548.0,20.394058704853474,20.67911510302357,8.17593945711493,21.0,0,0.3208848969764304,20.67911510302357,20.5,21.5
2549.0,20.391615081003927,20.63995159436473,8.174793935713756,21.0,0,0.3600484056352684,20.63995159436473,20.5,21.5
2550.0,20.389171716774868,20.446918791881398,8.17364817766693,21.0,1,0.5530812081186021,20.446918791881398,20.5,21.5
2551.0,20.39172861206705,20.47316434784178,8.172502184525642,21.0,1,0.5268356521582191,20.47316434784178,20.5,21.5
2552.0,20.39428476678154,20.4924291844307,8.171355957841401,21.0,1,0.5075708155692986,20.4924291844307,20.5,21.5
2553.0,20.39684018101975,20.473596463414115,8.170209499166033,21.0,1,0.5264035365858852,20.473596463414115,20.5,21.5
2554.0,20.39939485488338,20.463677679125226,8.169062810051674,21.0,1,0.536322320874774,20.463677679125226,20.5,21.5
2555.0,20.401948788474414,20.48028381854639,8.167915892050777,21.0,1,0.5197161814536102,20.48028381854639,20.5,21.5
2556.0,20.40450198189513,20.49978764513786,8.166768746716103,21.0,1,0.5002123548621391,20.49978764513786,20.5,21.5
2557.0,20.407054435248096,20.75050335790599,8.165621375600718,21.0,1,0.2494966420940088,20.75050335790599,20.5,21.5
2558.0,20.409606148636165,20.76677670137705,8.164473780258,21.0,1,0.23322329862294922,20.76677670137705,20.5,21.5
2559.0,20.41215712216249,20.870597861773376,8.163325962241622,21.0,1,0.12940213822662372,20.870597861773376,20.5,21.5
2560.0,20.414707355930506,20.904118964410706,8.162177923105567,21.0,1,0.09588103558929362,20.904118964410706,20.5,21.5
2561.0,20.41725685004394,20.881729300398295,8.161029664404113,21.0,1,0.11827069960170533,20.881729300398295,20.5,21.5
2562.0,20.419805604606815,20.67726372347322,8.159881187691836,21.0,1,0.32273627652677916,20.67726372347322,20.5,21.5
2563.0,20.42235361972343,20.708826631700653,8.158732494523605,21.0,1,0.29117336829934715,20.708826631700653,20.5,21.5
2564.0,20.42490089549839,20.57397422613915,8.157583586454583,21.0,1,0.42602577386085017,20.57397422613915,20.5,21.5
2565.0,20.42744743203658,20.5576444384836,8.156434465040231,21.0,1,0.44235556151640054,20.5576444384836,20.5,21.5
2566.0,20.42999322944318,20.62103381310739,8.155285131836287,21.0,1,0.37896618689261174,20.62103381310739,20.5,21.5
2567.0,20.432538287823657,20.669497754844645,8.154135588398786,21.0,1,0.33050224515535476,20.669497754844645,20.5,21.5
2568.0,20.43508260728377,20.640040538908107,8.152985836284039,21.0,1,0.3599594610918935,20.640040538908107,20.5,21.5
2569.0,20.43762618792957,20.673070933489537,8.151835877048645,21.0,1,0.3269290665104627,20.673070933489537,20.5,21.5
2570.0,20.440169029867395,20.735406999100878,8.150685712249484,21.0,1,0.2645930008991222,20.735406999100878,20.5,21.5
2571.0,20.442711133203872,20.736189300964625,8.14953534344371,21.0,1,0.2638106990353748,20.736189300964625,20.5,21.5
2572.0,20.44525249804592,20.771256463042864,8.148384772188757,21.0,1,0.22874353695713623,20.771256463042864,20.5,21.5
2573.0,20.44779312450075,20.824598211442662,8.147234000042332,21.0,1,0.17540178855733757,20.824598211442662,20.5,21.5
2574.0,20.450333012675856,20.85264032422997,8.146083028562412,21.0,1,0.14735967577002995,20.85264032422997,20.5,21.5
2575.0,20.452872162679032,20.793899865420126,8.144931859307247,21.0,1,0.20610013457987364,20.793899865420126,20.5,21.5
2576.0,20.45541057461836,20.743684688688035,8.143780493835353,21.0,1,0.2563153113119654,20.743684688688035,20.5,21.5
2577.0,20.457948248602204,20.743226192649296,8.142628933705511,21.0,1,0.25677380735070443,20.743226192649296,20.5,21.5
2578.0,20.460485184739223,20.75053630043136,8.14147718047677,21.0,1,0.2494636995686399,20.75053630043136,20.5,21.5
2579.0,20.463021383138372,20.685613560380126,8.140325235708431,21.0,1,0.31438643961987367,20.685613560380126,20.5,21.5
2580.0,20.465556843908885,20.710526171223854,8.139173100960065,21.0,1,0.2894738287761456,20.710526171223854,20.5,21.5
2581.0,20.468091567160297,20.723898100694008,8.138020777791494,21.0,1,0.27610189930599205,20.723898100694008,20.5,21.5
2582.0,20.470625553002424,20.7478410344744,8.136868267762797,21.0,1,0.2521589655255987,20.7478410344744,20.5,21.5
2583.0,20.473158801545377,20.680341614558916,8.135715572434304,21.0,1,0.31965838544108394,20.680341614558916,20.5,21.5
2584.0,20.475691312899556,20.693756589584815,8.134562693366599,21.0,1,0.30624341041518477,20.693756589584815,20.5,21.5
2585.0,20.47822308717565,20.68879532543526,8.133409632120513,21.0,1,0.3112046745647383,20.68879532543526,20.5,21.5
2586.0,20.480754124484637,20.76135786551595,8.132256390257123,21.0,1,0.23864213448404925,20.76135786551595,20.5,21.5
2587.0,20.483284424937793,20.75702364377171,8.131102969337752,21.0,1,0.24297635622829006,20.75702364377171,20.5,21.5
2588.0,20.485813988646672,20.752915625755893,8.129949370923963,21.0,1,0.2470843742441069,20.752915625755893,20.5,21.5
2589.0,20.48834281572313,20.74176021571551,8.128795596577563,21.0,1,0.25823978428449124,20.74176021571551,20.5,21.5
2590.0,20.4908709062793,20.69754962116749,8.127641647860594,21.0,1,0.3024503788325106,20.69754962116749,20.5,21.5
2591.0,20.493398260427618,20.6989034384873,8.126487526335337,21.0,1,0.3010965615127006,20.6989034384873,20.5,21.5
2592.0,20.4959248782808,20.620572944734477,8.125333233564305,21.0,1,0.37942705526552345,20.620572944734477,20.5,21.5
2593.0,20.498450759951858,20.643862023016293,8.124178771110241,21.0,1,0.35613797698370675,20.643862023016293,20.5,21.5
2594.0,20.50097590555409,20.69024037694161,8.12302414053612,21.0,1,0.30975962305839033,20.69024037694161,20.5,21.5
2595.0,20.503500315201084,20.75681539985603,8.121869343405148,21.0,1,0.24318460014396948,20.75681539985603,20.5,21.5
2596.0,20.506023989006724,20.70628440597602,8.120714381280749,21.0,1,0.29371559402397907,20.70628440597602,20.5,21.5
2597.0,20.508546927085177,20.742757231221848,8.119559255726575,21.0,1,0.257242768778152,20.742757231221848,20.5,21.5
2598.0,20.511069129550904,20.735970994250323,8.1184039683065,21.0,1,0.264029005749677,20.735970994250323,20.5,21.5
2599.0,20.513590596518654,20.743545326637282,8.117248520584617,21.0,1,0.2564546733627182,20.743545326637282,20.5,21.5
2600.0,20.516111328103467,20.779761928743007,8.11609291412523,21.0,1,0.22023807125699335,20.779761928743007,20.5,21.5
2601.0,20.51863132442067,20.807856042644197,8.114937150492867,21.0,1,0.19214395735580325,20.807856042644197,20.5,21.5
2602.0,20.521150585585886,20.729175181000592,8.113781231252261,21.0,1,0.270824818999408,20.729175181000592,20.5,21.5
2603.0,20.52366911171502,20.76625147708334,8.112625157968363,21.0,1,0.2337485229166596,20.76625147708334,20.5,21.5
2604.0,20.52618690292427,20.753629279942277,8.111468932206325,21.0,1,0.24637072005772254,20.753629279942277,20.5,21.5
2605.0,20.528703959330127,20.65511772391498,8.110312555531513,21.0,1,0.34488227608501987,20.65511772391498,20.5,21.5
2606.0,20.531220281049368,20.680089808856877,8.109156029509489,21.0,1,0.3199101911431228,20.680089808856877,20.5,21.5
2607.0,20.53373586819906,20.74423662674642,8.107999355706022,21.0,1,0.2557633732535791,20.74423662674642,20.5,21.5
2608.0,20.53625072089656,20.7212272703987,8.106842535687086,21.0,1,0.2787727296013003,20.7212272703987,20.5,21.5
2609.0,20.538764839259517,20.76676331317214,8.105685571018842,21.0,1,0.23323668682785836,20.76676331317214,20.5,21.5
2610.0,20.541278223405868,20.816056435202942,8.104528463267654,21.0,1,0.1839435647970582,20.816056435202942,20.5,21.5
2611.0,20.54379087345384,20.79551831188371,8.103371214000077,21.0,1,0.20448168811628875,20.79551831188371,20.5,21.5
2612.0,20.54630278952195,20.769434554149907,8.102213824782863,21.0,1,0.2305654458500932,20.769434554149907,20.5,21.5
2613.0,20.548813971729,20.7850239241535,8.101056297182947,21.0,1,0.2149760758465007,20.7850239241535,20.5,21.5
2614.0,20.551324420194092,20.785443973545775,8.099898632767452,21.0,1,0.21455602645422545,20.785443973545775,20.5,21.5
2615.0,20.553834135036606,20.798596611357148,8.098740833103689,21.0,1,0.20140338864285212,20.798596611357148,20.5,21.5
2616.0,20.55634311637622,20.77740307311268,8.09758289975915,21.0,1,0.22259692688732002,20.77740307311268,20.5,21.5
2617.0,20.558851364332895,20.824443302537855,8.096424834301509,21.0,1,0.1755566974621452,20.824443302537855,20.5,21.5
2618.0,20.56135887902689,20.724706880896896,8.095266638298622,21.0,1,0.27529311910310383,20.724706880896896,20.5,21.5
2619.0,20.563865660578745,20.687420873899107,8.094108313318515,21.0,1,0.3125791261008928,20.687420873899107,20.5,21.5
2620.0,20.566371709109294,20.710650663697656,8.092949860929393,21.0,1,0.28934933630234383,20.710650663697656,20.5,21.5
2621.0,20.56887702473966,20.70384721219171,8.091791282699631,21.0,1,0.296152787808289,20.70384721219171,20.5,21.5
2622.0,20.571381607591253,20.63994004282763,8.09063258019778,21.0,1,0.36005995717237127,20.63994004282763,20.5,21.5
2623.0,20.573885457785774,20.66983873136805,8.089473754992552,21.0,1,0.33016126863195083,20.66983873136805,20.5,21.5
2624.0,20.576388575445215,20.698926221244903,8.08831480865283,21.0,1,0.30107377875509655,20.698926221244903,20.5,21.5
2625.0,20.578890960691858,20.69315443744754,8.087155742747658,21.0,1,0.30684556255246065,20.69315443744754,20.5,21.5
2626.0,20.58139261364827,20.740093596717564,8.085996558846244,21.0,1,0.25990640328243586,20.740093596717564,20.5,21.5
2627.0,20.58389353443731,20.769813625165778,8.084837258517956,21.0,1,0.2301863748342221,20.769813625165778,20.5,21.5
2628.0,20.586393723182123,20.879704804807865,8.083677843332316,21.0,1,0.12029519519213494,20.879704804807865,20.5,21.5
2629.0,20.588893180006153,20.72937993587538,8.082518314859007,21.0,1,0.27062006412462125,20.72937993587538,20.5,21.5
2630.0,20.591391905033124,20.801646670095657,8.08135867466786,21.0,1,0.19835332990434296,20.801646670095657,20.5,21.5
2631.0,20.59388989838705,20.817692242987153,8.080198924328858,21.0,1,0.18230775701284685,20.817692242987153,20.5,21.5
2632.0,20.59638716019224,20.89108560621125,8.079039065412141,21.0,1,0.10891439378875134,20.89108560621125,20.5,21.5
2633.0,20.598883690573285,20.93109952503123,8.077879099487985,21.0,1,0.06890047496877116,20.93109952503123,20.5,21.5
2634.0,20.601379489655066,21.07410778843926,8.076719028126819,21.0,1,-0.07410778843926025,21.07410778843926,20.5,21.5
2635.0,20.60387455756276,20.88751570709646,8.075558852899208,21.0,1,0.11248429290354167,20.88751570709646,20.5,21.5
2636.0,20.606368894421827,20.797729940487983,8.074398575375863,21.0,1,0.20227005951201704,20.797729940487983,20.5,21.5
2637.0,20.60886250035802,20.82911449311816,8.073238197127631,21.0,1,0.17088550688184156,20.82911449311816,20.5,21.5
2638.0,20.61135537549737,20.7769553408099,8.072077719725497,21.0,1,0.2230446591901014,20.7769553408099,20.5,21.5
2639.0,20.613847519966217,20.661305885335942,8.070917144740578,21.0,1,0.3386941146640581,20.661305885335942,20.5,21.5
2640.0,20.61633893389117,20.76772602782855,8.069756473744125,21.0,1,0.2322739721714484,20.76772602782855,20.5,21.5
2641.0,20.618829617399143,20.920933300145947,8.068595708307518,21.0,1,0.07906669985405301,20.920933300145947,20.5,21.5
2642.0,20.621319570617324,20.89298984622051,8.067434850002265,21.0,1,0.10701015377949119,20.89298984622051,20.5,21.5
2643.0,20.623808793673202,20.87615182875643,8.0662739004,21.0,1,0.12384817124356928,20.87615182875643,20.5,21.5
2644.0,20.626297286694548,21.007983298723,8.06511286107248,21.0,1,-0.007983298723001298,21.007983298723,20.5,21.5
2645.0,20.628785049809423,21.03114979443389,8.063951733591585,21.0,1,-0.03114979443389032,21.03114979443389,20.5,21.5
2646.0,20.63127208314618,20.931874474551392,8.062790519529313,21.0,1,0.0681255254486075,20.931874474551392,20.5,21.5
2647.0,20.633758386833456,20.919163557451046,8.06162922045778,21.0,1,0.08083644254895361,20.919163557451046,20.5,21.5
2648.0,20.63624396100018,20.903298359972386,8.060467837949215,21.0,1,0.09670164002761439,20.903298359972386,20.5,21.5
2649.0,20.638728805775568,20.887714205874392,8.059306373575962,21.0,1,0.11228579412560791,20.887714205874392,20.5,21.5
2650.0,20.641212921289128,20.859476993499978,8.058144828910475,21.0,1,0.1405230065000218,20.859476993499978,20.5,21.5
2651.0,20.643696307670652,20.83003794914761,8.05698320552532,21.0,1,0.1699620508523907,20.83003794914761,20.5,21.5
2652.0,20.646178965050222,20.834638598844993,8.055821504993164,21.0,1,0.16536140115500686,20.834638598844993,20.5,21.5
2653.0,20.648660893558212,20.848192429742234,8.054659728886781,21.0,1,0.15180757025776614,20.848192429742234,20.5,21.5
2654.0,20.651142093325277,20.830334313098756,8.05349787877905,21.0,1,0.16966568690124362,20.830334313098756,20.5,21.5
2655.0,20.65362256448237,20.75834746453335,8.052335956242944,21.0,1,0.241652535466649,20.75834746453335,20.5,21.5
2656.0,20.656102307160722,20.888307224049733,8.05117396285154,21.0,1,0.11169277595026728,20.888307224049733,20.5,21.5
2657.0,20.65858132149186,20.827212112881917,8.050011900178008,21.0,1,0.17278788711808346,20.827212112881917,20.5,21.5
2658.0,20.661059607607594,20.774836226476328,8.048849769795613,21.0,1,0.225163773523672,20.774836226476328,20.5,21.5
2659.0,20.663537165640033,20.767322683786222,8.047687573277711,21.0,1,0.23267731621377763,20.767322683786222,20.5,21.5
2660.0,20.66601399572156,20.86365390541489,8.046525312197746,21.0,1,0.13634609458511093,20.86365390541489,20.5,21.5
2661.0,20.668490097984854,20.832422719416222,8.045362988129254,21.0,1,0.16757728058377808,20.832422719416222,20.5,21.5
2662.0,20.670965472562884,20.887088277391236,8.044200602645851,21.0,1,0.11291172260876436,20.887088277391236,20.5,21.5
2663.0,20.6734401195889,20.874935233980153,8.043038157321238,21.0,1,0.12506476601984673,20.874935233980153,20.5,21.5
2664.0,20.675914039196446,20.919118845815245,8.0418756537292,21.0,1,0.08088115418475539,20.919118845815245,20.5,21.5
2665.0,20.678387231519352,20.920328863002368,8.040713093443596,21.0,1,0.07967113699763217,20.920328863002368,20.5,21.5
2666.0,20.680859696691737,20.817010370174753,8.039550478038365,21.0,1,0.18298962982524714,20.817010370174753,20.5,21.5
2667.0,20.683331434848007,20.735518670161962,8.03838780908752,21.0,1,0.26448132983803774,20.735518670161962,20.5,21.5
2668.0,20.685802446122857,20.75120781691498,8.037225088165146,21.0,1,0.24879218308501905,20.75120781691498,20.5,21.5
2669.0,20.688272730651263,20.707931036617573,8.036062316845399,21.0,1,0.2920689633824267,20.707931036617573,20.5,21.5
2670.0,20.6907422885685,20.811671978174935,8.0348994967025,21.0,1,0.1883280218250647,20.811671978174935,20.5,21.5
2671.0,20.693211120010126,20.93879609038759,8.033736629310743,21.0,1,0.06120390961240929,20.93879609038759,20.5,21.5
2672.0,20.695679225111988,20.98209441597863,8.032573716244482,21.0,1,0.017905584021370657,20.98209441597863,20.5,21.5
2673.0,20.698146604010216,21.096152651739636,8.03141075907813,21.0,1,-0.0961526517396365,21.096152651739636,20.5,21.5
2674.0,20.70061325684123,21.049866721205486,8.03024775938616,21.0,1,-0.049866721205486186,21.049866721205486,20.5,21.5
2675.0,20.70307918374174,20.881615639477495,8.029084718743112,21.0,1,0.118384360522505,20.881615639477495,20.5,21.5
2676.0,20.70554438484874,20.81349833190293,8.02792163872357,21.0,1,0.18650166809706903,20.81349833190293,20.5,21.5
2677.0,20.708008860299515,20.833163811742388,8.026758520902176,21.0,1,0.16683618825761215,20.833163811742388,20.5,21.5
2678.0,20.710472610231637,20.83992446536546,8.025595366853622,21.0,1,0.16007553463454016,20.83992446536546,20.5,21.5
2679.0,20.712935634782962,20.928615884067323,8.024432178152654,21.0,1,0.0713841159326769,20.928615884067323,20.5,21.5
2680.0,20.715397934091637,21.058726668730188,8.023268956374057,21.0,1,-0.058726668730187725,21.058726668730188,20.5,21.5
2681.0,20.717859508296094,21.023100323750324,8.022105703092667,21.0,1,-0.02310032375032378,21.023100323750324,20.5,21.5
2682.0,20.720320357535055,21.07365203814676,8.020942419883356,21.0,1,-0.07365203814676136,21.07365203814676,20.5,21.5
2683.0,20.722780481947524,21.078923834674338,8.019779108321048,21.0,1,-0.07892383467433817,21.078923834674338,20.5,21.5
2684.0,20.7252398816728,21.019231389084485,8.018615769980693,21.0,1,-0.019231389084485073,21.019231389084485,20.5,21.5
2685.0,20.72769855685046,20.915344273789298,8.017452406437284,21.0,1,0.08465572621070194,20.915344273789298,20.5,21.5
2686.0,20.730156507620375,20.99461878608808,8.016289019265846,21.0,1,0.0053812139119209235,20.99461878608808,20.5,21.5
2687.0,20.732613734122705,20.963068038468762,8.015125610041437,21.0,1,0.03693196153123779,20.963068038468762,20.5,21.5
2688.0,20.73507023649789,20.864046172412944,8.013962180339146,21.0,1,0.13595382758705554,20.864046172412944,20.5,21.5
2689.0,20.737526014886658,20.889804815519053,8.012798731734085,21.0,1,0.110195184480947,20.889804815519053,20.5,21.5
2690.0,20.739981069430026,20.78146138454921,8.011635265801397,21.0,1,0.21853861545078956,20.78146138454921,20.5,21.5
2691.0,20.7424354002693,20.700431475473852,8.010471784116246,21.0,1,0.2995685245261477,20.700431475473852,20.5,21.5
2692.0,20.74488900754607,20.722713589799135,8.009308288253816,21.0,1,0.2772864102008654,20.722713589799135,20.5,21.5
2693.0,20.74734189140221,20.785958795357043,8.008144779789315,21.0,1,0.21404120464295673,20.785958795357043,20.5,21.5
2694.0,20.74979405197989,20.81747773552196,8.00698126029796,21.0,1,0.18252226447804176,20.81747773552196,20.5,21.5
2695.0,20.752245489421554,20.95186518067144,8.005817731354995,21.0,1,0.048134819328559786,20.95186518067144,20.5,21.5
2696.0,20.75469620386994,21.001308954382345,8.00465419453566,21.0,1,-0.001308954382345462,21.001308954382345,20.5,21.5
2697.0,20.757146195468074,21.00833265779759,8.003490651415223,21.0,1,-0.008332657797591736,21.00833265779759,20.5,21.5
2698.0,20.759595464359265,21.020141741029363,8.00232710356895,21.0,1,-0.020141741029362947,21.020141741029363,20.5,21.5
2699.0,20.762044010687106,21.06274095540912,8.001163552572116,21.0,1,-0.06274095540911873,21.06274095540912,20.5,21.5
2700.0,20.764491834595482,20.995440965081087,8.0,21.0,1,0.00455903491891263,20.995440965081087,20.5,21.5
2701.0,20.766938936228563,21.06878271437666,7.998836447427885,21.0,1,-0.06878271437665973,21.06878271437666,20.5,21.5
2702.0,20.7693853157308,21.00073634024609,7.99767289643105,21.0,1,-0.000736340246088929,21.00073634024609,20.5,21.5
2703.0,20.771830973246942,21.0314045642992,7.996509348584777,21.0,1,-0.031404564299201354,21.0314045642992,20.5,21.5
2704.0,20.77427590892201,21.059987293904072,7.995345805464338,21.0,1,-0.0599872939040722,21.059987293904072,20.5,21.5
2705.0,20.77672012290132,21.130442737425614,7.994182268645006,21.0,1,-0.1304427374256143,21.130442737425614,20.5,21.5
2706.0,20.779163615330468,21.055029296301917,7.993018739702039,21.0,1,-0.05502929630191744,21.055029296301917,20.5,21.5
2707.0,20.781606386355342,21.114580005595712,7.991855220210685,21.0,1,-0.11458000559571246,21.114580005595712,20.5,21.5
2708.0,20.784048436122113,20.975267065184532,7.990691711746184,21.0,1,0.0247329348154679,20.975267065184532,20.5,21.5
2709.0,20.786489764777237,20.9162762288555,7.989528215883754,21.0,1,0.08372377114449847,20.9162762288555,20.5,21.5
2710.0,20.78893037246746,20.96958006804592,7.988364734198603,21.0,1,0.03041993195407855,20.96958006804592,20.5,21.5
2711.0,20.791370259339804,20.991760502502245,7.987201268265915,21.0,1,0.008239497497754655,20.991760502502245,20.5,21.5
2712.0,20.79380942554159,20.996055283276014,7.986037819660855,21.0,1,0.003944716723985664,20.996055283276014,20.5,21.5
2713.0,20.796247871220412,21.12780106049314,7.984874389958563,21.0,1,-0.127801060493141,21.12780106049314,20.5,21.5
2714.0,20.79868559652416,21.20638863583026,7.983710980734154,21.0,1,-0.20638863583025824,21.20638863583026,20.5,21.5
2715.0,20.801122601601,21.19024957988126,7.982547593562717,21.0,1,-0.1902495798812609,21.19024957988126,20.5,21.5
2716.0,20.803558886599394,21.206068890121124,7.981384230019307,21.0,1,-0.20606889012112362,21.206068890121124,20.5,21.5
2717.0,20.805994451668077,21.10647443224442,7.980220891678953,21.0,1,-0.10647443224441844,21.10647443224442,20.5,21.5
2718.0,20.808429296956078,21.042947291680328,7.979057580116644,21.0,1,-0.04294729168032774,21.042947291680328,20.5,21.5
2719.0,20.81086342261271,21.033748602442273,7.977894296907334,21.0,1,-0.03374860244227307,21.033748602442273,20.5,21.5
2720.0,20.813296828787568,20.970676748491442,7.976731043625944,21.0,1,0.029323251508557746,20.970676748491442,20.5,21.5
2721.0,20.815729515630537,20.937079811218076,7.9755678218473465,21.0,1,0.06292018878192351,20.937079811218076,20.5,21.5
2722.0,20.81816148329178,21.059819408887737,7.974404633146378,21.0,1,-0.05981940888773707,21.059819408887737,20.5,21.5
2723.0,20.820592731921753,21.145106759953176,7.973241479097826,21.0,1,-0.14510675995317612,21.145106759953176,20.5,21.5
2724.0,20.82302326167119,21.13597007426532,7.972078361276431,21.0,1,-0.1359700742653196,21.13597007426532,20.5,21.5
2725.0,20.82545307269111,21.18461404409883,7.970915281256889,21.0,1,-0.1846140440988293,21.18461404409883,20.5,21.5
2726.0,20.827882165132824,21.165236789359145,7.969752240613839,21.0,1,-0.16523678935914532,21.165236789359145,20.5,21.5
2727.0,20.83031053914792,21.122996107360354,7.9685892409218715,21.0,1,-0.12299610736035405,21.122996107360354,20.5,21.5
2728.0,20.832738194888275,21.07681847017969,7.967426283755519,21.0,1,-0.07681847017968835,21.07681847017969,20.5,21.5
2729.0,20.83516513250605,21.090838873123403,7.966263370689256,21.0,1,-0.09083887312340266,21.090838873123403,20.5,21.5
2730.0,20.837591352153684,21.043425940601846,7.965100503297499,21.0,1,-0.043425940601846236,21.043425940601846,20.5,21.5
2731.0,20.84001685398391,21.047713733724443,7.963937683154602,21.0,1,-0.047713733724442875,21.047713733724443,20.5,21.5
2732.0,20.842441638149747,21.13868757029811,7.962774911834854,21.0,1,-0.13868757029811007,21.13868757029811,20.5,21.5
2733.0,20.844865704804484,21.162381006954558,7.96161219091248,21.0,1,-0.1623810069545577,21.162381006954558,20.5,21.5
2734.0,20.847289054101704,21.083083155805276,7.960449521961635,21.0,1,-0.08308315580527648,21.083083155805276,20.5,21.5
2735.0,20.849711686195278,21.065730880397115,7.959286906556405,21.0,1,-0.0657308803971155,21.065730880397115,20.5,21.5
2736.0,20.85213360123935,21.14463808586917,7.9581243462708,21.0,1,-0.14463808586916826,21.14463808586917,20.5,21.5
2737.0,20.854554799388353,21.069341169169252,7.956961842678762,21.0,1,-0.06934116916925248,21.069341169169252,20.5,21.5
2738.0,20.856975280797013,21.05023005092752,7.955799397354149,21.0,1,-0.050230050927520864,21.05023005092752,20.5,21.5
2739.0,20.859395045620325,21.03752974609315,7.954637011870746,21.0,1,-0.037529746093149186,21.03752974609315,20.5,21.5
2740.0,20.861814094013575,21.033039342359,7.953474687802253,21.0,1,-0.0330393423590003,21.033039342359,20.5,21.5
2741.0,20.864232426132332,20.965300406097406,7.9523124267222896,21.0,1,0.03469959390259447,20.965300406097406,20.5,21.5
2742.0,20.866650042132452,21.049982024401753,7.951150230204386,21.0,1,-0.04998202440175348,21.049982024401753,20.5,21.5
2743.0,20.869066942170065,20.983460718865924,7.949988099821992,21.0,1,0.01653928113407588,20.983460718865924,20.5,21.5
2744.0,20.871483126401596,21.09605761531049,7.94882603714846,21.0,1,-0.09605761531048884,21.09605761531049,20.5,21.5
2745.0,20.873898594983746,21.146243842840352,7.947664043757056,21.0,1,-0.1462438428403523,21.146243842840352,20.5,21.5
2746.0,20.876313348073502,21.17085733946221,7.946502121220951,21.0,1,-0.17085733946220927,21.17085733946221,20.5,21.5
2747.0,20.87872738582813,21.0780712205109,7.945340271113219,21.0,1,-0.07807122051089976,21.0780712205109,20.5,21.5
2748.0,20.881140708405187,21.067779109727457,7.944178495006836,21.0,1,-0.06777910972745715,21.067779109727457,20.5,21.5
2749.0,20.88355331596251,21.014574726065916,7.94301679447468,21.0,1,-0.014574726065916366,21.014574726065916,20.5,21.5
2750.0,20.88596520865821,21.03815272523719,7.941855171089524,21.0,1,-0.0381527252371896,21.03815272523719,20.5,21.5
2751.0,20.888376386650695,21.040303127760517,7.940693626424038,21.0,1,-0.04030312776051659,21.040303127760517,20.5,21.5
2752.0,20.89078685009865,21.05536125862851,7.939532162050786,21.0,1,-0.05536125862850838,21.05536125862851,20.5,21.5
2753.0,20.89319659916104,21.111632114505113,7.938370779542221,21.0,1,-0.11163211450511312,21.111632114505113,20.5,21.5
2754.0,20.895605633997118,21.096285549588305,7.9372094804706865,21.0,1,-0.09628554958830549,21.096285549588305,20.5,21.5
2755.0,20.898013954766412,20.95971430219911,7.936048266408414,21.0,1,0.040285697800889864,20.95971430219911,20.5,21.5
2756.0,20.90042156162874,20.852551520461184,7.93488713892752,21.0,1,0.14744847953881646,20.852551520461184,20.5,21.5
2757.0,20.9028284547442,20.91291607262422,7.9337260996,21.0,1,0.08708392737577952,20.91291607262422,20.5,21.5
2758.0,20.90523463427317,20.924894881095536,7.932565149997735,21.0,1,0.07510511890446381,20.924894881095536,20.5,21.5
2759.0,20.907640100376316,20.919822560924246,7.931404291692482,21.0,1,0.08017743907575436,20.919822560924246,20.5,21.5
2760.0,20.91004485321458,21.05245597615713,7.930243526255874,21.0,1,-0.05245597615713038,21.05245597615713,20.5,21.5
2761.0,20.912448892949186,21.1974569141734,7.929082855259422,21.0,1,-0.19745691417340083,21.1974569141734,20.5,21.5
2762.0,20.914852219741647,21.148335842952456,7.927922280274503,21.0,1,-0.14833584295245572,21.148335842952456,20.5,21.5
2763.0,20.917254833753752,21.126941699482934,7.9267618028723685,21.0,1,-0.1269416994829342,21.126941699482934,20.5,21.5
2764.0,20.919656735147576,21.138392023759828,7.925601424624137,21.0,1,-0.1383920237598275,21.138392023759828,20.5,21.5
2765.0,20.922057924085472,21.11783549165463,7.924441147100792,21.0,1,-0.11783549165463114,21.11783549165463,20.5,21.5
2766.0,20.924458400730074,21.080493880974018,7.923280971873181,21.0,1,-0.08049388097401788,21.080493880974018,20.5,21.5
2767.0,20.926858165244305,21.085973760273724,7.922120900512015,21.0,1,-0.08597376027372405,21.085973760273724,20.5,21.5
2768.0,20.92925721779136,21.04473436834278,7.9209609345878595,21.0,1,-0.04473436834278033,21.04473436834278,20.5,21.5
2769.0,20.931655558534718,21.031669718784535,7.919801075671141,21.0,1,-0.03166971878453495,21.031669718784535,20.5,21.5
2770.0,20.934053187638145,21.000005008374682,7.918641325332142,21.0,1,-5.0083746820916986e-06,21.000005008374682,20.5,21.5
2771.0,20.936450105265685,20.9957614864124,7.917481685140995,21.0,1,0.004238513587601744,20.9957614864124,20.5,21.5
2772.0,20.93884631158166,20.968693054027113,7.916322156667685,21.0,1,0.031306945972886524,20.968693054027113,20.5,21.5
2773.0,20.94124180675068,21.00517551439765,7.915162741482045,21.0,1,-0.0051755143976492946,21.00517551439765,20.5,21.5
2774.0,20.943636590937626,20.91174470527463,7.914003441153756,21.0,1,0.08825529472537141,20.91174470527463,20.5,21.5
2775.0,20.94603066430767,20.934863872607046,7.912844257252342,21.0,1,0.06513612739295382,20.934863872607046,20.5,21.5
2776.0,20.94842402702626,21.001929749181063,7.91168519134717,21.0,1,-0.00192974918106259,21.001929749181063,20.5,21.5
2777.0,20.950816679259123,21.001014347714897,7.910526245007447,21.0,1,-0.0010143477148965019,21.001014347714897,20.5,21.5
2778.0,20.953208621172273,21.046251409437094,7.90936741980222,21.0,1,-0.04625140943709383,21.046251409437094,20.5,21.5
2779.0,20.955599852932,21.14704676942447,7.908208717300369,21.0,1,-0.14704676942447037,21.14704676942447,20.5,21.5
2780.0,20.957990374704874,21.235018525795745,7.907050139070608,21.0,1,-0.2350185257957449,21.235018525795745,20.5,21.5
2781.0,20.960380186657748,21.132808252258748,7.9058916866814855,21.0,1,-0.13280825225874793,21.132808252258748,20.5,21.5
2782.0,20.96276928895775,21.174527642207547,7.904733361701378,21.0,1,-0.17452764220754702,21.174527642207547,20.5,21.5
2783.0,20.9651576817723,21.08723992803511,7.9035751656984905,21.0,1,-0.08723992803511038,21.08723992803511,20.5,21.5
2784.0,20.967545365269086,21.03581347099465,7.902417100240851,21.0,1,-0.03581347099465049,21.03581347099465,20.5,21.5
2785.0,20.96993233961608,20.98712183165757,7.901259166896312,21.0,1,0.012878168342428609,20.98712183165757,20.5,21.5
2786.0,20.972318604981535,21.02893461249816,7.9001013672325495,21.0,1,-0.02893461249815843,21.02893461249816,20.5,21.5
2787.0,20.974704161533985,21.049965974376335,7.8989437028170535,21.0,1,-0.04996597437633454,21.049965974376335,20.5,21.5
2788.0,20.977089009442242,21.212287257034482,7.897786175217136,21.0,1,-0.21228725703448248,21.212287257034482,20.5,21.5
2789.0,20.979473148875396,21.350969863568487,7.896628785999922,21.0,1,-0.35096986356848703,21.350969863568487,20.5,21.5
2790.0,20.98185658000282,21.439568524693097,7.895471536732347,21.0,1,-0.4395685246930974,21.439568524693097,20.5,21.5
2791.0,20.984239302994165,21.527763478217775,7.8943144289811595,21.0,0,-0.5277634782177749,21.527763478217775,20.5,21.5
2792.0,20.981621318019364,21.493316490126762,7.893157464312915,21.0,0,-0.4933164901267624,21.493316490126762,20.5,21.5
2793.0,20.979003625248623,21.482742512149247,7.892000644293977,21.0,0,-0.48274251214924746,21.482742512149247,20.5,21.5
2794.0,20.976386224652433,21.317738022433982,7.890843970490512,21.0,0,-0.3177380224339821,21.317738022433982,20.5,21.5
2795.0,20.973769116201602,21.25967816866448,7.889687444468489,21.0,0,-0.2596781686644789,21.25967816866448,20.5,21.5
2796.0,20.971152299867256,21.163509093824803,7.888531067793675,21.0,0,-0.1635090938248034,21.163509093824803,20.5,21.5
2797.0,20.968535775620843,21.187056189510578,7.887374842031637,21.0,0,-0.187056189510578,21.187056189510578,20.5,21.5
2798.0,20.965919543434126,21.1669972793455,7.886218768747738,21.0,0,-0.16699727934550168,21.1669972793455,20.5,21.5
2799.0,20.96330360327919,21.210243202531938,7.8850628495071335,21.0,0,-0.21024320253193807,21.210243202531938,20.5,21.5
2800.0,20.960687955128435,21.200365794025455,7.88390708587477,21.0,0,-0.20036579402545485,21.200365794025455,20.5,21.5
2801.0,20.958072598954583,21.243009002991396,7.882751479415385,21.0,0,-0.24300900299139627,21.243009002991396,20.5,21.5
2802.0,20.955457534730677,21.20334634046531,7.881596031693499,21.0,0,-0.20334634046530908,21.20334634046531,20.5,21.5
2803.0,20.95284276243007,21.078224045460473,7.880440744273424,21.0,0,-0.07822404546047323,21.078224045460473,20.5,21.5
2804.0,20.950228282026437,21.142960428034883,7.879285618719251,21.0,0,-0.14296042803488263,21.142960428034883,20.5,21.5
2805.0,20.947614093493776,21.165176430415553,7.878130656594853,21.0,0,-0.16517643041555274,21.165176430415553,20.5,21.5
2806.0,20.945000196806397,21.172121163900265,7.8769758594638795,21.0,0,-0.17212116390026466,21.172121163900265,20.5,21.5
2807.0,20.942386591938927,21.250295977414176,7.87582122888976,21.0,0,-0.25029597741417575,21.250295977414176,20.5,21.5
2808.0,20.939773278866316,21.348061354735187,7.874666766435696,21.0,0,-0.3480613547351865,21.348061354735187,20.5,21.5
2809.0,20.93716025756383,21.354937692976858,7.873512473664663,21.0,0,-0.35493769297685773,21.354937692976858,20.5,21.5
2810.0,20.934547528007048,21.30911495714749,7.872358352139405,21.0,0,-0.3091149571474894,21.30911495714749,20.5,21.5
2811.0,20.931935090171873,21.247263703783794,7.871204403422438,21.0,0,-0.24726370378379414,21.247263703783794,20.5,21.5
2812.0,20.929322944034524,21.194717028766764,7.8700506290760375,21.0,0,-0.1947170287667639,21.194717028766764,20.5,21.5
2813.0,20.926711089571533,21.2141396802072,7.868897030662249,21.0,0,-0.2141396802072002,21.2141396802072,20.5,21.5
2814.0,20.92409952675975,21.104639273559762,7.8677436097428775,21.0,0,-0.1046392735597621,21.104639273559762,20.5,21.5
2815.0,20.921488255576346,21.056415989769878,7.866590367879487,21.0,0,-0.05641598976987794,21.056415989769878,20.5,21.5
2816.0,20.918877275998806,21.01926959916119,7.865437306633401,21.0,0,-0.01926959916119131,21.01926959916119,20.5,21.5
2817.0,20.916266588004934,21.005091491163558,7.864284427565695,21.0,0,-0.005091491163558004,21.005091491163558,20.5,21.5
2818.0,20.913656191572844,20.92621732036856,7.863131732237203,21.0,0,0.0737826796314387,20.92621732036856,20.5,21.5
2819.0,20.911046086680976,20.95714385673193,7.861979222208506,21.0,0,0.042856143268071634,20.95714385673193,20.5,21.5
2820.0,20.90843627330808,20.88491164767047,7.860826899039934,21.0,0,0.11508835232952919,20.88491164767047,20.5,21.5
2821.0,20.905826751433228,20.9823464523924,7.859674764291569,21.0,0,0.017653547607601183,20.9823464523924,20.5,21.5
2822.0,20.9032175210358,20.95485918660786,7.858522819523231,21.0,0,0.045140813392141155,20.95485918660786,20.5,21.5
2823.0,20.900608582095497,20.997819225408335,7.857371066294489,21.0,0,0.002180774591664658,20.997819225408335,20.5,21.5
2824.0,20.897999934592338,21.01664673423205,7.856219506164647,21.0,0,-0.016646734232050875,21.01664673423205,20.5,21.5
2825.0,20.895391578506654,21.07444494721353,7.855068140692754,21.0,0,-0.07444494721352868,21.07444494721353,20.5,21.5
2826.0,20.89278351381909,21.09316027672404,7.853916971437588,21.0,0,-0.09316027672403848,21.09316027672404,20.5,21.5
2827.0,20.890175740510614,21.116378285350493,7.852765999957668,21.0,0,-0.11637828535049266,21.116378285350493,20.5,21.5
2828.0,20.887568258562503,21.10719171722015,7.851615227811243,21.0,0,-0.1071917172201502,21.10719171722015,20.5,21.5
2829.0,20.884961067956354,21.115153499034783,7.850464656556291,21.0,0,-0.11515349903478267,21.115153499034783,20.5,21.5
2830.0,20.882354168674073,21.147143643003496,7.849314287750517,21.0,0,-0.14714364300349558,21.147143643003496,20.5,21.5
2831.0,20.87974756069789,21.061920832385844,7.8481641229513555,21.0,0,-0.06192083238584445,21.061920832385844,20.5,21.5
2832.0,20.87714124401034,21.058694193032135,7.847014163715961,21.0,0,-0.05869419303213519,21.058694193032135,20.5,21.5
2833.0,20.87453521859428,21.047340099781515,7.845864411601215,21.0,0,-0.047340099781514766,21.047340099781515,20.5,21.5
2834.0,20.87192948443288,21.098741138832025,7.844714868163712,21.0,0,-0.0987411388320254,21.098741138832025,20.5,21.5
2835.0,20.869324041509625,21.178373745749678,7.843565534959769,21.0,0,-0.17837374574967768,21.178373745749678,20.5,21.5
2836.0,20.866718889808315,21.20070672325175,7.842416413545416,21.0,0,-0.20070672325174854,21.20070672325175,20.5,21.5
2837.0,20.86411402931306,21.1758350803187,7.841267505476396,21.0,0,-0.17583508031869854,21.1758350803187,20.5,21.5
2838.0,20.861509460008293,21.13421329231947,7.840118812308165,21.0,0,-0.134213292319469,21.13421329231947,20.5,21.5
2839.0,20.858905181878754,21.181643656797867,7.838970335595887,21.0,0,-0.18164365679786698,21.181643656797867,20.5,21.5
2840.0,20.8563011949095,21.104785945864975,7.837822076894433,21.0,0,-0.10478594586497536,21.104785945864975,20.5,21.5
2841.0,20.853697499085897,21.10368480851416,7.836674037758378,21.0,0,-0.10368480851415995,21.10368480851416,20.5,21.5
2842.0,20.85109409439363,21.196397500376925,7.835526219742001,21.0,0,-0.19639750037692494,21.196397500376925,20.5,21.5
2843.0,20.8484909808187,21.287389286805155,7.834378624399282,21.0,0,-0.28738928680515485,21.287389286805155,20.5,21.5
2844.0,20.845888158347414,21.190685981437273,7.833231253283898,21.0,0,-0.190685981437273,21.190685981437273,20.5,21.5
2845.0,20.843285626966402,21.188234175349418,7.832084107949223,21.0,0,-0.1882341753494181,21.188234175349418,20.5,21.5
2846.0,20.840683386662597,21.209716405257467,7.830937189948326,21.0,0,-0.20971640525746693,21.209716405257467,20.5,21.5
2847.0,20.838081437423256,21.154715074058707,7.829790500833967,21.0,0,-0.1547150740587071,21.154715074058707,20.5,21.5
2848.0,20.83547977923594,21.118025939673007,7.828644042158598,21.0,0,-0.11802593967300723,21.118025939673007,20.5,21.5
2849.0,20.832878412088522,21.11836554492486,7.8274978154743575,21.0,0,-0.11836554492485973,21.11836554492486,20.5,21.5
2850.0,20.8302773359692,21.113794106878764,7.82635182233307,21.0,0,-0.11379410687876401,21.113794106878764,20.5,21.5
2851.0,20.82767655086647,21.08645851410135,7.8252060642862435,21.0,0,-0.08645851410134853,21.08645851410135,20.5,21.5
2852.0,20.825076056769156,21.107734200573997,7.82406054288507,21.0,0,-0.10773420057399719,21.107734200573997,20.5,21.5
2853.0,20.82247585366638,21.057279070341576,7.822915259680417,21.0,0,-0.05727907034157553,21.057279070341576,20.5,21.5
2854.0,20.819875941547583,21.064937059265947,7.821770216222833,21.0,0,-0.06493705926594728,21.064937059265947,20.5,21.5
2855.0,20.817276320402517,21.103809816364016,7.820625414062543,21.0,0,-0.10380981636401643,21.103809816364016,20.5,21.5
2856.0,20.814676990221248,21.085863364816905,7.8194808547494405,21.0,0,-0.08586336481690537,21.085863364816905,20.5,21.5
2857.0,20.812077950994155,21.081736516998184,7.818336539833093,21.0,0,-0.08173651699818407,21.081736516998184,20.5,21.5
2858.0,20.809479202711923,20.94056014687766,7.8171924708627385,21.0,0,0.05943985312233835,20.94056014687766,20.5,21.5
2859.0,20.806880745365554,20.90150166027612,7.81604864938728,21.0,0,0.09849833972387856,20.90150166027612,20.5,21.5
2860.0,20.804282578946356,20.7722307324043,7.814905076955285,21.0,0,0.2277692675957006,20.7722307324043,20.5,21.5
2861.0,20.801684703445957,20.73921577245647,7.813761755114987,21.0,0,0.2607842275435317,20.73921577245647,20.5,21.5
2862.0,20.799087118856292,20.69000697059483,7.812618685414276,21.0,0,0.30999302940517026,20.69000697059483,20.5,21.5
2863.0,20.796489825169605,20.82127486609087,7.811475869400703,21.0,0,0.17872513390912914,20.82127486609087,20.5,21.5
2864.0,20.79389282237845,20.713088604892224,7.810333308621475,21.0,0,0.28691139510777575,20.713088604892224,20.5,21.5
2865.0,20.7912961104757,20.864874905511567,7.809191004623456,21.0,0,0.13512509448843346,20.864874905511567,20.5,21.5
2866.0,20.78869968945453,20.814551990529317,7.808048958953157,21.0,0,0.18544800947068296,20.814551990529317,20.5,21.5
2867.0,20.78610355930843,20.756926460968725,7.806907173156744,21.0,0,0.2430735390312755,20.756926460968725,20.5,21.5
2868.0,20.7835077200312,20.747177312936127,7.805765648780028,21.0,0,0.25282268706387256,20.747177312936127,20.5,21.5
2869.0,20.78091217161695,20.917977794332618,7.804624387368469,21.0,0,0.08202220566738205,20.917977794332618,20.5,21.5
2870.0,20.778316914060103,20.90696176110291,7.80348339046717,21.0,0,0.09303823889709051,20.90696176110291,20.5,21.5
2871.0,20.775721947355382,20.83820430298376,7.802342659620874,21.0,0,0.16179569701624175,20.83820430298376,20.5,21.5
2872.0,20.773127271497835,20.958329468446237,7.801202196373966,21.0,0,0.04167053155376266,20.958329468446237,20.5,21.5
2873.0,20.77053288648281,20.99479832543164,7.800062002270467,21.0,0,0.005201674568361625,20.99479832543164,20.5,21.5
2874.0,20.767938792305966,21.04991252650484,7.798922078854035,21.0,0,-0.04991252650484057,21.04991252650484,20.5,21.5
2875.0,20.765344988963275,21.096695188348416,7.797782427667962,21.0,0,-0.0966951883484164,21.096695188348416,20.5,21.5
2876.0,20.762751476451015,21.210964420754973,7.796643050255169,21.0,0,-0.2109644207549728,21.210964420754973,20.5,21.5
2877.0,20.760158254765777,21.124305869958878,7.79550394815821,21.0,0,-0.12430586995887793,21.124305869958878,20.5,21.5
2878.0,20.757565323904455,21.07187874271687,7.794365122919262,21.0,0,-0.07187874271686923,21.07187874271687,20.5,21.5
2879.0,20.754972683864256,21.02471124779502,7.79322657608013,21.0,0,-0.024711247795021762,21.02471124779502,20.5,21.5
2880.0,20.752380334642698,20.906780643124428,7.79208830918224,21.0,0,0.09321935687557215,20.906780643124428,20.5,21.5
2881.0,20.749788276237606,20.975612266990076,7.790950323766643,21.0,0,0.024387733009923807,20.975612266990076,20.5,21.5
2882.0,20.74719650864711,20.9002408509007,7.789812621374006,21.0,0,0.09975914909929884,20.9002408509007,20.5,21.5
2883.0,20.744605031869657,20.903549784678532,7.788675203544612,21.0,0,0.09645021532146814,20.903549784678532,20.5,21.5
2884.0,20.74201384590399,20.80905823181296,7.787538071818359,21.0,0,0.19094176818704156,20.80905823181296,20.5,21.5
2885.0,20.739422950749173,20.75741857326282,7.78640122773476,21.0,0,0.24258142673717842,20.75741857326282,20.5,21.5
2886.0,20.73683234640457,20.712127574371003,7.785264672832937,21.0,0,0.28787242562899706,20.712127574371003,20.5,21.5
2887.0,20.734242032869854,20.860410729910605,7.78412840865162,21.0,0,0.13958927008939526,20.860410729910605,20.5,21.5
2888.0,20.731652010145012,20.87362720508926,7.782992436729147,21.0,0,0.12637279491073983,20.87362720508926,20.5,21.5
2889.0,20.72906227823033,20.912128700005628,7.781856758603458,21.0,0,0.08787129999437227,20.912128700005628,20.5,21.5
2890.0,20.726472837126405,21.01363416892859,7.780721375812097,21.0,0,-0.01363416892858993,21.01363416892859,20.5,21.5
2891.0,20.723883686834142,20.93236409896038,7.779586289892208,21.0,0,0.06763590103961903,20.93236409896038,20.5,21.5
2892.0,20.721294827354754,20.876928957391886,7.778451502380532,21.0,0,0.12307104260811386,20.876928957391886,20.5,21.5
2893.0,20.71870625868976,20.94407997906626,7.777317014813409,21.0,0,0.05592002093374049,20.94407997906626,20.5,21.5
2894.0,20.716117980840984,20.987017199653273,7.776182828726769,21.0,0,0.01298280034672672,20.987017199653273,20.5,21.5
2895.0,20.71352999381056,20.917754260837377,7.775048945656135,21.0,0,0.08224573916262301,20.917754260837377,20.5,21.5
2896.0,20.71094229760093,20.973285030973145,7.773915367136621,21.0,0,0.02671496902685533,20.973285030973145,20.5,21.5
2897.0,20.708354892214835,21.076498569231592,7.7727820947029285,21.0,0,-0.07649856923159248,21.076498569231592,20.5,21.5
2898.0,20.705767777655332,21.11062516145295,7.771649129889344,21.0,0,-0.1106251614529512,21.11062516145295,20.5,21.5
2899.0,20.703180953925777,21.044281941697374,7.770516474229738,21.0,0,-0.044281941697374094,21.044281941697374,20.5,21.5
2900.0,20.700594421029837,21.099481882640255,7.76938412925756,21.0,0,-0.09948188264025504,21.099481882640255,20.5,21.5
2901.0,20.698008178971484,21.15578990981318,7.768252096505843,21.0,0,-0.15578990981317986,21.15578990981318,20.5,21.5
2902.0,20.695422227754992,21.06685910722883,7.767120377507194,21.0,0,-0.06685910722882937,21.06685910722883,20.5,21.5
2903.0,20.692836567384944,21.032527931249838,7.765988973793798,21.0,0,-0.032527931249838105,21.032527931249838,20.5,21.5
2904.0,20.690251197866225,21.03211599364965,7.76485788689741,21.0,0,-0.032115993649650676,21.03211599364965,20.5,21.5
2905.0,20.68766611920403,20.946257949589242,7.763727118349359,21.0,0,0.05374205041075797,20.946257949589242,20.5,21.5
2906.0,20.68508133140386,20.850400263803426,7.762596669680541,21.0,0,0.14959973619657418,20.850400263803426,20.5,21.5
2907.0,20.682496834471518,20.81244722238101,7.761466542421419,21.0,0,0.1875527776189898,20.81244722238101,20.5,21.5
2908.0,20.67991262841311,20.793272426463446,7.760336738102023,21.0,0,0.20672757353655413,20.793272426463446,20.5,21.5
2909.0,20.67732871323505,20.81528370424173,7.759207258251943,21.0,0,0.1847162957582711,20.81528370424173,20.5,21.5
2910.0,20.674745088944054,20.8564961850079,7.758078104400332,21.0,0,0.1435038149921013,20.8564961850079,20.5,21.5
2911.0,20.672161755547144,20.908001560886383,7.756949278075901,21.0,0,0.09199843911361683,20.908001560886383,20.5,21.5
2912.0,20.66957871305165,20.839230401149884,7.755820780806915,21.0,0,0.16076959885011632,20.839230401149884,20.5,21.5
2913.0,20.6669959614652,20.932095019384,7.754692614121198,21.0,0,0.06790498061599948,20.932095019384,20.5,21.5
2914.0,20.66441350079573,20.91927384901979,7.753564779546122,21.0,0,0.08072615098021174,20.91927384901979,20.5,21.5
2915.0,20.66183133105148,20.911831595018725,7.752437278608614,21.0,0,0.08816840498127476,20.911831595018725,20.5,21.5
2916.0,20.659249452240992,20.954984328065244,7.751310112835146,21.0,0,0.045015671934756085,20.954984328065244,20.5,21.5
2917.0,20.656667864373112,21.082443627403276,7.750183283751736,21.0,0,-0.0824436274032756,21.082443627403276,20.5,21.5
2918.0,20.65408656745699,20.944844466138697,7.749056792883947,21.0,0,0.055155533861302786,20.944844466138697,20.5,21.5
2919.0,20.651505561502074,21.029116643686503,7.747930641756886,21.0,0,-0.029116643686503352,21.029116643686503,20.5,21.5
2920.0,20.648924846518124,21.102817921455948,7.746804831895198,21.0,0,-0.10281792145594792,21.102817921455948,20.5,21.5
2921.0,20.6463444225152,21.09408027971524,7.745679364823067,21.0,0,-0.09408027971523936,21.09408027971524,20.5,21.5
2922.0,20.64376428950366,20.973507147187156,7.7445542420642095,21.0,0,0.026492852812843637,20.973507147187156,20.5,21.5
2923.0,20.641184447494172,20.956773709082867,7.743429465141881,21.0,0,0.043226290917132815,20.956773709082867,20.5,21.5
2924.0,20.638604896497704,20.84377391696415,7.742305035578866,21.0,0,0.1562260830358504,20.84377391696415,20.5,21.5
2925.0,20.63602563652552,20.82351988996951,7.741180954897479,21.0,0,0.17648011003048936,20.82351988996951,20.5,21.5
2926.0,20.633446667589194,20.76589094697629,7.740057224619562,21.0,0,0.23410905302371177,20.76589094697629,20.5,21.5
2927.0,20.6308679897006,20.778064509972786,7.738933846266485,21.0,0,0.2219354900272137,20.778064509972786,20.5,21.5
2928.0,20.628289602871913,20.76599059944848,7.737810821359135,21.0,0,0.2340094005515212,20.76599059944848,20.5,21.5
2929.0,20.62571150711561,20.6617896164468,7.736688151417929,21.0,0,0.3382103835532,20.6617896164468,20.5,21.5
2930.0,20.62313370244447,20.578744039960704,7.735565837962798,21.0,0,0.42125596003929644,20.578744039960704,20.5,21.5
2931.0,20.620556188871575,20.51019512623385,7.734443882513191,21.0,0,0.48980487376615045,20.51019512623385,20.5,21.5
2932.0,20.617978966410302,20.506461490720305,7.733322286588074,21.0,0,0.4935385092796949,20.506461490720305,20.5,21.5
2933.0,20.615402035074336,20.53795470969063,7.732201051705926,21.0,0,0.46204529030936925,20.53795470969063,20.5,21.5
2934.0,20.612825394877664,20.71116335841565,7.731080179384734,21.0,0,0.28883664158434996,20.71116335841565,20.5,21.5
2935.0,20.610249045834564,20.843311405142245,7.729959671142,21.0,0,0.156688594857755,20.843311405142245,20.5,21.5
2936.0,20.607672987959624,20.98413047220368,7.728839528494726,21.0,0,0.015869527796319005,20.98413047220368,20.5,21.5
2937.0,20.60509722126773,20.996897048304803,7.727719752959426,21.0,0,0.0031029516951974756,20.996897048304803,20.5,21.5
2938.0,20.60252174577407,20.897860030119478,7.726600346052112,21.0,0,0.10213996988052187,20.897860030119478,20.5,21.5
2939.0,20.599946561494125,20.830335402604714,7.725481309288299,21.0,0,0.16966459739528617,20.830335402604714,20.5,21.5
2940.0,20.597371668443685,20.793973728379534,7.724362644183001,21.0,0,0.20602627162046616,20.793973728379534,20.5,21.5
2941.0,20.594797066638833,20.77437926670798,7.723244352250728,21.0,0,0.22562073329201837,20.77437926670798,20.5,21.5
2942.0,20.592222756095957,20.831195029326633,7.722126435005485,21.0,0,0.1688049706733672,20.831195029326633,20.5,21.5
2943.0,20.589648736831737,20.965226767428742,7.7210088939607715,21.0,0,0.03477323257125775,20.965226767428742,20.5,21.5
2944.0,20.587075008863163,21.060553294065,7.719891730629573,21.0,0,-0.06055329406499865,21.060553294065,20.5,21.5
2945.0,20.584501572207515,20.971492175338305,7.71877494652437,21.0,0,0.02850782466169477,20.971492175338305,20.5,21.5
2946.0,20.581928426882378,20.830513312899345,7.717658543157124,21.0,0,0.16948668710065462,20.830513312899345,20.5,21.5
2947.0,20.579355572905634,20.817711742811063,7.716542522039284,21.0,0,0.1822882571889366,20.817711742811063,20.5,21.5
2948.0,20.57678301029546,20.731255032202135,7.715426884681781,21.0,0,0.26874496779786483,20.731255032202135,20.5,21.5
2949.0,20.574210739070338,20.795896381553913,7.7143116325950265,21.0,0,0.20410361844608715,20.795896381553913,20.5,21.5
2950.0,20.571638759249044,20.820552696064336,7.71319676728891,21.0,0,0.17944730393566388,20.820552696064336,20.5,21.5
2951.0,20.569067070850654,20.910998070934223,7.7120822902727975,21.0,0,0.08900192906577686,20.910998070934223,20.5,21.5
2952.0,20.56649567389454,20.90229418462018,7.710968203055528,21.0,0,0.09770581537981826,20.90229418462018,20.5,21.5
2953.0,20.56392456840037,20.914818398844783,7.709854507145417,21.0,0,0.08518160115521667,20.914818398844783,20.5,21.5
2954.0,20.56135375438812,20.841015163426718,7.708741204050245,21.0,0,0.158984836573282,20.841015163426718,20.5,21.5
2955.0,20.558783231878053,20.83781122524976,7.707628295277264,21.0,0,0.1621887747502413,20.83781122524976,20.5,21.5
2956.0,20.556213000890732,20.876820700233047,7.70651578233319,21.0,0,0.12317929976695297,20.876820700233047,20.5,21.5
2957.0,20.553643061447023,20.916236718943825,7.705403666724205,21.0,0,0.08376328105617503,20.916236718943825,20.5,21.5
2958.0,20.551073413568076,20.95096273046277,7.7042919499559535,21.0,0,0.04903726953723009,20.95096273046277,20.5,21.5
2959.0,20.548504057275355,20.81841271341811,7.703180633533536,21.0,0,0.18158728658189105,20.81841271341811,20.5,21.5
2960.0,20.545934992590606,20.781982460483572,7.702069718961519,21.0,0,0.21801753951642766,20.781982460483572,20.5,21.5
2961.0,20.54336621953588,20.72498683344298,7.700959207743914,21.0,0,0.27501316655702013,20.72498683344298,20.5,21.5
2962.0,20.54079773813352,20.680705188318104,7.699849101384195,21.0,0,0.3192948116818961,20.680705188318104,20.5,21.5
2963.0,20.53822954840617,20.71644467957881,7.698739401385284,21.0,0,0.2835553204211898,20.71644467957881,20.5,21.5
2964.0,20.535661650376767,20.711192588348517,7.697630109249555,21.0,0,0.28880741165148294,20.711192588348517,20.5,21.5
2965.0,20.53309404406854,20.72849810684748,7.69652122647883,21.0,0,0.2715018931525215,20.72849810684748,20.5,21.5
2966.0,20.530526729505024,20.760551083782804,7.695412754574373,21.0,0,0.23944891621719577,20.760551083782804,20.5,21.5
2967.0,20.52795970671004,20.70081639749235,7.6943046950368945,21.0,0,0.2991836025076502,20.70081639749235,20.5,21.5
2968.0,20.525392975707703,20.607963243542464,7.693197049366548,21.0,0,0.3920367564575358,20.607963243542464,20.5,21.5
2969.0,20.522826536522434,20.566111657076682,7.692089819062923,21.0,0,0.4338883429233178,20.566111657076682,20.5,21.5
2970.0,20.520260389178944,20.54767577738808,7.6909830056250525,21.0,0,0.45232422261192085,20.54767577738808,20.5,21.5
2971.0,20.517694533702233,20.54340340970735,7.689876610551399,21.0,0,0.4565965902926514,20.54340340970735,20.5,21.5
2972.0,20.515128970117605,20.548599864925386,7.688770635339861,21.0,0,0.4514001350746142,20.548599864925386,20.5,21.5
2973.0,20.51256369845065,20.613491578395575,7.687665081487768,21.0,0,0.3865084216044252,20.613491578395575,20.5,21.5
2974.0,20.509998718727257,20.712271774874548,7.686559950491881,21.0,0,0.28772822512545204,20.712271774874548,20.5,21.5
2975.0,20.50743403097361,20.620410166346467,7.685455243848386,21.0,0,0.37958983365353305,20.620410166346467,20.5,21.5
2976.0,20.504869635216185,20.515460360320063,7.684350963052898,21.0,0,0.4845396396799373,20.515460360320063,20.5,21.5
2977.0,20.502305531481753,20.543214301940832,7.683247109600451,21.0,0,0.4567856980591678,20.543214301940832,20.5,21.5
2978.0,20.499741719797377,20.44684599684492,7.682143684985502,21.0,1,0.553154003155079,20.44684599684492,20.5,21.5
2979.0,20.502178200190414,20.454906505629108,7.68104069070193,21.0,1,0.5450934943708923,20.454906505629108,20.5,21.5
2980.0,20.504613972688517,20.57417387823955,7.679938128243029,21.0,1,0.4258261217604513,20.57417387823955,20.5,21.5
2981.0,20.50704903751963,20.67230230169011,7.678835999101507,21.0,1,0.3276976983098905,20.67230230169011,20.5,21.5
2982.0,20.509483394911946,20.745785058681577,7.67773430476949,21.0,1,0.25421494131842337,20.745785058681577,20.5,21.5
2983.0,20.511917045093917,20.77158097798831,7.676633046738509,21.0,1,0.22841902201168907,20.77158097798831,20.5,21.5
2984.0,20.514349988294246,20.751629435062036,7.675532226499509,21.0,1,0.2483705649379644,20.751629435062036,20.5,21.5
2985.0,20.51678222474189,20.78372095958988,7.674431845542843,21.0,1,0.21627904041012158,20.78372095958988,20.5,21.5
2986.0,20.519213754666048,20.76692763088022,7.673331905358266,21.0,1,0.23307236911977824,20.76692763088022,20.5,21.5
2987.0,20.521644578296186,20.66476675933881,7.6722324074349375,21.0,1,0.3352332406611893,20.66476675933881,20.5,21.5
2988.0,20.524074695862016,20.728355173742823,7.671133353261417,21.0,1,0.2716448262571767,20.728355173742823,20.5,21.5
2989.0,20.526504107593496,20.689389036830505,7.670034744325666,21.0,1,0.3106109631694949,20.689389036830505,20.5,21.5
2990.0,20.528932813720843,20.702912273781802,7.668936582115042,21.0,1,0.2970877262181979,20.702912273781802,20.5,21.5
2991.0,20.53136081447452,20.785202120928155,7.667838868116297,21.0,1,0.21479787907184544,20.785202120928155,20.5,21.5
2992.0,20.53378811008525,20.819830118044386,7.666741603815576,21.0,1,0.18016988195561368,20.819830118044386,20.5,21.5
2993.0,20.536214700783997,20.859166853951415,7.665644790698417,21.0,1,0.14083314604858543,20.859166853951415,20.5,21.5
2994.0,20.53864058680198,20.96492649291648,7.664548430249745,21.0,1,0.03507350708352064,20.96492649291648,20.5,21.5
2995.0,20.541065768370668,20.867630005598603,7.6634525239538736,21.0,1,0.1323699944013974,20.867630005598603,20.5,21.5
2996.0,20.543490245721785,20.86000605191342,7.662357073294501,21.0,1,0.1399939480865804,20.86000605191342,20.5,21.5
2997.0,20.5459140190873,20.835852240166265,7.661262079754708,21.0,1,0.1641477598337353,20.835852240166265,20.5,21.5
2998.0,20.548337088699434,20.683080683737053,7.660167544816959,21.0,1,0.3169193162629469,20.683080683737053,20.5,21.5
2999.0,20.550759454790658,20.670850834157317,7.659073469963094,21.0,1,0.32914916584268283,20.670850834157317,20.5,21.5
